frame,object_type,track_id,frame_x,frame_y,court_x,court_y
0,player,1,984.597412109375,511.4832763671875,765.554443359375,848.285888671875
0,player,2,820.0399169921875,415.6431579589844,742.1002807617188,542.2476196289062
0,player,3,549.8443603515625,524.2225952148438,434.403076171875,777.6055297851562
0,player,4,683.1903076171875,353.9429931640625,695.3831787109375,293.54229736328125
0,player,5,1053.11767578125,559.1517944335938,765.8926391601562,973.719482421875
0,player,6,498.1427917480469,544.8365478515625,384.85589599609375,815.1961669921875
0,player,7,847.3676147460938,413.3103332519531,768.0250854492188,541.9307861328125
1,player,1,984.6620483398438,510.758544921875,765.8441772460938,847.673583984375
1,player,2,819.6615600585938,416.40228271484375,741.6766357421875,543.0484619140625
1,player,3,551.1766357421875,524.5950927734375,434.6533508300781,778.0313720703125
1,player,4,683.6531982421875,353.71575927734375,695.6273193359375,293.28546142578125
1,player,5,1054.520263671875,561.8614501953125,765.2786254882812,975.877685546875
1,player,6,498.31109619140625,544.449462890625,384.9764709472656,814.8919677734375
1,player,8,615.156982421875,351.29180908203125,636.309326171875,265.1938171386719
1,player,9,206.7203369140625,362.36920166015625,263.0080871582031,200.0792999267578
2,player,1,983.7630615234375,509.79351806640625,766.1591796875,846.3761596679688
2,player,3,552.3239135742188,523.1088256835938,435.4487609863281,777.126953125
2,player,2,816.0657958984375,416.75640869140625,740.1951904296875,543.6348876953125
2,player,5,1055.0198974609375,560.3634033203125,765.536376953125,976.1915283203125
2,player,4,683.27490234375,353.85186767578125,695.607421875,293.2628479003906
2,player,6,499.0716247558594,544.3457641601562,385.2628479003906,814.6690063476562
2,player,9,205.83444213867188,366.94036865234375,261.85498046875,206.03271484375
2,player,8,612.4679565429688,350.8525085449219,635.6220092773438,264.35321044921875
2,player,7,832.6492919921875,417.27984619140625,761.9996337890625,544.9725341796875
2,player,10,848.4371948242188,414.92340087890625,766.9754028320312,547.291015625
3,player,1,980.637939453125,508.27734375,766.110595703125,843.9722900390625
3,player,3,553.019287109375,521.71875,436.46405029296875,775.400146484375
3,player,2,815.6388549804688,415.7760009765625,739.5070190429688,542.8998413085938
3,player,4,683.0377197265625,353.83367919921875,695.5262451171875,293.2017822265625
3,player,5,1055.281005859375,557.836181640625,766.6717529296875,974.5029296875
3,player,6,499.8858642578125,546.0325927734375,385.30316162109375,815.9698486328125
3,player,9,200.94049072265625,367.3733215332031,259.542724609375,210.031005859375
3,player,8,609.8681640625,351.780029296875,633.9825439453125,264.80389404296875
3,player,10,847.00634765625,412.8790283203125,767.4188842773438,544.9051513671875
4,player,1,978.2531127929688,507.04107666015625,765.9150390625,841.14697265625
4,player,3,553.3560791015625,520.8318481445312,437.41571044921875,773.5404052734375
4,player,2,818.88427734375,416.98504638671875,739.5228271484375,544.0424194335938
4,player,6,500.95428466796875,545.9491577148438,385.6083679199219,816.831298828125
4,player,5,1053.8096923828125,558.2141723632812,766.9066162109375,973.5736694335938
4,player,4,681.4815673828125,353.2696228027344,695.2134399414062,292.26910400390625
4,player,9,196.38478088378906,367.2647399902344,256.6832275390625,212.0791778564453
4,player,8,609.1883544921875,352.9189453125,632.257568359375,266.5526123046875
4,player,10,841.3661499023438,414.11181640625,765.5098876953125,544.2078247070312
4,player,7,806.500244140625,409.24993896484375,753.651123046875,535.6947631835938
4,ball,-1,1066.99267578125,300.93914794921875,1152.5537109375,186.7501220703125
5,player,1,976.675537109375,506.66961669921875,765.5106201171875,838.8582153320312
5,player,3,553.4345703125,521.3820190429688,437.926025390625,772.812255859375
5,player,2,818.2740478515625,417.68658447265625,739.0664672851562,545.499267578125
5,player,6,502.0127868652344,544.274658203125,386.41058349609375,816.10302734375
5,player,5,1053.775634765625,556.4944458007812,767.666748046875,971.659423828125
5,player,4,680.7362060546875,353.11328125,694.83740234375,291.3855285644531
5,player,8,607.9525146484375,352.8195495605469,630.781005859375,267.4410400390625
5,player,9,205.4449462890625,368.0690612792969,257.4098205566406,215.2754669189453
5,player,10,839.539794921875,414.82366943359375,763.4278564453125,544.3748779296875
6,player,1,975.0526123046875,507.470947265625,764.5159912109375,837.9247436523438
6,player,3,554.358642578125,522.7715454101562,438.1684265136719,773.6087036132812
6,player,2,817.7198486328125,417.887451171875,738.5245971679688,546.6163330078125
6,player,6,502.4194030761719,543.823486328125,387.12493896484375,815.291259765625
6,player,5,1054.19384765625,556.2257690429688,768.362060546875,970.244140625
6,player,4,679.7890625,353.4591979980469,694.143798828125,291.1801452636719
6,player,9,207.45880126953125,367.7865295410156,258.5447998046875,217.16415405273438
6,player,8,607.1658325195312,354.24462890625,629.0203857421875,269.83984375
6,player,7,808.3326416015625,403.40045166015625,751.208740234375,523.2191772460938
6,player,10,840.8443603515625,415.171630859375,762.314697265625,544.9842529296875
7,player,1,972.767578125,508.8369140625,762.7526245117188,838.3004150390625
7,player,3,554.9315795898438,523.6095581054688,438.2762145996094,774.8914794921875
7,player,2,820.0645751953125,417.6487731933594,738.9607543945312,547.2916259765625
7,player,6,504.20965576171875,543.563232421875,388.08319091796875,814.69091796875
7,player,4,678.2183837890625,353.22479248046875,693.2886962890625,290.5882873535156
7,player,5,1054.40234375,554.6194458007812,769.4444580078125,968.114501953125
7,player,8,606.7792358398438,355.63519287109375,627.2186889648438,273.2044982910156
7,player,9,209.0218505859375,367.343017578125,259.84063720703125,217.9514923095703
7,player,7,807.212890625,402.301025390625,749.7469482421875,513.7538452148438
8,player,1,970.852783203125,508.02630615234375,761.4041748046875,837.688232421875
8,player,3,555.5963134765625,524.853515625,438.2257080078125,776.84326171875
8,player,6,505.5923767089844,543.541748046875,389.05047607421875,814.3921508789062
8,player,4,679.4283447265625,353.6562194824219,692.938720703125,290.88873291015625
8,player,8,606.2858276367188,356.62713623046875,625.5113525390625,276.65460205078125
8,player,5,1053.5615234375,551.0842895507812,771.2159423828125,963.9465942382812
8,player,2,820.4481811523438,416.62420654296875,739.777099609375,546.6415405273438
8,player,10,833.6839599609375,416.5425720214844,758.899658203125,546.2421875
9,player,1,968.9898681640625,507.360595703125,760.2845458984375,836.5615234375
9,player,3,556.6026611328125,524.8123168945312,438.4562072753906,778.1575927734375
9,player,6,506.21453857421875,543.3507690429688,389.87188720703125,814.090087890625
9,player,4,678.2259521484375,352.4267578125,692.843994140625,289.3410339355469
9,player,5,1054.00732421875,548.8196411132812,773.304931640625,959.5223388671875
9,player,8,605.9173583984375,356.8277282714844,624.208251953125,279.1270751953125
9,player,10,832.667724609375,417.11279296875,756.1428833007812,547.5936279296875
9,player,11,662.0908203125,351.49859619140625,678.9964599609375,278.59423828125
9,player,7,800.1619873046875,351.0066833496094,769.7364501953125,443.876708984375
10,player,1,966.703369140625,507.5294189453125,758.8890380859375,835.7830810546875
10,player,3,557.2991943359375,523.9803466796875,438.9749450683594,778.3563232421875
10,player,4,676.0523681640625,351.7758483886719,692.3596801757812,287.26483154296875
10,player,6,506.707275390625,543.6810302734375,390.4584045410156,814.2039794921875
10,player,2,825.2711181640625,416.42999267578125,741.8116455078125,546.439208984375
10,player,8,605.8526611328125,356.9902648925781,623.2786865234375,280.942138671875
10,player,5,1054.6396484375,546.011474609375,775.8523559570312,954.513916015625
10,player,9,194.19569396972656,363.44189453125,256.9331359863281,211.9923095703125
11,player,1,964.9466552734375,508.009033203125,757.3386840820312,835.5428466796875
11,player,3,558.6197509765625,524.0592651367188,439.62713623046875,778.6591796875
11,player,4,675.811767578125,350.25726318359375,692.6089477539062,283.8672180175781
11,player,6,507.27935791015625,543.7479858398438,390.9664001464844,814.3781127929688
11,player,5,1055.331298828125,545.4166259765625,777.9027099609375,950.8502807617188
11,player,8,606.2512817382812,356.75189208984375,622.8917236328125,281.84521484375
11,player,10,833.2906494140625,417.0314636230469,754.568603515625,548.43896484375
11,player,2,822.2928466796875,413.28253173828125,743.5546875,542.5679931640625
11,player,7,799.7661743164062,391.554931640625,764.1065063476562,449.03399658203125
11,player,9,176.27877807617188,370.3428955078125,248.3662109375,215.5756072998047
12,player,3,558.98974609375,522.9597778320312,440.40093994140625,777.943603515625
12,player,1,963.8693237304688,508.40435791015625,755.8992309570312,835.636474609375
12,player,4,674.87548828125,351.871826171875,691.7889404296875,283.72357177734375
12,player,6,507.509033203125,546.81640625,390.717529296875,817.0206298828125
12,player,5,1055.1253662109375,539.1887817382812,781.4949951171875,943.5508422851562
12,player,10,832.4681396484375,418.86297607421875,752.5445556640625,550.9165649414062
12,player,8,606.271484375,356.8758239746094,622.5992431640625,282.59735107421875
12,player,9,177.02203369140625,369.50701904296875,243.16981506347656,216.88230895996094
12,player,7,798.0089111328125,390.80377197265625,760.2334594726562,451.3392333984375
13,player,1,963.8388061523438,508.93701171875,754.757568359375,836.1522827148438
13,player,3,560.8242797851562,522.638427734375,441.4429626464844,777.350341796875
13,player,4,671.3323974609375,352.0458984375,690.0465087890625,283.52783203125
13,player,6,508.2350158691406,546.7457275390625,390.74822998046875,818.73779296875
13,player,5,1055.22705078125,539.2669677734375,783.8267822265625,938.8765258789062
13,player,8,606.459228515625,356.63714599609375,622.559814453125,282.7893371582031
13,player,10,832.3385009765625,416.2017822265625,752.2930908203125,549.60302734375
13,player,9,176.15838623046875,369.1521301269531,239.59552001953125,217.19143676757812
13,player,7,796.8203125,391.53729248046875,757.03759765625,453.593505859375
14,player,1,964.3280639648438,509.49676513671875,753.9367065429688,837.008544921875
14,player,3,561.9513549804688,522.060546875,442.54107666015625,776.5589599609375
14,player,4,669.3544921875,350.9588317871094,688.7348022460938,281.7658386230469
14,player,5,1056.3363037109375,540.8524169921875,785.0338745117188,937.1831665039062
14,player,6,508.54046630859375,546.14599609375,390.96710205078125,819.388427734375
14,player,10,837.62353515625,416.53778076171875,753.5517578125,549.5935668945312
14,player,8,607.1158447265625,356.92041015625,622.6339111328125,283.34857177734375
14,player,9,174.0225830078125,369.6998291015625,236.53253173828125,217.9160919189453
14,player,7,798.8287963867188,399.4866943359375,752.1929931640625,464.50445556640625
14,player,12,197.904296875,368.37176513671875,252.090087890625,220.4114990234375
15,player,1,965.258544921875,508.9349365234375,753.8572998046875,837.1610107421875
15,player,3,565.0453491210938,522.7191162109375,443.8828125,776.8594970703125
15,player,5,1056.6121826171875,542.5482177734375,785.2577514648438,937.4412841796875
15,player,4,668.2347412109375,350.630859375,687.6600952148438,280.0770263671875
15,player,6,509.0818176269531,546.3120727539062,391.20770263671875,819.9896240234375
15,player,10,838.1046142578125,420.32611083984375,752.9376831054688,553.7647705078125
15,player,8,608.765625,354.4406433105469,624.1578369140625,280.5894775390625
15,player,7,797.6385498046875,400.15545654296875,748.4039306640625,472.25811767578125
15,player,12,195.17056274414062,367.8850402832031,251.35604858398438,219.5301513671875
15,player,9,173.80184936523438,369.5175476074219,234.50746154785156,218.12973022460938
15,player,2,805.1535034179688,396.93951416015625,746.421142578125,519.9703369140625
15,player,13,797.5220336914062,360.33154296875,791.7382202148438,348.1600341796875
16,player,3,564.8712158203125,523.1015625,444.6208190917969,777.368896484375
16,player,1,965.6990966796875,509.397216796875,753.7500610351562,837.6934814453125
16,player,5,1056.306396484375,542.3759765625,785.3893432617188,937.4486083984375
16,player,6,510.5457763671875,545.4241943359375,391.907470703125,819.7701416015625
16,player,10,837.313720703125,418.80108642578125,752.9373779296875,554.745849609375
16,player,4,668.7113647460938,350.66778564453125,687.09912109375,279.0735778808594
16,player,7,798.41552734375,406.27313232421875,743.6295166015625,484.3465576171875
16,player,9,162.32786560058594,370.78857421875,229.52371215820312,218.9002685546875
16,player,8,609.218994140625,353.6672058105469,625.5914306640625,277.8116760253906
17,player,3,566.4959716796875,523.9764404296875,445.3052978515625,778.5802001953125
17,player,1,966.816650390625,509.57513427734375,753.908935546875,838.285400390625
17,player,6,511.9996337890625,544.9270629882812,392.82281494140625,819.335205078125
17,player,10,836.8169555664062,418.96466064453125,752.7230224609375,555.5172729492188
17,player,5,1056.9473876953125,541.508056640625,785.9610595703125,936.8222045898438
17,player,4,668.2933349609375,350.823486328125,686.5349731445312,278.5898132324219
17,player,7,797.7374267578125,404.75677490234375,740.9500122070312,490.42388916015625
17,player,8,609.5848999023438,352.3284912109375,627.158935546875,274.2576904296875
17,player,9,172.34426879882812,369.75250244140625,229.4720001220703,218.94564819335938
17,player,12,195.73443603515625,368.37841796875,250.95692443847656,219.6529998779297
18,player,3,566.49560546875,523.9769287109375,445.75,779.367919921875
18,player,1,966.8171997070312,509.5733642578125,754.0130615234375,838.668701171875
18,player,6,511.9996032714844,544.927490234375,393.41766357421875,819.0528564453125
18,player,10,836.8172607421875,418.96435546875,752.5839233398438,556.0183715820312
18,player,5,1056.9501953125,541.5040283203125,786.3349609375,936.412109375
18,player,4,668.293212890625,350.8232421875,686.1683349609375,278.2750549316406
18,player,7,797.7374267578125,404.7574462890625,739.2080688476562,494.3748779296875
18,player,8,609.584716796875,352.3283996582031,628.1777954101562,271.94744873046875
18,player,9,172.33956909179688,369.75250244140625,229.43698120117188,218.9747314453125
18,player,12,195.73406982421875,368.3779296875,250.69747924804688,219.732177734375
19,player,1,969.8282470703125,509.10498046875,755.049560546875,838.76806640625
19,player,10,835.4049072265625,417.6820068359375,752.6091918945312,554.8172607421875
19,player,3,567.4166259765625,524.3294677734375,446.188720703125,780.2554931640625
19,player,6,517.3629150390625,544.761962890625,395.1565856933594,819.1566162109375
19,player,5,1059.41650390625,542.7225341796875,786.7529296875,937.3062133789062
19,player,4,664.9802856445312,352.06097412109375,684.3507690429688,279.40789794921875
19,player,7,792.376220703125,394.2535400390625,740.8585815429688,484.34783935546875
19,player,8,611.7401123046875,350.9530334472656,630.0645141601562,268.80938720703125
19,player,9,158.831787109375,370.1309814453125,225.2911834716797,218.28175354003906
19,player,12,189.27719116210938,370.394287109375,248.2109375,221.83416748046875
20,player,1,971.21435546875,509.012939453125,756.12353515625,838.86962890625
20,player,3,568.8687744140625,523.8484497070312,446.95404052734375,780.5379028320312
20,player,4,665.0097045898438,351.7763671875,683.2971801757812,279.7681884765625
20,player,10,835.4110717773438,417.09002685546875,752.87353515625,553.38916015625
20,player,6,519.81640625,544.7151489257812,396.89971923828125,819.3792724609375
20,player,7,791.0924072265625,395.8727111816406,740.857177734375,479.6025085449219
20,player,5,1060.6029052734375,542.319091796875,787.4771118164062,937.6671142578125
20,player,8,612.4710693359375,351.44677734375,631.331298828125,267.49908447265625
20,player,9,157.45787048339844,369.1287841796875,222.35421752929688,216.40081787109375
20,player,12,187.88076782226562,367.89263916015625,246.63272094726562,219.81201171875
21,player,1,973.044921875,508.84930419921875,757.3661499023438,838.9483642578125
21,player,4,665.759521484375,351.5694274902344,682.93896484375,279.79736328125
21,player,10,834.8671875,417.1627197265625,752.8544921875,552.4915771484375
21,player,3,569.8748779296875,523.2318115234375,447.85162353515625,780.2744140625
21,player,6,521.8072509765625,544.0825805664062,398.6559753417969,819.162841796875
21,player,5,1061.24658203125,541.3189697265625,788.4854736328125,937.166748046875
21,player,7,791.0064697265625,388.72113037109375,743.8741455078125,468.0989990234375
21,player,8,614.131103515625,350.920654296875,632.891357421875,266.0990905761719
21,player,12,189.28970336914062,369.72723388671875,245.69482421875,221.01925659179688
22,player,1,974.7313232421875,508.5997314453125,758.7128295898438,838.926513671875
22,player,3,570.5432739257812,522.834228515625,448.6983337402344,779.8162231445312
22,player,6,519.1707153320312,543.9232177734375,399.1826477050781,818.6834716796875
22,player,5,1062.38671875,540.8582763671875,789.6043701171875,936.5714111328125
22,player,10,834.3275146484375,418.84564208984375,751.9852294921875,553.69873046875
22,player,4,665.98583984375,351.7961730957031,682.6842041015625,280.1396789550781
22,player,7,790.5718383789062,368.8298645019531,754.4935302734375,436.2769775390625
22,player,12,195.08572387695312,367.53076171875,247.23971557617188,219.4537353515625
22,player,8,617.1312866210938,352.33245849609375,634.309814453125,267.3575134277344
22,player,9,150.83340454101562,363.29888916015625,219.43746948242188,206.90194702148438
23,player,1,976.1511840820312,507.5155029296875,760.3712158203125,838.0994873046875
23,player,6,519.9046630859375,544.2999877929688,399.6259765625,818.7386474609375
23,player,10,831.9971923828125,423.603271484375,748.783203125,559.4296875
23,player,3,570.8155517578125,522.6046142578125,449.3720703125,779.3433837890625
23,player,7,790.20068359375,382.5316467285156,755.172607421875,432.44635009765625
23,player,4,666.9904174804688,351.47540283203125,682.9744873046875,280.029541015625
23,player,5,1063.3380126953125,541.8970947265625,790.1854248046875,937.0810546875
23,player,8,618.276123046875,352.89849853515625,635.375,269.0370788574219
23,player,12,196.79840087890625,349.90875244140625,252.15402221679688,194.92019653320312
23,player,9,151.0594482421875,371.15966796875,216.2879638671875,211.0809326171875
24,player,1,977.7842407226562,507.0582275390625,762.0538940429688,837.30517578125
24,player,3,570.0004272460938,520.9218139648438,450.00347900390625,777.5235595703125
24,player,7,790.6859130859375,412.3168029785156,743.2645263671875,464.5528564453125
24,player,6,523.5243530273438,545.1185913085938,400.63079833984375,819.7301025390625
24,player,4,666.8082275390625,349.73565673828125,683.8326416015625,277.6163024902344
24,player,10,833.5985107421875,422.28594970703125,747.7088623046875,561.877197265625
24,player,8,619.2235107421875,352.07977294921875,636.6912841796875,269.1264343261719
24,player,5,1063.750732421875,541.5960693359375,790.781005859375,937.208984375
24,player,12,195.97186279296875,364.39471435546875,252.29620361328125,198.44256591796875
24,player,9,137.70640563964844,372.01947021484375,210.10508728027344,213.72634887695312
25,player,1,979.8416748046875,506.5367431640625,763.8897705078125,836.511962890625
25,player,7,791.33740234375,413.82366943359375,735.1112060546875,487.15478515625
25,player,3,570.87841796875,520.3361206054688,450.7762451171875,775.9066162109375
25,player,6,524.0990600585938,544.3944702148438,401.5787353515625,819.8272705078125
25,player,4,666.8395385742188,349.94671630859375,684.31201171875,276.3332824707031
25,player,10,832.4664306640625,424.8900146484375,745.6172485351562,566.170654296875
25,player,5,1064.9698486328125,545.4884643554688,790.0267333984375,940.443603515625
25,player,8,620.240234375,351.5035400390625,638.0987548828125,268.5104064941406
25,player,9,142.69671630859375,374.9957580566406,207.09661865234375,219.73541259765625
25,player,12,196.74830627441406,364.97119140625,252.51513671875,201.5630645751953
26,player,7,791.1920166015625,409.9528503417969,731.3302001953125,497.518798828125
26,player,1,981.30517578125,506.373291015625,765.5328369140625,835.9781494140625
26,player,3,572.54638671875,520.6895141601562,451.61737060546875,775.2949829101562
26,player,4,666.600830078125,350.2889099121094,684.4035034179688,275.93463134765625
26,player,10,831.9282836914062,425.62994384765625,743.8004150390625,569.70654296875
26,player,6,525.57080078125,543.2261962890625,402.80572509765625,819.0487060546875
26,player,5,1064.936767578125,545.93359375,789.36279296875,942.8906860351562
26,player,12,199.11178588867188,368.50830078125,252.705078125,208.44651794433594
26,player,8,622.101318359375,351.46044921875,639.62548828125,268.2271728515625
26,player,9,143.9132843017578,375.37054443359375,205.44281005859375,224.231201171875
27,player,1,983.03271484375,506.875244140625,766.8680419921875,836.208740234375
27,player,7,790.8115234375,418.18414306640625,725.4594116210938,513.3417358398438
27,player,3,573.8460693359375,521.28076171875,452.3524169921875,775.5114135742188
27,player,10,830.4760131835938,425.94866943359375,742.0669555664062,572.216552734375
27,player,4,667.0277099609375,351.19927978515625,684.2193603515625,276.931640625
27,player,5,1065.8690185546875,542.9677734375,790.2730712890625,942.2369384765625
27,player,6,525.8646240234375,543.8310546875,403.5466613769531,819.0621337890625
27,player,12,196.45150756835938,369.8918151855469,251.76754760742188,214.48629760742188
27,player,8,624.120849609375,350.967041015625,641.4593505859375,267.5728759765625
27,player,9,151.44667053222656,370.5716857910156,207.4053955078125,221.61439514160156
27,player,14,184.40151977539062,373.75421142578125,237.6758270263672,236.91761779785156
27,player,15,169.0836181640625,372.4666748046875,225.22610473632812,228.270751953125
28,player,1,986.1336059570312,508.00921630859375,768.1262817382812,837.5935668945312
28,player,3,575.6624755859375,520.8324584960938,453.398193359375,775.4127807617188
28,player,7,790.550537109375,421.2080993652344,720.3729248046875,526.9036865234375
28,player,4,666.6705322265625,351.34674072265625,683.9234619140625,277.74267578125
28,player,10,830.3887939453125,425.8493347167969,740.9549560546875,573.7339477539062
28,player,6,526.74560546875,544.9937133789062,403.9974365234375,820.0923461914062
28,player,5,1066.72900390625,543.0077514648438,791.06884765625,941.9136962890625
28,player,12,195.63279724121094,371.25750732421875,250.6580810546875,220.11268615722656
28,player,8,626.3072509765625,350.08135986328125,643.7041015625,266.1663818359375
28,player,9,157.0919189453125,366.5501708984375,211.05809020996094,215.15187072753906
29,player,1,987.2198486328125,507.55853271484375,769.4028930664062,838.1975708007812
29,player,3,578.4924926757812,520.3557739257812,454.9107666015625,775.1664428710938
29,player,4,667.8743896484375,352.26641845703125,683.7335205078125,279.6076965332031
29,player,10,830.8333740234375,426.95709228515625,739.914306640625,575.9439697265625
29,player,6,528.709716796875,544.7149658203125,404.832763671875,820.68896484375
29,player,5,1067.335693359375,543.0716552734375,791.7166748046875,941.8033447265625
29,player,7,794.064697265625,411.18743896484375,722.1030883789062,524.9954223632812
29,player,12,195.933349609375,368.9347839355469,250.4593505859375,220.77593994140625
29,player,8,627.4610595703125,348.4149475097656,646.200927734375,263.11968994140625
30,player,1,988.823486328125,506.41876220703125,771.092041015625,837.7438354492188
30,player,3,580.4261474609375,520.402099609375,456.3737487792969,775.2024536132812
30,player,10,829.4278564453125,429.87603759765625,737.6575927734375,580.3587646484375
30,player,4,669.331298828125,351.5318603515625,684.3839111328125,279.9796142578125
30,player,5,1068.812744140625,542.6471557617188,792.6732177734375,941.51904296875
30,player,6,529.9515991210938,544.160400390625,405.7997741699219,820.7208251953125
30,player,7,791.7608642578125,411.2003479003906,722.5386962890625,523.561767578125
30,player,8,650.9242553710938,351.99993896484375,653.8951416015625,268.1524963378906
30,player,16,629.5065307617188,347.9551086425781,653.2452392578125,256.2400207519531
31,player,1,990.286865234375,507.02911376953125,772.3447265625,838.09716796875
31,player,3,581.8782348632812,521.192138671875,457.5024108886719,776.0233154296875
31,player,10,829.040283203125,431.98040771484375,735.239990234375,585.4166259765625
31,player,5,1069.9892578125,541.6614990234375,793.96533203125,940.6554565429688
31,player,7,789.4645385742188,416.15435791015625,720.1549072265625,527.9185180664062
31,player,4,670.90771484375,352.1582946777344,685.050048828125,281.2037048339844
31,player,6,530.2903442382812,542.8677978515625,406.7889404296875,819.7081298828125
31,player,8,649.3057861328125,352.88226318359375,658.0186767578125,272.4454345703125
31,player,12,196.93310546875,367.9381103515625,250.81832885742188,219.99436950683594
32,player,1,991.4459838867188,506.8900146484375,773.519287109375,838.3043823242188
32,player,3,583.8566284179688,522.4315795898438,458.4383544921875,777.781005859375
32,player,10,830.7886962890625,433.5704345703125,733.5426635742188,590.5302734375
32,player,5,1071.1820068359375,541.0656127929688,795.334228515625,939.722412109375
32,player,7,788.8804931640625,417.7869567871094,717.7852172851562,532.4931640625
32,player,6,531.1466064453125,542.2756958007812,407.7703857421875,818.630859375
32,player,4,672.012451171875,352.1647033691406,685.83447265625,282.1119689941406
32,player,12,200.67970275878906,367.90679931640625,252.1890411376953,219.78109741210938
32,player,8,643.262939453125,352.44219970703125,658.9457397460938,274.0826110839844
33,player,1,993.0413818359375,507.0032958984375,774.6621704101562,838.67041015625
33,player,3,585.250244140625,522.7020263671875,459.33441162109375,779.2677001953125
33,player,10,830.4860229492188,434.10052490234375,732.1422119140625,594.3829345703125
33,player,5,1072.449462890625,541.3509521484375,796.4400024414062,939.4444580078125
33,player,7,788.2117309570312,414.02618408203125,717.5445556640625,531.2595825195312
33,player,4,673.8628540039062,352.3294677734375,686.8684692382812,283.095703125
33,player,6,531.4127807617188,540.039794921875,408.9568786621094,816.1080932617188
33,player,12,201.35699462890625,370.0615234375,252.87744140625,222.51327514648438
34,player,1,994.721923828125,506.937255859375,775.875732421875,838.9924926757812
34,player,10,830.7093505859375,434.36712646484375,731.1908569335938,597.18603515625
34,player,3,585.3373413085938,522.8734741210938,459.8974609375,780.387939453125
34,player,5,1073.365234375,542.0484008789062,797.12939453125,939.887451171875
34,player,7,787.6004638671875,415.5697021484375,716.5919189453125,532.110107421875
34,player,6,532.4259643554688,539.77294921875,410.03656005859375,814.327880859375
34,player,4,674.2813720703125,352.66461181640625,687.5340576171875,284.21966552734375
34,player,8,656.292724609375,353.0891418457031,663.45068359375,277.2315979003906
34,player,12,203.4246826171875,370.81182861328125,253.8057861328125,225.44857788085938
35,player,1,998.648681640625,507.059814453125,777.6583862304688,839.6367797851562
35,player,10,831.8068237304688,435.45831298828125,730.4574584960938,600.2454833984375
35,player,3,585.967041015625,522.8331298828125,460.43267822265625,781.13232421875
35,player,5,1074.78173828125,541.3795166015625,798.1915893554688,939.76513671875
35,player,7,784.6400146484375,414.71722412109375,715.4383544921875,531.4550170898438
35,player,6,532.89208984375,540.1441650390625,410.7730712890625,813.5146484375
35,player,4,675.309814453125,352.5427551269531,688.347412109375,284.8853759765625
35,player,12,204.21792602539062,369.93292236328125,254.81436157226562,226.28585815429688
36,player,1,998.1776123046875,506.98870849609375,778.7196044921875,839.9549560546875
36,player,3,586.5440673828125,522.47412109375,461.01361083984375,781.3551025390625
36,player,10,832.03466796875,435.03326416015625,730.2142333984375,601.8104858398438
36,player,5,1075.70263671875,539.86083984375,799.6927490234375,938.5632934570312
36,player,6,534.05615234375,539.5294799804688,411.67333984375,812.5699462890625
36,player,7,783.7130126953125,413.77264404296875,714.7906494140625,529.8992919921875
36,player,4,675.2119140625,352.6314697265625,688.8074340820312,285.4266357421875
36,player,12,208.04083251953125,369.0340576171875,256.79400634765625,226.00205993652344
36,player,14,200.00497436523438,368.9375,243.2481689453125,232.06716918945312
36,player,8,655.9974365234375,352.84222412109375,666.3857421875,278.9228210449219
37,player,1,1000.02587890625,507.2197265625,779.8104248046875,840.515380859375
37,player,3,587.5912475585938,522.8369140625,461.5686340332031,781.895263671875
37,player,5,1077.16748046875,538.8448486328125,801.4299926757812,937.0986938476562
37,player,10,832.841552734375,433.975341796875,730.7075805664062,601.79248046875
37,player,6,537.0584716796875,542.554931640625,412.34307861328125,814.688232421875
37,player,7,781.3981323242188,417.9385681152344,712.03955078125,533.277099609375
37,player,4,673.7113037109375,353.2040710449219,688.3857421875,286.3966369628906
37,player,8,653.6370849609375,352.98748779296875,667.479248046875,279.9930725097656
37,player,12,204.50953674316406,368.3404541015625,257.1474914550781,224.59616088867188
38,player,1,1000.812255859375,506.88214111328125,780.8580322265625,840.655517578125
38,player,3,588.75439453125,523.0082397460938,462.18243408203125,782.48681640625
38,player,10,833.6898193359375,433.2498779296875,731.561279296875,601.0953369140625
38,player,5,1080.57080078125,539.8265991210938,803.0565185546875,937.2021484375
38,player,6,538.1566162109375,542.9949951171875,412.9537658691406,816.5132446289062
38,player,7,781.7703857421875,419.33538818359375,709.812744140625,537.0357666015625
38,player,4,670.505615234375,354.092041015625,686.7158203125,287.90093994140625
38,player,12,206.02658081054688,369.2313232421875,257.6651306152344,224.98043823242188
38,player,8,653.5151977539062,354.079345703125,667.7051391601562,282.1249084472656
39,player,1,1002.871337890625,508.42279052734375,781.4910888671875,842.2415771484375
39,player,3,589.6005249023438,522.8848266601562,462.82568359375,782.833984375
39,player,10,833.0234375,433.87933349609375,731.6737060546875,601.2431640625
39,player,5,1081.657958984375,538.8054809570312,804.781982421875,936.55126953125
39,player,7,779.0966796875,415.573486328125,709.0578002929688,535.1058959960938
39,player,4,672.8074340820312,354.4002685546875,686.2376098632812,289.5025634765625
39,player,6,540.4471435546875,544.5150146484375,413.5852355957031,819.125732421875
39,player,12,205.77728271484375,369.91937255859375,257.7953186035156,226.10348510742188
39,player,8,656.1682739257812,355.2395935058594,668.2251586914062,285.29278564453125
40,player,1,1005.0543212890625,508.6124267578125,782.4073486328125,843.617919921875
40,player,3,590.8316650390625,523.831298828125,463.32562255859375,783.9683227539062
40,player,7,776.2247314453125,417.62957763671875,706.9144287109375,535.8590698242188
40,player,10,833.1453857421875,433.52215576171875,731.923828125,600.9757080078125
40,player,5,1081.7607421875,540.9996337890625,805.0927734375,937.868896484375
40,player,6,541.0717163085938,544.6190185546875,414.1268310546875,820.9581909179688
40,player,8,664.5845336914062,354.32135009765625,671.624755859375,286.9299011230469
40,player,12,205.87217712402344,369.1760559082031,258.0502014160156,225.8743438720703
40,player,14,212.1988983154297,369.02130126953125,250.53326416015625,230.11581420898438
40,player,17,221.32931518554688,368.24224853515625,272.3796081542969,225.92787170410156
41,player,1,1007.11181640625,507.88397216796875,783.8289794921875,844.06103515625
41,player,3,592.4246826171875,523.646484375,464.0986633300781,784.6761474609375
41,player,7,774.9315185546875,418.89288330078125,704.648681640625,537.6185913085938
41,player,10,833.521240234375,433.13568115234375,732.3485717773438,600.4296264648438
41,player,5,1081.198486328125,541.4195556640625,804.991455078125,939.0098266601562
41,player,6,541.2257690429688,544.6318359375,414.5140075683594,822.1719360351562
41,player,12,206.778076171875,370.4595031738281,258.24420166015625,227.47592163085938
41,player,8,662.2197265625,354.53857421875,672.989990234375,288.058837890625
42,player,1,1009.8101806640625,507.102783203125,785.7711791992188,843.9052734375
42,player,7,773.0499267578125,412.6605224609375,705.0658569335938,531.711181640625
42,player,3,593.46044921875,523.036865234375,465.011962890625,784.698486328125
42,player,5,1081.5562744140625,540.7620849609375,805.26708984375,939.2631225585938
42,player,10,834.052490234375,434.1656494140625,732.36865234375,601.201416015625
42,player,6,542.5572509765625,544.1953125,415.1883850097656,822.7091064453125
42,player,4,670.670166015625,354.71453857421875,685.1134033203125,290.7575988769531
42,player,12,207.44735717773438,370.2354431152344,258.61456298828125,228.28582763671875
42,player,8,647.4017944335938,351.1697082519531,670.5191040039062,282.9241027832031
43,player,1,1011.4391479492188,506.8568115234375,787.5614013671875,843.7294921875
43,player,7,770.8985595703125,412.52490234375,704.754150390625,527.5269165039062
43,player,3,594.805419921875,523.3180541992188,465.8775939941406,785.06201171875
43,player,6,543.9033813476562,544.2302856445312,415.95062255859375,823.1932373046875
43,player,5,1082.2021484375,540.19287109375,805.828369140625,939.0318603515625
43,player,10,833.4871826171875,435.53033447265625,731.67822265625,603.0792236328125
43,player,4,666.140625,355.0433654785156,682.8008422851562,291.5815734863281
43,player,12,207.68341064453125,371.0633850097656,258.7684631347656,229.90773010253906
43,player,8,649.5271606445312,350.857666015625,669.721923828125,279.3697204589844
44,player,1,1011.671630859375,504.6964111328125,789.6297607421875,841.77392578125
44,player,7,769.8862915039062,416.46221923828125,702.70947265625,529.0805053710938
44,player,3,596.06201171875,523.6738891601562,466.6715087890625,785.7037353515625
44,player,5,1081.7802734375,540.133544921875,806.1077880859375,938.8001708984375
44,player,6,544.482666015625,543.461181640625,416.7567443847656,822.9240112304688
44,player,10,829.3668212890625,437.00592041015625,729.4638061523438,605.47216796875
44,player,4,659.734375,354.3292236328125,679.547119140625,290.5722351074219
44,player,12,212.31546020507812,374.86553955078125,259.53411865234375,236.2766876220703
45,player,1,1012.7636108398438,502.521484375,792.1187744140625,838.7115478515625
45,player,7,768.5408935546875,414.07830810546875,701.9154663085938,527.3327026367188
45,player,3,596.5601806640625,523.5943603515625,467.3330993652344,786.0930786132812
45,player,5,1081.456298828125,539.640869140625,806.39453125,938.2340087890625
45,player,6,545.5376586914062,542.183837890625,417.8208312988281,821.784423828125
45,player,10,827.726318359375,438.45513916015625,726.9869995117188,608.386474609375
45,player,12,211.75686645507812,384.33538818359375,258.086181640625,252.34959411621094
45,player,4,663.7513427734375,354.1861572265625,678.7737426757812,290.1044921875
46,player,1,1013.646240234375,501.84027099609375,794.24072265625,836.20361328125
46,player,12,212.76904296875,388.8612060546875,256.60845947265625,268.50341796875
46,player,5,1083.9493408203125,535.736328125,808.7191772460938,934.9725341796875
46,player,6,546.46435546875,541.1722412109375,418.96392822265625,820.284912109375
46,player,3,596.475341796875,523.6278076171875,467.7334899902344,786.367919921875
46,player,7,767.842041015625,409.5784912109375,702.9651489257812,521.1093139648438
46,player,10,826.786376953125,438.291748046875,725.17138671875,610.0286865234375
46,player,4,665.76318359375,354.2122802734375,678.90283203125,290.02410888671875
46,player,8,649.56884765625,353.47747802734375,668.14794921875,280.551513671875
47,player,1,1013.867919921875,501.3270263671875,795.8819580078125,834.1456298828125
47,player,12,214.31260681152344,387.27423095703125,256.3938293457031,277.1779479980469
47,player,5,1084.4193115234375,535.610595703125,810.399658203125,932.791015625
47,player,10,822.8473510742188,438.4276123046875,722.8096923828125,610.8896484375
47,player,6,546.54541015625,541.1465454101562,419.73260498046875,819.2954711914062
47,player,3,596.890869140625,523.3290405273438,468.1720886230469,786.3247680664062
47,player,7,766.763427734375,411.26312255859375,702.6619873046875,518.8553466796875
47,player,4,669.9134521484375,354.37408447265625,680.2454833984375,290.5758972167969
47,player,8,650.5567626953125,354.7701721191406,666.9152221679688,283.1237487792969
48,player,1,1014.3892822265625,501.5833740234375,796.9866943359375,833.0750732421875
48,player,10,818.307861328125,438.64447021484375,719.8905639648438,611.27392578125
48,player,5,1084.369384765625,537.1402587890625,810.8894653320312,932.5863037109375
48,player,6,547.2459716796875,539.7396240234375,420.71624755859375,817.54736328125
48,player,3,597.381103515625,522.7852783203125,468.71466064453125,785.8712158203125
48,player,7,765.3399658203125,408.62615966796875,703.0842895507812,514.3021240234375
48,player,12,215.54922485351562,389.4512939453125,256.2156982421875,285.6138916015625
48,player,4,670.3175048828125,354.42669677734375,681.2254028320312,291.04205322265625
48,player,8,655.8309326171875,355.43157958984375,667.5260009765625,286.1635437011719
49,player,1,1014.7052001953125,501.90673828125,797.6614990234375,832.6871337890625
49,player,7,764.1922607421875,410.87188720703125,702.1316528320312,513.7615356445312
49,player,5,1085.4810791015625,537.472412109375,811.365478515625,932.808349609375
49,player,10,813.2025146484375,440.59088134765625,715.7857055664062,613.0859375
49,player,3,597.9229736328125,522.4405517578125,469.289306640625,785.324951171875
49,player,6,547.6329345703125,538.9312133789062,421.6305847167969,815.773193359375
49,player,12,200.68893432617188,394.6684265136719,250.81971740722656,296.1728210449219
49,player,4,666.211669921875,353.5071105957031,680.9317626953125,289.7424011230469
49,player,17,217.4284210205078,392.95574951171875,266.5122375488281,256.760498046875
49,player,14,187.450439453125,396.568603515625,242.95367431640625,261.24462890625
49,player,8,650.666015625,353.42315673828125,667.0931396484375,284.99853515625
50,player,7,761.5035400390625,413.0711669921875,699.8558349609375,515.6242065429688
50,player,1,1014.850830078125,502.19384765625,798.0256958007812,832.6967163085938
50,player,5,1085.29150390625,539.2850341796875,810.93017578125,934.3727416992188
50,player,3,598.3743286132812,521.4498291015625,470.0211181640625,784.1567993164062
50,player,6,547.3850708007812,538.2991943359375,422.3037109375,814.0767822265625
50,player,10,812.3677978515625,440.2619934082031,713.0049438476562,613.8511962890625
50,player,8,652.094482421875,352.4620361328125,667.66064453125,283.0989074707031
50,player,12,200.05300903320312,398.7293701171875,246.4185791015625,307.8874206542969
50,player,17,218.46304321289062,397.89544677734375,262.0989685058594,282.8752136230469
51,player,7,759.3798828125,417.71612548828125,695.953857421875,521.7845458984375
51,player,1,1015.0632934570312,501.88214111328125,798.4421997070312,832.4500122070312
51,player,5,1086.3681640625,538.3973388671875,811.263916015625,934.7757568359375
51,player,6,549.0952758789062,537.9210815429688,423.2496643066406,812.7965087890625
51,player,3,598.948486328125,521.333984375,470.6711120605469,783.3444213867188
51,player,10,813.265625,440.34075927734375,711.4237060546875,614.5087890625
51,player,8,651.2559204101562,352.13922119140625,667.8931884765625,281.35565185546875
51,player,17,219.91209411621094,400.00189208984375,259.2685852050781,302.5032653808594
51,player,12,197.54278564453125,400.5240783691406,242.52276611328125,317.4346923828125
51,player,4,665.4088745117188,353.5469970703125,680.4676513671875,288.87493896484375
51,player,14,209.4733123779297,398.0501708984375,244.15225219726562,285.19012451171875
52,player,7,757.7396240234375,416.8964538574219,693.2509765625,524.7396240234375
52,player,5,1087.212890625,538.103271484375,811.810546875,934.8741455078125
52,player,1,1015.2220458984375,501.8077392578125,798.7847900390625,832.2383422851562
52,player,6,549.7218017578125,537.1837768554688,424.1845397949219,811.4019775390625
52,player,3,598.449462890625,518.0550537109375,471.77825927734375,779.9495239257812
52,player,10,811.6673583984375,441.2724914550781,709.5841064453125,615.755859375
52,player,8,650.4307861328125,352.38360595703125,667.680419921875,280.47021484375
52,player,12,203.50711059570312,402.54071044921875,241.3615264892578,326.5649108886719
52,player,17,216.49510192871094,402.521728515625,255.99005126953125,317.9676818847656
53,player,7,756.51806640625,417.01885986328125,691.08837890625,526.6860961914062
53,player,5,1087.21826171875,538.62939453125,811.9649047851562,935.3551025390625
53,player,1,1015.0596923828125,501.82659912109375,798.9566040039062,832.1034545898438
53,player,6,549.5595703125,537.001708984375,424.79254150390625,810.331298828125
53,player,3,598.244873046875,517.9686279296875,472.4671936035156,777.6514892578125
53,player,10,811.292724609375,441.076416015625,708.356201171875,616.3317260742188
53,player,8,653.6854248046875,352.56207275390625,668.5103759765625,280.43817138671875
53,player,17,225.15036010742188,384.294189453125,259.74822998046875,306.5823669433594
53,player,14,216.09934997558594,404.2618408203125,245.74119567871094,308.74267578125
54,player,5,1087.66943359375,538.4191284179688,812.2618408203125,935.538330078125
54,player,7,756.2529296875,414.94537353515625,690.40234375,525.6361694335938
54,player,1,1015.1896362304688,501.70867919921875,799.1495971679688,831.9241943359375
54,player,6,549.388427734375,536.7783813476562,425.19512939453125,809.43603515625
54,player,3,598.1575927734375,517.6307983398438,472.9766845703125,775.858154296875
54,player,8,651.8878173828125,352.3956604003906,668.5428466796875,280.02691650390625
54,player,10,812.1801147460938,441.4028625488281,707.686767578125,617.1199951171875
54,player,17,224.80087280273438,397.17510986328125,259.6733093261719,314.94677734375
54,player,14,212.04055786132812,408.88238525390625,244.80068969726562,329.1318359375
55,player,5,1088.842041015625,538.69287109375,812.650146484375,935.970458984375
55,player,1,1014.90625,501.88653564453125,799.1290283203125,831.9384765625
55,player,6,549.3011474609375,536.707275390625,425.45098876953125,808.7880859375
55,player,7,759.3325805664062,409.81854248046875,692.861328125,519.5098876953125
55,player,3,597.880859375,517.0531005859375,473.38092041015625,774.1692504882812
55,player,10,812.5008544921875,442.1041259765625,707.075927734375,618.3814086914062
55,player,14,213.91293334960938,409.2452697753906,244.66085815429688,342.97076416015625
55,player,8,649.54248046875,351.86614990234375,668.0297241210938,278.83392333984375
55,player,17,223.89654541015625,400.2189025878906,258.8047790527344,323.9571533203125
55,player,12,236.35537719726562,387.38421630859375,252.9523162841797,317.0003662109375
56,player,5,1089.9779052734375,539.0945434570312,813.0392456054688,936.6622314453125
56,player,1,1015.027587890625,501.8817138671875,799.1500244140625,831.9537353515625
56,player,6,549.6837768554688,536.584716796875,425.73980712890625,808.2953491210938
56,player,14,205.60934448242188,408.8916015625,242.2608642578125,350.833984375
56,player,7,758.5408325195312,407.57171630859375,695.1083374023438,512.9246215820312
56,player,3,597.5238647460938,516.8062133789062,473.6139831542969,772.8282470703125
56,player,10,813.7352294921875,442.7597351074219,706.781005859375,619.9823608398438
56,player,8,649.7622680664062,351.65130615234375,667.8543701171875,277.79278564453125
56,player,17,227.3853759765625,395.5,260.1216735839844,324.44403076171875
56,player,12,238.1062774658203,390.6372985839844,260.3719482421875,314.942626953125
57,player,5,1090.01513671875,539.273193359375,813.23291015625,937.256103515625
57,player,6,550.2120361328125,536.8336181640625,426.003173828125,808.22412109375
57,player,1,1014.863037109375,501.80865478515625,799.1485595703125,831.88623046875
57,player,7,756.087890625,403.2333984375,697.5560302734375,503.4892578125
57,player,14,202.56369018554688,408.21551513671875,239.9466094970703,354.8902282714844
57,player,3,596.931640625,516.3214111328125,473.73492431640625,771.487548828125
57,player,10,814.646728515625,441.18975830078125,707.4476318359375,619.4902954101562
57,player,8,649.766845703125,352.0597839355469,667.574951171875,277.66082763671875
57,player,12,241.43345642089844,394.324951171875,265.4580993652344,318.39410400390625
57,player,17,217.11395263671875,405.8341979980469,256.1341552734375,336.20172119140625
58,player,5,1090.51318359375,539.3017578125,813.4754638671875,937.70556640625
58,player,6,551.0545654296875,536.701171875,426.41339111328125,808.1347045898438
58,player,1,1014.280517578125,502.05035400390625,798.8966064453125,832.0032958984375
58,player,7,753.9105834960938,397.9312744140625,700.6166381835938,491.04827880859375
58,player,3,596.8876953125,516.5147705078125,473.754150390625,770.780517578125
58,player,14,199.82211303710938,408.3551330566406,237.6357421875,357.45294189453125
58,player,10,812.622314453125,441.26947021484375,707.2731323242188,619.0746459960938
58,player,8,649.297607421875,351.96990966796875,667.2798461914062,277.41119384765625
58,player,12,241.52252197265625,397.13983154296875,268.250732421875,324.046875
58,player,4,663.3128051757812,354.358642578125,679.160888671875,289.1880798339844
59,player,5,1090.682373046875,539.24267578125,813.69921875,937.9649047851562
59,player,6,551.4813232421875,537.0407104492188,426.7101135253906,808.392822265625
59,player,1,1013.8416748046875,501.77899169921875,798.7227172851562,831.8065185546875
59,player,7,753.306396484375,397.6943359375,702.519287109375,482.6314697265625
59,player,3,596.85107421875,517.197509765625,473.58758544921875,770.9105224609375
59,player,4,663.3328247070312,353.0027160644531,678.8778686523438,287.5976867675781
59,player,14,204.25856018066406,405.031005859375,237.97076416015625,355.5936279296875
59,player,10,811.5795288085938,446.19903564453125,704.9962158203125,623.7545166015625
59,player,12,239.3512725830078,400.59027099609375,268.78204345703125,331.66571044921875
59,player,17,225.03646850585938,403.25006103515625,256.28228759765625,341.4800720214844
59,player,18,217.40655517578125,406.0652160644531,248.85179138183594,358.88720703125
60,player,6,552.3515014648438,537.2963256835938,427.06195068359375,808.8421630859375
60,player,5,1090.9791259765625,539.311279296875,813.894287109375,938.2120361328125
60,player,1,1013.6539916992188,501.54205322265625,798.653076171875,831.4566650390625
60,player,14,202.5516357421875,405.02655029296875,237.69961547851562,354.2315673828125
60,player,4,665.0465698242188,353.4051513671875,679.0755004882812,287.25885009765625
60,player,3,598.185302734375,520.8587646484375,472.9127197265625,774.264404296875
60,player,12,239.28897094726562,402.9541320800781,268.66583251953125,339.42315673828125
60,player,7,752.056884765625,388.5579833984375,707.103271484375,466.29632568359375
60,player,10,807.9121704101562,449.1304931640625,701.383056640625,629.4443359375
60,player,17,218.19949340820312,407.1946105957031,253.7091064453125,348.9686584472656
60,player,18,228.95880126953125,400.66107177734375,253.153564453125,353.488525390625
60,player,8,652.9193115234375,349.98284912109375,669.0645141601562,274.935302734375
61,player,6,553.9459228515625,537.3642578125,427.6715087890625,809.3173828125
61,player,5,1091.61962890625,539.0067749023438,814.3025512695312,938.1846923828125
61,player,1,1013.7733154296875,501.7950439453125,798.539794921875,831.4593505859375
61,player,4,663.8453369140625,353.45489501953125,678.7992553710938,286.9915466308594
61,player,7,751.1241455078125,413.0250244140625,700.0405883789062,483.78900146484375
61,player,12,242.83839416503906,407.7784423828125,268.71099853515625,350.4549255371094
61,player,3,598.2107543945312,520.48486328125,472.5727844238281,776.1248779296875
61,player,14,206.76223754882812,405.3253173828125,238.67965698242188,354.06463623046875
61,player,10,807.80615234375,450.0396728515625,698.6668701171875,634.0496215820312
62,player,6,554.1783447265625,537.2137451171875,428.15924072265625,809.5198364257812
62,player,5,1092.0108642578125,538.91162109375,814.7048950195312,938.123779296875
62,player,1,1013.681396484375,502.55755615234375,798.1409912109375,832.1158447265625
62,player,4,663.523193359375,353.2590637207031,678.59765625,286.52789306640625
62,player,7,749.7186279296875,419.22821044921875,692.6663818359375,501.8890686035156
62,player,3,598.043701171875,519.5979614257812,472.528564453125,776.5567016601562
62,player,12,244.38519287109375,410.4986267089844,268.67791748046875,360.93011474609375
62,player,10,806.00439453125,451.5679931640625,695.828857421875,638.4215087890625
62,player,18,234.19985961914062,407.8896484375,256.13250732421875,358.977294921875
62,player,14,210.54855346679688,402.76373291015625,240.8516845703125,351.2522888183594
62,player,19,618.3338623046875,343.68438720703125,647.8709716796875,236.6461181640625
62,player,17,211.22122192382812,401.406982421875,251.05384826660156,346.3838195800781
62,player,20,203.34774780273438,403.9434814453125,238.38145446777344,348.23870849609375
63,player,6,554.4329833984375,537.3773193359375,428.5028076171875,809.8074951171875
63,player,5,1092.2685546875,539.0579833984375,814.97607421875,938.2210693359375
63,player,1,1013.9051513671875,503.24505615234375,797.6707763671875,833.1576538085938
63,player,4,664.070068359375,353.0318298339844,678.735595703125,285.9765625
63,player,7,749.7484741210938,421.99462890625,686.838134765625,516.677734375
63,player,10,806.0567016601562,447.60491943359375,695.4683227539062,637.2738037109375
63,player,3,597.8497924804688,518.318359375,472.76739501953125,775.7166748046875
63,player,12,245.5838623046875,411.1834716796875,268.8716735839844,368.6373596191406
63,player,14,211.00283813476562,402.9680480957031,242.3583526611328,349.70648193359375
63,player,19,617.4777221679688,344.1484375,647.407470703125,237.19952392578125
64,player,6,554.318359375,537.312255859375,428.7122497558594,809.931396484375
64,player,1,1014.0765380859375,504.3572998046875,796.973876953125,834.8116455078125
64,player,5,1092.19873046875,539.3636474609375,815.0166015625,938.52001953125
64,player,4,660.3095703125,353.2247314453125,677.542724609375,285.5203552246094
64,player,7,749.7156372070312,420.49517822265625,683.60498046875,524.65283203125
64,player,10,804.6513671875,447.4666442871094,694.8883056640625,636.2650146484375
64,player,3,597.96142578125,518.470703125,472.91326904296875,775.3114624023438
64,player,12,246.2184600830078,411.75701904296875,269.07232666015625,374.36627197265625
64,player,14,211.85598754882812,402.7650146484375,243.6190643310547,348.53485107421875
65,player,6,554.5682373046875,537.2772827148438,428.9183349609375,810.002685546875
65,player,1,1014.1209106445312,505.283935546875,796.1695556640625,836.6904296875
65,player,5,1091.822998046875,539.6741943359375,814.8271484375,938.9285888671875
65,player,4,656.3314208984375,352.12176513671875,675.9485473632812,283.38397216796875
65,player,7,749.2340698242188,429.791748046875,677.899169921875,539.824462890625
65,player,10,801.2203369140625,449.7720947265625,692.6888427734375,637.6397705078125
65,player,3,598.2987060546875,518.5790405273438,473.0671691894531,775.1690673828125
65,player,18,233.205322265625,415.62725830078125,256.3885498046875,371.42010498046875
65,player,12,245.65904235839844,414.07843017578125,268.61474609375,380.7197265625
66,player,6,554.7457275390625,537.2645263671875,429.0992431640625,810.0525512695312
66,player,1,1014.4794921875,505.816162109375,795.5338134765625,838.400390625
66,player,5,1092.96044921875,538.345947265625,815.5078125,938.23779296875
66,player,4,654.1103515625,351.90789794921875,674.2890014648438,281.50146484375
66,player,7,747.4005126953125,434.65765380859375,671.8859252929688,554.6774291992188
66,player,10,801.3359375,451.09063720703125,690.8062744140625,639.869873046875
66,player,3,597.92724609375,518.6995849609375,473.0426940917969,775.1505126953125
66,player,12,246.63653564453125,417.27423095703125,268.0084228515625,388.5938720703125
66,player,18,256.6073913574219,417.55413818359375,262.8323669433594,383.7278137207031
67,player,6,554.97998046875,537.1630859375,429.2978515625,810.019287109375
67,player,1,1014.1778564453125,505.92987060546875,794.9959716796875,839.5843505859375
67,player,5,1092.969482421875,538.3881225585938,815.936279296875,937.8228759765625
67,player,4,653.5480346679688,352.07073974609375,672.96337890625,280.44183349609375
67,player,7,745.2537841796875,437.8136901855469,666.2254028320312,567.4510498046875
67,player,10,798.6055908203125,451.8851013183594,688.5238647460938,641.8790893554688
67,player,3,598.205810546875,518.2819213867188,473.20135498046875,774.7999877929688
67,player,21,174.06910705566406,409.2193603515625,211.9630584716797,358.74139404296875
67,player,20,183.31570434570312,410.028076171875,231.6368408203125,353.6582336425781
67,player,18,254.13821411132812,419.01544189453125,266.0511779785156,393.17608642578125
67,player,12,240.7102813720703,417.66357421875,265.86700439453125,393.6452331542969
67,player,14,231.34356689453125,406.44757080078125,249.37939453125,353.8185729980469
67,player,17,192.14988708496094,407.900146484375,242.74118041992188,350.7263488769531
68,player,6,555.3171997070312,536.978515625,429.55224609375,809.8712158203125
68,player,1,1015.4064331054688,506.89398193359375,794.595947265625,841.2861328125
68,player,5,1093.20458984375,538.67431640625,816.16455078125,937.7989501953125
68,player,7,744.2264404296875,434.69451904296875,663.3756103515625,572.3943481445312
68,player,10,798.2640380859375,451.9386901855469,686.9248046875,643.2091064453125
68,player,4,653.0089721679688,352.43682861328125,671.7791748046875,280.1895446777344
68,player,3,599.17138671875,517.4496459960938,473.757568359375,773.929931640625
68,player,18,248.27044677734375,421.6517333984375,266.00616455078125,401.79425048828125
68,player,21,177.06741333007812,407.7637939453125,213.04986572265625,357.2938537597656
68,player,20,182.6085205078125,408.9361572265625,227.22845458984375,355.8435363769531
69,player,6,555.2589111328125,536.8413696289062,429.7340087890625,809.6563720703125
69,player,1,1014.3878173828125,506.5140380859375,794.2138671875,841.980224609375
69,player,10,798.4989013671875,452.1022033691406,685.8915405273438,644.2578735351562
69,player,5,1093.634521484375,538.8331909179688,816.36181640625,937.9443359375
69,player,7,744.343994140625,428.67767333984375,663.7485961914062,569.2349853515625
69,player,4,653.703125,352.93792724609375,671.0263671875,280.7568664550781
69,player,3,600.0439453125,517.5568237304688,474.31500244140625,773.5279541015625
69,player,18,242.38978576660156,420.73284912109375,264.4870910644531,405.8536071777344
69,player,12,223.37698364257812,421.29083251953125,258.9490966796875,399.55517578125
70,player,6,555.2901611328125,537.0338134765625,429.81658935546875,809.6790771484375
70,player,1,1016.1737060546875,508.51348876953125,793.6597900390625,844.2958984375
70,player,7,743.17919921875,432.4162292480469,662.2906494140625,571.056640625
70,player,10,798.7366943359375,452.56390380859375,685.1179809570312,645.4225463867188
70,player,5,1093.90478515625,539.192626953125,816.4205322265625,938.3450927734375
70,player,4,652.8919677734375,352.79290771484375,670.3369750976562,280.856689453125
70,player,3,600.217041015625,519.8213500976562,474.15863037109375,775.2371826171875
70,player,21,172.98223876953125,404.88653564453125,213.05020141601562,352.60614013671875
70,player,20,178.68826293945312,407.12603759765625,223.53765869140625,354.80072021484375
70,player,19,624.9351196289062,349.9972229003906,647.164306640625,246.18173217773438
70,player,12,228.83389282226562,419.8609619140625,256.236083984375,402.24639892578125
71,player,1,1014.0096435546875,507.4693603515625,793.1325073242188,844.7251586914062
71,player,6,554.59716796875,536.5655517578125,429.8033447265625,809.24951171875
71,player,7,742.832763671875,430.17572021484375,662.05908203125,569.8306884765625
71,player,10,797.50537109375,452.75030517578125,684.20166015625,646.2590942382812
71,player,5,1095.037109375,539.2989501953125,816.7079467773438,938.7825927734375
71,player,4,659.1453857421875,353.23822021484375,671.705810546875,282.100830078125
71,player,3,601.3756713867188,516.904296875,475.078369140625,773.9200439453125
71,player,12,235.6739044189453,418.27685546875,256.68170166015625,402.7842102050781
71,player,20,183.1536865234375,409.1240234375,222.0888214111328,356.8531188964844
72,player,1,1017.5665283203125,508.76416015625,793.228271484375,846.411376953125
72,player,6,554.5487060546875,536.5068359375,429.7958984375,808.9176025390625
72,player,5,1098.09765625,539.4512939453125,817.620361328125,939.4384765625
72,player,7,741.93798828125,429.4354248046875,661.9210205078125,568.1654663085938
72,player,10,796.1153564453125,453.5484619140625,682.92578125,647.4797973632812
72,player,4,658.716064453125,353.39501953125,672.393798828125,283.0771179199219
72,player,20,179.50277709960938,408.66448974609375,220.18113708496094,357.3336486816406
72,player,12,239.41891479492188,418.345458984375,258.01690673828125,403.5341796875
72,player,3,602.5276489257812,515.9217529296875,476.21661376953125,772.3040771484375
72,player,17,174.4282684326172,403.2981262207031,233.01950073242188,346.57806396484375
72,player,21,189.23870849609375,404.6405029296875,217.74844360351562,350.6776123046875
72,player,18,253.08737182617188,409.48016357421875,268.61077880859375,396.5102844238281
72,player,19,621.1023559570312,349.48394775390625,645.9820556640625,250.97015380859375
73,player,1,1019.04541015625,508.5146484375,793.7794799804688,847.418212890625
73,player,6,555.3223876953125,536.4149780273438,430.0041809082031,808.68701171875
73,player,5,1099.842041015625,539.4451904296875,818.6629638671875,940.0032348632812
73,player,7,741.4630737304688,427.01544189453125,662.5811767578125,564.4498291015625
73,player,10,791.737548828125,456.1343688964844,679.9376831054688,650.46728515625
73,player,4,656.9034423828125,353.481689453125,672.22607421875,283.65618896484375
73,player,20,182.3648681640625,406.1473083496094,220.16651916503906,354.9347229003906
73,player,3,603.433349609375,516.431640625,477.05999755859375,771.770263671875
73,player,12,246.63816833496094,417.8564147949219,261.013916015625,404.0867919921875
73,player,17,174.25550842285156,401.7501220703125,226.90115356445312,342.0223693847656
73,player,21,188.46253967285156,404.7894592285156,220.5549774169922,349.532958984375
74,player,1,1022.933837890625,508.40130615234375,795.2125854492188,848.3021240234375
74,player,10,790.0330810546875,454.7022399902344,678.0343017578125,650.8380126953125
74,player,5,1102.155029296875,539.7523193359375,819.814453125,940.802490234375
74,player,6,557.203369140625,535.905029296875,430.72271728515625,808.2623291015625
74,player,3,604.508544921875,515.6990966796875,478.0671081542969,770.8740234375
74,player,7,740.4105224609375,429.36932373046875,661.8441162109375,564.46240234375
74,player,4,654.9081420898438,353.84014892578125,671.3329467773438,284.320068359375
74,player,20,184.5224609375,406.1669921875,220.77093505859375,353.5855407714844
74,player,12,252.84634399414062,418.0750732421875,264.6777648925781,405.22979736328125
74,player,17,174.17123413085938,400.37158203125,223.12374877929688,337.40496826171875
74,player,21,190.09857177734375,405.0375061035156,222.80685424804688,349.2242431640625
75,player,1,1024.9005126953125,508.47723388671875,796.6356201171875,849.106689453125
75,player,6,559.3463134765625,535.5555419921875,431.8024597167969,807.8658447265625
75,player,5,1104.20458984375,540.7990112304688,820.6820068359375,942.3142700195312
75,player,10,788.6217041015625,454.25286865234375,676.5640258789062,650.5088500976562
75,player,4,656.2352294921875,353.48358154296875,671.322265625,284.40380859375
75,player,7,739.6821899414062,435.2249755859375,659.0361328125,570.6102294921875
75,player,3,605.8731079101562,514.4142456054688,479.39508056640625,769.283203125
75,player,20,186.5164794921875,406.52606201171875,221.67503356933594,353.3044738769531
75,player,12,254.2933349609375,417.926513671875,267.4961242675781,405.928466796875
75,player,17,173.91600036621094,402.5821228027344,220.23672485351562,337.0225830078125
76,player,1,1025.5941162109375,509.60009765625,797.3045654296875,850.6463623046875
76,player,6,560.0704345703125,534.9785766601562,432.8157958984375,807.1846923828125
76,player,10,786.4526977539062,453.7513427734375,675.1817016601562,649.6064453125
76,player,5,1107.6094970703125,541.1060791015625,821.9983520507812,943.8175659179688
76,player,4,655.5263671875,353.4273681640625,671.11181640625,284.31707763671875
76,player,7,739.0408935546875,433.26080322265625,657.734130859375,572.4794921875
76,player,3,606.0770263671875,514.3035278320312,480.3385009765625,768.1691284179688
76,player,20,187.80198669433594,406.0775146484375,222.7044677734375,352.7045593261719
76,player,12,253.84652709960938,416.53558349609375,269.45977783203125,404.7584228515625
76,player,17,173.75192260742188,402.68939208984375,218.29571533203125,336.8875732421875
76,player,22,815.8904418945312,603.5953369140625,563.1263427734375,1013.03515625
77,player,1,1022.433349609375,509.03302001953125,797.1241455078125,850.898193359375
77,player,6,560.302001953125,534.9260864257812,433.54412841796875,806.716552734375
77,player,5,1113.222412109375,540.40185546875,824.56591796875,944.701904296875
77,player,3,608.10107421875,513.3169555664062,481.72076416015625,766.7479248046875
77,player,20,189.44326782226562,408.7406921386719,223.402587890625,355.585693359375
77,player,7,737.9041748046875,421.2596435546875,660.954345703125,560.7069702148438
77,player,10,784.3372192382812,453.56353759765625,673.7584228515625,648.6488037109375
77,player,4,655.7915649414062,353.7348937988281,670.933837890625,284.6932373046875
77,player,12,256.78045654296875,417.7530517578125,271.340576171875,405.63909912109375
78,player,1,1024.220947265625,509.71392822265625,797.214111328125,851.792724609375
78,player,6,560.4765625,534.787841796875,434.092529296875,806.310791015625
78,player,3,611.3411865234375,511.5081787109375,483.9131774902344,764.5033569335938
78,player,5,1114.87109375,539.3449096679688,827.071533203125,944.580078125
78,player,20,189.80416870117188,409.44439697265625,223.84323120117188,358.31268310546875
78,player,7,736.8661499023438,419.6651306152344,663.33837890625,551.2189331054688
78,player,10,782.6474609375,452.607421875,672.7032470703125,646.9231567382812
78,player,4,656.1336669921875,354.069091796875,670.7907104492188,285.41241455078125
78,player,12,258.9136657714844,417.01141357421875,273.30596923828125,405.5506591796875
78,player,19,607.841796875,351.2349853515625,640.2816162109375,255.185791015625
79,player,1,1025.5216064453125,509.46551513671875,797.7139892578125,852.2714233398438
79,player,3,612.4786987304688,511.607666015625,485.605224609375,763.2244873046875
79,player,6,560.8046264648438,534.595947265625,434.574462890625,805.9130249023438
79,player,5,1115.838623046875,539.7281494140625,828.798095703125,944.8823852539062
79,player,4,656.9049072265625,353.5369567871094,671.1619262695312,285.2475280761719
79,player,10,780.024169921875,452.677734375,671.2568969726562,645.644287109375
79,player,7,737.0203857421875,423.2659606933594,663.5960693359375,548.9922485351562
79,player,12,261.6428527832031,415.04656982421875,275.7286376953125,403.4827880859375
79,player,20,189.96897888183594,409.40655517578125,224.18284606933594,360.05523681640625
79,player,19,608.0453491210938,352.4826354980469,636.1567993164062,259.6121826171875
80,player,1,1027.5703125,510.00872802734375,798.3685913085938,853.21728515625
80,player,3,613.460205078125,510.287353515625,487.29718017578125,761.312744140625
80,player,6,560.8796997070312,534.7261352539062,434.87677001953125,805.7691650390625
80,player,5,1116.46337890625,542.6061401367188,828.9548950195312,947.388671875
80,player,12,265.44610595703125,419.75018310546875,277.4910888671875,407.82330322265625
80,player,10,779.08056640625,453.10772705078125,669.8985595703125,645.1616821289062
80,player,4,656.383544921875,353.53863525390625,671.2359619140625,285.09356689453125
80,player,19,608.85888671875,352.7376708984375,633.6361083984375,262.9056091308594
80,player,20,195.19786071777344,409.21868896484375,225.92495727539062,361.42041015625
80,player,7,737.1803588867188,427.0811462402344,662.4071044921875,551.6787719726562
80,player,14,206.17408752441406,405.107421875,246.1405029296875,353.4878845214844
81,player,1,1031.0611572265625,510.9107666015625,799.3640747070312,854.891845703125
81,player,3,614.9888916015625,510.39569091796875,488.76275634765625,760.290283203125
81,player,6,561.4674072265625,534.669189453125,435.2327880859375,805.6749267578125
81,player,5,1116.749755859375,545.0087890625,828.19580078125,950.9150390625
81,player,12,264.5191650390625,418.5689392089844,278.59771728515625,409.2259521484375
81,player,19,607.4566040039062,351.347412109375,632.0900268554688,263.05816650390625
81,player,14,203.80780029296875,408.58343505859375,242.76095581054688,357.15374755859375
81,player,10,778.205078125,453.537353515625,668.6171875,645.2018432617188
81,player,7,737.7799072265625,431.9166564941406,660.0486450195312,558.639892578125
81,player,8,651.6049194335938,353.635009765625,668.3067626953125,278.0693359375
81,player,20,190.75404357910156,408.49786376953125,225.90985107421875,361.08001708984375
81,player,17,200.68919372558594,395.9674377441406,225.94390869140625,331.0762023925781
82,player,3,616.107666015625,510.48846435546875,489.97955322265625,759.798583984375
82,player,1,1032.059326171875,511.71551513671875,799.959716796875,856.746826171875
82,player,6,561.8253173828125,534.9838256835938,435.481689453125,805.90478515625
82,player,5,1117.7021484375,546.9134521484375,827.2077026367188,954.7630004882812
82,player,12,267.7205810546875,417.8817138671875,280.3536682128906,409.633056640625
82,player,19,602.6815795898438,349.57830810546875,630.2457885742188,260.3350524902344
82,player,14,198.8372039794922,408.19744873046875,239.2104949951172,358.65423583984375
82,player,10,776.3244018554688,452.6206970214844,667.584716796875,644.1473388671875
82,player,7,737.1287841796875,432.4671630859375,658.1298828125,563.6907348632812
82,player,8,641.3760986328125,353.69659423828125,664.524169921875,279.22747802734375
82,player,17,191.62428283691406,405.98870849609375,226.58795166015625,338.4827575683594
83,player,3,616.912109375,511.09033203125,490.8221130371094,760.07373046875
83,player,1,1032.771728515625,511.43505859375,800.6449584960938,857.7744140625
83,player,6,563.9515380859375,534.9314575195312,436.1854248046875,806.1800537109375
83,player,5,1118.673095703125,547.1514892578125,826.7203979492188,957.5277709960938
83,player,12,269.559326171875,415.82568359375,282.41009521484375,407.7125244140625
83,player,14,198.32534790039062,408.0322265625,236.78439331054688,359.3916015625
83,player,19,597.5430908203125,352.1670837402344,626.4074096679688,261.55389404296875
83,player,7,736.4345703125,431.4051818847656,657.066650390625,565.7861328125
83,player,8,642.5052490234375,353.04913330078125,662.6868896484375,279.2268371582031
83,player,10,775.24853515625,452.84771728515625,666.53125,643.5960083007812
83,player,20,186.80429077148438,407.9400939941406,224.864990234375,359.8631286621094
83,player,17,189.47227478027344,404.8397216796875,226.58175659179688,341.75335693359375
84,player,3,617.948486328125,511.61492919921875,491.5009460449219,760.7977294921875
84,player,1,1034.1492919921875,511.57550048828125,801.3992309570312,858.6768798828125
84,player,6,564.4514770507812,535.02099609375,436.74700927734375,806.4735717773438
84,player,5,1119.4326171875,546.080322265625,827.0114135742188,958.5570678710938
84,player,7,736.0120849609375,430.03082275390625,656.75146484375,565.6483764648438
84,player,12,272.0091857910156,417.12860107421875,284.19146728515625,408.1625061035156
84,player,20,189.8673553466797,407.4951171875,225.13375854492188,358.81488037109375
84,player,19,596.6153564453125,353.1319885253906,623.2481689453125,263.5465087890625
84,player,8,643.1612548828125,352.9202880859375,661.7542114257812,279.1168212890625
84,player,10,774.0609130859375,452.82318115234375,665.5226440429688,643.110107421875
84,player,17,181.52783203125,404.87152099609375,224.29580688476562,343.2278137207031
85,player,3,617.324951171875,511.850341796875,491.7210693359375,761.4239501953125
85,player,1,1034.1226806640625,511.90081787109375,801.7549438476562,859.5369262695312
85,player,6,564.6832275390625,534.8152465820312,437.2169189453125,806.51123046875
85,player,7,735.613525390625,429.07916259765625,656.7771606445312,564.5077514648438
85,player,5,1119.8834228515625,548.5567016601562,826.35791015625,961.1781616210938
85,player,12,273.7599792480469,416.49365234375,285.96868896484375,407.88250732421875
85,player,8,648.644287109375,353.87548828125,662.5121459960938,280.8279113769531
85,player,20,185.57492065429688,407.19610595703125,224.13162231445312,357.4105224609375
85,player,19,597.700439453125,351.9487609863281,621.9927368164062,263.36431884765625
85,player,10,772.1761474609375,453.13201904296875,664.2296142578125,642.940185546875
86,player,1,1034.1514892578125,511.52496337890625,802.14111328125,859.77978515625
86,player,7,735.08984375,425.95745849609375,657.7811279296875,560.36962890625
86,player,3,616.9942626953125,511.62744140625,491.83660888671875,761.6084594726562
86,player,6,563.5040893554688,535.2095336914062,437.13824462890625,806.7705078125
86,player,8,650.4761962890625,353.6288757324219,663.6898193359375,281.78533935546875
86,player,5,1123.227783203125,550.4510498046875,826.0515747070312,964.6119384765625
86,player,12,278.3648986816406,407.92523193359375,290.1239013671875,398.21527099609375
86,player,19,589.71044921875,355.79876708984375,617.1773681640625,267.6177062988281
86,player,20,189.35690307617188,407.87005615234375,224.4492950439453,357.6166687011719
86,player,10,770.5524291992188,454.6944580078125,662.38232421875,644.2504272460938
86,player,23,590.4783935546875,355.7431945800781,608.9893188476562,275.51165771484375
86,player,24,591.087890625,353.321533203125,612.1514892578125,266.4908752441406
87,player,1,1033.7974853515625,511.40667724609375,802.3450317382812,859.8077392578125
87,player,3,617.1844482421875,511.35003662109375,492.0322265625,761.50048828125
87,player,6,563.52392578125,535.3563842773438,437.0585632324219,807.0630493164062
87,player,7,734.509521484375,426.2701721191406,658.1512451171875,557.96533203125
87,player,12,278.2890625,414.03045654296875,291.59326171875,398.99005126953125
87,player,8,644.53564453125,353.00732421875,662.81005859375,281.024658203125
87,player,5,1123.9090576171875,550.862548828125,825.86669921875,967.215087890625
87,player,20,189.14035034179688,408.23504638671875,224.53370666503906,358.1600036621094
87,player,23,588.1593627929688,354.60516357421875,608.681640625,273.7873229980469
87,player,10,768.89501953125,456.0026550292969,660.2587280273438,646.2613525390625
87,player,24,585.66455078125,352.13018798828125,610.8760375976562,264.3935852050781
88,player,1,1033.708740234375,510.57879638671875,802.7791137695312,859.1156005859375
88,player,8,637.74755859375,353.6213073730469,659.8239135742188,280.7080078125
88,player,3,617.2596435546875,511.36065673828125,492.17596435546875,761.44580078125
88,player,6,565.1683349609375,534.92236328125,437.51580810546875,807.0223388671875
88,player,5,1125.1927490234375,551.7158813476562,825.7432861328125,969.6652221679688
88,player,23,586.6990966796875,355.3514404296875,607.7387084960938,273.51959228515625
88,player,7,734.136474609375,444.77655029296875,651.6825561523438,575.8222045898438
88,player,10,767.1512451171875,456.00347900390625,658.3919677734375,647.4185791015625
88,player,20,192.96527099609375,409.2302551269531,225.51467895507812,360.00897216796875
88,player,12,279.9449462890625,413.182861328125,293.1875,398.66326904296875
89,player,8,644.521484375,353.8721923828125,659.943115234375,281.470703125
89,player,1,1033.222900390625,509.93756103515625,803.1848754882812,858.07958984375
89,player,3,616.8087158203125,511.29364013671875,492.170654296875,761.3145751953125
89,player,6,565.502197265625,534.7973022460938,437.9249267578125,806.918212890625
89,player,7,733.381103515625,450.2913818359375,645.3598022460938,592.981689453125
89,player,19,584.7061157226562,353.24005126953125,613.4200439453125,266.5179443359375
89,player,5,1125.4892578125,551.4020385742188,825.8587646484375,971.041748046875
89,player,23,584.444580078125,353.686279296875,607.0343017578125,270.9241027832031
89,player,10,766.6699829101562,456.00347900390625,657.04443359375,648.1292114257812
89,player,14,197.2008056640625,411.0210266113281,234.3855438232422,363.26348876953125
89,player,12,282.8736572265625,415.791259765625,294.5426940917969,401.69439697265625
89,player,17,157.28921508789062,370.54547119140625,221.41622924804688,299.4486083984375
89,player,20,185.17791748046875,406.3929443359375,224.3975830078125,357.2069091796875
90,player,8,644.68896484375,353.7419738769531,660.1266479492188,281.8095703125
90,player,3,616.911376953125,512.3609008789062,491.91845703125,762.173583984375
90,player,7,733.0559692382812,444.1748352050781,643.2725830078125,597.870849609375
90,player,6,564.6536865234375,534.8786010742188,437.960693359375,806.8507080078125
90,player,19,581.1339111328125,354.1043395996094,609.5196533203125,266.61993408203125
90,player,1,1032.375,509.0953369140625,803.5556030273438,856.6173095703125
90,player,10,765.9404296875,457.46954345703125,655.453125,649.983154296875
90,player,5,1125.9595947265625,552.0718994140625,825.7952880859375,972.4873046875
90,player,12,284.8149719238281,416.12652587890625,295.9092102050781,404.2153625488281
90,player,20,187.1882781982422,409.719970703125,223.69973754882812,359.4623107910156
90,player,23,581.4551391601562,353.921142578125,605.539306640625,269.270263671875
91,player,8,643.008544921875,353.71417236328125,659.720947265625,281.835205078125
91,player,3,617.121337890625,513.778564453125,491.44390869140625,763.988525390625
91,player,7,732.4057006835938,444.96746826171875,641.45654296875,601.805908203125
91,player,6,563.964599609375,535.1101684570312,437.7591857910156,806.9450073242188
91,player,5,1126.403076171875,552.342041015625,825.7623291015625,973.66943359375
91,player,1,1032.1490478515625,509.543212890625,803.5604248046875,856.0297241210938
91,player,23,578.524169921875,356.74676513671875,602.5904541015625,271.6660461425781
91,player,10,764.5103149414062,458.04229736328125,653.8217163085938,651.6318969726562
91,player,20,188.03700256347656,411.71966552734375,223.16085815429688,363.33062744140625
91,player,12,286.79010009765625,418.93023681640625,296.8038330078125,409.2118225097656
91,player,19,576.6817626953125,355.541259765625,605.0399169921875,268.177734375
91,player,25,747.144287109375,457.3626708984375,637.6722412109375,648.4910278320312
92,player,8,645.3765258789062,354.39666748046875,659.937255859375,282.9781494140625
92,player,3,617.2041015625,513.9090576171875,491.12322998046875,765.288818359375
92,player,7,731.7850341796875,433.42633056640625,644.167724609375,592.293212890625
92,player,6,563.232421875,535.1157836914062,437.4444580078125,806.95263671875
92,player,1,1032.0572509765625,509.647216796875,803.498291015625,855.728759765625
92,player,5,1126.830322265625,552.7589721679688,825.6888427734375,974.791015625
92,player,20,191.68209838867188,417.57464599609375,222.8904266357422,372.9065246582031
92,player,10,763.6812744140625,460.49871826171875,651.680419921875,655.054931640625
92,player,12,289.4604187011719,422.26715087890625,297.4830017089844,416.45184326171875
92,player,19,575.761474609375,355.46832275390625,601.8636474609375,269.00787353515625
92,player,23,576.802734375,354.32244873046875,601.0252075195312,269.85174560546875
92,player,25,736.2113037109375,459.8637390136719,633.7930908203125,650.0250244140625
92,player,17,158.27723693847656,357.2919921875,222.13250732421875,253.50149536132812
93,player,8,644.8268432617188,353.9757080078125,660.0724487304688,283.11212158203125
93,player,3,617.779541015625,514.3125,490.95880126953125,766.53271484375
93,player,7,731.1835327148438,434.2908935546875,645.4489135742188,586.9698486328125
93,player,19,573.0316162109375,351.47662353515625,600.4111328125,263.97247314453125
93,player,6,563.878173828125,532.5992431640625,437.97760009765625,804.9043579101562
93,player,1,1030.9801025390625,509.6912841796875,803.1553955078125,855.480224609375
93,player,5,1127.70703125,553.2666015625,825.667724609375,975.9784545898438
93,player,10,763.00634765625,461.697998046875,649.6885986328125,658.3992309570312
93,player,20,192.89450073242188,416.0892028808594,223.29803466796875,377.53314208984375
93,player,12,291.4007568359375,421.1962890625,298.6832275390625,420.1214599609375
93,player,23,574.4117431640625,352.10015869140625,600.073486328125,265.4852294921875
93,player,26,571.491455078125,354.8485107421875,592.7534790039062,267.06317138671875
93,player,25,750.24462890625,461.41912841796875,634.628173828125,653.7593383789062
93,player,27,741.0775146484375,461.5908203125,628.7757568359375,658.9267578125
93,player,17,157.58987426757812,360.37799072265625,221.84759521484375,227.72628784179688
94,player,8,645.7047119140625,353.6816101074219,660.559326171875,282.8918151855469
94,player,3,618.326904296875,514.779541015625,490.8724060058594,767.792724609375
94,player,6,563.10693359375,532.7587890625,438.0946960449219,803.6451416015625
94,player,7,730.422607421875,445.77740478515625,642.0311889648438,595.3775634765625
94,player,1,1031.333984375,509.04833984375,803.2791137695312,854.80029296875
94,player,20,189.5262908935547,420.8135986328125,221.85243225097656,385.6416015625
94,player,5,1130.097412109375,553.9049682617188,826.012451171875,977.4307861328125
94,player,10,762.61474609375,462.904052734375,647.8717041015625,661.7199096679688
94,player,12,293.9921569824219,422.990478515625,299.83953857421875,424.74420166015625
94,player,23,574.6971435546875,349.53045654296875,600.5054931640625,259.2222900390625
94,player,4,630.9935302734375,356.77593994140625,661.898681640625,286.8873291015625
94,player,26,569.9754028320312,349.91766357421875,594.0953369140625,260.32733154296875
95,player,8,644.7728271484375,353.6600341796875,660.5870361328125,282.63250732421875
95,player,3,617.2849731445312,514.6296997070312,490.587646484375,768.3964233398438
95,player,6,562.4046630859375,533.5869750976562,437.8055419921875,803.4644775390625
95,player,10,762.615234375,465.53790283203125,645.7913208007812,666.444091796875
95,player,20,191.93560791015625,424.4337158203125,221.010009765625,395.2034912109375
95,player,1,1031.390625,508.2208251953125,803.70068359375,853.6563720703125
95,player,7,730.5609130859375,422.7196044921875,648.0697021484375,576.5281982421875
95,player,5,1132.3662109375,553.4508056640625,826.9840087890625,978.2134399414062
95,player,23,572.862060546875,348.64068603515625,600.5333862304688,253.77809143066406
95,player,4,628.041259765625,356.576904296875,654.9708862304688,287.5152893066406
95,player,12,295.6520080566406,423.2802734375,301.00146484375,428.21624755859375
95,player,26,569.4276733398438,349.84063720703125,594.8214721679688,255.7939453125
95,player,19,566.823486328125,353.5482177734375,596.728515625,262.8887939453125
96,player,8,644.2003784179688,353.6458740234375,660.4281005859375,282.39141845703125
96,player,3,616.3123779296875,513.9639892578125,490.3238525390625,768.1292724609375
96,player,6,560.397216796875,534.9295654296875,436.81036376953125,804.3089599609375
96,player,10,762.2723388671875,466.53173828125,644.0069580078125,670.4490966796875
96,player,20,191.7415313720703,423.21026611328125,220.6031494140625,400.0258483886719
96,player,7,729.2236328125,421.570556640625,652.0281372070312,562.9058837890625
96,player,23,571.944580078125,351.53851318359375,599.1773071289062,254.0543975830078
96,player,1,1031.9537353515625,508.984619140625,803.8228759765625,853.6124877929688
96,player,5,1132.869140625,553.5169677734375,827.7171020507812,978.8133544921875
96,player,4,626.4720458984375,355.9887390136719,650.2005004882812,287.00177001953125
96,player,26,568.9676513671875,350.993896484375,594.7186279296875,254.35546875
96,player,12,302.06591796875,418.91265869140625,304.4460754394531,426.1119079589844
97,player,8,643.789794921875,353.2939453125,660.3358154296875,281.72918701171875
97,player,6,560.3258056640625,534.6826171875,436.20196533203125,804.64599609375
97,player,3,615.8236083984375,513.1309204101562,490.24066162109375,767.188232421875
97,player,20,190.92794799804688,423.8465576171875,220.00987243652344,403.8072204589844
97,player,10,761.0087890625,467.845947265625,642.05517578125,674.2150268554688
97,player,1,1031.772216796875,507.1470947265625,804.57958984375,851.997314453125
97,player,23,569.7965087890625,352.28082275390625,597.3374633789062,255.02719116210938
97,player,5,1133.9593505859375,555.1035766601562,827.8585815429688,980.497802734375
97,player,7,729.2697143554688,430.00079345703125,651.5458984375,563.1492919921875
97,player,4,625.671875,355.55511474609375,647.0158081054688,286.02093505859375
97,player,12,294.0849304199219,423.71185302734375,303.46893310546875,429.45306396484375
97,player,26,564.3026123046875,350.13409423828125,593.4830322265625,251.82763671875
97,player,28,308.54803466796875,421.82366943359375,314.3926086425781,433.17498779296875
98,player,8,640.7383422851562,353.72210693359375,659.1293334960938,281.5803527832031
98,player,6,559.4639892578125,534.4776000976562,435.6382751464844,804.6251220703125
98,player,3,615.714599609375,512.0894165039062,490.42626953125,765.656005859375
98,player,23,567.3017578125,350.32171630859375,596.0721435546875,252.79757690429688
98,player,20,193.455078125,424.53704833984375,220.22023010253906,407.2568359375
98,player,10,760.2364501953125,468.08062744140625,640.4954223632812,676.8233642578125
98,player,1,1031.508544921875,507.3289794921875,804.929443359375,851.0811157226562
98,player,7,728.1765747070312,438.09442138671875,648.0386352539062,571.7542724609375
98,player,5,1134.968017578125,555.7431030273438,827.959228515625,982.159423828125
98,player,4,624.426025390625,354.90740966796875,644.8040161132812,284.4106750488281
98,player,12,293.5205078125,423.7266845703125,302.67193603515625,431.5928649902344
98,player,28,312.55865478515625,421.69354248046875,315.552734375,433.3748779296875
98,player,26,564.3612060546875,347.83856201171875,593.549072265625,247.08828735351562
99,player,8,640.333251953125,353.6466979980469,658.2461547851562,281.3455810546875
99,player,6,560.5025634765625,535.1797485351562,435.3709716796875,805.2804565429688
99,player,23,562.2638549804688,350.1429748535156,593.70947265625,250.63613891601562
99,player,3,615.8846435546875,512.0663452148438,490.5965576171875,764.6536865234375
99,player,20,192.22207641601562,424.78851318359375,219.97262573242188,409.67608642578125
99,player,10,760.5771484375,468.97442626953125,639.2737426757812,679.4093017578125
99,player,7,724.9193115234375,440.6832275390625,643.9267578125,579.757568359375
99,player,1,1031.53369140625,506.763427734375,805.3873291015625,850.0029296875
99,player,12,293.4681396484375,423.66107177734375,302.152099609375,432.9058837890625
99,player,5,1135.4833984375,555.4154663085938,828.2802734375,983.0330810546875
99,player,4,625.6065673828125,354.7188415527344,643.8160400390625,283.22503662109375
99,player,26,560.7681884765625,349.5792236328125,591.8001098632812,246.02516174316406
99,player,28,305.1116943359375,421.59613037109375,314.22198486328125,432.7530517578125
100,player,6,560.0194702148438,535.083251953125,435.09881591796875,805.58740234375
100,player,8,637.2747802734375,353.4048156738281,656.7932739257812,280.5848693847656
100,player,3,616.1050415039062,512.794677734375,490.5765380859375,764.657958984375
100,player,23,560.72607421875,351.62811279296875,591.138916015625,251.08334350585938
100,player,20,193.02923583984375,424.66717529296875,220.05636596679688,411.18133544921875
100,player,1,1031.9246826171875,509.5093994140625,804.7049560546875,851.6827392578125
100,player,10,759.658447265625,468.488525390625,638.3915405273438,680.5436401367188
100,player,7,722.943359375,450.60845947265625,637.2872924804688,594.956298828125
100,player,12,293.5799560546875,423.38287353515625,301.9006042480469,433.45782470703125
100,player,5,1134.9945068359375,555.8690185546875,828.191650390625,983.9049072265625
100,player,4,624.7647705078125,350.87237548828125,644.4268798828125,277.25531005859375
100,player,26,558.5220336914062,348.9490661621094,590.17822265625,244.27276611328125
101,player,6,559.8632202148438,533.770263671875,435.18194580078125,804.677490234375
101,player,8,635.074462890625,354.44158935546875,654.733154296875,281.258544921875
101,player,3,616.017333984375,511.88079833984375,490.7760925292969,763.8531494140625
101,player,20,192.95465087890625,424.556396484375,220.1076202392578,412.0290222167969
101,player,23,558.4495239257812,350.94488525390625,588.99365234375,250.2439727783203
101,player,12,292.88250732421875,422.583740234375,301.698486328125,432.8615417480469
101,player,1,1031.6435546875,509.2984619140625,804.2698974609375,852.5712280273438
101,player,7,723.6549072265625,451.671142578125,632.8109741210938,605.970458984375
101,player,10,758.5499267578125,465.45904541015625,638.537353515625,678.254638671875
101,player,5,1133.8951416015625,554.947509765625,828.210693359375,983.6837158203125
101,player,4,623.6728515625,349.93438720703125,644.847412109375,272.0149230957031
101,player,26,555.8931274414062,349.0561828613281,588.2455444335938,243.03231811523438
102,player,6,558.8660888671875,533.2966918945312,435.09503173828125,803.6099853515625
102,player,3,615.4171142578125,511.5372314453125,490.8399658203125,762.9796142578125
102,player,20,192.53677368164062,424.155517578125,220.088134765625,412.09405517578125
102,player,8,634.694580078125,354.9453430175781,653.0725708007812,282.3272705078125
102,player,10,758.0712890625,464.9849853515625,638.6611328125,676.2650146484375
102,player,1,1031.8914794921875,509.34356689453125,804.0350341796875,853.2080078125
102,player,23,557.3615112304688,351.11785888671875,587.189697265625,249.82908630371094
102,player,7,717.7333984375,450.66619873046875,628.5845947265625,611.60205078125
102,player,12,293.0760498046875,423.2698974609375,301.4861145019531,433.25921630859375
102,player,5,1132.9525146484375,555.1084594726562,827.9237060546875,983.5855712890625
102,player,28,312.9728698730469,421.4619140625,315.6065673828125,432.8763122558594
102,player,29,289.50335693359375,424.2587585449219,297.6634216308594,436.2783203125
103,player,20,189.38290405273438,424.7921142578125,219.09368896484375,412.58209228515625
103,player,6,557.3594970703125,532.9517822265625,434.74090576171875,802.5067749023438
103,player,3,615.0609130859375,512.1787719726562,490.62481689453125,762.9454345703125
103,player,1,1032.2786865234375,510.2528076171875,803.6273803710938,854.4287109375
103,player,8,632.7205810546875,356.2452392578125,650.8502197265625,284.5523376464844
103,player,10,756.8001708984375,466.4549865722656,637.8945922851562,676.2900390625
103,player,7,717.16650390625,455.00811767578125,624.225341796875,619.5824584960938
103,player,12,291.83673095703125,423.70184326171875,300.9139709472656,433.8942565917969
103,player,23,557.3193359375,350.74847412109375,586.1385498046875,249.05899047851562
103,player,5,1132.767578125,556.5734252929688,827.1294555664062,984.616455078125
103,player,28,312.4307861328125,422.1107177734375,316.219970703125,433.6376953125
103,player,29,290.14666748046875,424.77532958984375,297.7432861328125,436.90997314453125
103,ball,-1,146.86827087402344,335.9493103027344,1152.5537109375,186.7501220703125
104,player,20,188.84117126464844,424.64923095703125,218.31866455078125,412.6927185058594
104,player,6,556.93798828125,532.5095825195312,434.5061340332031,801.385009765625
104,player,3,614.941650390625,512.0361328125,490.490966796875,762.7884521484375
104,player,1,1032.315673828125,510.371337890625,803.32568359375,855.3260498046875
104,player,8,632.3788452148438,357.4806213378906,648.8099365234375,287.5909423828125
104,player,12,291.20135498046875,422.1884765625,300.6611022949219,432.5570068359375
104,player,7,715.0156860351562,453.2177734375,621.3895874023438,622.7883911132812
104,player,10,757.0220947265625,466.28729248046875,637.513916015625,676.1627197265625
104,player,23,558.5595703125,350.565673828125,585.9171142578125,248.42849731445312
104,player,5,1133.991943359375,557.2769775390625,826.6522827148438,985.9172973632812
104,player,28,311.3432312011719,420.16290283203125,316.71148681640625,431.8492431640625
104,player,29,288.5879821777344,384.80731201171875,305.5769348144531,390.1614074707031
104,ball,-1,146.69046020507812,336.829833984375,1152.5537109375,186.7501220703125
105,player,20,189.92007446289062,424.511474609375,218.13787841796875,412.7019958496094
105,player,8,630.180908203125,356.2701416015625,647.2630615234375,287.76885986328125
105,player,6,556.5202026367188,532.1497802734375,434.33111572265625,800.3203125
105,player,3,614.8353271484375,512.0245971679688,490.3796081542969,762.6676025390625
105,player,12,290.7564697265625,421.9781494140625,300.4126892089844,431.413330078125
105,player,1,1032.5029296875,510.1834716796875,803.2529296875,855.7652587890625
105,player,23,557.19775390625,350.49969482421875,585.3635864257812,247.80252075195312
105,player,7,715.0060424804688,458.18560791015625,617.8966674804688,629.83447265625
105,player,10,755.7486572265625,467.0274658203125,636.6671142578125,676.6879272460938
105,player,5,1135.2041015625,557.2861938476562,826.6434326171875,986.8680419921875
105,ball,-1,143.11761474609375,337.2110595703125,1152.5537109375,186.7501220703125
106,player,12,291.19793701171875,422.1646728515625,300.3389892578125,430.9173889160156
106,player,8,627.4407958984375,355.5279541015625,645.6793212890625,286.64923095703125
106,player,6,556.0524291992188,531.0244750976562,434.3570556640625,798.644287109375
106,player,3,615.042236328125,512.943115234375,490.1244812011719,763.4102783203125
106,player,20,191.44686889648438,424.07562255859375,218.51602172851562,412.3486328125
106,player,1,1032.2510986328125,510.5626220703125,802.9900512695312,856.3519897460938
106,player,7,714.995849609375,461.45806884765625,614.5498046875,637.6488037109375
106,player,23,555.5631103515625,350.44415283203125,584.50341796875,247.16802978515625
106,player,10,753.2827758789062,467.57891845703125,635.2547607421875,677.3518676757812
106,player,5,1136.561767578125,557.3588256835938,826.9512939453125,987.65087890625
106,player,30,625.4730224609375,511.19891357421875,498.6031494140625,762.8538208007812
106,ball,-1,143.26559448242188,336.576904296875,1152.5537109375,186.7501220703125
107,player,7,711.9310913085938,454.6380615234375,613.769287109375,635.69091796875
107,player,8,625.5176391601562,353.7386474609375,644.7429809570312,283.37249755859375
107,player,12,292.5445251464844,422.9078369140625,300.5241394042969,431.54437255859375
107,player,23,554.091796875,351.3060302734375,583.1624755859375,247.7769012451172
107,player,6,555.5120849609375,529.874755859375,434.5013427734375,796.5418701171875
107,player,3,615.5299072265625,513.6243896484375,489.90911865234375,764.5281982421875
107,player,1,1032.992919921875,511.1959228515625,802.766845703125,857.3334350585938
107,player,10,750.3865356445312,467.21112060546875,633.6653442382812,677.1801147460938
107,player,20,186.38601684570312,424.60009765625,217.26564025878906,412.2763671875
107,player,5,1138.627197265625,558.966064453125,827.0556640625,989.537353515625
107,player,28,308.1390380859375,422.616943359375,315.622802734375,433.1673583984375
107,ball,-1,143.10206604003906,335.80853271484375,1152.5537109375,186.7501220703125
108,player,7,710.8690185546875,453.22442626953125,613.4351196289062,632.9076538085938
108,player,12,292.281982421875,422.6309814453125,300.6251220703125,431.6190490722656
108,player,23,553.6347045898438,351.1721496582031,582.194091796875,247.95013427734375
108,player,6,555.5576171875,528.8121337890625,434.85003662109375,794.2802734375
108,player,8,623.1806030273438,352.4428405761719,643.900634765625,279.29998779296875
108,player,3,615.5658569335938,513.8765869140625,489.7137451171875,765.4779052734375
108,player,1,1033.2467041015625,511.31793212890625,802.6409912109375,858.09619140625
108,player,20,188.31869506835938,424.1876220703125,217.05743408203125,411.93084716796875
108,player,10,749.2619018554688,466.822998046875,632.4534301757812,676.5964965820312
108,player,5,1140.6361083984375,559.5485229492188,827.4051513671875,991.3637084960938
108,player,28,307.1307373046875,422.2889404296875,314.69720458984375,433.5697021484375
108,ball,-1,142.81263732910156,335.2618408203125,1152.5537109375,186.7501220703125
109,player,7,710.78466796875,451.4600524902344,613.7816162109375,629.3128051757812
109,player,23,552.87158203125,350.504150390625,581.5643310546875,247.09307861328125
109,player,6,554.0921020507812,528.86083984375,434.69775390625,792.734130859375
109,player,1,1033.15283203125,511.58221435546875,802.4307861328125,858.8082275390625
109,player,3,615.2040405273438,513.7290649414062,489.53173828125,765.93701171875
109,player,20,187.62966918945312,423.767822265625,216.7958984375,411.1752624511719
109,player,12,295.4390869140625,422.3249816894531,301.6417236328125,431.59625244140625
109,player,8,621.7431640625,353.44134521484375,642.5010986328125,277.8468017578125
109,player,10,748.8499145507812,466.88616943359375,631.531494140625,676.2431640625
109,player,28,305.988037109375,422.567626953125,313.7164306640625,434.0450134277344
109,player,5,1141.950927734375,560.2886352539062,827.6793212890625,993.212158203125
109,ball,-1,142.86196899414062,334.6209716796875,1152.5537109375,186.7501220703125
110,player,3,614.9962158203125,513.2241821289062,489.48944091796875,765.7774047851562
110,player,23,553.3258056640625,351.1463623046875,581.06640625,247.442138671875
110,player,1,1033.0428466796875,511.59674072265625,802.2593994140625,859.274169921875
110,player,6,553.8515014648438,528.5804443359375,434.6025390625,791.4722900390625
110,player,28,305.62921142578125,421.55218505859375,313.18353271484375,433.1839294433594
110,player,20,188.92819213867188,422.27996826171875,217.22476196289062,409.11749267578125
110,player,7,710.2822265625,452.73773193359375,613.4412231445312,628.221435546875
110,player,10,747.4697265625,467.078369140625,630.4892578125,676.0816650390625
110,player,8,619.901123046875,354.7802734375,640.480224609375,278.50555419921875
110,player,5,1142.96142578125,559.538818359375,828.3975830078125,993.9332275390625
110,ball,-1,143.0917510986328,333.8250732421875,1152.5537109375,186.7501220703125
111,player,28,308.2110595703125,421.46551513671875,313.58453369140625,432.74957275390625
111,player,3,614.912353515625,512.7862548828125,489.55279541015625,765.2838134765625
111,player,6,554.3703002929688,528.7457275390625,434.6330261230469,790.833740234375
111,player,23,552.74951171875,350.8932189941406,580.6512451171875,247.27491760253906
111,player,20,190.62281799316406,421.291748046875,218.1359405517578,406.80712890625
111,player,1,1032.8760986328125,511.469970703125,802.153564453125,859.45556640625
111,player,10,746.0084228515625,466.50665283203125,629.6015014648438,675.2977294921875
111,player,7,709.9014282226562,451.370849609375,613.568603515625,626.100341796875
111,player,8,616.3072509765625,352.4246520996094,638.9434814453125,275.46734619140625
111,player,5,1141.89501953125,556.1351928710938,829.9038696289062,991.7513427734375
112,player,3,615.042236328125,512.5424194335938,489.68994140625,764.7601318359375
112,player,20,191.20831298828125,421.3884582519531,218.87692260742188,405.4649963378906
112,player,28,305.8398742675781,422.3138732910156,313.0028076171875,433.21478271484375
112,player,1,1033.02099609375,511.3564453125,802.1676025390625,859.4893798828125
112,player,23,551.337158203125,350.5295715332031,580.0637817382812,246.54495239257812
112,player,6,556.5390625,528.3244018554688,435.29400634765625,790.2354125976562
112,player,10,744.9415283203125,466.918701171875,628.5943603515625,675.0963134765625
112,player,7,709.2332763671875,456.5096435546875,611.7642822265625,629.8230590820312
112,player,8,616.78662109375,353.4395446777344,637.7003784179688,274.88861083984375
112,player,5,1141.471435546875,551.6976318359375,832.4949951171875,986.92529296875
113,player,3,615.0167236328125,512.204345703125,489.859375,764.12158203125
113,player,20,191.97947692871094,424.2430419921875,219.1185302734375,407.87823486328125
113,player,1,1033.14794921875,511.52496337890625,802.144287109375,859.6648559570312
113,player,6,556.221923828125,528.7215576171875,435.55279541015625,790.1575927734375
113,player,12,298.77410888671875,422.5729064941406,303.1938781738281,432.146728515625
113,player,23,551.3779296875,350.7595520019531,579.6115112304688,246.3837890625
113,player,8,616.4140625,356.9654541015625,635.4033813476562,279.1406555175781
113,player,7,708.6237182617188,455.7109375,610.6849975585938,631.3928833007812
113,player,10,744.3047485351562,469.07623291015625,627.0491943359375,676.9957275390625
113,player,5,1141.5159912109375,553.1074829101562,833.6425170898438,984.8674926757812
114,player,3,614.7850341796875,511.4830322265625,490.0954284667969,763.0550537109375
114,player,20,192.44442749023438,424.83148193359375,219.31173706054688,410.147216796875
114,player,6,559.4849243164062,529.0479736328125,436.46490478515625,790.6446533203125
114,player,1,1032.9454345703125,511.486572265625,802.090576171875,859.7294311523438
114,player,12,294.3979797363281,423.4488525390625,302.7951354980469,433.10858154296875
114,player,8,616.0367431640625,356.39813232421875,634.0101928710938,281.12213134765625
114,player,23,550.5982666015625,350.52166748046875,579.1555786132812,245.88601684570312
114,player,10,743.593017578125,470.9465637207031,625.233154296875,679.9678344726562
114,player,7,707.7256469726562,451.53106689453125,611.1160278320312,628.1355590820312
114,player,5,1142.876953125,556.5416259765625,833.4036865234375,986.2454833984375
114,player,28,306.75299072265625,422.492919921875,312.84613037109375,433.79656982421875
115,player,3,615.11767578125,511.21484375,490.40350341796875,762.1534423828125
115,player,6,562.8492431640625,528.9561767578125,437.9234313964844,791.153076171875
115,player,1,1032.970703125,511.08172607421875,802.2210693359375,859.4299926757812
115,player,20,189.38113403320312,429.5831604003906,217.83602905273438,416.65997314453125
115,player,12,293.0348815917969,424.5316162109375,301.9387512207031,434.8260498046875
115,player,8,616.43798828125,357.9964599609375,632.6143188476562,284.5491943359375
115,player,10,742.7652587890625,471.63116455078125,623.6019287109375,682.4853515625
115,player,7,706.902099609375,450.15863037109375,611.622802734375,624.5580444335938
115,player,5,1144.174072265625,558.08837890625,832.9794921875,988.4129638671875
115,player,23,550.3320922851562,350.26763916015625,578.8665161132812,245.19546508789062
115,player,28,304.4508056640625,423.5702209472656,311.87713623046875,435.181884765625
116,player,1,1032.727294921875,511.83245849609375,801.9473876953125,859.8516845703125
116,player,3,614.958984375,511.0472412109375,490.60614013671875,761.4072265625
116,player,6,563.501708984375,527.7490844726562,439.3153381347656,790.5133056640625
116,player,20,189.00823974609375,427.773681640625,217.0562744140625,418.8512268066406
116,player,12,295.07135009765625,424.20391845703125,302.01959228515625,435.7518005371094
116,player,7,706.2099609375,446.58697509765625,612.9534301757812,618.5345458984375
116,player,8,616.5427856445312,358.5577392578125,631.52392578125,287.52227783203125
116,player,10,742.0348510742188,472.51470947265625,622.0530395507812,684.90478515625
116,player,5,1145.2508544921875,559.5737915039062,832.40380859375,991.0252075195312
116,player,23,552.0399780273438,351.0264587402344,578.9472045898438,245.92739868164062
116,player,26,551.173095703125,350.5165710449219,584.9525146484375,243.75442504882812
117,player,6,563.80712890625,527.7183227539062,440.30401611328125,790.0958251953125
117,player,3,615.2091064453125,510.62640380859375,490.9107666015625,760.5726318359375
117,player,1,1032.475830078125,511.94732666015625,801.658203125,860.2020263671875
117,player,7,703.905517578125,448.1663818359375,612.642333984375,616.0325317382812
117,player,20,191.33409118652344,423.8475036621094,217.81776428222656,416.0794677734375
117,player,8,616.607666015625,354.337890625,632.4700927734375,283.9001770019531
117,player,10,743.9404907226562,477.9290771484375,619.8017578125,691.7777099609375
117,player,12,294.765869140625,424.52984619140625,301.92181396484375,436.69091796875
117,player,23,552.1615600585938,350.96356201171875,579.0611572265625,246.3299560546875
117,player,5,1145.18017578125,553.6105346679688,834.3140869140625,988.21337890625
117,player,28,304.024658203125,424.31671142578125,310.97705078125,436.8790283203125
117,ball,-1,158.08523559570312,323.45281982421875,1152.5537109375,186.7501220703125
118,player,6,563.7765502929688,528.262451171875,440.81256103515625,790.2833251953125
118,player,3,615.80029296875,510.30450439453125,491.3441162109375,759.795166015625
118,player,7,702.9444580078125,446.8902893066406,612.5968627929688,613.0199584960938
118,player,1,1031.94287109375,511.69293212890625,801.428955078125,860.1695556640625
118,player,20,191.24197387695312,428.7439880371094,217.5127716064453,419.7430114746094
118,player,8,615.2469482421875,354.1451416015625,632.7272338867188,281.1627502441406
118,player,10,743.3160400390625,478.03424072265625,618.1355590820312,696.2913818359375
118,player,12,295.90936279296875,425.0640869140625,302.0743103027344,437.9951171875
118,player,23,550.458740234375,350.28875732421875,578.8378295898438,245.52430725097656
118,player,5,1145.82568359375,554.4912109375,835.3767700195312,987.1072387695312
118,player,28,306.65399169921875,425.5755920410156,310.8785095214844,439.6098937988281
118,player,26,551.5158081054688,350.82269287109375,582.8101806640625,244.66775512695312
119,player,6,563.549072265625,527.7713012695312,441.20001220703125,789.9705810546875
119,player,7,703.2135009765625,447.699951171875,612.3721923828125,611.912353515625
119,player,3,615.8052978515625,509.93011474609375,491.723876953125,758.9605712890625
119,player,20,191.96893310546875,429.72357177734375,217.3624267578125,423.272705078125
119,player,1,1031.755126953125,511.50732421875,801.302978515625,859.975341796875
119,player,8,613.8717041015625,354.1614685058594,632.450439453125,279.27630615234375
119,player,12,294.663818359375,425.11920166015625,301.8125,438.79718017578125
119,player,23,549.8980712890625,350.701416015625,578.36474609375,245.50384521484375
119,player,5,1146.6173095703125,554.6011352539062,836.2247314453125,986.5360107421875
119,player,10,742.0919189453125,476.31268310546875,617.2783203125,697.49560546875
119,player,28,307.131103515625,425.701416015625,310.9232482910156,441.5657958984375
119,player,26,551.5678100585938,351.4446105957031,581.2090454101562,246.10202026367188
120,player,6,563.53125,528.41064453125,441.2989501953125,790.3078002929688
120,player,7,702.1724853515625,448.8438720703125,611.552978515625,612.26806640625
120,player,20,191.65859985351562,430.25042724609375,217.09603881835938,426.1239013671875
120,player,3,615.9248657226562,509.44158935546875,492.1280212402344,757.9971923828125
120,player,1,1031.21875,511.46282958984375,801.096923828125,859.7664184570312
120,player,12,294.3334045410156,425.56658935546875,301.46142578125,439.7880859375
120,player,8,614.51123046875,353.51629638671875,632.7251586914062,277.25323486328125
120,player,23,549.885498046875,350.8778076171875,577.989501953125,245.7266845703125
120,player,5,1147.661865234375,553.9345092773438,837.298828125,985.7435302734375
120,player,10,742.060302734375,479.69976806640625,615.6192016601562,701.46826171875
120,player,26,551.5958251953125,351.561279296875,580.135009765625,247.1935272216797
120,player,28,304.8570556640625,426.01025390625,310.25128173828125,442.9847412109375
121,player,6,563.6787109375,528.4105224609375,441.40032958984375,790.5387573242188
121,player,7,701.4354248046875,448.88336181640625,610.8009033203125,612.4756469726562
121,player,20,192.64395141601562,429.60162353515625,217.29794311523438,427.342529296875
121,player,3,616.019287109375,510.24542236328125,492.2070617675781,758.0870361328125
121,player,1,1030.2401123046875,511.54315185546875,800.6729736328125,859.61669921875
121,player,12,291.9487609863281,425.67218017578125,300.5428466796875,440.3448486328125
121,player,8,614.596923828125,353.14520263671875,633.07568359375,275.4527587890625
121,player,23,551.6357421875,351.56402587890625,578.0540161132812,246.95697021484375
121,player,28,303.31695556640625,425.54766845703125,309.4743957519531,443.2607421875
121,player,10,740.7789306640625,478.9698486328125,614.4295654296875,703.25634765625
121,player,5,1150.1231689453125,550.6205444335938,839.916015625,982.90185546875
121,player,4,603.7557373046875,351.829345703125,638.0093383789062,269.2767333984375
122,player,7,700.5361938476562,449.23468017578125,609.943603515625,612.8900756835938
122,player,6,563.5656127929688,528.2677001953125,441.4709777832031,790.5587768554688
122,player,3,616.262451171875,510.57623291015625,492.23553466796875,758.4563598632812
122,player,12,290.6846008300781,425.31976318359375,299.65966796875,440.2060241699219
122,player,20,192.4081573486328,426.6506652832031,217.82940673828125,424.83209228515625
122,player,8,615.0092163085938,353.7012939453125,633.218017578125,275.0603942871094
122,player,1,1030.251708984375,511.49908447265625,800.417724609375,859.4830322265625
122,player,23,551.07080078125,351.81512451171875,577.82568359375,248.04078674316406
122,player,5,1155.510009765625,557.220458984375,840.3998413085938,986.505126953125
122,player,10,741.076904296875,475.11920166015625,614.9814453125,700.8052978515625
122,player,28,300.2770080566406,424.777099609375,308.2685546875,442.3211975097656
122,player,30,627.7271118164062,510.54364013671875,499.35516357421875,762.46240234375
122,player,31,737.80419921875,479.45013427734375,609.4854125976562,707.1486206054688
122,player,26,551.770751953125,351.4437561035156,579.5350341796875,247.76158142089844
123,player,7,700.548828125,450.1912536621094,609.072998046875,614.1320190429688
123,player,3,616.2933349609375,510.89239501953125,492.18035888671875,758.9769287109375
123,player,6,563.8778076171875,527.6078491210938,441.7486267089844,790.037353515625
123,player,20,192.4860382080078,426.20068359375,218.26788330078125,422.70416259765625
123,player,12,289.98828125,425.96148681640625,298.764892578125,440.7698974609375
123,player,8,615.0701904296875,354.24346923828125,633.118896484375,275.53076171875
123,player,1,1029.7548828125,511.92138671875,799.95556640625,859.7125244140625
123,player,10,739.2696533203125,478.0035400390625,613.9180297851562,701.7879028320312
123,player,23,550.1318969726562,350.983642578125,577.67919921875,247.541015625
123,player,5,1154.96630859375,558.5805053710938,840.0499877929688,989.826416015625
123,player,30,627.939453125,511.08135986328125,499.7578430175781,762.6976318359375
124,player,3,616.3231811523438,511.0013427734375,492.1240539550781,759.4134521484375
124,player,7,700.10302734375,451.7950439453125,607.8531494140625,616.524169921875
124,player,6,563.7991943359375,527.2996826171875,441.98101806640625,789.4305419921875
124,player,12,289.9261779785156,425.44195556640625,298.2671203613281,440.55322265625
124,player,20,193.06993103027344,426.6717834472656,218.64080810546875,421.8970947265625
124,player,8,615.0499267578125,354.5819091796875,632.9163818359375,276.28326416015625
124,player,1,1030.071044921875,512.0922241210938,799.6719360351562,860.032958984375
124,player,10,734.3981323242188,478.510009765625,611.747802734375,702.4917602539062
124,player,5,1154.901123046875,554.2976684570312,841.4727172851562,988.746826171875
124,player,23,550.2681884765625,350.815673828125,577.6881103515625,247.00302124023438
125,player,12,288.8832702636719,425.1153564453125,297.7143249511719,439.9591064453125
125,player,3,615.7999877929688,510.62603759765625,492.04962158203125,759.3245849609375
125,player,6,564.0949096679688,527.2291870117188,442.2228698730469,788.9999389648438
125,player,20,193.85256958007812,425.25360107421875,219.3269500732422,419.8529052734375
125,player,7,699.567138671875,450.568603515625,607.3150634765625,616.7918701171875
125,player,10,733.7750244140625,477.8397216796875,610.3831787109375,702.2646484375
125,player,8,615.51953125,354.687744140625,632.8929443359375,276.9565734863281
125,player,1,1029.8289794921875,512.186279296875,799.386962890625,860.3006591796875
125,player,5,1156.755126953125,557.1476440429688,841.7536010742188,990.3505859375
125,player,23,553.1204833984375,352.3725891113281,578.0374145507812,249.00906372070312
126,player,3,616.05126953125,510.015625,492.2237548828125,758.7501220703125
126,player,12,287.1875915527344,424.90753173828125,296.9190368652344,439.1956787109375
126,player,6,563.9775390625,527.2640991210938,442.3424072265625,788.7402954101562
126,player,20,194.57159423828125,425.30255126953125,219.96575927734375,418.640380859375
126,player,7,699.0740966796875,456.0098876953125,605.0442504882812,622.3994750976562
126,player,10,733.2470703125,478.39715576171875,609.17529296875,702.5980224609375
126,player,1,1029.6605224609375,512.582275390625,799.0028686523438,860.7957763671875
126,player,5,1158.74267578125,558.5725708007812,841.8824462890625,992.6260986328125
126,player,8,614.674072265625,354.3685302734375,632.73291015625,276.89202880859375
126,player,23,552.4603881835938,351.4312744140625,578.3953857421875,248.98934936523438
127,player,3,616.3612060546875,509.86871337890625,492.454833984375,758.2725830078125
127,player,12,287.0443115234375,424.92803955078125,296.35784912109375,438.7099914550781
127,player,6,564.35986328125,527.01220703125,442.5749816894531,788.3882446289062
127,player,20,195.2984619140625,425.1094970703125,220.61468505859375,417.6979064941406
127,player,7,698.247802734375,457.0799560546875,602.991455078125,627.0414428710938
127,player,10,732.7267456054688,479.0103759765625,608.053955078125,703.34814453125
127,player,5,1160.92529296875,559.2627563476562,842.2467651367188,994.7999267578125
127,player,1,1028.9000244140625,512.8516235351562,798.44775390625,861.28173828125
127,player,8,614.09814453125,354.9786682128906,632.2089233398438,277.6044616699219
127,player,23,554.9638671875,353.12689208984375,578.8094482421875,251.4809112548828
128,player,12,285.979248046875,423.99554443359375,295.8748779296875,437.261962890625
128,player,3,616.2772216796875,509.908203125,492.57318115234375,757.9901123046875
128,player,6,564.482177734375,526.1832275390625,442.9503173828125,787.4641723632812
128,player,5,1162.50390625,559.6967163085938,842.7116088867188,996.6658935546875
128,player,10,732.6181030273438,478.650146484375,607.41064453125,703.4874267578125
128,player,7,698.134521484375,459.81500244140625,600.7420654296875,632.765869140625
128,player,20,194.79135131835938,422.02337646484375,221.39044189453125,413.5686950683594
128,player,1,1028.763427734375,512.8886108398438,798.0364990234375,861.617431640625
128,player,8,612.471435546875,354.1595764160156,631.6688232421875,276.8298034667969
128,player,23,554.8843383789062,352.062744140625,579.438720703125,251.66937255859375
129,player,3,616.3968505859375,509.52471923828125,492.78021240234375,757.478271484375
129,player,6,564.3349609375,525.802490234375,443.24609375,786.5274658203125
129,player,12,284.8177490234375,423.358642578125,295.3578186035156,435.50848388671875
129,player,20,195.44393920898438,420.98944091796875,222.24472045898438,409.7706298828125
129,player,7,698.4173583984375,460.00482177734375,599.296875,636.6987915039062
129,player,5,1163.1854248046875,558.81787109375,843.52685546875,997.2753295898438
129,player,10,732.2551879882812,479.17578125,606.7269287109375,704.0419921875
129,player,1,1028.489013671875,513.2416381835938,797.5595092773438,862.111083984375
129,player,8,611.14501953125,354.2200927734375,630.872314453125,276.28240966796875
129,player,23,555.8536376953125,353.22589111328125,579.7340087890625,253.43812561035156
130,player,12,283.64410400390625,422.838134765625,294.79229736328125,433.68463134765625
130,player,6,564.2373046875,525.5479125976562,443.4732360839844,785.6937255859375
130,player,3,616.2412109375,509.6326904296875,492.84674072265625,757.2281494140625
130,player,20,195.50588989257812,419.6839599609375,223.02911376953125,405.8255615234375
130,player,7,699.035400390625,457.7156982421875,599.2677001953125,637.0368041992188
130,player,5,1164.62939453125,559.026611328125,844.3385009765625,997.945068359375
130,player,10,732.397705078125,478.46380615234375,606.5479736328125,703.7442626953125
130,player,1,1028.47802734375,513.4573974609375,797.1627197265625,862.61328125
130,player,8,610.272705078125,353.8079833984375,630.2366943359375,275.2978210449219
130,player,23,556.9671630859375,353.4701843261719,580.1906127929688,255.01776123046875
131,player,12,282.78021240234375,422.17767333984375,294.3094482421875,431.68365478515625
131,player,3,616.941162109375,509.0030517578125,493.2337646484375,756.5672607421875
131,player,6,563.9945068359375,525.7357788085938,443.5157775878906,785.29248046875
131,player,7,699.0977783203125,456.7681884765625,599.5734252929688,636.31787109375
131,player,20,195.67242431640625,415.8263854980469,224.2159423828125,398.86761474609375
131,player,5,1165.912109375,558.8936157226562,845.240478515625,998.3846435546875
131,player,10,732.2991943359375,478.5966796875,606.3626708984375,703.6676025390625
131,player,1,1028.212646484375,513.6317749023438,796.7671508789062,863.064697265625
131,player,8,608.8654174804688,354.15631103515625,629.2410888671875,274.98858642578125
131,player,23,557.58984375,353.41241455078125,580.705810546875,256.0255126953125
132,player,3,617.5137939453125,508.4205322265625,493.78448486328125,755.669921875
132,player,12,282.39715576171875,422.53472900390625,293.8183898925781,430.75091552734375
132,player,6,563.7984619140625,525.9087524414062,443.45361328125,785.1632690429688
132,player,7,699.4881591796875,458.30584716796875,599.3816528320312,637.4149169921875
132,player,20,197.41433715820312,416.60498046875,225.35140991210938,395.387939453125
132,player,5,1168.01904296875,559.9053955078125,845.9615478515625,999.5989379882812
132,player,10,731.4528198242188,478.8992919921875,605.9172973632812,703.8311767578125
132,player,8,607.9884033203125,354.1739501953125,628.3082275390625,274.72894287109375
132,player,1,1028.334228515625,513.9202880859375,796.4300537109375,863.6116943359375
132,player,28,303.80340576171875,422.03741455078125,309.02838134765625,438.95074462890625
132,player,23,556.8995361328125,353.04443359375,580.9551391601562,256.1248474121094
133,player,12,281.83111572265625,421.890625,293.4644775390625,429.37255859375
133,player,3,617.0242919921875,508.28033447265625,494.0525207519531,754.9226684570312
133,player,6,563.634765625,526.3391723632812,443.2716064453125,785.4326171875
133,player,7,698.8875732421875,458.9168395996094,598.8933715820312,638.68310546875
133,player,5,1171.0810546875,560.8809814453125,846.818603515625,1001.3650512695312
133,player,10,729.7180786132812,478.82257080078125,605.1839599609375,703.7186279296875
133,player,20,199.67153930664062,417.6136474609375,226.5601806640625,394.4743957519531
133,player,1,1028.361083984375,513.897705078125,796.2267456054688,863.950439453125
133,player,8,607.1253051757812,354.13104248046875,627.4439697265625,274.4224548339844
133,player,23,556.3759765625,352.83233642578125,581.0279541015625,255.8571319580078
133,player,28,303.6189880371094,421.52874755859375,309.572998046875,436.1729431152344
134,player,3,617.2958984375,507.86383056640625,494.4053039550781,754.0906982421875
134,player,6,563.4109497070312,526.606689453125,443.0345764160156,785.8173828125
134,player,12,281.46063232421875,422.0736083984375,293.0945129394531,428.6503601074219
134,player,5,1172.008544921875,561.6517333984375,847.307861328125,1003.1627197265625
134,player,1,1028.8275146484375,513.8014526367188,796.2548217773438,864.12841796875
134,player,7,698.06591796875,460.51715087890625,597.83349609375,641.021484375
134,player,10,728.85205078125,479.0481262207031,604.4019165039062,703.78466796875
134,player,20,201.58670043945312,421.758544921875,227.203125,398.755615234375
134,player,8,606.669921875,353.91790771484375,626.8195190429688,273.8975830078125
134,player,28,303.1752014160156,420.6639404296875,309.9765625,433.3563232421875
134,player,23,556.319091796875,353.4134216308594,580.8467407226562,256.45391845703125
135,player,3,616.957763671875,507.37548828125,494.6744384765625,753.0897216796875
135,player,6,563.2996215820312,527.0205078125,442.75616455078125,786.4103393554688
135,player,12,280.85498046875,422.222412109375,292.6545104980469,428.29595947265625
135,player,20,202.34347534179688,422.4820861816406,227.71463012695312,402.4201965332031
135,player,5,1171.9525146484375,561.1506958007812,847.80712890625,1003.9532470703125
135,player,7,697.47216796875,463.3627014160156,596.0701904296875,645.2924194335938
135,player,1,1029.0921630859375,513.7683715820312,796.3555908203125,864.2383422851562
135,player,28,302.85870361328125,420.36578369140625,310.209716796875,431.162353515625
135,player,10,727.7828979492188,478.84503173828125,603.6694946289062,703.5460205078125
135,player,23,556.403076171875,353.92864990234375,580.5692138671875,257.5367126464844
135,player,8,606.490966796875,353.90460205078125,626.36181640625,273.5220031738281
136,player,20,203.46710205078125,425.1400146484375,227.92697143554688,407.88616943359375
136,player,6,562.9071044921875,527.1365966796875,442.4494323730469,786.8628540039062
136,player,3,616.0340576171875,507.39031982421875,494.606689453125,752.3765869140625
136,player,12,278.65667724609375,420.5897216796875,292.06390380859375,426.0384826660156
136,player,1,1029.09619140625,513.7565307617188,796.4267578125,864.3001098632812
136,player,7,696.8135986328125,458.7771911621094,596.2127685546875,643.4869384765625
136,player,28,302.23236083984375,417.9049072265625,310.6836242675781,426.89959716796875
136,player,10,727.8499755859375,478.93109130859375,603.1842041015625,703.4776611328125
136,player,5,1172.18310546875,561.0090942382812,848.2447509765625,1004.3801879882812
136,player,23,556.25439453125,354.11175537109375,580.2755737304688,258.4706115722656
136,player,8,606.5580444335938,354.23797607421875,625.9572143554688,273.7267761230469
136,player,4,610.1752319335938,389.88067626953125,621.5751342773438,316.2600402832031
137,player,6,562.711669921875,527.8603515625,442.0328063964844,787.7557373046875
137,player,3,615.009765625,507.4522705078125,494.28173828125,751.8841552734375
137,player,20,204.68824768066406,423.972900390625,228.59716796875,410.2339782714844
137,player,7,696.1766357421875,459.5390625,595.8841552734375,643.0142211914062
137,player,1,1029.4052734375,513.7357788085938,796.5625,864.3486328125
137,player,23,556.0973510742188,354.3939514160156,579.93310546875,259.43865966796875
137,player,28,300.95880126953125,417.2552185058594,310.76220703125,423.28094482421875
137,player,10,726.8883666992188,479.64794921875,602.3823852539062,704.0263061523438
137,player,5,1172.88232421875,561.69775390625,848.43603515625,1005.2275390625
137,player,12,278.356201171875,419.632568359375,291.7803039550781,423.46405029296875
137,player,8,606.918212890625,353.7900390625,625.9814453125,273.29876708984375
138,player,6,562.4549560546875,528.279541015625,441.60028076171875,788.6707763671875
138,player,3,615.512939453125,507.5916748046875,494.1643371582031,751.7286987304688
138,player,7,695.2496948242188,458.5048828125,595.7471923828125,641.6015014648438
138,player,1,1029.5098876953125,513.7996215820312,796.653564453125,864.4427490234375
138,player,20,205.1597137451172,427.2554016113281,228.62789916992188,415.4725646972656
138,player,10,726.220947265625,478.58795166015625,602.0167236328125,703.3289794921875
138,player,23,556.2168579101562,354.378662109375,579.75390625,260.0587158203125
138,player,12,273.16424560546875,420.15655517578125,290.02764892578125,421.93548583984375
138,player,5,1173.8843994140625,561.2669067382812,848.9797973632812,1005.5384521484375
138,player,8,607.2880249023438,353.85003662109375,626.0916748046875,273.1348876953125
138,player,28,300.17999267578125,417.74029541015625,310.49346923828125,421.412353515625
139,player,6,562.1890869140625,528.3590698242188,441.23388671875,789.3116455078125
139,player,3,614.896484375,507.80914306640625,493.8722229003906,751.7698364257812
139,player,20,206.59210205078125,424.7292175292969,229.46083068847656,416.1766662597656
139,player,1,1029.5572509765625,513.991455078125,796.650634765625,864.669677734375
139,player,7,694.3118896484375,457.8753662109375,595.6015625,639.976806640625
139,player,10,724.9268798828125,476.4693603515625,602.1018676757812,700.7643432617188
139,player,12,272.66705322265625,421.1923828125,288.55010986328125,422.06787109375
139,player,23,555.9150390625,354.5576477050781,579.477294921875,260.6717529296875
139,player,5,1174.272705078125,561.9194946289062,849.1759033203125,1006.2579345703125
139,player,28,299.097900390625,419.82025146484375,309.5914001464844,422.458740234375
139,player,8,607.2012939453125,353.15380859375,626.404541015625,272.0943603515625
140,player,6,561.96728515625,528.8049926757812,440.8368225097656,790.0880126953125
140,player,3,614.543212890625,507.75537109375,493.60504150390625,751.7200927734375
140,player,20,208.25140380859375,424.5308837890625,230.49871826171875,416.5536804199219
140,player,1,1029.3614501953125,514.1346435546875,796.5415649414062,864.9215087890625
140,player,7,692.95751953125,458.47760009765625,594.9385986328125,639.4033813476562
140,player,32,211.7227783203125,423.5224609375,235.67945861816406,414.86614990234375
140,player,12,274.7696533203125,422.9212646484375,287.85247802734375,424.2783508300781
140,player,10,722.11669921875,477.6976318359375,601.0077514648438,700.0216674804688
140,player,23,555.4703369140625,354.58050537109375,579.1484985351562,261.0591735839844
140,player,28,298.68927001953125,421.3025207519531,308.591552734375,424.77374267578125
140,player,8,607.0808715820312,352.58721923828125,626.7886962890625,270.6518249511719
140,player,5,1175.2413330078125,562.0010375976562,849.514404296875,1006.8646240234375
141,player,20,208.1492919921875,425.60760498046875,230.96728515625,417.99603271484375
141,player,3,614.3994140625,507.8262939453125,493.37579345703125,751.73876953125
141,player,6,561.637451171875,528.8289184570312,440.4903564453125,790.5864868164062
141,player,7,692.099365234375,460.957763671875,593.47705078125,641.4138793945312
141,player,32,219.2218475341797,422.91351318359375,237.88316345214844,414.8228759765625
141,player,1,1029.6778564453125,514.038330078125,796.5914306640625,865.030517578125
141,player,10,723.7596435546875,475.705322265625,601.373046875,697.7911376953125
141,player,12,274.18389892578125,422.0670166015625,287.39703369140625,424.7055969238281
141,player,23,555.3189697265625,354.35711669921875,578.9673461914062,260.99969482421875
141,player,28,297.51507568359375,420.57562255859375,307.7554626464844,425.3590087890625
141,player,8,606.9506225585938,352.5166931152344,627.0242309570312,269.60791015625
141,player,5,1175.412109375,562.555419921875,849.56103515625,1007.6849975585938
142,player,6,559.9093017578125,529.181396484375,439.75006103515625,791.0703125
142,player,3,613.9055786132812,507.9158935546875,493.075927734375,751.789794921875
142,player,20,207.7276611328125,427.9466552734375,230.77059936523438,421.5060119628906
142,player,7,691.6165771484375,462.817626953125,591.8026733398438,644.51171875
142,player,10,719.6485595703125,477.9151916503906,599.7986450195312,698.0859375
142,player,32,221.40499877929688,423.0982360839844,239.89620971679688,415.18951416015625
142,player,1,1029.537353515625,514.3629760742188,796.4608154296875,865.3632202148438
142,player,23,556.292724609375,354.361328125,579.1564331054688,261.057373046875
142,player,12,273.5912780761719,422.626953125,286.8273010253906,425.56134033203125
142,player,8,607.2869873046875,352.6452331542969,627.2347412109375,269.1322937011719
142,player,28,296.78521728515625,420.3988037109375,307.041015625,425.4771423339844
142,player,5,1175.54150390625,562.863525390625,849.503662109375,1008.4575805664062
142,player,33,282.68475341796875,422.6974182128906,293.0478820800781,429.61090087890625
143,player,6,559.4586181640625,528.713623046875,439.2635803222656,790.9528198242188
143,player,3,614.0438842773438,508.01177978515625,492.89190673828125,751.919189453125
143,player,10,718.7115478515625,478.23583984375,598.42138671875,698.5010986328125
143,player,20,208.326904296875,428.53155517578125,230.71385192871094,424.48834228515625
143,player,7,690.583740234375,461.80926513671875,590.7503662109375,645.444580078125
143,player,32,220.69895935058594,423.038818359375,241.01687622070312,415.300537109375
143,player,23,555.8705444335938,354.19769287109375,579.2047119140625,260.83770751953125
143,player,1,1029.18359375,514.4381103515625,796.253662109375,865.6131591796875
143,player,8,607.4752197265625,352.61834716796875,627.4420166015625,268.8049621582031
143,player,28,294.4891052246094,422.38250732421875,305.5326843261719,427.58673095703125
143,player,33,287.490234375,424.03338623046875,294.14105224609375,431.51971435546875
143,player,5,1175.529296875,561.5336303710938,849.982177734375,1007.9697875976562
143,player,4,610.8905029296875,387.3663330078125,611.9913330078125,343.83905029296875
144,player,6,559.2421875,528.6776123046875,438.9013671875,790.82861328125
144,player,3,614.494873046875,508.10076904296875,492.86572265625,752.1189575195312
144,player,20,209.6392822265625,429.77691650390625,230.838134765625,427.91864013671875
144,player,7,689.3895263671875,460.72161865234375,590.083251953125,644.8753662109375
144,player,10,717.6739501953125,478.01666259765625,597.31494140625,698.4763793945312
144,player,32,218.7968292236328,423.799072265625,241.0831756591797,416.06451416015625
144,player,1,1028.62255859375,514.2009887695312,796.0632934570312,865.5289916992188
144,player,23,554.759765625,354.0357666015625,578.9426879882812,260.375732421875
144,player,8,608.12744140625,352.82220458984375,627.7056274414062,268.9250183105469
144,player,28,294.42620849609375,422.728271484375,304.4659423828125,429.3402404785156
144,player,5,1174.686279296875,561.9390869140625,849.9235229492188,1007.8863525390625
144,player,4,611.2305908203125,380.8138427734375,608.195068359375,353.81298828125
145,player,6,558.9915771484375,528.8630981445312,438.56024169921875,790.8848266601562
145,player,3,614.7936401367188,508.342041015625,492.8632507324219,752.4866943359375
145,player,20,209.34771728515625,429.4490966796875,230.89151000976562,429.76068115234375
145,player,10,717.070556640625,478.0234375,596.4307250976562,698.415771484375
145,player,7,688.1702880859375,462.09368896484375,588.8785400390625,645.7547607421875
145,player,1,1028.525634765625,514.1022338867188,795.9522705078125,865.3829345703125
145,player,8,608.7706298828125,352.80072021484375,628.0902709960938,269.0346984863281
145,player,23,554.2678833007812,354.35430908203125,578.5018310546875,260.4537658691406
145,player,28,293.06658935546875,422.503173828125,303.43377685546875,430.110595703125
145,player,5,1175.03466796875,562.8023681640625,849.6361694335938,1008.5020141601562
145,player,4,611.6229248046875,379.9166259765625,606.1700439453125,359.22735595703125
146,player,6,558.72900390625,528.7916870117188,438.2890319824219,790.8399047851562
146,player,3,615.2359619140625,508.439697265625,492.9505615234375,752.8482055664062
146,player,7,687.6248779296875,461.3328857421875,588.1864013671875,645.5296020507812
146,player,10,716.0921630859375,478.23846435546875,595.5243530273438,698.4967041015625
146,player,1,1027.55029296875,513.7474365234375,795.760986328125,864.9072265625
146,player,32,219.06982421875,423.81036376953125,241.2008056640625,416.59710693359375
146,player,20,208.96377563476562,429.0084228515625,230.8915557861328,430.43707275390625
146,player,8,609.2346801757812,352.83404541015625,628.4752197265625,269.1938781738281
146,player,23,554.462890625,353.67706298828125,578.5211181640625,259.620361328125
146,player,5,1175.263427734375,563.5659790039062,849.20947265625,1009.4873046875
146,player,12,271.1748352050781,424.0775146484375,285.5023498535156,427.5352478027344
146,player,28,293.7047424316406,422.418212890625,302.95965576171875,430.57098388671875
147,player,6,558.631591796875,528.84130859375,438.07684326171875,790.8448486328125
147,player,3,615.90283203125,508.50592041015625,493.16229248046875,753.1962890625
147,player,20,211.6712646484375,427.91278076171875,231.8245849609375,429.89105224609375
147,player,10,716.2584838867188,479.67279052734375,594.531005859375,699.914794921875
147,player,1,1027.0556640625,513.6693115234375,795.5367431640625,864.49072265625
147,player,8,609.5322265625,353.10687255859375,628.7144775390625,269.6885681152344
147,player,7,686.8714599609375,462.7773132324219,587.0724487304688,646.7417602539062
147,player,23,552.74609375,354.5466613769531,577.677001953125,260.07696533203125
147,player,5,1176.09375,563.9873657226562,848.9760131835938,1010.507080078125
147,player,12,274.206787109375,423.99078369140625,285.50958251953125,428.98162841796875
147,player,28,292.380126953125,422.05242919921875,302.3501892089844,430.3456726074219
148,player,6,558.4732666015625,528.4749755859375,437.98358154296875,790.5252075195312
148,player,20,213.195556640625,428.2020263671875,232.80758666992188,429.9874267578125
148,player,3,615.0306396484375,508.291748046875,493.1302795410156,753.161865234375
148,player,8,609.254150390625,353.0717468261719,628.7950439453125,269.9372863769531
148,player,1,1025.7183837890625,513.682373046875,795.03369140625,864.1192626953125
148,player,10,712.9095458984375,478.50970458984375,593.345947265625,699.458251953125
148,player,7,686.2667846679688,466.7646789550781,584.93115234375,651.3795776367188
148,player,23,551.31201171875,355.48187255859375,576.33984375,261.4828186035156
148,player,5,1176.031494140625,564.4666137695312,848.6224975585938,1011.51953125
148,player,12,272.8660888671875,423.95440673828125,285.14434814453125,429.76593017578125
148,player,28,290.96246337890625,421.6530456542969,301.63287353515625,429.62841796875
148,player,34,259.5525817871094,316.84429931640625,339.42333984375,29.542949676513672
149,player,6,558.143310546875,527.8567504882812,437.98260498046875,789.766845703125
149,player,20,214.61061096191406,427.49517822265625,233.95773315429688,429.38494873046875
149,player,3,614.6896362304688,508.5513916015625,492.9541015625,753.3411865234375
149,player,8,608.85400390625,352.53765869140625,628.927001953125,269.3498229980469
149,player,7,686.19775390625,470.6353759765625,582.3179931640625,658.1384887695312
149,player,10,713.617431640625,475.9427490234375,593.5715942382812,696.7916259765625
149,player,1,1026.3896484375,513.6508178710938,794.8956909179688,863.9072265625
149,player,23,550.3363037109375,355.044921875,575.3184814453125,261.7256164550781
149,player,12,271.267578125,424.12847900390625,284.42486572265625,430.33319091796875
149,player,5,1176.091064453125,563.6261596679688,848.7342529296875,1011.5601806640625
149,player,33,285.4432373046875,420.17669677734375,295.02825927734375,428.25274658203125
150,player,6,558.1661987304688,527.6043090820312,438.0459899902344,789.0615234375
150,player,20,215.862548828125,427.7874755859375,235.00543212890625,429.4251403808594
150,player,3,615.7652587890625,508.3656005859375,493.1654968261719,753.3814086914062
150,player,8,609.4067993164062,352.98028564453125,629.0172729492188,269.609619140625
150,player,7,685.096923828125,470.0107421875,580.5130615234375,661.8355712890625
150,player,10,711.600341796875,478.48455810546875,592.3770751953125,697.2939453125
150,player,1,1026.66650390625,513.6619262695312,794.8746337890625,863.8019409179688
150,player,23,547.6754150390625,355.35748291015625,573.7020874023438,262.0509338378906
150,player,12,271.6438903808594,424.4373779296875,284.0046081542969,431.0794982910156
150,player,33,287.38525390625,422.7747802734375,295.6444091796875,429.2192687988281
150,player,5,1176.363525390625,563.6184692382812,848.8780517578125,1011.6029052734375
151,player,6,558.1605834960938,527.4376831054688,438.1242370605469,788.4611206054688
151,player,3,614.26318359375,510.915771484375,492.2561950683594,755.5330810546875
151,player,20,217.241943359375,426.703857421875,236.25189208984375,428.3626708984375
151,player,8,609.9686889648438,353.695556640625,628.9776611328125,270.78265380859375
151,player,7,684.3674926757812,469.1816711425781,579.3977661132812,663.3751831054688
151,player,10,711.9658203125,480.77301025390625,590.9871215820312,699.8047485351562
151,player,1,1027.1708984375,511.77392578125,795.7279052734375,862.1785278320312
151,player,12,267.4521789550781,424.235107421875,282.5922546386719,430.978759765625
151,player,23,547.35107421875,354.92681884765625,572.7022705078125,261.6600341796875
151,player,33,287.0516662597656,424.2860107421875,295.65625,431.5096435546875
151,player,5,1176.284423828125,563.82666015625,848.8707275390625,1011.778564453125
152,player,6,558.0721435546875,527.2692260742188,438.1917419433594,787.920654296875
152,player,8,610.593505859375,353.9322509765625,629.0591430664062,271.9180603027344
152,player,12,268.5994567871094,424.7364501953125,281.90240478515625,431.5719299316406
152,player,3,615.4049072265625,509.328857421875,492.369140625,755.62744140625
152,player,20,218.81369018554688,425.69464111328125,237.67039489746094,426.67987060546875
152,player,1,1027.4422607421875,511.80670166015625,796.3414306640625,861.173828125
152,player,7,683.032470703125,468.6919860839844,578.4605712890625,663.7882080078125
152,player,10,710.567138671875,478.7141418457031,590.3469848632812,699.3818359375
152,player,23,546.7498779296875,355.58587646484375,571.6280517578125,262.225341796875
152,player,34,269.04388427734375,413.52325439453125,321.10260009765625,157.9694366455078
152,player,5,1177.2027587890625,562.9674682617188,849.430419921875,1011.329833984375
153,player,6,558.089111328125,527.3822021484375,438.21380615234375,787.6666870117188
153,player,12,268.492431640625,424.0694885253906,281.549072265625,431.202880859375
153,player,20,219.12782287597656,424.74005126953125,238.84136962890625,424.5448303222656
153,player,8,610.8551025390625,353.973876953125,629.17919921875,272.73583984375
153,player,3,615.2877197265625,508.97039794921875,492.505126953125,755.36279296875
153,player,7,682.2528076171875,469.597412109375,577.359130859375,664.866943359375
153,player,1,1027.5518798828125,512.064453125,796.668701171875,860.7483520507812
153,player,10,705.1728515625,477.6546630859375,588.8050537109375,697.650634765625
153,player,23,546.7076416015625,356.6808166503906,570.5282592773438,264.0394592285156
153,player,5,1177.9068603515625,563.3209838867188,849.832763671875,1011.3573608398438
153,player,35,691.0758056640625,472.08123779296875,579.9745483398438,675.8482666015625
154,player,6,558.0404663085938,527.3139038085938,438.231689453125,787.439697265625
154,player,20,219.8746337890625,423.7192077636719,239.9844970703125,422.0758056640625
154,player,8,611.0484619140625,354.8157958984375,628.9929809570312,274.4019775390625
154,player,3,614.7531127929688,509.247314453125,492.3839111328125,755.3916015625
154,player,1,1027.5228271484375,512.050537109375,796.8792114257812,860.4575805664062
154,player,12,268.1199951171875,423.30572509765625,281.35821533203125,430.0757751464844
154,player,10,704.8583984375,479.75469970703125,587.0681762695312,698.4805297851562
154,player,7,682.5488891601562,468.42315673828125,577.0867919921875,664.4561157226562
154,player,23,547.0199584960938,356.0357360839844,570.1405029296875,264.39361572265625
154,player,5,1177.802978515625,564.2246704101562,849.71630859375,1012.0362548828125
154,player,33,289.0902099609375,421.90020751953125,296.70477294921875,430.5014953613281
154,player,34,250.31866455078125,422.96539306640625,302.127197265625,250.56390380859375
155,player,6,557.8172607421875,527.1851806640625,438.2169189453125,787.1649169921875
155,player,20,220.1128692626953,421.12042236328125,241.23724365234375,417.5625
155,player,8,611.3922119140625,354.45220947265625,629.121826171875,275.0353088378906
155,player,3,614.711181640625,509.63427734375,492.1942443847656,755.7481689453125
155,player,1,1026.8724365234375,511.98846435546875,796.8685302734375,860.1615600585938
155,player,12,271.22528076171875,422.9293212890625,282.1786804199219,429.1878662109375
155,player,10,703.909912109375,480.58050537109375,585.4295654296875,699.716552734375
155,player,23,546.9024658203125,355.52471923828125,570.0327758789062,263.9352111816406
155,player,7,682.1376953125,468.3814697265625,576.8106079101562,664.1137084960938
155,player,33,284.4308166503906,421.658935546875,296.11895751953125,429.1737365722656
155,player,5,1178.31103515625,561.8677978515625,850.6873779296875,1010.7698974609375
156,player,6,557.8734130859375,527.0892333984375,438.24359130859375,786.9092407226562
156,player,8,611.4873046875,354.34979248046875,629.2754516601562,275.320068359375
156,player,3,614.9461059570312,510.00836181640625,492.03485107421875,756.3287353515625
156,player,20,222.07945251464844,423.6334228515625,242.17404174804688,417.629638671875
156,player,1,1027.07373046875,512.0743408203125,796.8812866210938,860.0587158203125
156,player,10,702.612548828125,478.1055908203125,584.7783813476562,698.0784301757812
156,player,33,287.008544921875,422.5955810546875,296.2822265625,429.58453369140625
156,player,12,274.8182373046875,422.61285400390625,283.7835388183594,428.564453125
156,player,23,546.04736328125,354.6425476074219,570.0061645507812,262.3853759765625
156,player,7,682.1954345703125,467.38494873046875,576.9556274414062,662.9282836914062
156,player,5,1179.097900390625,561.8284912109375,851.53125,1009.981201171875
156,player,35,688.977783203125,474.53485107421875,578.64892578125,678.0198974609375
157,player,6,557.7099609375,527.3135986328125,438.16802978515625,786.920654296875
157,player,8,610.84130859375,354.2138366699219,629.2224731445312,275.26434326171875
157,player,20,222.74264526367188,421.6755676269531,243.30422973632812,415.5252685546875
157,player,3,614.5513916015625,510.219970703125,491.77490234375,756.8602294921875
157,player,1,1025.832763671875,512.0458374023438,796.5731811523438,859.8638916015625
157,player,23,545.7529296875,354.868896484375,569.8152465820312,261.65167236328125
157,player,12,278.32171630859375,423.353515625,285.6711730957031,429.2908935546875
157,player,7,680.82568359375,467.884033203125,576.5213623046875,662.5262451171875
157,player,10,702.6397705078125,477.69390869140625,584.48974609375,696.6266479492188
157,player,5,1179.5467529296875,561.4593505859375,852.3370361328125,1009.2301025390625
158,player,6,557.5916748046875,527.1424560546875,438.128662109375,786.7731323242188
158,player,8,610.8170166015625,353.8210144042969,629.3324584960938,274.704345703125
158,player,20,223.33816528320312,424.08209228515625,243.7935333251953,416.91680908203125
158,player,3,612.4322509765625,500.55352783203125,493.5772705078125,748.4219360351562
158,player,12,277.580078125,423.14794921875,286.72882080078125,429.4690246582031
158,player,1,1025.8067626953125,511.96533203125,796.3973388671875,859.6668701171875
158,player,23,546.06884765625,355.05328369140625,569.7254638671875,261.44927978515625
158,player,10,699.6619873046875,477.27691650390625,583.62744140625,695.0366821289062
158,player,7,679.76220703125,469.17205810546875,575.551513671875,663.423583984375
158,player,35,685.510498046875,471.9952087402344,577.6282958984375,676.7053833007812
158,player,5,1179.6309814453125,561.830322265625,852.736572265625,1009.0248413085938
159,player,6,557.6768798828125,527.2832641601562,438.0920104980469,786.8037109375
159,player,8,611.2493896484375,353.520263671875,629.658203125,273.9811706542969
159,player,3,612.248046875,500.79681396484375,494.63677978515625,743.1410522460938
159,player,20,222.40582275390625,424.16278076171875,243.83673095703125,417.8320617675781
159,player,1,1023.78759765625,513.083740234375,795.3163452148438,860.3165893554688
159,player,12,276.44891357421875,421.98577880859375,287.32049560546875,428.18304443359375
159,player,7,677.852783203125,468.54278564453125,574.5946044921875,663.23486328125
159,player,10,696.3056640625,476.3662109375,582.4414672851562,692.8557739257812
159,player,23,545.8701171875,354.939697265625,569.6447143554688,261.14825439453125
159,player,35,687.3719482421875,474.25091552734375,576.7763061523438,678.1700439453125
159,player,5,1179.5185546875,560.7111206054688,853.406982421875,1008.0486450195312
160,player,6,557.997314453125,529.3807373046875,437.66552734375,788.626953125
160,player,8,610.907470703125,353.405517578125,629.8056030273438,273.3265075683594
160,player,1,1023.4735717773438,512.9592895507812,794.5791625976562,860.607421875
160,player,3,612.8310546875,500.82989501953125,495.4686279296875,739.7862548828125
160,player,20,222.74566650390625,424.94744873046875,243.82618713378906,419.3353271484375
160,player,33,283.21685791015625,420.81427001953125,295.666259765625,427.522216796875
160,player,10,693.2711791992188,476.302490234375,580.8704223632812,691.1212768554688
160,player,7,677.62548828125,468.31103515625,573.9820556640625,662.8680419921875
160,player,5,1179.5703125,559.5916137695312,854.2958984375,1006.5822143554688
161,player,6,558.0245361328125,529.640380859375,437.33551025390625,790.0336303710938
161,player,20,223.54544067382812,427.1470642089844,243.6688232421875,422.8359069824219
161,player,1,1022.9473266601562,512.9432373046875,793.967529296875,860.7388916015625
161,player,8,610.69384765625,353.46661376953125,629.8096923828125,272.96221923828125
161,player,3,615.1083984375,510.45391845703125,494.0899658203125,746.3590087890625
161,player,33,283.88623046875,420.6583251953125,295.4853820800781,426.06353759765625
161,player,10,692.6924438476562,476.0888671875,579.7584838867188,689.741943359375
161,player,7,676.8939819335938,470.32379150390625,572.7667236328125,664.515869140625
161,player,35,682.2421875,475.20672607421875,574.5426635742188,679.6005859375
161,player,5,1179.4432373046875,557.8071899414062,855.545654296875,1004.28173828125
162,player,6,558.1757202148438,529.8867797851562,437.102294921875,791.168212890625
162,player,20,224.7152099609375,427.1820983886719,243.8868408203125,425.2500915527344
162,player,1,1022.416748046875,512.9728393554688,793.4185791015625,860.8050537109375
162,player,8,610.076416015625,353.6369934082031,629.5497436523438,272.89410400390625
162,player,3,614.9737548828125,509.82073974609375,493.32269287109375,750.062744140625
162,player,33,283.43048095703125,422.2254943847656,294.9339599609375,426.8396301269531
162,player,10,692.799072265625,476.27642822265625,579.0068969726562,689.0325927734375
162,player,7,676.84033203125,471.96142578125,571.4619140625,667.1605834960938
162,player,23,543.876953125,354.4955749511719,569.1196899414062,260.17620849609375
162,player,5,1178.8453369140625,557.0531616210938,856.5054931640625,1002.171142578125
163,player,6,558.28564453125,530.1602783203125,436.91552734375,792.1453857421875
163,player,20,225.4265899658203,426.709716796875,244.30746459960938,426.35406494140625
163,player,1,1021.534423828125,512.9201049804688,792.8497314453125,860.7296142578125
163,player,33,284.557373046875,421.9508056640625,294.94671630859375,427.13250732421875
163,player,8,609.1669921875,353.84375,629.0113525390625,273.0393981933594
163,player,3,613.926513671875,509.5765380859375,492.6170654296875,752.16943359375
163,player,10,690.529052734375,476.11260986328125,577.9553833007812,688.2240600585938
163,player,23,543.0803833007812,356.52398681640625,567.8095703125,262.1629333496094
164,player,6,557.970703125,529.9270629882812,436.7686767578125,792.5584716796875
164,player,20,226.13644409179688,426.2906494140625,244.85060119628906,426.6651611328125
164,player,1,1020.8458862304688,512.5234985351562,792.451904296875,860.287353515625
164,player,8,609.3387451171875,353.668701171875,628.7837524414062,272.9173278808594
164,player,33,286.555908203125,418.3211669921875,296.2320556640625,423.39739990234375
164,player,3,612.2828369140625,509.83770751953125,491.6673889160156,753.634765625
164,player,10,689.8806762695312,475.564697265625,577.2646484375,687.1223754882812
165,player,6,557.980712890625,529.9700317382812,436.6658935546875,792.864013671875
165,player,1,1019.1470336914062,511.3642578125,792.1939086914062,858.8746337890625
165,player,20,226.36373901367188,426.5456848144531,245.22349548339844,427.171142578125
165,player,8,609.1486206054688,353.50177001953125,628.639892578125,272.5982666015625
165,player,10,690.134765625,476.4476318359375,576.6138305664062,687.2675170898438
165,player,3,613.0548095703125,509.50732421875,491.33428955078125,754.3589477539062
165,player,33,287.53375244140625,416.0982666015625,297.7857666015625,418.52532958984375
165,player,23,540.5469970703125,356.223388671875,566.2649536132812,262.8208312988281
165,player,5,1178.98583984375,556.8655395507812,857.2391357421875,1000.6695556640625
166,player,6,557.677978515625,530.00439453125,436.51531982421875,793.0673828125
166,player,1,1018.891357421875,511.13427734375,792.0478515625,857.739501953125
166,player,20,226.18637084960938,426.4476318359375,245.43312072753906,427.3755798339844
166,player,8,608.1375732421875,353.743896484375,628.1309204101562,272.6180725097656
166,player,3,611.481689453125,509.4818115234375,490.71875,754.6787109375
166,player,12,282.18853759765625,421.58209228515625,289.4014892578125,427.3872375488281
166,player,10,690.0291137695312,477.19000244140625,575.935302734375,688.0576171875
166,player,23,539.1266479492188,358.27099609375,564.0967407226562,265.8216857910156
166,player,5,1178.992919921875,557.2028198242188,857.584228515625,999.94775390625
166,ball,-1,386.4665222167969,342.0188903808594,1152.5537109375,186.7501220703125
167,player,6,557.3656005859375,529.0686645507812,436.5539245605469,792.3837890625
167,player,1,1018.5113525390625,510.942626953125,791.9267578125,856.8070068359375
167,player,20,225.63638305664062,427.7117614746094,245.2003631591797,428.86846923828125
167,player,23,537.2984619140625,353.4073486328125,563.8169555664062,261.1499938964844
167,player,8,606.565673828125,355.6726989746094,626.5584106445312,275.0399475097656
167,player,3,611.8062744140625,509.53582763671875,490.388427734375,754.960693359375
167,player,12,285.69549560546875,423.0513000488281,291.45703125,428.8211975097656
167,player,10,690.1876220703125,477.4873046875,575.4462280273438,688.8663330078125
167,player,5,1179.39599609375,558.753662109375,857.2974853515625,1000.67529296875
167,ball,-1,394.02862548828125,346.9866638183594,1152.5537109375,186.7501220703125
168,player,1,1018.7088623046875,511.4364013671875,791.708984375,856.636962890625
168,player,6,557.3024291992188,528.1317138671875,436.7786865234375,791.1407470703125
168,player,20,225.55026245117188,428.40673828125,244.90695190429688,430.60302734375
168,player,8,602.7496337890625,356.6973571777344,623.9353637695312,277.6100769042969
168,player,23,535.2381591796875,352.81201171875,563.1925048828125,257.1252746582031
168,player,3,613.1812744140625,508.032958984375,490.916748046875,753.928466796875
168,player,12,287.7701721191406,423.1166687011719,293.3647155761719,430.00494384765625
168,player,10,690.255859375,476.82476806640625,575.3491821289062,688.7694091796875
168,player,5,1180.0218505859375,560.4207153320312,856.612060546875,1002.445556640625
169,player,6,557.1422119140625,527.853759765625,436.94854736328125,790.0841674804688
169,player,1,1018.3905029296875,510.0633544921875,792.015869140625,855.3319091796875
169,player,8,602.7772216796875,356.65692138671875,622.2545166015625,279.2299499511719
169,player,23,531.1268920898438,352.35369873046875,561.6449584960938,253.51217651367188
169,player,20,225.15550231933594,428.6812744140625,244.55972290039062,432.00128173828125
169,player,3,611.0743408203125,509.0565185546875,490.451904296875,753.990234375
169,player,12,292.15911865234375,422.627197265625,295.9376220703125,430.6036071777344
169,player,10,689.6647338867188,476.507080078125,575.2236328125,688.3548583984375
169,player,5,1181.4881591796875,559.0755004882812,857.0650634765625,1002.709716796875
169,ball,-1,406.3621826171875,346.10693359375,1152.5537109375,186.7501220703125
170,player,1,1017.2999267578125,509.81121826171875,792.0247802734375,854.17724609375
170,player,6,556.8311767578125,528.33251953125,436.87060546875,789.7784423828125
170,player,20,225.00030517578125,429.6951904296875,244.11920166015625,434.01922607421875
170,player,8,602.0400390625,354.83416748046875,621.623291015625,277.8050231933594
170,player,23,529.580078125,353.91595458984375,559.602783203125,253.10955810546875
170,player,10,692.3431396484375,480.8360595703125,574.5443115234375,692.401123046875
170,player,12,296.7064514160156,419.47088623046875,299.5231628417969,427.83197021484375
170,player,3,609.681396484375,508.51446533203125,489.9300537109375,753.4375
170,player,5,1187.5316162109375,561.7244262695312,857.83349609375,1005.3475341796875
170,player,36,1178.106689453125,566.1908569335938,847.5359497070312,1017.5151977539062
170,ball,-1,410.41412353515625,338.73492431640625,1152.5537109375,186.7501220703125
171,player,1,1015.76806640625,508.95361328125,791.9583740234375,852.5662841796875
171,player,6,556.4518432617188,527.6637573242188,436.8785400390625,788.9820556640625
171,player,10,692.98046875,480.6068115234375,574.3436279296875,694.8693237304688
171,player,8,600.3175048828125,354.4910888671875,620.7969360351562,276.26287841796875
171,player,3,608.2239379882812,507.59521484375,489.45135498046875,752.1451416015625
171,player,23,527.607666015625,355.8721923828125,556.973388671875,255.26844787597656
171,player,20,224.89389038085938,428.5056457519531,244.004638671875,434.0047607421875
171,player,12,295.07952880859375,419.4869384765625,301.38983154296875,425.9080505371094
171,ball,-1,414.7547607421875,334.12225341796875,1152.5537109375,186.7501220703125
172,player,1,1014.2682495117188,508.40911865234375,791.7296142578125,850.927734375
172,player,6,556.3851318359375,527.1380615234375,436.9880676269531,788.0125122070312
172,player,10,692.2522583007812,480.80316162109375,573.9578857421875,696.596923828125
172,player,8,600.6376953125,355.56134033203125,619.9534301757812,276.7080078125
172,player,20,224.64923095703125,428.6966552734375,243.82969665527344,434.186279296875
172,player,23,526.2784423828125,354.4765625,555.3280029296875,254.69183349609375
172,player,3,607.092529296875,506.63006591796875,489.0965881347656,750.3560180664062
172,player,12,292.95977783203125,419.3145751953125,302.03729248046875,424.27960205078125
172,player,33,301.62451171875,418.2113037109375,302.3731689453125,418.98040771484375
172,player,36,1178.69384765625,566.74609375,847.4674072265625,1017.9712524414062
172,ball,-1,418.354736328125,328.2414245605469,1152.5537109375,186.7501220703125
173,player,1,1013.5913696289062,507.56353759765625,791.7302856445312,849.08154296875
173,player,6,554.957275390625,523.81982421875,437.4666748046875,784.4361572265625
173,player,12,292.5518798828125,421.58758544921875,301.89111328125,425.74884033203125
173,player,20,225.21005249023438,429.05242919921875,243.81179809570312,434.7462158203125
173,player,23,525.7828369140625,353.36846923828125,554.4863891601562,252.7915802001953
173,player,10,696.3668212890625,480.46270751953125,574.916259765625,697.7462158203125
173,player,8,600.0510864257812,357.15570068359375,618.614013671875,279.0462646484375
173,player,3,607.5450439453125,498.8753662109375,491.0030517578125,742.2760620117188
173,player,35,682.8930053710938,471.9283447265625,574.2691650390625,677.4466552734375
173,player,33,302.74334716796875,419.5936279296875,305.3914489746094,420.9368896484375
173,player,36,1179.715087890625,567.0474243164062,847.560791015625,1018.5716552734375
173,ball,-1,421.98028564453125,320.43731689453125,1152.5537109375,186.7501220703125
174,player,1,1011.3175048828125,507.09674072265625,791.3092651367188,847.2899169921875
174,player,6,555.1896362304688,523.2129516601562,437.977294921875,781.6099853515625
174,player,10,695.6217651367188,481.2252502441406,575.106689453125,699.1468505859375
174,player,12,295.7744445800781,419.6434326171875,303.09442138671875,424.79083251953125
174,player,8,599.2794189453125,359.3023376464844,616.689697265625,283.3113708496094
174,player,23,524.6937866210938,351.4772033691406,554.2528076171875,248.91888427734375
174,player,20,225.8881072998047,429.00885009765625,243.9962158203125,435.11968994140625
174,player,3,606.6175537109375,497.99273681640625,492.23211669921875,736.1478881835938
174,player,7,671.5220947265625,470.08636474609375,569.7403564453125,666.6209716796875
174,player,36,1182.380126953125,566.9085693359375,848.3396606445312,1019.0745849609375
174,ball,-1,424.8440856933594,316.77264404296875,1152.5537109375,186.7501220703125
175,player,1,1009.0909423828125,506.2308349609375,790.7813720703125,845.1939697265625
175,player,6,555.6165161132812,522.9575805664062,438.4764404296875,779.5881958007812
175,player,8,599.14208984375,359.20538330078125,615.4320678710938,285.94403076171875
175,player,10,694.9305419921875,479.69671630859375,575.5106201171875,698.561767578125
175,player,12,298.854736328125,419.4696960449219,304.7837829589844,424.2378234863281
175,player,20,226.05609130859375,430.05511474609375,243.9854736328125,436.5338134765625
175,player,23,524.43212890625,352.5198974609375,553.6549072265625,247.77725219726562
175,player,35,676.9407958984375,472.45428466796875,572.3155517578125,676.0477905273438
175,player,3,605.4270629882812,495.12506103515625,493.47607421875,729.4558715820312
175,player,36,1178.6552734375,567.8983764648438,847.5347290039062,1019.8284301757812
176,player,1,1006.458740234375,504.62884521484375,790.3621826171875,842.228759765625
176,player,6,555.9368896484375,522.6043701171875,438.96405029296875,777.9964599609375
176,player,8,599.13037109375,359.58355712890625,614.46875,288.1488037109375
176,player,12,301.846435546875,419.566650390625,306.709716796875,424.24627685546875
176,player,23,522.8536376953125,352.268798828125,552.853515625,246.55142211914062
176,player,10,694.4054565429688,479.4236755371094,575.7152099609375,697.8798828125
176,player,3,604.7703247070312,493.9571533203125,494.421630859375,723.9833374023438
176,player,7,668.061767578125,472.517822265625,566.945556640625,668.320556640625
176,player,20,238.27513122558594,429.291259765625,247.50814819335938,437.6501770019531
176,player,36,1184.2222900390625,568.7434692382812,848.070556640625,1021.385986328125
176,player,35,684.572265625,476.6461181640625,571.8347778320312,679.7879028320312
176,player,5,1172.247802734375,571.8984375,850.5807495117188,1013.31396484375
176,player,37,659.1046142578125,471.7626953125,555.4659423828125,667.235107421875
177,player,1,1004.9765625,502.43927001953125,790.549560546875,838.2792358398438
177,player,6,556.2603149414062,521.8974609375,439.527587890625,776.3801879882812
177,player,8,599.5869140625,359.8995361328125,613.8678588867188,290.03729248046875
177,player,12,302.401123046875,419.09100341796875,308.21527099609375,423.76214599609375
177,player,10,693.1531372070312,476.9249267578125,576.275390625,694.9679565429688
177,player,23,521.61962890625,353.6094055175781,551.4779052734375,247.43515014648438
177,player,7,670.0301513671875,473.99017333984375,565.2183837890625,671.0039672851562
177,player,20,229.67889404296875,429.29339599609375,247.40512084960938,437.6452941894531
177,player,3,603.7427978515625,495.18792724609375,494.44091796875,721.4671020507812
177,player,36,1184.486572265625,569.397216796875,848.2318115234375,1022.89794921875
177,player,37,657.949462890625,472.1958923339844,555.0235595703125,667.5545043945312
177,player,35,682.966796875,477.9122314453125,570.7054443359375,683.2845458984375
177,player,5,1169.0693359375,571.0377197265625,845.4063720703125,1017.610107421875
178,player,1,1004.278564453125,501.690185546875,790.7781982421875,835.001708984375
178,player,12,304.45550537109375,419.6044006347656,309.6716613769531,424.205078125
178,player,6,557.26904296875,521.8169555664062,440.1679992675781,775.3416137695312
178,player,10,690.2951049804688,474.90057373046875,576.4885864257812,690.9080810546875
178,player,8,597.6978759765625,357.62823486328125,613.7356567382812,288.1125183105469
178,player,36,1183.1558837890625,568.178955078125,848.4766845703125,1022.8818359375
178,player,20,231.76536560058594,429.83270263671875,247.826171875,438.4161071777344
178,player,23,522.0076904296875,354.3459777832031,550.4523315429688,249.0290985107422
178,player,7,673.2382202148438,475.1212158203125,564.62255859375,674.100341796875
178,player,3,603.0328369140625,493.10711669921875,494.81756591796875,717.8672485351562
178,player,5,1167.69873046875,569.6661376953125,842.2254638671875,1019.29052734375
178,player,37,657.9912109375,472.58740234375,554.6306762695312,668.1422729492188
179,player,1,1002.8361206054688,499.23065185546875,791.506591796875,830.6019897460938
179,player,12,304.41058349609375,420.64227294921875,310.39459228515625,425.659423828125
179,player,6,557.708984375,519.639892578125,441.2059326171875,772.8238525390625
179,player,10,691.9683837890625,474.754150390625,577.1250610351562,688.2710571289062
179,player,8,596.5888671875,355.55999755859375,614.0802001953125,284.03033447265625
179,player,23,521.29248046875,354.9176330566406,549.3631591796875,250.7605438232422
179,player,20,231.22840881347656,430.58673095703125,247.821533203125,439.70355224609375
179,player,36,1181.673095703125,565.1412353515625,849.4454345703125,1020.5172119140625
179,player,7,676.25927734375,476.93609619140625,564.5042114257812,678.0960693359375
179,player,3,603.0147705078125,492.341064453125,495.26092529296875,714.8218383789062
179,player,37,658.7413330078125,473.962646484375,554.169189453125,669.9078369140625
179,player,5,1166.43310546875,566.1742553710938,841.1791381835938,1017.7158813476562
180,player,1,1001.8470458984375,497.5718994140625,792.3685913085938,826.2026977539062
180,player,12,301.87451171875,420.55743408203125,310.1641845703125,426.29034423828125
180,player,6,558.1881713867188,518.486328125,442.2738342285156,770.2269287109375
180,player,10,689.4085693359375,473.8718566894531,577.1173095703125,685.4976806640625
180,player,23,520.23095703125,354.23162841796875,548.5560302734375,250.8729248046875
180,player,8,594.06298828125,353.38739013671875,614.3262939453125,278.25750732421875
180,player,20,234.71383666992188,431.2313232421875,248.6759033203125,441.547119140625
180,player,36,1174.057373046875,563.466064453125,848.8225708007812,1017.1256103515625
180,player,3,602.4448852539062,493.9854736328125,494.9635314941406,714.3048095703125
180,player,7,675.1201171875,475.72003173828125,564.4862060546875,679.440185546875
180,player,37,658.5047607421875,472.18267822265625,554.3350830078125,669.3260498046875
181,player,1,999.2952270507812,495.88580322265625,792.90966796875,821.6409301757812
181,player,6,558.21826171875,518.7396240234375,442.9159240722656,768.760986328125
181,player,23,518.1130981445312,353.9970397949219,547.4430541992188,250.4359893798828
181,player,12,300.7801208496094,420.97271728515625,309.6211242675781,427.0736083984375
181,player,10,691.167724609375,470.50433349609375,578.6317138671875,680.6107788085938
181,player,20,237.15162658691406,430.798095703125,249.98297119140625,442.47601318359375
181,player,7,678.6212158203125,474.94268798828125,565.6553955078125,679.8682861328125
181,player,3,602.7000732421875,493.0206298828125,495.09271240234375,713.104736328125
181,player,36,1170.52685546875,563.2493896484375,847.618408203125,1014.47509765625
181,player,8,589.9773559570312,351.213134765625,614.0115966796875,271.2181701660156
182,player,12,303.322021484375,419.8304443359375,310.21844482421875,426.5148010253906
182,player,6,558.8162841796875,518.875244140625,443.4532470703125,767.9739379882812
182,player,1,997.2628173828125,493.9241943359375,793.4912109375,816.7664184570312
182,player,23,515.4742431640625,355.37841796875,545.414794921875,251.74806213378906
182,player,10,694.9772338867188,470.1993408203125,580.7481689453125,677.4636840820312
182,player,20,237.77261352539062,430.95587158203125,250.97775268554688,443.3064270019531
182,player,7,667.69189453125,476.49755859375,562.9970703125,680.7057495117188
182,player,35,683.680908203125,474.4063720703125,571.229736328125,682.2827758789062
182,player,8,587.9024658203125,354.15643310546875,612.0332641601562,270.3766174316406
182,player,3,600.337158203125,492.9644775390625,494.57025146484375,712.0775146484375
182,player,36,1175.7412109375,565.2952880859375,847.3460693359375,1014.6878051757812
183,player,12,303.8415832519531,418.63116455078125,310.99798583984375,424.84088134765625
183,player,1,995.95849609375,493.7222900390625,793.5977783203125,813.3079833984375
183,player,6,559.1689453125,518.7321166992188,443.92584228515625,767.3668212890625
183,player,23,515.3873901367188,353.6100769042969,544.6727905273438,250.234375
183,player,10,692.9390869140625,469.2054443359375,581.8792724609375,674.284912109375
183,player,20,239.38394165039062,431.37957763671875,251.99839782714844,444.4495849609375
183,player,35,683.4716796875,471.8172302246094,572.3070068359375,679.13232421875
183,player,7,663.6174926757812,475.335693359375,560.5161743164062,679.7990112304688
183,player,3,599.262939453125,491.6385498046875,494.2988586425781,710.1007690429688
183,player,36,1171.2513427734375,565.7867431640625,845.8583374023438,1014.82666015625
183,player,8,585.7062377929688,407.33282470703125,591.5362548828125,335.2232666015625
183,player,38,589.317138671875,348.7137145996094,615.5498046875,248.36178588867188
184,player,12,303.60113525390625,418.84234619140625,311.3934326171875,423.9710693359375
184,player,23,514.6581420898438,354.1555480957031,543.773681640625,249.91152954101562
184,player,6,559.7906494140625,519.0955200195312,444.30523681640625,767.3372802734375
184,player,1,993.8533325195312,492.85125732421875,793.4447021484375,810.1065673828125
184,player,7,660.931640625,476.9887390136719,557.68896484375,680.55810546875
184,player,20,243.23794555664062,432.44134521484375,253.5465087890625,446.6864929199219
184,player,10,693.3031616210938,470.2227783203125,582.39599609375,673.2322998046875
184,player,35,684.7957763671875,475.0666809082031,572.3707275390625,680.308349609375
184,player,38,587.052734375,354.6072998046875,612.593994140625,256.03936767578125
184,player,8,585.6759033203125,418.9833984375,574.4981689453125,390.503173828125
184,player,3,599.0781860351562,490.5977783203125,494.3497314453125,707.840087890625
184,player,36,1175.7392578125,565.4373168945312,846.1465454101562,1015.02099609375
184,player,39,602.1221923828125,472.15777587890625,511.097900390625,654.574951171875
185,player,12,304.07562255859375,419.0368957519531,311.74542236328125,423.666748046875
185,player,23,514.2351684570312,354.30035400390625,543.00634765625,249.8556671142578
185,player,6,560.14697265625,519.1292114257812,444.6343688964844,767.3759765625
185,player,7,657.2132568359375,479.57977294921875,554.0897216796875,683.1949462890625
185,player,10,693.8838500976562,469.9432373046875,582.9772338867188,672.3276977539062
185,player,20,244.55059814453125,433.1724853515625,254.78903198242188,449.052978515625
185,player,1,992.4575805664062,490.0205078125,794.09375,805.3779296875
185,player,8,579.8975219726562,452.18212890625,551.8677978515625,461.22216796875
185,player,38,586.448486328125,348.67291259765625,612.7257690429688,253.02774047851562
185,player,35,669.736083984375,473.6773681640625,568.7593994140625,678.4715576171875
185,player,36,1173.558349609375,567.5906372070312,844.958740234375,1016.5572509765625
185,player,3,598.6256103515625,489.05084228515625,494.6746520996094,704.9009399414062
185,player,37,686.4100341796875,473.25592041015625,561.6805419921875,672.3401489257812
186,player,12,304.36346435546875,418.73602294921875,312.1171875,423.1534423828125
186,player,23,513.6994018554688,354.3426818847656,542.3240356445312,249.82608032226562
186,player,6,561.8970336914062,518.6532592773438,445.40545654296875,767.1302490234375
186,player,1,991.1873168945312,486.0616149902344,795.7566528320312,798.628662109375
186,player,7,656.64892578125,480.410400390625,551.3562622070312,685.6456298828125
186,player,20,245.33827209472656,433.82049560546875,255.70169067382812,451.3665771484375
186,player,10,693.1304931640625,469.7750244140625,583.2023315429688,671.5133056640625
186,player,37,685.9127197265625,472.5751037597656,566.529541015625,673.6044921875
186,player,8,577.5665893554688,446.28875732421875,538.2015380859375,500.9428405761719
186,player,38,585.8883666992188,342.77008056640625,614.90234375,242.97535705566406
186,player,35,671.9310302734375,475.8133544921875,566.363037109375,679.5040283203125
186,player,36,1171.115478515625,568.9464111328125,843.058349609375,1018.3539428710938
186,player,3,599.3245849609375,488.914794921875,495.1067810058594,702.92236328125
187,player,23,513.3727416992188,354.0174255371094,541.8883056640625,249.34225463867188
187,player,1,989.8523559570312,484.21600341796875,797.2177124023438,792.4522705078125
187,player,12,306.7216491699219,419.140625,312.94488525390625,423.48126220703125
187,player,6,563.4323120117188,518.7772216796875,446.2674560546875,767.2020263671875
187,player,20,247.84567260742188,429.4573974609375,257.75946044921875,448.29144287109375
187,player,7,655.8502197265625,480.31854248046875,549.3922119140625,687.0848999023438
187,player,38,584.676513671875,342.12908935546875,616.17431640625,235.445068359375
187,player,8,590.8576049804688,440.56915283203125,534.7153930664062,521.9541625976562
187,player,35,669.3087158203125,476.85357666015625,563.78662109375,680.9439086914062
187,player,10,690.970458984375,470.92010498046875,582.4041137695312,671.9048461914062
187,player,37,682.664306640625,473.33978271484375,568.5661010742188,674.8843383789062
187,player,36,1170.3082275390625,567.234130859375,842.279052734375,1018.199951171875
188,player,1,988.9876708984375,484.75360107421875,797.71484375,788.8524169921875
188,player,23,512.135498046875,354.16119384765625,541.16552734375,249.10482788085938
188,player,12,307.63104248046875,419.538330078125,313.65924072265625,424.2222900390625
188,player,6,565.7056884765625,518.2257080078125,447.5368347167969,766.9544067382812
188,player,20,250.2415313720703,429.778076171875,259.7071533203125,446.85107421875
188,player,7,654.4241943359375,480.3699035644531,547.7183227539062,687.9490966796875
188,player,35,672.02294921875,478.07537841796875,562.4781494140625,683.2681884765625
188,player,8,587.92578125,436.01019287109375,532.9864501953125,530.5497436523438
188,player,38,582.6046142578125,340.8082275390625,616.8436279296875,228.5320281982422
188,player,36,1169.66455078125,564.6611938476562,842.6031494140625,1016.14990234375
189,player,1,987.911376953125,483.706298828125,798.166748046875,785.467529296875
189,player,23,510.41033935546875,355.0438232421875,539.85205078125,249.96743774414062
189,player,12,311.2807312011719,419.9676513671875,315.06951904296875,425.50372314453125
189,player,6,566.0048828125,518.3798217773438,448.40130615234375,766.9512939453125
189,player,20,251.33212280273438,427.968505859375,261.6009216308594,444.00653076171875
189,player,7,652.2867431640625,480.8944091796875,545.9052734375,688.825927734375
189,player,35,670.2752685546875,476.273681640625,561.6953735351562,682.9204711914062
189,player,8,581.270751953125,397.22210693359375,542.1459350585938,492.20068359375
189,player,38,579.5462646484375,332.13128662109375,619.6908569335938,211.5933837890625
189,player,36,1166.4024658203125,562.7802734375,842.7252197265625,1013.1591796875
190,player,12,311.6014404296875,420.57379150390625,315.9522399902344,427.0472717285156
190,player,1,986.570068359375,483.738037109375,798.0816650390625,783.1815185546875
190,player,23,509.15625,356.1268310546875,538.2376098632812,251.85218811035156
190,player,6,565.2044677734375,517.0148315429688,449.0850830078125,765.69921875
190,player,35,662.98291015625,480.08294677734375,558.0946044921875,685.6904907226562
190,player,20,252.51351928710938,429.1354675292969,262.95196533203125,443.5501708984375
190,player,38,576.2312622070312,332.8359375,620.1754150390625,201.26675415039062
190,player,36,1165.5377197265625,563.2745361328125,842.3970947265625,1011.5125122070312
191,player,12,311.92718505859375,420.73663330078125,316.584716796875,428.261962890625
191,player,1,985.4105224609375,484.1205749511719,797.5560302734375,781.9447021484375
191,player,23,507.51678466796875,357.0521240234375,536.36181640625,254.15249633789062
191,player,6,564.1026000976562,515.4906005859375,449.61297607421875,763.468017578125
191,player,35,658.129638671875,480.14068603515625,554.4352416992188,687.1376953125
191,player,20,252.63037109375,428.5823974609375,263.9620666503906,442.65179443359375
191,player,37,669.3870849609375,476.74688720703125,565.2716064453125,677.8463134765625
191,player,7,648.9508056640625,482.9415283203125,543.2438354492188,691.040771484375
191,player,38,576.1668701171875,340.02032470703125,617.6638793945312,204.61659240722656
191,player,8,578.422119140625,390.6339111328125,549.4384155273438,459.1898193359375
191,player,36,1164.396728515625,562.3645629882812,842.2499389648438,1009.673583984375
192,player,12,313.04388427734375,419.1318054199219,317.6435852050781,427.33843994140625
192,player,6,563.818603515625,515.4414672851562,449.8953552246094,761.9518432617188
192,player,1,983.8440551757812,484.985595703125,796.4400634765625,781.7935180664062
192,player,20,255.54026794433594,428.3917236328125,265.46484375,442.1054382324219
192,player,23,506.6161193847656,356.668212890625,534.9882202148438,255.05548095703125
192,player,37,669.466552734375,476.15411376953125,563.3287963867188,679.2142333984375
192,player,35,658.5369873046875,479.7376403808594,552.2838745117188,687.7320556640625
192,player,38,574.3667602539062,340.5961608886719,615.2262573242188,207.42156982421875
192,player,7,648.8726806640625,481.40362548828125,541.9356079101562,691.0287475585938
192,player,36,1163.591796875,564.4387817382812,841.1530151367188,1009.9530639648438
192,player,8,577.851806640625,431.65802001953125,541.0069580078125,484.2311096191406
192,ball,-1,1036.1129150390625,348.27728271484375,1138.128662109375,208.59092712402344
193,player,12,313.9788818359375,418.5570068359375,318.7164306640625,426.1690673828125
193,player,6,561.7786254882812,515.7625732421875,449.4818420410156,761.0813598632812
193,player,1,982.8770751953125,486.11834716796875,794.9984130859375,782.640380859375
193,player,20,256.4761047363281,428.6612548828125,266.65399169921875,442.1285400390625
193,player,35,661.63916015625,479.3912353515625,551.81982421875,688.0518188476562
193,player,23,506.0937805175781,355.6075439453125,534.2869873046875,254.185302734375
193,player,38,573.1741943359375,348.044189453125,610.4256591796875,219.329833984375
193,player,7,652.254150390625,481.7265625,541.8967895507812,691.6083984375
193,player,36,1162.0537109375,567.7893676757812,838.7734375,1012.4832153320312
193,ball,-1,1035.6639404296875,348.12738037109375,1125.414794921875,227.7283935546875
194,player,12,314.45330810546875,421.00396728515625,319.04119873046875,428.2099609375
194,player,6,562.5211791992188,514.420166015625,449.7232666015625,759.402587890625
194,player,1,980.4932861328125,486.0215148925781,793.45166015625,782.8994750976562
194,player,35,662.002685546875,479.32293701171875,551.6359252929688,688.2257080078125
194,player,20,259.9019775390625,433.08502197265625,267.5807189941406,447.3008117675781
194,player,23,505.07769775390625,354.8857116699219,533.7537841796875,252.56423950195312
194,player,38,571.3677978515625,333.943115234375,612.1259765625,207.39892578125
194,player,36,1157.41943359375,570.2604370117188,835.1376953125,1015.5673828125
194,player,7,649.926513671875,483.3147888183594,540.7916259765625,693.281005859375
194,player,33,304.45135498046875,410.42303466796875,309.72723388671875,411.8741455078125
194,player,39,597.3800659179688,476.4504699707031,508.634521484375,658.3043823242188
195,player,6,562.8111572265625,514.7196044921875,449.8825988769531,758.596923828125
195,player,12,315.6690673828125,421.1102294921875,319.5743408203125,429.76092529296875
195,player,1,979.4628295898438,485.3970947265625,792.4149169921875,782.4134521484375
195,player,20,260.3258972167969,433.17718505859375,268.2840576171875,450.79962158203125
195,player,38,568.4625244140625,338.10626220703125,610.669677734375,205.2117156982422
195,player,23,504.8577880859375,354.30523681640625,533.5330810546875,250.71566772460938
195,player,35,661.8749389648438,479.35809326171875,551.4717407226562,688.3612060546875
195,player,36,1157.9815673828125,569.9205932617188,833.0423583984375,1017.3685913085938
195,player,39,598.3033447265625,478.4940185546875,506.721435546875,662.7562255859375
195,player,7,648.2057495117188,486.17724609375,538.7960205078125,696.8970947265625
195,player,33,302.82861328125,391.516357421875,316.11395263671875,383.3998718261719
196,player,6,562.8997802734375,513.7218627929688,450.2478942871094,757.206787109375
196,player,1,976.989501953125,484.0364990234375,791.6104736328125,780.6485595703125
196,player,38,567.3334350585938,332.551025390625,611.5079345703125,195.86822509765625
196,player,23,503.744873046875,353.73492431640625,533.2305297851562,248.6485595703125
196,player,12,316.4273681640625,419.755615234375,320.4168395996094,429.30950927734375
196,player,20,261.7830810546875,433.40533447265625,269.1042175292969,453.44720458984375
196,player,35,662.8251342773438,478.238525390625,551.9503784179688,687.469482421875
196,player,36,1157.978271484375,570.5072631835938,831.4578857421875,1018.9681396484375
196,player,7,628.877685546875,495.7713623046875,529.722412109375,706.4714965820312
196,player,39,601.611328125,488.98211669921875,503.5234375,675.7807006835938
196,player,37,648.15380859375,484.17767333984375,554.0020751953125,685.8840942382812
196,player,3,581.84521484375,509.1209716796875,485.62750244140625,718.5070190429688
197,player,6,564.1860961914062,513.336181640625,450.906982421875,756.0693359375
197,player,1,976.4267578125,484.9560546875,790.5675659179688,780.290283203125
197,player,20,262.61383056640625,434.6717834472656,269.63873291015625,456.6198425292969
197,player,38,565.9168701171875,349.345947265625,605.2027587890625,212.8995361328125
197,player,23,502.24237060546875,353.42474365234375,532.6639404296875,246.7502899169922
197,player,12,318.45611572265625,419.82586669921875,321.52496337890625,429.27069091796875
197,player,36,1156.38330078125,570.7284545898438,829.9490966796875,1020.0416259765625
197,player,35,661.3154296875,478.0362548828125,551.9151611328125,686.5709838867188
197,player,7,631.4217529296875,492.96136474609375,525.26123046875,710.3388671875
197,player,37,647.6298828125,485.61480712890625,547.3897705078125,691.5172729492188
198,player,6,566.4105224609375,513.687255859375,451.81982421875,755.818359375
198,player,20,263.9927062988281,434.92706298828125,270.32177734375,459.0771484375
198,player,1,976.0521850585938,486.0423583984375,789.3557739257812,781.0116577148438
198,player,38,565.059326171875,353.6734924316406,599.237548828125,229.6937255859375
198,player,23,502.0833435058594,356.0834655761719,531.35498046875,249.04791259765625
198,player,12,317.9788513183594,420.5058898925781,321.96820068359375,429.97021484375
198,player,36,1154.353759765625,570.3211669921875,828.618896484375,1020.27880859375
198,player,35,665.074462890625,477.04022216796875,553.198974609375,685.35791015625
198,player,7,638.388671875,483.14678955078125,526.947021484375,704.3324584960938
199,player,6,569.0985717773438,513.99560546875,453.026123046875,756.1435546875
199,player,20,265.1068115234375,435.1028137207031,271.0423583984375,460.96026611328125
199,player,1,974.1285400390625,487.27093505859375,787.5589599609375,782.4288330078125
199,player,23,501.33233642578125,356.2690734863281,530.2061767578125,250.71832275390625
199,player,12,317.57080078125,421.7490234375,321.8824768066406,431.78656005859375
199,player,36,1152.244140625,568.7740478515625,827.8143310546875,1019.1297607421875
199,player,38,562.478271484375,356.88848876953125,593.3749389648438,244.6346893310547
199,player,35,666.6426391601562,476.40850830078125,554.64404296875,684.1007690429688
199,player,7,633.7445068359375,487.56060791015625,525.5658569335938,704.1597900390625
199,player,37,652.3995971679688,477.9996337890625,546.5640258789062,688.4169921875
200,player,6,571.797607421875,512.9385375976562,454.7571105957031,755.6473999023438
200,player,20,266.36297607421875,434.4444274902344,271.9781494140625,461.5746765136719
200,player,12,318.69647216796875,422.7242126464844,321.942626953125,434.1568603515625
200,player,23,500.63995361328125,357.1818542480469,528.9384155273438,252.95062255859375
200,player,1,973.5072631835938,486.13787841796875,786.6705322265625,782.2711181640625
200,player,36,1151.673828125,567.2025146484375,827.7439575195312,1017.18115234375
200,player,38,559.283935546875,353.85516357421875,589.652099609375,250.02493286132812
200,player,37,649.5813598632812,478.593017578125,545.0972290039062,686.7276611328125
200,player,35,662.6633911132812,476.237548828125,554.561279296875,682.7852783203125
200,player,7,638.4044799804688,486.61614990234375,526.1696166992188,703.5584716796875
201,player,6,572.50244140625,513.0216064453125,456.0425109863281,755.455078125
201,player,20,267.9523010253906,433.80841064453125,273.1429748535156,461.4161071777344
201,player,12,322.7197265625,422.973388671875,323.06610107421875,436.3232116699219
201,player,23,499.95379638671875,357.1579284667969,527.9069213867188,254.30641174316406
201,player,1,972.4609375,487.2747497558594,785.3594970703125,783.1087646484375
201,player,38,557.7286376953125,354.16650390625,586.626708984375,253.79827880859375
201,player,36,1151.4737548828125,567.6343994140625,827.4849853515625,1016.216552734375
201,player,35,656.7442626953125,477.3546142578125,552.5830688476562,682.4942626953125
201,player,7,638.458251953125,487.0562744140625,526.45263671875,703.581298828125
202,player,6,573.3781127929688,512.62890625,457.19793701171875,755.0564575195312
202,player,20,269.11090087890625,435.2698974609375,273.95404052734375,463.00262451171875
202,player,1,971.678466796875,488.3160400390625,783.8848876953125,784.5269775390625
202,player,23,498.86773681640625,356.3478698730469,527.1640014648438,254.01272583007812
202,player,12,323.6675109863281,425.2381591796875,323.5919494628906,440.337158203125
202,player,35,667.0609130859375,477.3096923828125,554.0880737304688,683.1314697265625
202,player,38,556.6157836914062,356.615966796875,583.4259033203125,259.397216796875
202,player,36,1151.444580078125,567.8470458984375,827.22900390625,1015.74365234375
202,player,7,637.499755859375,492.3126220703125,524.9169311523438,708.3697509765625
203,player,6,575.0936889648438,512.5345458984375,458.41156005859375,754.8539428710938
203,player,20,271.1209716796875,436.2768249511719,274.85333251953125,465.29730224609375
203,player,1,970.114013671875,487.5626220703125,782.7987060546875,784.63525390625
203,player,38,556.6983642578125,356.768310546875,581.3167724609375,263.24560546875
203,player,23,498.3612060546875,355.92266845703125,526.6630249023438,253.20989990234375
203,player,12,324.4679870605469,425.61102294921875,324.08160400390625,443.42926025390625
203,player,7,622.7213134765625,503.26043701171875,517.0826416015625,720.1797485351562
203,player,36,1151.082763671875,568.005615234375,826.9127197265625,1015.5238647460938
203,player,35,665.2230224609375,477.2681884765625,554.5836181640625,683.3513793945312
204,player,6,576.0638427734375,511.63739013671875,459.66876220703125,754.012451171875
204,player,20,271.47491455078125,436.234619140625,275.54345703125,466.773193359375
204,player,1,969.033447265625,487.37908935546875,781.871826171875,784.4476318359375
204,player,38,555.5432739257812,360.770751953125,578.1566772460938,270.8988342285156
204,player,12,331.4691162109375,427.86407470703125,325.8977966308594,448.5343017578125
204,player,7,620.3526000976562,504.27044677734375,511.1080322265625,728.564208984375
204,player,23,496.64617919921875,355.1062927246094,526.06884765625,251.44232177734375
204,player,36,1150.06201171875,567.7716064453125,826.541748046875,1015.1268310546875
204,player,35,655.9763793945312,477.145751953125,552.4522705078125,682.5989990234375
204,player,33,306.2233581542969,431.51593017578125,312.9110107421875,411.3632507324219
205,player,6,578.4236450195312,509.870361328125,461.5268859863281,752.0993041992188
205,player,1,968.300048828125,486.77978515625,781.30615234375,783.7208251953125
205,player,20,271.30584716796875,435.0149841308594,276.16876220703125,466.39434814453125
205,player,38,555.048583984375,361.69696044921875,575.6203002929688,277.0360412597656
205,player,12,332.869873046875,429.9009704589844,327.0452880859375,454.21356201171875
205,player,35,655.470947265625,476.63250732421875,551.0816650390625,681.5790405273438
205,player,33,318.1443176269531,431.0201416015625,314.2555847167969,430.016845703125
205,player,36,1148.68310546875,568.0607299804688,825.848876953125,1014.9705810546875
205,player,7,606.8345336914062,505.84173583984375,503.3101806640625,734.30615234375
205,player,23,495.44854736328125,354.02191162109375,525.6655883789062,248.734619140625
205,player,37,634.5678100585938,498.9256591796875,534.451904296875,703.1917724609375
205,player,40,286.72833251953125,434.64764404296875,289.7382507324219,468.30072021484375
206,player,6,583.05419921875,510.98358154296875,463.6493225097656,752.2152099609375
206,player,20,271.9459228515625,435.0445556640625,276.7470397949219,466.23468017578125
206,player,12,334.73651123046875,428.9217529296875,328.5191955566406,456.9897155761719
206,player,1,965.92919921875,487.60198974609375,779.9722290039062,783.790283203125
206,player,35,656.110595703125,476.38104248046875,550.4370727539062,680.73046875
206,player,38,552.493896484375,361.82464599609375,573.1268310546875,280.95513916015625
206,player,23,495.3583984375,353.4344787597656,525.5704956054688,246.1800537109375
206,player,37,641.407958984375,492.4945068359375,531.0968017578125,708.60791015625
206,player,36,1147.42578125,568.0419921875,825.0931396484375,1014.7542724609375
207,player,20,271.8038330078125,435.937255859375,276.9197998046875,467.08807373046875
207,player,12,337.93536376953125,433.13134765625,329.4903564453125,463.6722412109375
207,player,1,964.8228759765625,487.6585693359375,778.7830810546875,783.7923583984375
207,player,38,551.1275634765625,360.8838195800781,571.4088745117188,282.1487121582031
207,player,23,495.11346435546875,353.2645263671875,525.4879760742188,244.2691650390625
207,player,6,585.7133178710938,509.52960205078125,466.07403564453125,751.2242431640625
207,player,7,620.45703125,505.7083740234375,501.80462646484375,739.0362548828125
207,player,36,1146.6485595703125,569.226806640625,823.9631958007812,1015.4218139648438
207,player,37,635.168701171875,503.0264892578125,524.399658203125,721.1487426757812
207,player,35,658.565185546875,477.49224853515625,550.3519287109375,681.4427490234375
208,player,20,273.3683776855469,435.1390380859375,277.61175537109375,466.9093017578125
208,player,12,339.8800964355469,434.9664306640625,330.2803955078125,470.1731262207031
208,player,38,550.68310546875,363.6156005859375,569.1962890625,286.43817138671875
208,player,1,964.043212890625,487.81866455078125,777.7362060546875,783.8720092773438
208,player,23,494.484619140625,353.62640380859375,525.115478515625,243.45343017578125
208,player,37,632.490966796875,509.210205078125,517.7028198242188,734.570068359375
208,player,6,576.07861328125,507.61602783203125,465.6439208984375,748.0982055664062
208,player,7,623.2196044921875,507.077880859375,501.1815185546875,743.5532836914062
208,player,36,1146.5565185546875,568.8258056640625,823.3565063476562,1015.553955078125
208,player,35,667.4108276367188,474.3685302734375,553.6105346679688,679.6741333007812
209,player,12,343.39166259765625,438.24420166015625,331.08624267578125,478.23052978515625
209,player,20,273.1667785644531,435.90277099609375,277.8652038574219,467.60504150390625
209,player,6,581.8189086914062,506.46441650390625,467.132080078125,745.5107421875
209,player,38,549.5363159179688,363.7568359375,567.3509521484375,289.3034362792969
209,player,1,963.3403930664062,487.325439453125,777.05810546875,783.41796875
209,player,37,633.2959594726562,509.836181640625,513.3922119140625,743.9110107421875
209,player,23,492.6336975097656,353.19964599609375,524.4310913085938,242.1796875
209,player,35,667.6139526367188,474.0298767089844,555.8851318359375,678.2175903320312
209,player,36,1146.488525390625,568.7250366210938,822.983154296875,1015.560302734375
210,player,6,571.5783081054688,505.396484375,465.7193908691406,742.0390625
210,player,20,275.1785888671875,437.48345947265625,278.2955017089844,469.9388122558594
210,player,38,550.2235107421875,364.4324951171875,566.1307373046875,292.10394287109375
210,player,12,345.7411804199219,439.3410339355469,332.03240966796875,484.84307861328125
210,player,1,963.9799194335938,487.521240234375,776.714111328125,783.3543701171875
210,player,35,667.07470703125,473.8555908203125,557.2700805664062,677.058349609375
210,player,37,633.6488037109375,507.70159912109375,511.2470703125,748.1285400390625
210,player,36,1146.456298828125,568.0120849609375,823.000732421875,1015.0377197265625
210,player,23,492.3937072753906,353.28497314453125,523.8822021484375,241.44384765625
211,player,38,550.227294921875,366.25372314453125,564.7070922851562,296.2736511230469
211,player,6,586.4956665039062,506.6334228515625,468.34661865234375,742.1051025390625
211,player,12,345.31085205078125,439.0423583984375,332.59051513671875,488.78497314453125
211,player,1,963.5108642578125,487.0630187988281,776.5427856445312,782.8584594726562
211,player,20,276.0475769042969,438.800537109375,278.5731201171875,472.94940185546875
211,player,35,662.8035888671875,474.927734375,556.6953125,676.9698486328125
211,player,23,490.8275451660156,354.19500732421875,522.7303466796875,242.03843688964844
211,player,36,1146.4896240234375,566.3392333984375,823.6515502929688,1013.46728515625
211,player,7,610.12744140625,508.2130126953125,497.09710693359375,746.4232177734375
212,player,38,549.7122802734375,364.90411376953125,564.089111328125,297.1968688964844
212,player,3,570.3093872070312,502.84234619140625,478.0464172363281,722.0933837890625
212,player,1,962.3716430664062,486.5744323730469,776.3135986328125,781.996337890625
212,player,12,342.8410949707031,438.07281494140625,332.4708557128906,490.09735107421875
212,player,20,278.2947998046875,439.71026611328125,279.2056884765625,476.0747375488281
212,player,7,621.3892822265625,507.10260009765625,497.64154052734375,748.226806640625
212,player,23,488.1742858886719,352.5430908203125,521.6903686523438,239.96478271484375
212,player,35,667.71875,474.21893310546875,557.8618774414062,676.6495971679688
212,player,6,587.4561767578125,505.15277099609375,470.67578125,740.9066162109375
212,player,36,1146.3828125,565.9503173828125,824.195068359375,1012.150634765625
213,player,38,548.4505615234375,366.2396240234375,562.8324584960938,299.4021911621094
213,player,12,342.3656005859375,437.98687744140625,332.2791442871094,490.8175964355469
213,player,3,572.137939453125,501.284912109375,473.9814758300781,723.171630859375
213,player,6,594.639892578125,505.15582275390625,474.04827880859375,740.7185668945312
213,player,1,961.13427734375,487.0716247558594,775.6343994140625,781.7810668945312
213,player,23,487.27105712890625,352.2865295410156,520.8138427734375,238.18817138671875
213,player,35,670.775390625,473.0616455078125,559.795654296875,675.5909423828125
213,player,36,1146.203857421875,566.2386474609375,824.3947143554688,1011.4934692382812
213,player,20,283.0699462890625,437.65863037109375,281.3136901855469,476.3033752441406
213,player,41,461.65667724609375,351.28607177734375,497.0004577636719,224.24420166015625
214,player,12,342.84576416015625,438.79473876953125,332.1197509765625,492.19317626953125
214,player,6,599.351318359375,505.33685302734375,477.4139404296875,741.1436767578125
214,player,1,960.4847412109375,487.696044921875,774.7730712890625,782.1508178710938
214,player,38,546.8346557617188,366.37091064453125,561.4680786132812,300.85565185546875
214,player,20,280.021484375,437.688720703125,281.8363952636719,476.22552490234375
214,player,23,487.83294677734375,355.580322265625,519.3379516601562,241.49325561523438
214,player,3,574.4547119140625,498.3060302734375,472.69085693359375,721.3654174804688
214,player,36,1145.9605712890625,566.8812866210938,824.2213134765625,1011.5211181640625
214,player,35,666.0133056640625,472.9927978515625,559.7836303710938,674.4338989257812
214,player,41,460.7835693359375,351.224853515625,496.7442626953125,224.08050537109375
215,player,12,342.805908203125,438.14410400390625,332.1402893066406,492.38623046875
215,player,6,600.81982421875,504.0205078125,480.3203125,740.36474609375
215,player,1,960.241455078125,487.96746826171875,774.0414428710938,782.61572265625
215,player,23,484.966064453125,355.93017578125,517.3634033203125,243.8419189453125
215,player,35,668.9088134765625,472.3616943359375,560.7503051757812,673.320556640625
215,player,41,455.21807861328125,351.12835693359375,494.8512878417969,223.32754516601562
215,player,38,547.3533325195312,363.0901184082031,561.8781127929688,297.60833740234375
215,player,36,1146.074462890625,567.9619750976562,823.7294921875,1012.3446044921875
215,player,20,290.56951904296875,437.85394287109375,285.05865478515625,477.2491149902344
215,player,3,559.80029296875,470.9088134765625,475.05584716796875,693.2139282226562
216,player,12,350.0942077636719,436.098876953125,334.6060791015625,490.93353271484375
216,player,1,960.1747436523438,488.1064453125,773.49365234375,783.037841796875
216,player,6,604.892822265625,504.6964111328125,483.09112548828125,740.79638671875
216,player,23,484.0054016113281,355.4862060546875,515.9226684570312,244.6884307861328
216,player,33,309.095947265625,441.4571228027344,310.5504455566406,452.6495056152344
216,player,36,1146.8868408203125,567.5751953125,823.7574462890625,1012.660400390625
216,player,3,562.0927734375,469.60662841796875,477.5579833984375,673.8397827148438
216,player,38,546.1948852539062,360.36444091796875,562.7330322265625,291.83734130859375
216,player,41,451.70965576171875,351.686279296875,492.338134765625,223.2666015625
216,player,35,674.3494873046875,471.34765625,563.162109375,672.081787109375
216,player,42,551.8220825195312,445.42425537109375,493.0304260253906,565.8252563476562
217,player,12,351.7027282714844,437.1405029296875,336.435302734375,491.24835205078125
217,player,1,959.4088134765625,489.3441162109375,772.4490966796875,784.3634033203125
217,player,6,607.6282348632812,503.748291015625,485.84735107421875,740.4540405273438
217,player,23,483.96826171875,355.04547119140625,515.1181640625,244.6475830078125
217,player,33,312.7628479003906,442.27349853515625,308.9925231933594,468.5413818359375
217,player,36,1147.56787109375,568.76904296875,823.4952392578125,1013.7985229492188
217,player,38,544.9716796875,362.5921630859375,562.1292724609375,290.8792724609375
217,player,42,545.9146728515625,416.32952880859375,499.7759704589844,533.9298706054688
217,player,35,671.972900390625,470.7817077636719,564.2564697265625,670.529541015625
217,player,41,451.1906433105469,351.37908935546875,490.63739013671875,222.76402282714844
217,player,43,364.54510498046875,435.09442138671875,351.2952575683594,488.6697082519531
217,player,3,550.92724609375,468.53314208984375,476.45233154296875,659.2566528320312
218,player,12,352.7197265625,437.3768005371094,337.85662841796875,491.7938232421875
218,player,1,959.4788208007812,490.97186279296875,771.15869140625,786.6939697265625
218,player,6,606.10986328125,503.47991943359375,487.3144836425781,739.86669921875
218,player,35,677.2374267578125,473.93450927734375,565.4376220703125,672.995849609375
218,player,42,546.5465698242188,407.34423828125,507.07025146484375,503.0622863769531
218,player,3,549.0224609375,469.275390625,475.02392578125,650.3433837890625
218,player,23,484.1658935546875,354.6954040527344,514.7716674804688,244.17205810546875
218,player,38,545.65234375,353.86322021484375,565.0213623046875,278.8240966796875
218,player,44,547.0553588867188,467.3290710449219,472.3131103515625,627.8673095703125
218,player,36,1148.0972900390625,569.0850830078125,823.3373413085938,1014.8128662109375
218,player,33,308.09765625,444.45941162109375,306.27532958984375,480.7958679199219
218,player,45,586.4365844726562,479.9185791015625,493.0022888183594,672.0548706054688
218,player,41,450.82940673828125,350.3433532714844,489.74365234375,221.00225830078125
219,player,12,352.4119873046875,435.9971923828125,338.98785400390625,490.63690185546875
219,player,1,959.490966796875,491.44482421875,770.1405029296875,788.6338500976562
219,player,45,585.862548828125,480.78594970703125,492.61676025390625,672.8294677734375
219,player,35,676.3854370117188,474.748779296875,565.7281494140625,675.305419921875
219,player,44,545.6644287109375,452.51751708984375,475.89874267578125,612.9235229492188
219,player,3,545.3103637695312,467.21673583984375,473.6324157714844,642.21923828125
219,player,38,545.873291015625,362.32373046875,563.9918212890625,282.15478515625
219,player,33,304.9859619140625,446.23919677734375,303.31658935546875,490.3780822753906
219,player,23,483.8489074707031,354.4498291015625,514.52685546875,243.50550842285156
219,player,36,1148.71240234375,569.780029296875,823.1260375976562,1016.03125
219,player,42,560.047119140625,473.94287109375,496.66748046875,554.2778930664062
219,player,41,450.1010437011719,350.6285400390625,488.8429260253906,220.1759033203125
219,player,7,624.3668212890625,494.4443359375,502.14752197265625,738.2521362304688
220,player,6,594.5341796875,497.3768310546875,486.8371887207031,733.0261840820312
220,player,1,958.961669921875,491.7769775390625,769.207763671875,790.1473388671875
220,player,12,354.36865234375,434.06719970703125,340.68017578125,487.96575927734375
220,player,35,664.579833984375,479.7086181640625,561.2546997070312,680.5216064453125
220,player,38,544.5128173828125,371.2193603515625,559.8473510742188,295.6255798339844
220,player,23,482.68096923828125,354.38818359375,514.0202026367188,242.88162231445312
220,player,44,543.2255859375,447.09051513671875,479.04132080078125,597.427490234375
220,player,3,542.2236328125,456.20733642578125,474.8110046386719,625.7049560546875
220,player,46,674.6226806640625,475.12896728515625,564.578125,680.2061767578125
220,player,36,1149.033447265625,569.5075073242188,823.1707763671875,1016.649169921875
220,player,41,447.6015930175781,351.9727783203125,487.04815673828125,221.22415161132812
221,player,6,594.7210693359375,499.8177490234375,485.9437255859375,730.8082275390625
221,player,12,356.24969482421875,432.96368408203125,342.54248046875,485.193115234375
221,player,1,959.091552734375,491.843505859375,768.61083984375,791.20166015625
221,player,3,539.073486328125,455.69873046875,474.848876953125,614.188232421875
221,player,20,307.4570007324219,444.25286865234375,290.5823059082031,486.1830139160156
221,player,35,656.5479736328125,497.837890625,551.010986328125,699.9915161132812
221,player,44,540.27685546875,446.92938232421875,480.309326171875,586.9354248046875
221,player,38,542.5103759765625,390.912353515625,550.0675048828125,328.50946044921875
221,player,41,445.6061096191406,350.9317626953125,485.57708740234375,220.31396484375
221,player,36,1149.341552734375,568.9786376953125,823.4752807617188,1016.6876220703125
222,player,12,361.0668640136719,430.5908203125,345.6164245605469,481.2181701660156
222,player,1,958.7291259765625,492.46820068359375,767.8845825195312,792.4150390625
222,player,3,534.9614868164062,458.095947265625,473.10772705078125,608.7720947265625
222,player,45,582.3154296875,487.648681640625,489.6083679199219,679.48583984375
222,player,35,659.1792602539062,504.7869873046875,543.11083984375,719.0927734375
222,player,41,443.9130859375,351.4958190917969,483.911376953125,220.3282928466797
222,player,38,538.6141357421875,372.8040466308594,548.4458618164062,327.22222900390625
222,player,20,313.846435546875,444.8331298828125,295.81298828125,493.14459228515625
222,player,46,675.3589477539062,476.4976806640625,564.364501953125,681.5722045898438
222,player,44,538.1546630859375,449.19482421875,479.92584228515625,582.271728515625
222,player,42,575.0513305664062,473.46502685546875,494.0656433105469,588.3666381835938
222,player,43,332.80859375,438.98248291015625,341.66326904296875,490.143310546875
223,player,12,366.35064697265625,434.985107421875,348.131103515625,483.86273193359375
223,player,45,578.1224975585938,483.2554931640625,487.69488525390625,679.346923828125
223,player,1,957.04931640625,487.70391845703125,768.8017578125,788.7775268554688
223,player,35,658.3470458984375,506.38330078125,537.3204345703125,732.856201171875
223,player,3,532.1234741210938,458.6314697265625,471.05828857421875,605.5492553710938
223,player,41,443.0836181640625,351.1614074707031,482.6710205078125,219.8086395263672
223,player,20,317.8271484375,445.05303955078125,300.26165771484375,498.2388000488281
223,player,38,539.9852294921875,357.0691833496094,553.2046508789062,306.1764831542969
223,player,44,539.6524658203125,451.1360778808594,479.56329345703125,581.3611450195312
223,player,43,332.5032043457031,444.46527099609375,334.20867919921875,496.90972900390625
224,player,12,366.1596374511719,434.67388916015625,349.78033447265625,485.2289733886719
224,player,1,956.4052734375,487.67230224609375,769.2357177734375,786.3297119140625
224,player,45,573.5308837890625,482.79180908203125,485.35260009765625,678.4367065429688
224,player,35,657.168212890625,504.5113525390625,533.7647705078125,740.0442504882812
224,player,20,315.38494873046875,446.467041015625,302.2091369628906,502.83441162109375
224,player,41,442.1819152832031,351.51141357421875,481.471923828125,219.86058044433594
224,player,43,330.21466064453125,447.2189025878906,328.185546875,504.0140380859375
224,player,38,538.56005859375,360.1845703125,554.7642822265625,296.464111328125
224,player,3,527.79296875,458.4722595214844,468.58416748046875,602.9268798828125
224,player,44,537.9371337890625,461.34906005859375,476.12469482421875,590.94677734375
224,player,47,378.4757995605469,431.8993225097656,364.43499755859375,482.18701171875
225,player,12,369.271728515625,435.9694519042969,351.4364013671875,487.78167724609375
225,player,1,955.1793212890625,487.78070068359375,769.1435546875,784.7322998046875
225,player,43,325.0770568847656,446.95526123046875,322.91668701171875,507.9207458496094
225,player,41,442.4090576171875,351.33221435546875,480.81964111328125,219.67315673828125
225,player,35,654.2776489257812,504.717529296875,530.6452026367188,744.662109375
225,player,42,568.497802734375,481.00286865234375,488.6226501464844,617.1876220703125
225,player,3,528.051513671875,462.01190185546875,466.1226501464844,604.7888793945312
225,player,38,536.5064697265625,363.9985046386719,553.8233032226562,294.93072509765625
225,player,46,675.9437255859375,476.63958740234375,564.3406372070312,682.6444091796875
226,player,1,954.1422119140625,487.64373779296875,768.8558349609375,783.4818115234375
226,player,35,654.1907958984375,504.52001953125,528.6490478515625,747.4808349609375
226,player,12,372.0606994628906,433.7181396484375,353.78594970703125,487.24761962890625
226,player,3,523.3357543945312,464.2601318359375,462.6606750488281,607.836181640625
226,player,41,441.7925109863281,350.74755859375,480.382568359375,218.70303344726562
226,player,43,326.9585266113281,446.3476867675781,320.1270446777344,509.98046875
226,player,42,567.20361328125,479.8121337890625,485.0513000488281,634.6824340820312
226,player,38,536.2353515625,363.36358642578125,553.3443603515625,293.08544921875
227,player,1,953.7049560546875,487.5670166015625,768.580078125,782.5623779296875
227,player,35,657.9092407226562,503.84185791015625,528.5057373046875,749.0152587890625
227,player,12,375.33233642578125,432.09588623046875,356.5886535644531,485.420166015625
227,player,20,319.0714111328125,446.0954284667969,304.5565185546875,505.7418518066406
227,player,42,566.4217529296875,480.51678466796875,482.3372802734375,646.6583862304688
227,player,41,441.47552490234375,350.0478515625,480.2156982421875,217.09439086914062
227,player,38,535.6438598632812,369.76910400390625,550.6770629882812,300.0723571777344
227,player,3,520.899169921875,462.91510009765625,460.0943603515625,608.27490234375
228,player,35,662.82177734375,502.68597412109375,530.0130004882812,749.3863525390625
228,player,1,952.8402099609375,486.9265441894531,768.4149169921875,781.31103515625
228,player,12,377.6859130859375,430.577880859375,359.4104309082031,482.78033447265625
228,player,38,535.8306884765625,369.20989990234375,549.1890869140625,303.91754150390625
228,player,20,322.32623291015625,446.17132568359375,306.9588928222656,507.98681640625
228,player,3,518.567626953125,463.02935791015625,457.7636413574219,608.476806640625
228,player,41,441.3528137207031,349.2130126953125,480.32818603515625,214.90293884277344
228,player,42,568.8973999023438,481.890380859375,480.87371826171875,655.951171875
229,player,1,952.281982421875,487.1649169921875,768.0637817382812,780.6661376953125
229,player,35,667.451416015625,500.53985595703125,532.8023071289062,748.0885009765625
229,player,12,381.358642578125,430.0436096191406,362.3964538574219,480.7967834472656
229,player,38,535.106689453125,369.47308349609375,547.9095458984375,306.6863708496094
229,player,43,327.8389892578125,444.3161315917969,318.9588317871094,509.25103759765625
229,player,41,440.1522216796875,349.19720458984375,480.02655029296875,213.34559631347656
229,player,42,570.0830688476562,483.66644287109375,479.7745361328125,663.7667846679688
229,player,3,516.3399047851562,462.99969482421875,455.6512756347656,608.390380859375
230,player,1,951.5367431640625,487.66522216796875,767.4398803710938,780.6365356445312
230,player,35,673.0109252929688,497.97247314453125,536.7987670898438,745.394287109375
230,player,12,386.70111083984375,430.5157470703125,365.73046875,480.4830017089844
230,player,38,534.1068115234375,364.605712890625,548.4132080078125,302.1401672363281
230,player,43,331.69903564453125,446.42352294921875,318.8380126953125,511.32586669921875
230,player,42,563.424560546875,484.4402160644531,477.0933837890625,669.0210571289062
230,player,41,439.130126953125,349.249267578125,479.49114990234375,212.30935668945312
230,player,3,517.177978515625,465.2012939453125,453.94500732421875,610.5901489257812
231,player,1,950.8118896484375,487.90625,766.744873046875,780.773681640625
231,player,35,679.072265625,493.779052734375,542.196533203125,740.3432006835938
231,player,38,533.5610961914062,372.0382080078125,546.0706787109375,308.65057373046875
231,player,12,388.5498046875,430.2314453125,368.48193359375,480.1278381347656
231,player,42,561.3839721679688,483.1758728027344,475.1350402832031,671.0753784179688
231,player,43,328.33941650390625,444.36065673828125,318.24951171875,510.21502685546875
231,player,41,438.4779968261719,349.9914245605469,478.70709228515625,212.58401489257812
231,player,3,532.26025390625,468.80621337890625,455.99188232421875,616.84033203125
231,player,36,1151.478759765625,570.9293212890625,823.4696044921875,1018.3126220703125
232,player,1,950.2658081054688,488.04779052734375,766.090576171875,780.9443359375
232,player,12,393.2945556640625,428.66510009765625,371.9664306640625,478.5921325683594
232,player,42,559.253662109375,483.39080810546875,473.24139404296875,672.4361572265625
232,player,38,533.5894775390625,364.15228271484375,547.2111206054688,302.7821350097656
232,player,35,683.2139892578125,496.54302978515625,545.9968872070312,739.9138793945312
232,player,43,329.1317443847656,444.80145263671875,317.9966125488281,510.02587890625
232,player,3,533.590576171875,474.2059326171875,456.3006286621094,626.2698974609375
232,player,41,437.82879638671875,350.00396728515625,477.98858642578125,212.71939086914062
233,player,1,949.5571899414062,488.318603515625,765.3690185546875,781.23974609375
233,player,38,532.2296142578125,363.80096435546875,547.6482543945312,298.3868103027344
233,player,35,693.11328125,491.3543701171875,552.5994262695312,735.7353515625
233,player,12,396.01220703125,427.8695373535156,375.18243408203125,476.95556640625
233,player,43,329.63177490234375,445.46441650390625,317.83721923828125,510.644775390625
233,player,42,548.1283569335938,482.92962646484375,469.1761779785156,671.9593505859375
233,player,41,437.6850891113281,349.58734130859375,477.60498046875,212.22805786132812
233,player,7,643.92236328125,494.07049560546875,510.32342529296875,733.0477294921875
233,player,36,1151.0477294921875,570.3046875,823.5938720703125,1018.8776245117188
234,player,1,949.0797119140625,488.8311767578125,764.5733642578125,781.8541259765625
234,player,35,696.04443359375,493.71502685546875,556.9688720703125,735.4185791015625
234,player,43,331.7433166503906,447.22332763671875,317.96160888671875,513.07568359375
234,player,38,531.5454711914062,365.19207763671875,547.2474365234375,297.26751708984375
234,player,42,551.4017944335938,482.8168029785156,467.43109130859375,671.815185546875
234,player,12,402.83258056640625,428.56231689453125,379.0333251953125,477.24053955078125
234,player,3,534.2632446289062,479.30517578125,455.3934326171875,637.3536987304688
234,player,41,438.16387939453125,349.5762939453125,477.5103759765625,211.9380645751953
234,player,47,387.1501159667969,428.28985595703125,367.69189453125,478.9890441894531
234,player,36,1156.389404296875,565.62841796875,826.7734375,1016.2352294921875
235,player,35,701.4182739257812,493.93524169921875,561.1641845703125,735.8604736328125
235,player,1,948.277099609375,489.32470703125,763.6494140625,782.63037109375
235,player,42,555.9727783203125,483.18603515625,467.41571044921875,672.45068359375
235,player,43,335.00885009765625,444.49554443359375,319.48486328125,512.06005859375
235,player,12,407.4521179199219,428.833984375,382.7742919921875,478.1220703125
235,player,38,530.8763427734375,375.45880126953125,543.357421875,309.5506286621094
235,player,3,540.50439453125,483.460205078125,455.41961669921875,649.02294921875
235,player,47,386.95465087890625,428.35565185546875,369.73870849609375,476.9657287597656
235,player,48,420.9791259765625,420.15576171875,406.6981506347656,455.6700439453125
235,player,36,1156.638916015625,566.2147827148438,828.6788330078125,1014.9708251953125
235,player,41,437.96795654296875,349.0921630859375,477.53692626953125,211.07281494140625
236,player,1,946.9945678710938,489.7618408203125,762.5346069335938,783.419921875
236,player,35,700.6109619140625,492.49957275390625,564.1044921875,734.7725830078125
236,player,43,344.5189208984375,441.833251953125,323.6366882324219,509.3858337402344
236,player,12,413.9665832519531,433.68597412109375,385.8869934082031,484.53289794921875
236,player,3,545.208984375,485.45318603515625,456.182373046875,658.8760986328125
236,player,38,531.4222412109375,357.9281005859375,546.9039306640625,295.0296325683594
236,player,47,384.7378845214844,431.69744873046875,369.6829833984375,479.1117248535156
236,player,36,1145.97314453125,571.3463745117188,825.3325805664062,1017.0601196289062
237,player,1,946.288818359375,490.5074462890625,761.3340454101562,784.5440673828125
237,player,43,354.190673828125,441.41680908203125,329.0919189453125,508.02734375
237,player,35,701.439208984375,491.17315673828125,566.630859375,732.9222412109375
237,player,3,547.5400390625,484.69903564453125,457.484619140625,664.76513671875
237,player,38,531.236083984375,354.875,550.2100219726562,281.5281982421875
237,player,12,414.5604248046875,433.8128662109375,388.04656982421875,488.88812255859375
237,player,47,389.13800048828125,433.013671875,370.5801086425781,482.31439208984375
237,player,41,438.3788146972656,348.994873046875,477.7142639160156,210.41607666015625
237,player,44,535.0178833007812,384.56982421875,495.4256591796875,512.1050415039062
237,player,36,1145.882080078125,571.9929809570312,822.8936157226562,1018.8828125
238,player,1,947.0122680664062,493.52838134765625,759.5970458984375,788.041748046875
238,player,43,356.3134765625,440.15020751953125,333.491943359375,505.9760437011719
238,player,35,702.297119140625,490.05267333984375,568.8363037109375,730.7640380859375
238,player,3,541.6067504882812,481.87530517578125,457.46954345703125,665.432373046875
238,player,12,414.21832275390625,435.45416259765625,388.966796875,493.45849609375
238,player,42,555.6981201171875,482.232421875,467.5770263671875,671.9396362304688
238,player,38,530.4290161132812,360.1727294921875,550.2738647460938,279.6746826171875
238,player,36,1146.072021484375,572.010986328125,821.3485107421875,1020.0958862304688
238,player,49,1129.58203125,569.861328125,809.1008911132812,1014.080810546875
238,player,7,658.753662109375,479.644775390625,523.696533203125,717.5040283203125
238,player,44,532.49267578125,476.89056396484375,480.95977783203125,560.6868286132812
239,player,1,946.5631103515625,494.16143798828125,758.1071166992188,790.8417358398438
239,player,42,552.582763671875,478.36468505859375,467.8465576171875,667.6699829101562
239,player,43,355.1131591796875,439.14849853515625,336.2318115234375,503.470458984375
239,player,35,704.6732788085938,488.22674560546875,571.45166015625,727.8802490234375
239,player,12,416.8870849609375,432.80902099609375,390.9392395019531,493.804443359375
239,player,7,657.921142578125,467.8145751953125,535.6790771484375,695.9866943359375
239,player,3,533.0857543945312,477.63055419921875,456.26025390625,661.109130859375
239,player,38,529.0303955078125,373.83099365234375,545.293701171875,295.89923095703125
239,player,49,1129.841552734375,568.0035400390625,809.854248046875,1012.7352905273438
239,player,36,1144.945068359375,571.562744140625,820.232666015625,1020.467041015625
240,player,1,945.571533203125,494.079833984375,756.9033203125,792.505126953125
240,player,35,707.9443359375,488.7734375,573.8570556640625,726.7830200195312
240,player,3,540.4658203125,483.44091796875,455.9776916503906,664.4425659179688
240,player,7,658.3785400390625,467.77044677734375,543.6056518554688,681.996337890625
240,player,43,356.0406188964844,438.7247314453125,338.3596496582031,501.4674072265625
240,player,12,418.40380859375,429.5673828125,393.4244384765625,490.63580322265625
240,player,38,528.3052978515625,370.75567626953125,542.8494873046875,302.48455810546875
240,player,49,1129.551513671875,568.5282592773438,810.0770263671875,1012.223876953125
240,player,36,1143.796142578125,572.4435424804688,818.8950805664062,1021.2587280273438
240,player,47,387.9110412597656,434.17547607421875,370.55596923828125,485.5484924316406
241,player,35,712.0738525390625,489.30126953125,576.3593139648438,726.9006958007812
241,player,1,945.0120239257812,494.57281494140625,755.7840576171875,793.9781494140625
241,player,43,354.44512939453125,438.10302734375,339.4322814941406,499.36309814453125
241,player,3,543.3277587890625,481.3018798828125,457.09197998046875,664.8220825195312
241,player,12,427.91790771484375,423.45806884765625,399.22747802734375,482.67901611328125
241,player,7,656.2037353515625,466.21282958984375,548.6348266601562,671.1988525390625
241,player,38,527.685546875,369.21563720703125,541.5811157226562,304.74517822265625
241,player,49,1128.92578125,569.575927734375,809.6784057617188,1012.611572265625
241,player,36,1143.386474609375,572.5551147460938,817.8829345703125,1021.8218994140625
241,player,41,435.5552978515625,361.22491455078125,473.224853515625,226.09109497070312
242,player,35,713.4727783203125,489.777587890625,578.213134765625,727.5316162109375
242,player,1,944.1514892578125,492.84423828125,755.480224609375,793.3206787109375
242,player,43,355.13958740234375,438.2532958984375,340.2902526855469,498.2156982421875
242,player,41,437.58355712890625,379.2398681640625,465.683837890625,259.5484924316406
242,player,7,654.7608642578125,469.30303955078125,550.5818481445312,667.0661010742188
242,player,49,1128.468017578125,569.6520385742188,809.2777099609375,1012.8828125
242,player,3,538.6832275390625,479.53289794921875,457.0274963378906,662.9984741210938
242,player,12,426.9404602050781,423.468505859375,402.7189636230469,477.43377685546875
242,player,38,528.10009765625,402.706787109375,530.2384033203125,347.0907287597656
242,player,36,1142.0118408203125,573.133056640625,816.6708984375,1022.498779296875
242,player,48,442.38629150390625,426.0277099609375,411.32073974609375,464.0448913574219
242,player,50,527.267822265625,351.465087890625,556.1644287109375,242.36573791503906
243,player,35,720.959716796875,487.83111572265625,582.007568359375,726.7784423828125
243,player,1,943.3016967773438,493.48248291015625,754.8123779296875,793.3916015625
243,player,43,358.9810791015625,438.07257080078125,341.95220947265625,497.60394287109375
243,player,12,434.35040283203125,428.4637451171875,405.8506164550781,480.16717529296875
243,player,41,438.8356628417969,362.6031494140625,466.0115661621094,260.13604736328125
243,player,49,1129.528076171875,569.5964965820312,809.3004760742188,1013.103271484375
243,player,7,656.585693359375,470.6326904296875,551.9456176757812,665.8215942382812
243,player,3,532.7461547851562,476.61566162109375,456.137939453125,658.524658203125
243,player,47,373.86590576171875,437.43353271484375,365.89794921875,489.95635986328125
243,player,36,1141.310546875,572.9110107421875,815.792236328125,1022.7210693359375
243,player,38,525.824462890625,402.068359375,522.3884887695312,373.6687927246094
243,player,50,526.4149169921875,354.2989501953125,554.9068603515625,246.08096313476562
243,player,44,507.49609375,473.1702880859375,465.7965393066406,586.582275390625
244,player,35,723.206787109375,486.93975830078125,585.3487548828125,725.655029296875
244,player,1,941.4329833984375,490.9703369140625,754.82861328125,791.02978515625
244,player,43,363.6231689453125,438.89556884765625,344.1436767578125,498.48388671875
244,player,12,436.085205078125,430.2291259765625,407.9390869140625,484.0200500488281
244,player,41,438.17950439453125,376.00408935546875,462.1002197265625,277.6717224121094
244,player,7,661.003173828125,469.1606750488281,554.4743041992188,663.9622192382812
244,player,49,1128.29638671875,568.4111938476562,809.4491577148438,1012.276123046875
244,player,3,534.696044921875,479.7994384765625,455.27886962890625,658.826904296875
244,player,36,1141.928955078125,573.5055541992188,815.1533203125,1023.3475341796875
244,player,38,528.8652954101562,415.00274658203125,514.3150024414062,406.03521728515625
245,player,35,728.4144287109375,484.60919189453125,589.638671875,723.204345703125
245,player,1,940.2635498046875,490.91583251953125,754.5447387695312,789.346435546875
245,player,12,428.59234619140625,430.96728515625,407.00469970703125,486.6803894042969
245,player,43,370.05804443359375,438.70538330078125,347.39422607421875,499.401611328125
245,player,7,663.7403564453125,463.768798828125,558.5043334960938,657.723388671875
245,player,36,1140.49658203125,571.2720947265625,815.21337890625,1022.011962890625
245,player,49,1126.99853515625,567.4490966796875,809.5806884765625,1010.9249267578125
245,player,38,525.6834716796875,395.7818298339844,513.917724609375,404.57598876953125
245,player,42,555.5595703125,460.77783203125,473.46868896484375,647.9713745117188
245,player,3,536.7735595703125,477.8650207519531,455.7611999511719,657.3482055664062
246,player,12,432.7195739746094,433.181884765625,407.01739501953125,491.1654968261719
246,player,35,733.9017944335938,484.6929931640625,593.8712158203125,722.1505737304688
246,player,1,941.1278076171875,492.9920654296875,753.8056640625,790.186279296875
246,player,43,372.6247253417969,440.40911865234375,349.84796142578125,502.0354309082031
246,player,38,523.3702392578125,372.5456848144531,520.3453369140625,374.9438781738281
246,player,7,667.9654541015625,461.9337158203125,562.8482666015625,652.2215576171875
246,player,36,1140.4674072265625,568.5750732421875,816.251708984375,1019.164306640625
247,player,35,736.7545166015625,484.70166015625,597.3841552734375,721.713623046875
247,player,1,939.7979736328125,491.66815185546875,753.4688720703125,789.43408203125
247,player,12,431.4976806640625,428.32659912109375,407.87249755859375,488.6959533691406
247,player,43,382.5045166015625,440.1688232421875,354.23284912109375,504.3343505859375
247,player,3,531.727294921875,486.27734375,452.6380615234375,663.9432373046875
247,player,38,520.872314453125,363.47894287109375,526.7555541992188,343.8266906738281
247,player,36,1139.79443359375,566.6548461914062,817.4795532226562,1015.8441162109375
248,player,35,739.544189453125,484.3365478515625,600.5310668945312,721.3255615234375
248,player,43,389.0748291015625,442.4520263671875,358.3955078125,508.8123779296875
248,player,1,936.689697265625,487.91314697265625,753.8392333984375,785.29736328125
248,player,12,433.02001953125,428.47906494140625,408.8207702636719,487.38922119140625
248,player,36,1139.02587890625,566.458984375,818.1600341796875,1013.4794921875
248,player,38,521.7920532226562,363.6642150878906,531.1465454101562,323.9259033203125
248,player,3,519.3771362304688,489.2347412109375,446.636962890625,669.9751586914062
249,player,35,743.0362548828125,485.3675842285156,603.1857299804688,722.32275390625
249,player,43,391.7267150878906,445.7121887207031,361.10955810546875,515.383544921875
249,player,1,937.4114990234375,486.6138916015625,754.7720947265625,781.4915771484375
249,player,36,1138.302001953125,567.720458984375,817.94921875,1012.815185546875
249,player,12,437.5582275390625,425.59417724609375,411.43994140625,483.7662353515625
249,player,38,520.61669921875,362.43719482421875,534.0463256835938,309.2860107421875
249,player,3,514.4113159179688,487.18475341796875,441.92193603515625,671.5682373046875
250,player,35,748.7008056640625,484.16583251953125,606.8134155273438,722.333984375
250,player,3,508.59320068359375,487.17755126953125,437.3270263671875,672.1157836914062
250,player,43,392.62677001953125,446.8856201171875,362.8616943359375,520.96044921875
250,player,1,935.925537109375,489.453857421875,753.893310546875,781.4623413085938
250,player,36,1136.5634765625,568.1583251953125,817.2167358398438,1012.5662841796875
250,player,38,521.2557373046875,357.3546142578125,537.8528442382812,293.1577453613281
250,player,7,668.8839111328125,474.32366943359375,562.1448974609375,660.7619018554688
251,player,35,750.394775390625,482.33074951171875,610.2161865234375,720.7776489257812
251,player,3,506.61053466796875,485.26434326171875,434.27325439453125,670.5084228515625
251,player,1,933.7208862304688,489.5562744140625,752.6881713867188,781.3486328125
251,player,43,394.120361328125,447.4799499511719,364.2796325683594,525.3333129882812
251,player,36,1135.162353515625,568.2423095703125,816.3614501953125,1012.3538818359375
251,player,38,522.3596801757812,359.12420654296875,540.0706787109375,285.1103820800781
251,player,42,570.6282958984375,404.06671142578125,498.07916259765625,575.557373046875
251,player,51,563.8948364257812,404.792236328125,537.4542236328125,441.75341796875
252,player,35,751.7677001953125,477.85968017578125,614.2482299804688,715.6925048828125
252,player,1,931.97314453125,485.15277099609375,753.1084594726562,777.1319580078125
252,player,38,520.6800537109375,360.78167724609375,540.424560546875,281.8994140625
252,player,36,1133.965087890625,568.7520141601562,815.3184814453125,1012.4947509765625
252,player,43,395.6715393066406,447.1806640625,365.6939697265625,527.9947509765625
252,player,3,499.13800048828125,484.85595703125,430.4136962890625,668.4595336914062
252,player,51,560.473876953125,408.00311279296875,535.439697265625,445.1404113769531
252,player,12,407.012939453125,449.2633056640625,398.99761962890625,504.108154296875
252,player,7,678.1245727539062,463.2901916503906,567.5825805664062,656.39990234375
252,player,48,431.1943664550781,456.59307861328125,403.86456298828125,500.87127685546875
253,player,35,753.3394165039062,475.1993713378906,618.1668090820312,710.0056762695312
253,player,38,519.88037109375,354.34619140625,542.5958251953125,271.23345947265625
253,player,51,563.8270263671875,410.2650146484375,534.4061889648438,450.2210388183594
253,player,1,930.8665771484375,491.3544921875,750.7294921875,779.9105224609375
253,player,3,460.76416015625,485.3248291015625,417.6885986328125,664.39794921875
253,player,43,399.54779052734375,448.48565673828125,367.387939453125,531.414794921875
253,player,36,1132.9072265625,567.6561279296875,814.7861938476562,1011.6943359375
253,player,7,680.3916015625,462.2325439453125,572.070556640625,652.717529296875
254,player,35,756.7979736328125,473.09619140625,622.3497314453125,704.6036987304688
254,player,3,462.81011962890625,484.3435974121094,410.17535400390625,660.9979248046875
254,player,51,563.0233154296875,452.654052734375,521.0119018554688,499.07568359375
254,player,1,930.3358154296875,488.91552734375,749.9605102539062,779.47412109375
254,player,38,518.9603881835938,354.552734375,543.6458129882812,264.49053955078125
254,player,7,698.8602294921875,424.1552734375,592.8790283203125,612.5491943359375
254,player,36,1133.0526123046875,568.17431640625,814.283203125,1011.567626953125
254,player,43,401.4771728515625,441.16973876953125,370.66827392578125,526.1141967773438
254,player,50,538.0953369140625,357.38555908203125,556.6986083984375,253.67724609375
255,player,35,760.1097412109375,469.7126159667969,627.102783203125,698.1365966796875
255,player,51,565.8052978515625,447.86907958984375,514.4203491210938,526.1679077148438
255,player,1,929.2589111328125,490.11273193359375,748.7178955078125,780.1795043945312
255,player,38,519.736328125,357.7510986328125,543.4799194335938,264.4238586425781
255,player,43,403.9658203125,441.2479248046875,373.4725341796875,522.9641723632812
255,player,36,1132.4266357421875,564.2928466796875,815.2523193359375,1008.5635986328125
255,player,50,533.95849609375,367.88763427734375,552.9688720703125,271.8971252441406
255,player,7,703.1323852539062,431.90570068359375,604.9171142578125,595.1446533203125
255,player,3,460.18182373046875,485.2542724609375,404.3962707519531,659.43310546875
256,player,35,762.7191162109375,469.24639892578125,631.0635375976562,693.7075805664062
256,player,51,568.84912109375,446.4097900390625,511.3973388671875,542.5328979492188
256,player,1,928.6320190429688,493.478515625,746.478515625,783.6055908203125
256,player,38,519.96923828125,359.48809814453125,542.8555297851562,266.69061279296875
256,player,36,1131.207275390625,563.06201171875,816.040771484375,1005.5968017578125
256,player,7,697.473388671875,458.4945068359375,602.23681640625,610.6668701171875
256,player,50,532.0232543945312,358.3895263671875,553.1808471679688,271.2188720703125
256,player,3,457.41668701171875,484.91717529296875,399.98748779296875,657.86865234375
256,player,48,436.62420654296875,453.89324951171875,401.12274169921875,522.510986328125
256,player,12,427.47222900390625,443.98687744140625,397.7611999511719,513.5581665039062
257,player,35,758.6994018554688,467.6418762207031,633.0772094726562,688.9385375976562
257,player,1,927.3755493164062,492.82623291015625,744.9292602539062,785.142822265625
257,player,38,519.2496948242188,360.212646484375,541.9793701171875,269.0487060546875
257,player,3,456.9367370605469,473.26824951171875,399.620361328125,645.6224365234375
257,player,51,570.510986328125,444.03741455078125,510.57568359375,550.8524169921875
257,player,36,1129.11474609375,565.4481811523438,815.13671875,1005.2734375
257,player,7,695.5494384765625,460.63739013671875,599.2742309570312,622.714111328125
257,player,42,592.6509399414062,410.37567138671875,518.5203247070312,537.677490234375
258,player,1,926.8696899414062,488.1397705078125,745.54736328125,781.87890625
258,player,35,761.246337890625,467.646728515625,635.0833740234375,686.0610961914062
258,player,7,696.2051391601562,460.4019775390625,597.6048583984375,630.3683471679688
258,player,38,518.6527709960938,359.57177734375,541.4393920898438,269.6849670410156
258,player,3,458.07293701171875,490.1640625,395.8957824707031,653.8823852539062
258,player,42,594.0499267578125,410.7222900390625,532.1046142578125,513.5731811523438
258,player,36,1126.11279296875,566.4439086914062,813.43115234375,1005.559326171875
258,player,12,424.5689697265625,455.61065673828125,393.4708251953125,531.4940795898438
258,player,51,580.2380981445312,429.7626953125,516.995849609375,541.9799194335938
259,player,7,698.9342041015625,462.4141845703125,596.6265869140625,637.5612182617188
259,player,1,927.4542236328125,484.33465576171875,747.5527954101562,776.3446044921875
259,player,3,457.5502624511719,489.04608154296875,393.58392333984375,658.1617431640625
259,player,35,763.355712890625,467.189453125,637.1212768554688,683.9293212890625
259,player,38,517.4537963867188,359.66485595703125,540.681396484375,270.1099548339844
259,player,42,584.5294189453125,410.0830078125,538.3526611328125,496.33355712890625
259,player,36,1123.0927734375,568.1090698242188,810.9550170898438,1006.732421875
259,player,51,596.5267333984375,409.7533874511719,532.15380859375,515.4900512695312
260,player,3,456.14202880859375,489.75146484375,391.55780029296875,661.4882202148438
260,player,7,700.1842041015625,459.87677001953125,597.1508178710938,639.840576171875
260,player,1,927.0287475585938,484.2083740234375,748.7889404296875,772.5955810546875
260,player,35,764.4396362304688,462.863525390625,640.2208251953125,678.431640625
260,player,38,517.7383422851562,361.4585876464844,539.6741333007812,272.76287841796875
260,player,51,594.1005859375,410.6954345703125,540.9898681640625,499.1253662109375
260,player,36,1122.314208984375,568.955078125,808.840087890625,1008.0556640625
260,player,42,583.2247314453125,415.8061218261719,540.2160034179688,491.46734619140625
261,player,7,703.26025390625,459.31756591796875,598.5220947265625,641.0322875976562
261,player,35,765.267822265625,461.32464599609375,642.994140625,673.4224853515625
261,player,3,456.09820556640625,440.68377685546875,401.6680908203125,614.8204956054688
261,player,1,926.6321411132812,482.6617431640625,750.0759887695312,768.7077026367188
261,player,38,516.8719482421875,360.9914855957031,538.905517578125,273.79638671875
261,player,51,596.7764892578125,405.75482177734375,549.1318359375,483.08740234375
261,player,36,1122.411865234375,567.51123046875,808.02294921875,1007.8593139648438
261,player,48,451.18939208984375,484.6624755859375,396.27777099609375,568.11376953125
261,player,50,518.808837890625,324.73291015625,561.168701171875,222.91171264648438
262,player,7,705.5791015625,460.25506591796875,599.7498168945312,642.9334716796875
262,player,1,926.2666015625,484.98956298828125,749.9243774414062,768.2803955078125
262,player,3,456.11944580078125,427.172607421875,411.65386962890625,569.9409790039062
262,player,35,766.12255859375,462.7265625,644.5501708984375,671.6128540039062
262,player,38,515.7022094726562,363.05413818359375,537.3509521484375,277.05194091796875
262,player,51,596.6937866210938,405.77294921875,554.3937377929688,472.6761474609375
262,player,48,453.0494384765625,483.03466796875,393.97833251953125,596.3632202148438
262,player,36,1121.3746337890625,564.4833374023438,808.357421875,1005.4049682617188
263,player,7,707.2003784179688,459.805908203125,601.141357421875,643.8641967773438
263,player,1,925.851318359375,483.2403259277344,750.3802490234375,766.3670654296875
263,player,38,515.8311767578125,366.0127258300781,535.3987426757812,283.01318359375
263,player,3,468.32843017578125,427.01824951171875,421.64727783203125,541.6597900390625
263,player,35,767.16748046875,460.1727600097656,646.7327880859375,668.0220947265625
263,player,51,601.7567138671875,406.7602844238281,558.9805908203125,467.493408203125
263,player,48,441.264404296875,483.15447998046875,389.351806640625,613.865478515625
263,player,36,1120.0526123046875,564.2588500976562,808.3289794921875,1003.5362548828125
264,player,7,708.0975952148438,459.54095458984375,602.3800659179688,644.2839965820312
264,player,38,515.900146484375,362.66839599609375,535.2618408203125,282.55889892578125
264,player,1,925.4788818359375,481.9281921386719,751.077392578125,763.8865966796875
264,player,3,478.9826965332031,427.613037109375,431.0096740722656,524.85302734375
264,player,48,435.6531066894531,483.5079650878906,384.79046630859375,625.114990234375
264,player,51,602.3681640625,409.21240234375,561.33447265625,466.978515625
264,player,35,770.13134765625,460.58673095703125,648.829345703125,666.3502807617188
264,player,36,1118.84228515625,562.4048461914062,808.6993408203125,1000.8418579101562
265,player,1,922.9153442382812,477.34857177734375,752.5936889648438,757.81787109375
265,player,38,514.853515625,362.8233642578125,534.794921875,282.3689270019531
265,player,51,605.3726196289062,412.1934814453125,562.7681884765625,470.2890319824219
265,player,35,770.4161376953125,459.29791259765625,650.7196044921875,664.019775390625
265,player,48,429.66094970703125,478.9981689453125,381.21905517578125,627.6151123046875
265,player,7,708.8552856445312,455.22235107421875,604.810546875,640.3237915039062
265,player,36,1118.2237548828125,564.2158203125,808.1114501953125,1000.3910522460938
265,player,3,471.272216796875,430.78515625,434.0797119140625,516.7130126953125
266,player,1,920.901611328125,480.281982421875,751.8992309570312,756.4209594726562
266,player,35,774.857421875,461.0521545410156,652.568359375,664.6126098632812
266,player,38,516.2655029296875,361.44189453125,535.3934936523438,280.57342529296875
266,player,48,424.8752746582031,477.28350830078125,378.00067138671875,627.1890869140625
266,player,36,1117.386474609375,566.8741455078125,806.536865234375,1002.0030517578125
266,player,51,607.3414916992188,415.33038330078125,563.2523193359375,476.140380859375
266,player,7,712.98046875,453.9906005859375,607.9456176757812,636.8709106445312
266,player,3,483.5423278808594,428.9827880859375,440.0198974609375,510.52734375
267,player,48,418.04632568359375,476.2232666015625,374.3255920410156,625.31884765625
267,player,35,776.7930908203125,464.0062561035156,653.2779541015625,668.0514526367188
267,player,1,920.3883666992188,481.827392578125,750.7169189453125,756.894287109375
267,player,38,514.0743408203125,361.722412109375,535.0045776367188,279.5706787109375
267,player,36,1116.5816650390625,565.2457885742188,805.9151000976562,1001.779296875
267,player,7,715.891357421875,452.1937255859375,611.3943481445312,633.0706176757812
267,player,51,610.4923095703125,415.2344665527344,564.5158081054688,480.11566162109375
268,player,35,778.0671997070312,469.405029296875,652.228759765625,675.6160888671875
268,player,1,919.2439575195312,480.8968505859375,749.9918823242188,756.2467041015625
268,player,48,413.4000244140625,477.7011413574219,370.39111328125,625.1492919921875
268,player,36,1114.6690673828125,564.1123046875,805.4544677734375,1000.6372680664062
268,player,38,512.9788818359375,362.39801025390625,534.1848754882812,279.69952392578125
268,player,12,425.0633850097656,390.2860107421875,407.02459716796875,470.5281982421875
268,player,7,720.389404296875,452.56182861328125,614.7681274414062,631.3599853515625
268,player,51,613.79833984375,414.6091613769531,566.5052490234375,482.2925109863281
268,player,52,733.839599609375,454.46478271484375,629.914794921875,636.9599609375
269,player,1,918.3976440429688,481.25341796875,749.15380859375,756.082275390625
269,player,35,781.1411743164062,471.30889892578125,651.7367553710938,682.6194458007812
269,player,38,512.3882446289062,361.8992919921875,533.6337890625,279.07806396484375
269,player,36,1112.953857421875,559.95166015625,806.274658203125,996.6439208984375
269,player,51,617.9766235351562,411.6287536621094,570.0039672851562,480.72607421875
269,player,53,628.80029296875,412.96502685546875,584.2791748046875,484.8692932128906
269,player,52,737.129638671875,452.29656982421875,631.572509765625,635.0687255859375
269,player,3,489.5527038574219,429.07623291015625,445.5592041015625,507.1300048828125
269,player,48,436.39599609375,441.9317626953125,382.12823486328125,590.8320922851562
269,player,12,433.07000732421875,437.02880859375,406.1943664550781,484.83233642578125
269,player,43,426.46124267578125,436.9078369140625,382.5689392089844,518.2188720703125
269,player,54,474.56573486328125,430.2160949707031,442.864013671875,500.6466064453125
270,player,1,917.0682983398438,486.8890380859375,746.1146240234375,761.02197265625
270,player,12,431.53668212890625,444.0509948730469,403.54852294921875,501.4431457519531
270,player,35,783.5609130859375,458.592529296875,656.5097045898438,675.0330810546875
270,player,51,615.945556640625,412.94195556640625,571.2484741210938,481.0076904296875
270,player,38,512.9551391601562,362.77410888671875,533.1614379882812,279.86724853515625
270,player,55,391.080810546875,479.70428466796875,345.0502014160156,625.084716796875
270,player,36,1111.125,560.94873046875,805.978515625,994.6494140625
270,player,53,628.200439453125,412.399169921875,584.2935791015625,484.17926025390625
270,player,52,739.9241333007812,452.08551025390625,633.5038452148438,633.868896484375
270,player,3,491.26287841796875,423.14202880859375,451.25189208984375,498.56524658203125
271,player,1,916.5125122070312,492.6583251953125,741.837646484375,769.3944702148438
271,player,12,429.44744873046875,447.96630859375,400.33111572265625,516.155517578125
271,player,35,786.1768798828125,460.101318359375,659.8050537109375,671.8131103515625
271,player,51,615.904052734375,414.2833251953125,571.602783203125,482.69390869140625
271,player,55,394.30474853515625,483.91033935546875,345.0455627441406,629.382568359375
271,player,36,1110.326171875,556.2890625,807.3284912109375,989.7740478515625
271,player,38,512.2764282226562,362.85601806640625,532.61572265625,280.42431640625
271,player,3,488.86700439453125,427.72467041015625,453.02838134765625,497.8222351074219
271,player,53,631.2762451171875,413.6776123046875,584.7733154296875,485.44122314453125
272,player,1,915.33642578125,494.3079833984375,738.1329345703125,776.2131958007812
272,player,35,787.9910278320312,461.0316162109375,662.1214599609375,670.7893676757812
272,player,12,430.8359680175781,448.95330810546875,398.39117431640625,526.862060546875
272,player,55,374.66998291015625,480.77557373046875,340.51092529296875,627.55615234375
272,player,36,1108.20654296875,556.51513671875,807.58837890625,986.6048583984375
272,player,51,616.4210205078125,414.08258056640625,572.0501098632812,483.61065673828125
272,player,38,511.5285339355469,362.2796630859375,532.2191772460938,279.96630859375
272,player,53,634.91455078125,414.2574462890625,585.953369140625,487.2347412109375
272,player,3,485.09295654296875,427.9454345703125,453.052734375,497.2523193359375
273,player,12,434.86956787109375,456.66619873046875,396.44415283203125,542.087158203125
273,player,1,913.9451904296875,494.79254150390625,735.1740112304688,780.96044921875
273,player,36,1105.2567138671875,560.8555297851562,805.4000244140625,987.5807495117188
273,player,55,373.50152587890625,481.83660888671875,337.04742431640625,627.29248046875
273,player,35,791.2266845703125,467.5604248046875,662.2278442382812,676.7474365234375
273,player,38,510.37677001953125,361.0525817871094,532.009765625,277.9588623046875
273,player,53,635.787353515625,413.19342041015625,587.3349609375,487.28485107421875
273,player,51,619.5992431640625,414.40460205078125,573.162109375,484.8497314453125
273,player,3,486.53326416015625,428.27423095703125,453.38922119140625,497.3656311035156
274,player,55,368.14801025390625,483.6573486328125,333.03662109375,628.4248657226562
274,player,1,913.097412109375,494.95794677734375,732.9630126953125,784.1221923828125
274,player,36,1103.632080078125,565.4488525390625,801.8807983398438,991.5150756835938
274,player,12,437.06280517578125,456.0804443359375,395.911376953125,551.572509765625
274,player,35,793.157958984375,454.48681640625,667.4747314453125,667.9764404296875
274,player,3,488.7638854980469,429.96685791015625,453.7874755859375,499.47418212890625
274,player,38,510.4712219238281,362.2431945800781,531.5076904296875,278.21868896484375
274,player,53,638.1853637695312,414.120361328125,588.6206665039062,488.57025146484375
274,player,52,741.610107421875,445.4944763183594,637.5203247070312,626.5460815429688
275,player,55,359.01739501953125,481.20208740234375,328.50823974609375,626.054931640625
275,player,1,912.1138916015625,495.500244140625,731.0639038085938,786.57763671875
275,player,3,483.851318359375,434.8775634765625,451.3613586425781,505.7161865234375
275,player,36,1098.0120849609375,558.5699462890625,800.7238159179688,988.466796875
275,player,35,794.37744140625,446.7071533203125,674.069580078125,654.5538940429688
275,player,38,508.9048767089844,361.76312255859375,530.8519287109375,277.6163635253906
275,player,53,633.2835693359375,412.25091552734375,588.654296875,486.8702392578125
275,player,52,743.5859375,448.34588623046875,639.691162109375,624.8656005859375
275,player,12,440.47930908203125,450.4041748046875,397.8272399902344,552.20458984375
275,player,56,436.3938903808594,353.3973388671875,472.3843688964844,225.69046020507812
276,player,1,911.3370361328125,495.75286865234375,729.529296875,788.3331298828125
276,player,36,1096.0531005859375,562.4942016601562,798.0367431640625,989.2779541015625
276,player,3,484.5377502441406,434.84722900390625,449.98529052734375,509.80023193359375
276,player,55,353.58538818359375,481.44091796875,324.09307861328125,624.2974243164062
276,player,53,630.1539916992188,411.36065673828125,588.0596923828125,484.48272705078125
276,player,38,508.9671630859375,361.5729675292969,530.5081176757812,276.9820556640625
276,player,35,795.6681518554688,446.327880859375,678.8614501953125,645.556396484375
276,player,52,749.2598266601562,441.04876708984375,645.280517578125,616.7864990234375
276,player,12,442.9918212890625,441.51434326171875,401.89422607421875,543.54150390625
277,player,1,910.4376220703125,497.01922607421875,727.829345703125,790.52392578125
277,player,36,1094.080078125,571.652587890625,792.4822998046875,996.432861328125
277,player,52,749.2293701171875,448.0244140625,646.4349365234375,618.6856689453125
277,player,35,796.5929565429688,444.38824462890625,682.9578857421875,637.8111572265625
277,player,55,350.4749450683594,481.578857421875,320.3808898925781,623.0319213867188
277,player,3,487.08709716796875,432.54595947265625,450.41510009765625,510.2012939453125
277,player,53,633.0455322265625,398.2572326660156,593.041259765625,468.131103515625
277,player,38,508.0365295410156,361.3970642089844,530.052490234375,276.25390625
277,player,12,442.8982849121094,438.46795654296875,405.25335693359375,534.6707763671875
277,player,56,437.0404968261719,351.67822265625,473.11431884765625,223.43319702148438
278,player,55,347.895263671875,479.5689392089844,317.6703796386719,620.0584716796875
278,player,35,802.2203369140625,444.2344970703125,687.2747802734375,633.1121215820312
278,player,1,909.7367553710938,498.2381591796875,726.09423828125,792.9691162109375
278,player,36,1093.373046875,575.8388671875,787.2052001953125,1004.0831298828125
278,player,53,635.4432373046875,400.54083251953125,596.1939697265625,460.38116455078125
278,player,3,467.25811767578125,437.7630615234375,443.77227783203125,514.3419799804688
278,player,38,507.9636535644531,362.3662414550781,529.4129638671875,277.039794921875
278,player,52,760.4839477539062,420.63275146484375,660.4368286132812,592.06787109375
278,player,57,357.6347961425781,479.594970703125,319.942138671875,616.9005737304688
278,player,56,436.9041748046875,352.63348388671875,473.2528076171875,223.24227905273438
279,player,35,807.9992065429688,445.40740966796875,691.2801513671875,631.7603149414062
279,player,55,345.9635009765625,479.17071533203125,315.4756774902344,617.581298828125
279,player,1,909.581298828125,498.81640625,724.71533203125,795.0567626953125
279,player,36,1091.740234375,577.1588134765625,782.9074096679688,1009.8836669921875
279,player,3,467.5038757324219,438.313720703125,439.3834533691406,517.640625
279,player,53,638.7496337890625,405.0354309082031,597.65869140625,460.83197021484375
279,player,38,508.1834716796875,361.6552734375,529.3009643554688,276.642578125
279,player,52,762.5438232421875,429.32745361328125,666.8531494140625,584.326171875
279,player,56,435.3492431640625,352.9668273925781,472.75201416015625,223.42340087890625
280,player,35,810.2282104492188,442.97174072265625,695.4353637695312,628.58837890625
280,player,36,1090.302490234375,575.9827880859375,780.1771240234375,1012.6864013671875
280,player,55,343.9591064453125,478.88372802734375,313.57586669921875,615.528076171875
280,player,1,908.2216796875,499.02294921875,723.3822021484375,796.48193359375
280,player,38,507.3608703613281,361.23638916015625,529.110107421875,275.76068115234375
280,player,3,475.4815673828125,436.54534912109375,439.21588134765625,518.5867919921875
280,player,53,643.0195922851562,404.3873596191406,600.101318359375,460.7633972167969
280,player,56,435.2596435546875,353.8561096191406,472.12725830078125,224.72850036621094
281,player,35,815.6744384765625,442.3829345703125,699.9102783203125,626.400634765625
281,player,36,1089.841552734375,577.6972045898438,777.6842041015625,1015.71484375
281,player,1,907.7891845703125,499.00933837890625,722.405517578125,797.3599853515625
281,player,55,340.2947998046875,480.861572265625,311.0081481933594,615.8038330078125
281,player,38,507.7239685058594,362.11737060546875,528.8079223632812,276.3723449707031
281,player,53,645.3732299804688,406.7329406738281,601.5673828125,463.61724853515625
281,player,3,486.74884033203125,434.0139465332031,442.931884765625,517.4630126953125
281,player,54,468.98980712890625,439.1087646484375,439.006591796875,509.7110900878906
281,player,56,434.1716613769531,355.42608642578125,470.9035949707031,227.579833984375
282,player,35,821.9326171875,442.1823425292969,704.6787719726562,625.322265625
282,player,1,906.648193359375,498.5201416015625,721.6437377929688,797.4024047851562
282,player,36,1087.065673828125,577.31298828125,775.519287109375,1017.1845703125
282,player,55,334.12799072265625,478.4148864746094,308.17279052734375,613.1082763671875
282,player,38,507.59417724609375,363.7894287109375,528.0198974609375,278.935302734375
282,player,53,648.0134887695312,406.19818115234375,603.4874877929688,465.09759521484375
282,player,3,481.556640625,434.2359619140625,443.827880859375,516.5223999023438
282,player,54,455.7127685546875,439.91015625,432.5943298339844,515.3130493164062
282,player,56,434.41558837890625,355.4744873046875,470.169921875,229.5203857421875
282,player,52,776.114013671875,427.578857421875,675.609375,578.6288452148438
283,player,35,827.92041015625,441.33074951171875,709.814697265625,624.2730102539062
283,player,55,328.4739990234375,476.0223388671875,305.2821960449219,608.5604858398438
283,player,1,907.1411743164062,495.79425048828125,722.2694702148438,795.052490234375
283,player,53,653.5233154296875,419.173828125,601.8759765625,481.12872314453125
283,player,36,1084.73486328125,579.0359497070312,772.9373779296875,1019.2010498046875
283,player,38,508.7667236328125,362.36285400390625,528.34326171875,278.852294921875
283,player,3,469.4852294921875,438.2121276855469,439.999267578125,519.1202392578125
283,player,52,778.3714599609375,437.8115234375,678.1014404296875,585.9251098632812
283,player,7,765.0166015625,449.96630859375,630.3551025390625,631.497802734375
284,player,35,831.0296630859375,439.7189636230469,714.6680908203125,622.2046508789062
284,player,38,507.77227783203125,362.89349365234375,528.0682983398438,279.3983154296875
284,player,1,907.049072265625,495.001953125,722.9403686523438,792.811279296875
284,player,53,658.1265869140625,418.3909912109375,602.434326171875,491.09210205078125
284,player,3,467.8673095703125,439.1082763671875,436.8312072753906,521.6219482421875
284,player,36,1082.2138671875,577.1517333984375,771.3023071289062,1018.9482421875
284,player,55,327.27587890625,465.5118408203125,305.0457458496094,595.1043701171875
284,player,7,765.744140625,442.42315673828125,643.3975219726562,623.9580688476562
284,player,56,431.8018493652344,356.2729187011719,468.63433837890625,231.60684204101562
285,player,35,833.9876708984375,436.54229736328125,719.9171752929688,617.8297119140625
285,player,53,662.0762939453125,418.5694580078125,603.8854370117188,498.1158752441406
285,player,38,508.12506103515625,362.4375,528.1500244140625,279.19146728515625
285,player,7,766.640380859375,447.8426513671875,650.1777954101562,624.67724609375
285,player,1,905.9464721679688,496.26361083984375,722.622314453125,792.3853759765625
285,player,36,1078.65380859375,573.3904418945312,770.688232421875,1015.7611083984375
285,player,3,467.0732421875,439.33709716796875,434.4924011230469,523.4226684570312
285,player,55,323.52593994140625,465.317138671875,303.9263916015625,585.8505859375
285,player,56,433.841796875,356.05877685546875,468.3387451171875,232.8653564453125
286,player,35,836.1605224609375,437.533935546875,723.5621948242188,616.2081298828125
286,player,1,906.1512451171875,496.4461669921875,722.4039306640625,792.2880859375
286,player,55,317.63909912109375,457.42901611328125,303.1042175292969,571.3502807617188
286,player,38,508.423583984375,362.2103271484375,528.3712768554688,278.7881774902344
286,player,3,466.3271484375,437.1689453125,433.3128662109375,522.2224731445312
286,player,53,666.113037109375,417.6810607910156,606.31103515625,502.056884765625
286,player,36,1076.822021484375,573.7159423828125,769.72412109375,1013.7816162109375
286,player,7,771.5416259765625,447.65985107421875,656.031982421875,625.3858642578125
287,player,35,833.6148681640625,431.8172607421875,727.4660034179688,608.95263671875
287,player,1,905.901123046875,495.04669189453125,722.7044067382812,790.95751953125
287,player,38,508.7850646972656,361.65216064453125,528.8126220703125,277.8304748535156
287,player,3,463.87261962890625,438.0015869140625,431.64874267578125,522.1185913085938
287,player,36,1076.5965576171875,572.2622680664062,769.5540771484375,1011.412353515625
287,player,53,669.9490966796875,419.3187255859375,608.4373168945312,506.76800537109375
287,player,55,314.6271057128906,452.4273681640625,302.7045593261719,556.51953125
287,player,7,773.5194702148438,436.8031005859375,664.36279296875,614.8389282226562
288,player,35,838.020751953125,431.47491455078125,731.4156494140625,604.2669067382812
288,player,53,673.7465209960938,418.2059326171875,611.3119506835938,508.93914794921875
288,player,3,463.9690246582031,437.40972900390625,430.74359130859375,521.4287109375
288,player,1,905.1512451171875,494.92449951171875,722.7435913085938,789.92041015625
288,player,36,1074.7633056640625,572.867919921875,768.779052734375,1010.1702880859375
288,player,38,508.32904052734375,363.767333984375,528.2587890625,279.92205810546875
288,player,55,311.2209167480469,451.47027587890625,301.70147705078125,545.5994873046875
288,player,52,773.718017578125,432.7213134765625,680.2862548828125,584.9210815429688
288,player,56,434.0997314453125,355.5485534667969,468.3814697265625,233.0258331298828
289,player,35,838.09912109375,431.42694091796875,734.0248413085938,601.1775512695312
289,player,36,1072.308349609375,574.2471923828125,767.1878051757812,1010.176513671875
289,player,3,461.3033447265625,439.81597900390625,428.8052978515625,523.3094482421875
289,player,1,905.4349365234375,494.539306640625,722.9854125976562,788.92626953125
289,player,53,678.1544189453125,415.7649841308594,615.32421875,508.036376953125
289,player,38,506.9447326660156,361.83154296875,528.10595703125,278.63214111328125
289,player,55,306.6490783691406,452.598388671875,299.5948181152344,539.2884521484375
289,player,52,775.5482177734375,433.8472900390625,681.810791015625,585.6167602539062
289,player,56,434.9415283203125,355.8057861328125,468.5949401855469,233.55136108398438
290,player,36,1070.6153564453125,574.5764770507812,765.6226806640625,1010.286376953125
290,player,3,459.77239990234375,439.1707763671875,427.2798156738281,523.7159423828125
290,player,53,682.8321533203125,415.76885986328125,619.2992553710938,507.870361328125
290,player,35,838.5859375,432.25030517578125,735.5314331054688,600.07958984375
290,player,1,905.2030029296875,494.52911376953125,723.084228515625,788.25146484375
290,player,38,508.57781982421875,362.1455993652344,528.4121704101562,278.3543701171875
290,player,7,784.760986328125,439.5018005371094,671.9869995117188,611.7787475585938
290,player,55,304.443115234375,450.63787841796875,297.9944763183594,532.962646484375
290,player,56,432.9769287109375,356.14105224609375,468.01776123046875,234.15936279296875
291,player,53,687.098388671875,419.7225341796875,621.7286376953125,512.5128173828125
291,player,36,1070.073486328125,573.184814453125,764.9590454101562,1009.296875
291,player,3,458.15576171875,439.1545715332031,425.84124755859375,523.8241577148438
291,player,35,841.519287109375,431.77801513671875,737.5491943359375,599.1292724609375
291,player,38,507.818359375,362.1256103515625,528.3809814453125,278.07769775390625
291,player,55,299.53863525390625,448.99542236328125,295.927001953125,526.7222900390625
291,player,1,906.7106323242188,495.933349609375,723.0400390625,789.19189453125
291,player,7,792.8682861328125,437.34906005859375,680.067138671875,608.2662353515625
292,player,3,458.34295654296875,438.80767822265625,425.0450439453125,523.5419921875
292,player,53,690.8165893554688,421.98919677734375,623.5892333984375,518.3446655273438
292,player,36,1068.9493408203125,574.6386108398438,763.7434692382812,1009.6275024414062
292,player,35,842.991455078125,431.1764831542969,739.5294799804688,598.008544921875
292,player,38,507.5187683105469,366.94189453125,526.6871337890625,284.11376953125
292,player,55,295.9061279296875,450.5647888183594,293.3026123046875,524.0003662109375
292,player,7,815.5550537109375,435.5461120605469,692.5179443359375,606.1030883789062
292,player,1,906.501220703125,496.7410888671875,722.6617431640625,790.5038452148438
292,player,52,798.0950927734375,435.21331787109375,688.762451171875,589.49169921875
293,player,53,691.59375,421.1915283203125,625.3057861328125,521.331787109375
293,player,35,844.3692626953125,432.26470947265625,740.7766723632812,598.548095703125
293,player,36,1067.958984375,575.4205932617188,762.43798828125,1010.334228515625
293,player,3,457.63409423828125,437.77642822265625,424.58740234375,522.2000732421875
293,player,55,289.756103515625,453.5897216796875,289.3742980957031,524.8585205078125
293,player,38,508.11712646484375,364.85333251953125,526.4544677734375,285.3953552246094
293,player,1,903.8546142578125,497.41619873046875,721.4650268554688,791.733154296875
293,player,56,433.664306640625,355.7054443359375,467.9891357421875,234.03640747070312
293,player,52,798.525146484375,431.26531982421875,694.92041015625,587.8941650390625
294,player,53,691.63037109375,424.6326904296875,625.2217407226562,527.0272216796875
294,player,55,283.4983215332031,455.2531433105469,284.82977294921875,526.6114501953125
294,player,36,1066.95458984375,574.2880249023438,761.7374267578125,1009.886962890625
294,player,38,507.5709533691406,365.49462890625,525.9236450195312,287.0079345703125
294,player,3,458.1413269042969,437.094970703125,424.6025390625,520.64453125
294,player,1,899.3062744140625,499.1719970703125,718.8433837890625,793.7044677734375
294,player,52,797.319580078125,435.5541687011719,696.9309692382812,591.26025390625
294,player,7,811.6473388671875,436.84368896484375,698.9868774414062,605.7054443359375
294,player,56,432.91668701171875,355.55712890625,467.7812805175781,233.68939208984375
294,player,58,792.3751831054688,433.6015625,698.7311401367188,590.4135131835938
295,player,35,851.0872802734375,429.75103759765625,744.5548095703125,596.84521484375
295,player,53,691.6531982421875,423.13153076171875,625.7003784179688,529.099365234375
295,player,36,1066.6436767578125,576.33935546875,760.49267578125,1011.0675048828125
295,player,38,507.4438781738281,361.2486572265625,526.9366455078125,282.5218505859375
295,player,54,456.6683349609375,433.8131103515625,430.22015380859375,512.5220947265625
295,player,1,900.7595825195312,498.84002685546875,717.6452026367188,794.814453125
295,player,52,797.0322265625,432.7989501953125,699.2090454101562,590.5305786132812
295,player,55,274.9538269042969,457.25177001953125,279.219482421875,529.0939331054688
295,player,56,436.41796875,357.8728942871094,468.04193115234375,236.8704833984375
296,player,53,691.8338623046875,419.88446044921875,627.2106323242188,526.9100341796875
296,player,38,507.2696533203125,361.002197265625,527.6223754882812,279.2672119140625
296,player,36,1064.808349609375,578.90380859375,758.3486328125,1013.5498657226562
296,player,55,271.5850830078125,457.0482177734375,274.7015380859375,530.2171020507812
296,player,1,901.642822265625,500.01708984375,716.6786499023438,796.6492919921875
296,player,56,425.50592041015625,355.80010986328125,465.423828125,235.17318725585938
296,player,52,801.2596435546875,429.78497314453125,703.0745849609375,587.2430419921875
296,player,54,454.1926574707031,431.3026123046875,428.61505126953125,507.7816162109375
297,player,53,691.6791381835938,419.70733642578125,628.2100219726562,525.278564453125
297,player,36,1063.14306640625,578.071044921875,756.8350830078125,1014.42822265625
297,player,38,505.51068115234375,362.30059814453125,527.0904541015625,278.68670654296875
297,player,55,267.8131103515625,456.8873291015625,270.7774353027344,530.466796875
297,player,1,899.9736328125,501.28302001953125,715.1541748046875,798.81640625
297,player,54,455.0437927246094,428.3345947265625,428.5671081542969,501.5438232421875
297,player,56,425.000244140625,355.78875732421875,463.56732177734375,234.0081787109375
297,player,52,800.1097412109375,426.85430908203125,706.3961791992188,581.8804931640625
297,player,35,857.4700927734375,430.9631042480469,748.36767578125,597.5859375
298,player,36,1061.3765869140625,578.8001708984375,755.1690673828125,1015.387451171875
298,player,53,692.1748046875,420.7359619140625,628.6393432617188,525.3912353515625
298,player,38,505.404296875,362.4654541015625,526.6572875976562,278.5146179199219
298,player,55,264.6982421875,456.129638671875,267.5184326171875,529.5888671875
298,player,1,901.7777099609375,500.962646484375,714.7565307617188,800.0946044921875
298,player,56,423.6789245605469,355.8214111328125,461.9376525878906,233.1728515625
298,player,54,461.24029541015625,423.02618408203125,431.66845703125,492.18878173828125
298,player,35,859.6441650390625,430.83831787109375,751.528076171875,598.1292724609375
298,player,52,814.6259765625,423.33819580078125,714.177734375,575.910400390625
298,player,59,845.8702392578125,434.17315673828125,742.138427734375,605.6481323242188
299,player,53,691.8948364257812,422.1644287109375,628.3323974609375,527.0025634765625
299,player,36,1060.18359375,577.3301391601562,754.3001098632812,1014.850341796875
299,player,55,258.370849609375,456.59326171875,263.6175842285156,528.9676513671875
299,player,1,901.532958984375,499.94281005859375,714.7984619140625,800.0067138671875
299,player,54,462.80535888671875,419.6853942871094,435.0101318359375,482.52886962890625
299,player,38,505.69384765625,360.69195556640625,527.05126953125,276.110595703125
299,player,56,419.1332702636719,355.35845947265625,459.59393310546875,231.59207153320312
299,player,60,273.81524658203125,454.29150390625,269.40447998046875,524.71240234375
299,player,58,796.6689453125,422.3722229003906,704.33056640625,578.8096923828125
299,ball,-1,850.8001708984375,399.2559814453125,1125.414794921875,227.7283935546875
300,player,53,691.31982421875,422.56683349609375,627.8242797851562,528.438232421875
300,player,1,902.02734375,499.3226318359375,715.1798706054688,799.4437866210938
300,player,36,1060.0537109375,580.5759887695312,752.5904541015625,1016.8402099609375
300,player,38,505.2923278808594,363.91796875,526.1199951171875,278.72027587890625
300,player,54,462.01226806640625,419.43182373046875,437.02203369140625,475.89727783203125
300,player,55,255.98974609375,453.99591064453125,260.88037109375,525.6807250976562
300,player,58,798.2840576171875,423.44195556640625,708.0203247070312,572.5681762695312
300,player,60,283.1740417480469,452.7973327636719,272.2012939453125,523.9478149414062
300,player,56,419.6037292480469,355.4223937988281,458.19879150390625,230.69345092773438
301,player,53,689.7819213867188,421.8533935546875,627.2988891601562,528.4560546875
301,player,3,435.70574951171875,419.35919189453125,422.744140625,498.294921875
301,player,36,1059.17578125,580.568603515625,751.267822265625,1018.058837890625
301,player,38,505.8373718261719,366.6627197265625,524.7877197265625,284.0174865722656
301,player,1,901.7998046875,498.55718994140625,715.642578125,798.3822021484375
301,player,55,254.52679443359375,453.08343505859375,258.8607177734375,522.474609375
301,player,60,280.359619140625,452.1077880859375,273.3802490234375,522.498291015625
301,player,58,798.9959716796875,423.9425964355469,710.4292602539062,569.114990234375
302,player,53,689.12939453125,424.1527099609375,625.961669921875,530.915771484375
302,player,3,437.33447265625,417.57861328125,422.456787109375,481.91082763671875
302,player,36,1055.06787109375,580.9715576171875,749.2705078125,1018.8167114257812
302,player,55,252.42147827148438,453.7153015136719,256.87255859375,520.8707885742188
302,player,38,506.6025390625,364.32568359375,524.92236328125,284.509521484375
302,player,1,899.0966796875,497.0321044921875,715.7723388671875,796.1129760742188
302,player,58,799.7455444335938,423.26806640625,712.479736328125,566.2091674804688
302,player,35,883.753662109375,498.08551025390625,734.6339111328125,665.5943603515625
302,player,60,279.49169921875,452.797607421875,273.7882995605469,522.2001953125
302,player,52,820.7980346679688,418.6123046875,722.95751953125,567.4522705078125
302,ball,-1,871.4840087890625,396.26361083984375,1125.414794921875,227.7283935546875
303,player,3,436.6279602050781,417.41900634765625,422.10821533203125,471.019775390625
303,player,53,688.9782104492188,426.83843994140625,624.1132202148438,535.4089965820312
303,player,55,251.27919006347656,452.922119140625,255.4053497314453,518.90869140625
303,player,36,1053.5504150390625,577.9271240234375,748.6402587890625,1016.987060546875
303,player,58,800.6192626953125,422.95843505859375,714.1900634765625,564.063720703125
303,player,38,507.0544738769531,365.2657165527344,524.8423461914062,286.088623046875
303,player,1,896.3634033203125,495.62432861328125,715.6347045898438,793.1552124023438
303,player,56,422.85089111328125,363.3314208984375,455.98284912109375,240.86911010742188
303,player,60,279.0509033203125,451.773681640625,274.1167297363281,520.9048461914062
303,player,7,807.51220703125,420.0123291015625,708.6117553710938,587.1554565429688
304,player,53,688.389404296875,430.25048828125,621.5638427734375,541.9423828125
304,player,3,437.60699462890625,417.4957275390625,422.142822265625,464.11248779296875
304,player,55,249.99058532714844,452.1451110839844,254.23410034179688,516.716552734375
304,player,36,1052.9644775390625,578.0611572265625,748.0416870117188,1015.8486328125
304,player,56,420.2738342285156,393.3946228027344,445.4017639160156,284.9477844238281
304,player,1,893.3211669921875,494.7998046875,715.0294799804688,790.2405395507812
304,player,38,507.48370361328125,368.5943603515625,523.8389892578125,291.4400939941406
304,player,58,802.7313842773438,423.544677734375,715.686767578125,563.4908447265625
304,player,52,831.6630859375,422.8179931640625,730.1375732421875,567.4931640625
304,player,61,416.5312194824219,359.1729736328125,449.7247009277344,242.479248046875
305,player,53,688.515869140625,426.89776611328125,621.1007690429688,542.5994873046875
305,player,36,1052.5125732421875,580.9718627929688,746.551513671875,1017.1783447265625
305,player,3,441.91448974609375,416.98846435546875,423.5318603515625,459.427978515625
305,player,55,248.70799255371094,452.2607421875,253.10650634765625,515.3048095703125
305,player,1,894.9166870117188,494.92181396484375,715.0186767578125,788.5894165039062
305,player,52,832.7921752929688,422.3017272949219,735.346435546875,567.0633544921875
305,player,56,420.181396484375,382.76904296875,441.3656921386719,300.62567138671875
305,player,38,507.5877685546875,369.10528564453125,523.0533447265625,295.5823059082031
305,player,58,805.3265380859375,422.41064453125,717.867919921875,562.1243896484375
305,player,61,413.7269592285156,359.1336975097656,448.86407470703125,242.16986083984375
305,player,54,462.50408935546875,417.354248046875,439.0216979980469,469.3009033203125
305,ball,-1,285.0799560546875,347.67578125,1125.414794921875,227.7283935546875
306,player,53,688.218017578125,429.8926696777344,619.6795654296875,546.2183227539062
306,player,36,1050.8353271484375,580.1675415039062,745.447509765625,1017.32958984375
306,player,1,896.498779296875,496.94305419921875,714.7059326171875,789.4500732421875
306,player,55,247.17080688476562,451.40093994140625,252.10189819335938,513.361572265625
306,player,7,813.2852783203125,422.19464111328125,715.6842041015625,577.9835815429688
306,player,52,829.5035400390625,421.93438720703125,737.918212890625,566.092529296875
306,player,3,440.7503662109375,417.14385986328125,424.0604553222656,456.45635986328125
306,player,38,508.36181640625,362.0367431640625,525.0965576171875,289.2099609375
306,player,61,412.8299560546875,368.7068176269531,445.2914123535156,254.39218139648438
306,player,54,465.054443359375,417.64886474609375,440.97589111328125,465.56744384765625
306,player,62,453.83306884765625,416.32745361328125,436.38922119140625,451.5787353515625
306,player,56,424.23828125,396.0902099609375,436.355712890625,327.37127685546875
307,player,53,687.8216552734375,428.0645446777344,619.2721557617188,546.5744018554688
307,player,36,1049.7386474609375,582.7555541992188,743.587646484375,1019.2056884765625
307,player,1,896.007080078125,496.7962646484375,714.42431640625,789.837646484375
307,player,7,814.05615234375,422.236572265625,720.4901123046875,572.1361083984375
307,player,3,437.09197998046875,413.2843017578125,424.34796142578125,449.8345947265625
307,player,55,246.37120056152344,450.34033203125,251.41018676757812,510.92236328125
307,player,38,505.44921875,372.84259033203125,522.0103759765625,298.69415283203125
307,player,54,491.95703125,420.143798828125,449.2936706542969,468.28485107421875
307,player,56,425.18804931640625,395.68487548828125,433.48748779296875,344.3564758300781
307,player,61,410.80712890625,394.4475402832031,435.37408447265625,294.1595458984375
308,player,53,687.7283935546875,432.50567626953125,617.4551391601562,551.5460205078125
308,player,7,812.7769775390625,423.3069152832031,722.8108520507812,569.377685546875
308,player,36,1048.127685546875,584.41943359375,741.4283447265625,1021.4912719726562
308,player,1,895.6253662109375,497.3880615234375,713.9268798828125,790.583251953125
308,player,3,433.3656005859375,410.73992919921875,424.1170654296875,442.2971496582031
308,player,54,495.58837890625,420.04864501953125,455.7685241699219,470.26300048828125
308,player,60,273.13232421875,450.177001953125,273.0082092285156,517.9000244140625
308,player,55,245.86077880859375,450.29302978515625,250.83016967773438,509.24456787109375
308,player,38,509.496826171875,402.4566650390625,512.114013671875,341.2099609375
308,ball,-1,278.66741943359375,357.7767333984375,1125.414794921875,227.7283935546875
309,player,53,687.3055419921875,434.4796142578125,615.481201171875,556.8333129882812
309,player,54,494.83270263671875,420.30059814453125,459.6906433105469,471.76312255859375
309,player,7,812.1021728515625,424.4547119140625,723.6640625,568.76123046875
309,player,36,1046.5274658203125,582.18603515625,740.3870849609375,1021.2479248046875
309,player,1,891.0969848632812,498.7845458984375,711.8984375,791.9252319335938
309,player,3,430.80609130859375,406.39642333984375,424.35394287109375,432.16424560546875
309,player,35,905.351806640625,430.529296875,756.0205078125,646.0831298828125
309,player,60,271.9696044921875,451.386474609375,271.7584228515625,517.1121826171875
309,player,55,245.3574981689453,450.1142578125,250.34671020507812,507.9245300292969
309,ball,-1,278.239990234375,360.6954040527344,1125.414794921875,227.7283935546875
310,player,7,813.4328002929688,422.77191162109375,725.2798461914062,566.664794921875
310,player,53,687.3258666992188,432.0315246582031,615.037841796875,557.6746215820312
310,player,36,1045.4478759765625,583.8527221679688,738.888427734375,1022.20166015625
310,player,1,892.897705078125,499.45941162109375,710.818359375,793.54541015625
310,player,54,495.2474060058594,415.53900146484375,463.6844482421875,467.4422607421875
310,player,3,424.4442443847656,404.60369873046875,423.1212463378906,422.9317626953125
310,player,35,907.4930419921875,429.61761474609375,770.9381103515625,632.6326293945312
310,player,60,271.9283447265625,454.43829345703125,270.3991394042969,519.7662353515625
310,player,55,245.26559448242188,451.5540771484375,249.76681518554688,508.56475830078125
310,player,56,425.03924560546875,403.6363525390625,429.48345947265625,364.7798767089844
310,ball,-1,278.41015625,361.1054382324219,1125.414794921875,227.7283935546875
311,player,53,686.7779541015625,430.60260009765625,615.0817260742188,556.649658203125
311,player,1,890.607666015625,500.39605712890625,709.175048828125,795.2330932617188
311,player,7,815.3414306640625,423.4027099609375,726.6353759765625,566.1536254882812
311,player,54,496.7757568359375,416.39910888671875,466.4805908203125,465.7361145019531
311,player,36,1043.3553466796875,583.7593994140625,737.4381103515625,1022.5896606445312
311,player,35,900.2437133789062,436.19879150390625,775.7264404296875,630.11962890625
311,player,55,244.9387969970703,453.6516418457031,248.95254516601562,511.1376953125
311,player,3,425.523193359375,402.8402099609375,423.0947265625,414.96490478515625
311,player,63,914.5909423828125,431.5289306640625,802.1951904296875,615.2017822265625
311,player,60,271.6556396484375,455.4868469238281,269.2589111328125,522.5519409179688
311,player,62,468.85369873046875,361.61907958984375,456.5926513671875,386.423095703125
311,ball,-1,278.62994384765625,366.1264343261719,1125.414794921875,227.7283935546875
312,player,53,686.4384765625,431.19537353515625,614.8099365234375,556.58642578125
312,player,36,1042.943603515625,586.0546875,735.6296997070312,1024.451416015625
312,player,1,888.6524047851562,501.313232421875,707.2636108398438,796.9739990234375
312,player,35,899.0065307617188,436.779541015625,778.237548828125,628.9776000976562
312,player,54,499.11834716796875,416.0711669921875,469.06610107421875,464.46405029296875
312,player,7,814.4118041992188,426.4630432128906,726.0240478515625,569.0261840820312
312,player,55,244.31536865234375,454.46405029296875,248.12059020996094,513.6009521484375
312,player,63,918.1048583984375,433.567138671875,802.3374633789062,617.6444702148438
312,player,62,474.810302734375,359.955078125,472.10528564453125,342.43499755859375
312,player,56,416.6113586425781,401.2449645996094,425.0375671386719,374.504638671875
312,player,60,271.1861267089844,455.9519958496094,268.3101806640625,524.8031005859375
312,ball,-1,279.1289367675781,370.8065185546875,1125.414794921875,227.7283935546875
313,player,53,685.1943359375,430.96343994140625,614.3560180664062,556.1884765625
313,player,36,1043.4993896484375,588.919189453125,733.6378173828125,1027.742919921875
313,player,54,504.76300048828125,410.350830078125,474.0103759765625,457.65057373046875
313,player,1,888.2205810546875,500.97003173828125,706.0279541015625,797.767333984375
313,player,35,911.069091796875,434.0592041015625,784.5122680664062,626.4844970703125
313,player,63,923.0955810546875,432.45379638671875,804.36181640625,618.5159912109375
313,player,52,828.573486328125,425.49420166015625,737.872314453125,569.2111206054688
313,player,7,815.776611328125,426.43353271484375,726.03564453125,570.9832763671875
313,player,55,243.665283203125,454.79583740234375,247.34982299804688,515.491455078125
313,player,62,467.25732421875,365.52435302734375,478.0985107421875,320.42218017578125
313,player,56,415.56732177734375,401.91650390625,421.66851806640625,381.52325439453125
313,player,61,409.01995849609375,401.39886474609375,426.6046142578125,328.1112060546875
313,player,3,428.2705078125,400.6523742675781,424.45709228515625,407.45916748046875
313,player,60,271.0692443847656,455.35931396484375,267.7651672363281,525.645263671875
313,ball,-1,277.90032958984375,371.9109191894531,1125.414794921875,227.7283935546875
314,player,53,683.6725463867188,432.27813720703125,613.177001953125,557.197265625
314,player,54,506.22235107421875,407.7127685546875,478.41253662109375,450.32781982421875
314,player,61,402.0126037597656,401.7520751953125,418.76519775390625,349.9762268066406
314,player,1,888.1522827148438,501.5927734375,704.9867553710938,798.8253173828125
314,player,36,1042.8265380859375,591.1611328125,731.4412841796875,1031.41552734375
314,player,7,821.151611328125,428.37371826171875,726.8339233398438,574.8038330078125
314,player,35,904.7943115234375,435.19927978515625,786.2877197265625,625.490966796875
314,player,52,831.9232177734375,427.69085693359375,737.9320068359375,573.8834838867188
314,player,55,243.531494140625,455.78143310546875,246.65042114257812,517.7286376953125
314,player,3,443.602783203125,370.7664794921875,438.26593017578125,367.2752380371094
314,player,62,468.49462890625,361.6365966796875,483.58648681640625,301.1612548828125
314,player,56,425.58990478515625,377.70281982421875,428.97515869140625,357.571044921875
314,player,64,453.1766357421875,365.23980712890625,477.0381164550781,274.8016662597656
315,player,61,397.6941833496094,402.9852294921875,412.0983581542969,365.25616455078125
315,player,1,888.6175537109375,500.14111328125,704.946533203125,798.2733154296875
315,player,54,509.3727111816406,407.55010986328125,482.2418212890625,445.6599426269531
315,player,53,682.013671875,432.583740234375,611.8323974609375,558.032470703125
315,player,7,820.9393310546875,427.28033447265625,727.726806640625,576.1032104492188
315,player,36,1040.846435546875,591.6810302734375,729.3668212890625,1034.0142822265625
315,player,52,826.9611206054688,423.550537109375,738.1969604492188,572.04296875
315,player,3,445.40313720703125,367.5230712890625,448.75311279296875,337.1537170410156
315,player,35,897.3646850585938,436.2789306640625,784.83837890625,625.3049926757812
315,player,64,459.3996887207031,362.9193115234375,479.6734924316406,272.3504638671875
315,player,56,427.49676513671875,364.82763671875,437.9874267578125,325.716552734375
315,player,62,470.0686950683594,364.45513916015625,486.7630615234375,292.4643859863281
315,player,60,270.68719482421875,456.84967041015625,267.0489501953125,527.6963500976562
316,player,1,885.0174560546875,500.4163818359375,703.8676147460938,797.8556518554688
316,player,54,511.6572265625,408.2877197265625,485.18280029296875,443.6756591796875
316,player,53,679.25146484375,432.9564208984375,610.0427856445312,558.7291870117188
316,player,7,822.1451416015625,425.81951904296875,729.2425537109375,575.493408203125
316,player,61,391.95587158203125,401.79119873046875,406.3875732421875,373.2784423828125
316,player,36,1038.311279296875,593.2938232421875,726.8822021484375,1036.640380859375
316,player,63,920.7135620117188,435.565185546875,803.6423950195312,622.1068115234375
316,player,3,447.71844482421875,368.48797607421875,455.9952392578125,319.02935791015625
316,player,65,386.5622253417969,386.13427734375,402.5448913574219,332.9888916015625
316,player,62,471.35662841796875,366.38604736328125,488.62677001953125,289.4320068359375
316,ball,-1,275.767333984375,379.5115661621094,1125.414794921875,227.7283935546875
317,player,1,883.0210571289062,501.5494384765625,702.2381591796875,798.4150390625
317,player,53,678.337158203125,434.7959289550781,607.9991455078125,561.051513671875
317,player,54,515.23681640625,407.74346923828125,488.2998046875,442.07781982421875
317,player,63,922.9989013671875,437.9918212890625,802.7951049804688,627.14990234375
317,player,36,1036.027099609375,593.34716796875,724.7021484375,1038.206298828125
317,player,7,822.9253540039062,421.7442626953125,732.0997314453125,570.7777099609375
317,player,3,446.53369140625,368.28021240234375,460.4000244140625,306.87298583984375
317,player,61,388.223876953125,400.0775146484375,402.01007080078125,376.1406555175781
317,player,60,268.7790222167969,458.1231689453125,265.85009765625,530.1780395507812
317,player,62,468.75213623046875,363.6886901855469,489.86956787109375,283.7222900390625
318,player,53,677.6212158203125,436.22979736328125,605.9865112304688,564.0116577148438
318,player,1,882.7706298828125,500.70196533203125,701.4105224609375,798.0113525390625
318,player,54,517.4791870117188,410.1365966796875,490.277587890625,443.97882080078125
318,player,36,1035.6832275390625,593.70068359375,723.087646484375,1039.445556640625
318,player,63,925.5631103515625,439.27459716796875,802.4354248046875,631.9734497070312
318,player,7,824.6214599609375,420.53466796875,734.946533203125,566.552490234375
318,player,3,443.78289794921875,366.7393798828125,462.8741455078125,296.7318420410156
318,player,61,384.8829040527344,400.76239013671875,398.0179443359375,378.515625
318,player,60,268.58111572265625,459.12921142578125,264.8447265625,532.8048706054688
319,player,1,883.3233642578125,501.05645751953125,700.8944091796875,798.1075439453125
319,player,53,678.9049072265625,436.2940673828125,605.0219116210938,566.1156616210938
319,player,36,1035.8231201171875,592.8001708984375,722.3650512695312,1039.6290283203125
319,player,54,522.3970947265625,413.38739013671875,492.041259765625,449.34326171875
319,player,3,442.9285888671875,365.4590759277344,464.5997619628906,288.4030456542969
319,player,7,829.243896484375,418.12750244140625,739.143798828125,561.5980224609375
319,player,61,381.397216796875,400.7804870605469,394.39959716796875,379.77294921875
319,player,63,928.835693359375,434.57171630859375,805.1737060546875,630.5469970703125
319,player,55,241.22528076171875,459.55712890625,244.9599609375,522.873291015625
319,player,60,255.41285705566406,461.197509765625,260.31353759765625,535.5271606445312
320,player,53,680.340576171875,434.3458251953125,605.4581298828125,565.5519409179688
320,player,54,524.9382934570312,414.39703369140625,493.629150390625,454.19488525390625
320,player,1,880.2950439453125,501.53912353515625,699.5870361328125,798.341552734375
320,player,36,1035.4793701171875,592.3860473632812,721.9478759765625,1039.429931640625
320,player,3,443.83233642578125,362.9918518066406,466.7391052246094,279.85809326171875
320,player,7,832.2689208984375,419.56890869140625,742.168701171875,560.2211303710938
320,player,61,378.4361572265625,400.6197509765625,391.2215576171875,380.13885498046875
320,player,55,241.26461791992188,461.53631591796875,243.5514373779297,528.241455078125
320,player,63,928.9027099609375,432.91253662109375,807.69482421875,627.8995361328125
321,player,53,679.99462890625,433.229248046875,606.0196533203125,563.9716796875
321,player,1,879.0677490234375,501.994873046875,698.2528076171875,798.7918090820312
321,player,54,527.0296020507812,415.233642578125,495.0220947265625,458.475341796875
321,player,36,1033.50146484375,592.4553833007812,721.1795654296875,1039.1947021484375
321,player,7,832.6290283203125,420.0916748046875,744.0255737304688,559.927001953125
321,player,3,444.6531066894531,362.4122314453125,468.55853271484375,273.6208190917969
321,player,61,373.845947265625,399.9405822753906,387.97894287109375,379.16766357421875
321,player,55,239.8651123046875,463.0118713378906,242.02508544921875,533.1148071289062
322,player,53,681.6235961914062,432.9611511230469,606.940673828125,562.8026123046875
322,player,1,878.719482421875,502.4197998046875,697.14501953125,799.4287109375
322,player,54,528.8536987304688,415.32550048828125,496.4287109375,461.521728515625
322,player,36,1027.7322998046875,593.1387939453125,719.0748901367188,1039.0718994140625
322,player,7,830.2186279296875,421.45458984375,743.9654541015625,560.99853515625
322,player,55,238.7052001953125,464.373779296875,240.50628662109375,537.5662841796875
322,player,3,445.87554931640625,362.7112121582031,470.0301513671875,270.07000732421875
322,player,61,372.99700927734375,399.47027587890625,385.7369384765625,377.90386962890625
322,player,65,381.28924560546875,394.62225341796875,398.83203125,342.8342590332031
323,player,53,681.5728149414062,430.93133544921875,608.214111328125,559.8765869140625
323,player,54,524.1951904296875,416.885986328125,495.5400390625,464.843994140625
323,player,1,879.8338623046875,502.4859619140625,696.6967163085938,799.9939575195312
323,player,36,1026.789794921875,592.8121337890625,717.5866088867188,1038.6885986328125
323,player,3,447.130615234375,363.06695556640625,471.2684326171875,268.3421630859375
323,player,7,833.2275390625,420.85504150390625,745.055419921875,561.3147583007812
323,player,55,237.90362548828125,467.40374755859375,238.82537841796875,543.4469604492188
323,player,65,386.46484375,399.977294921875,396.60894775390625,356.077880859375
324,player,53,680.8250732421875,430.4627685546875,608.9871215820312,557.4082641601562
324,player,1,880.145751953125,501.53363037109375,696.8209228515625,799.5503540039062
324,player,65,389.5538330078125,409.9520263671875,393.6187744140625,376.605712890625
324,player,36,1026.3499755859375,592.2100219726562,716.7086181640625,1037.9808349609375
324,player,3,447.2763366699219,361.566162109375,472.5726013183594,265.2671203613281
324,player,54,529.1591796875,416.15179443359375,496.61138916015625,466.6167907714844
324,player,7,834.8278198242188,423.019775390625,745.3455810546875,564.0044555664062
324,player,55,237.2567596435547,469.49285888671875,237.2326202392578,549.3082275390625
324,player,38,502.2479248046875,410.3489990234375,501.2601318359375,377.31121826171875
324,player,60,260.44659423828125,470.8100891113281,257.1185607910156,547.38525390625
324,player,56,436.42816162109375,358.82159423828125,448.39349365234375,297.94647216796875
325,player,53,680.022216796875,432.40496826171875,608.60009765625,557.8048095703125
325,player,1,878.399658203125,503.7738037109375,695.6580810546875,801.0821533203125
325,player,36,1024.482177734375,591.6158447265625,715.8821411132812,1036.9554443359375
325,player,54,527.6995849609375,416.8133850097656,496.69232177734375,468.3826904296875
325,player,65,383.9850769042969,413.46893310546875,389.22686767578125,393.49493408203125
325,player,55,236.91116333007812,470.5348205566406,235.94277954101562,554.1290283203125
325,player,3,447.5858154296875,360.39642333984375,473.8719177246094,261.7591552734375
325,player,7,835.52001953125,419.6014404296875,747.14306640625,562.1123657226562
325,player,38,502.4376525878906,359.131103515625,510.0411376953125,337.976806640625
326,player,1,876.5889892578125,504.85430908203125,694.0494384765625,802.871337890625
326,player,53,679.0748901367188,433.8294677734375,607.5968627929688,559.4921264648438
326,player,36,1024.586181640625,593.2913208007812,714.828369140625,1037.47802734375
326,player,55,237.1401824951172,473.2142333984375,234.74691772460938,559.9422607421875
326,player,3,449.11419677734375,362.5577392578125,474.5346984863281,262.4562072753906
326,player,65,379.3158874511719,411.98150634765625,385.3826904296875,402.3631591796875
326,player,54,531.9526977539062,416.38385009765625,498.1002197265625,469.4232482910156
326,player,63,931.259765625,432.53802490234375,810.1827392578125,625.9984130859375
326,player,38,502.61883544921875,409.151123046875,500.36505126953125,373.8721008300781
326,player,35,871.0611572265625,503.5771484375,750.9995727539062,687.0377197265625
326,player,7,846.335693359375,420.4141845703125,751.1560668945312,562.7359008789062
326,player,66,503.8555908203125,345.98712158203125,540.3075561523438,214.8916015625
327,player,65,375.82470703125,417.3677978515625,380.6195068359375,413.9554443359375
327,player,1,877.09375,502.38433837890625,693.9951171875,801.913330078125
327,player,53,677.4801025390625,434.08282470703125,606.4044799804688,560.7176513671875
327,player,36,1024.3460693359375,592.7625732421875,714.256591796875,1037.4267578125
327,player,54,531.8933715820312,416.54229736328125,498.95159912109375,470.2720642089844
327,player,3,450.26171875,362.4871826171875,475.34295654296875,262.9222412109375
327,player,63,932.1758422851562,432.1308288574219,812.244873046875,624.4193725585938
327,player,55,237.68350219726562,475.834716796875,233.70599365234375,566.3509521484375
327,player,7,843.115234375,419.590087890625,753.1600952148438,561.9570922851562
328,player,1,876.6983642578125,502.807861328125,693.7077026367188,801.62939453125
328,player,65,372.435791015625,415.9833984375,376.87591552734375,419.6273193359375
328,player,36,1024.940185546875,593.7137451171875,713.7203369140625,1038.1090087890625
328,player,53,675.412353515625,434.98114013671875,604.73876953125,562.2838745117188
328,player,54,536.3021240234375,412.7872009277344,501.8955078125,466.98211669921875
328,player,3,450.9189453125,362.782470703125,475.98248291015625,263.6717529296875
328,player,7,839.2110595703125,419.7572021484375,753.244140625,561.2821655273438
328,player,63,934.0111083984375,432.677490234375,813.8800048828125,624.1275024414062
328,player,55,239.06277465820312,477.744384765625,233.09567260742188,572.503173828125
328,player,66,505.1697998046875,363.88427734375,534.7095336914062,238.87289428710938
329,player,1,875.6292724609375,503.67803955078125,692.93603515625,802.1182861328125
329,player,53,674.552978515625,435.2099609375,603.3348999023438,563.468505859375
329,player,63,937.432861328125,434.0321960449219,815.3441162109375,625.6532592773438
329,player,36,1024.5087890625,595.375732421875,712.73388671875,1039.684814453125
329,player,54,537.9933471679688,411.2856140136719,504.7509765625,463.2899169921875
329,player,7,842.34716796875,421.2024841308594,753.621826171875,562.6929321289062
329,player,3,450.39300537109375,363.6343078613281,475.97674560546875,265.22308349609375
329,player,65,370.24359130859375,424.4525146484375,371.88140869140625,432.6297607421875
329,player,55,240.60195922851562,477.88092041015625,233.08062744140625,576.7617797851562
329,player,66,507.1554260253906,373.00250244140625,528.7313232421875,266.333251953125
330,player,53,672.3150634765625,434.0495300292969,602.1722412109375,562.8148193359375
330,player,63,938.7929077148438,433.8804931640625,816.7575073242188,626.6087036132812
330,player,36,1024.405029296875,596.5599365234375,711.6881103515625,1041.529296875
330,player,54,537.8914184570312,409.224609375,507.1982421875,458.5321044921875
330,player,1,873.586669921875,503.7061767578125,691.8853759765625,802.2902221679688
330,player,65,368.57440185546875,427.48486328125,367.4827880859375,444.2901611328125
330,player,3,450.79144287109375,364.16162109375,475.936767578125,266.9552307128906
330,player,55,244.18316650390625,477.99945068359375,233.98956298828125,579.9390869140625
330,player,66,507.32989501953125,374.55902099609375,524.4017333984375,286.16387939453125
330,player,7,851.54248046875,421.37921142578125,756.495361328125,564.6256103515625
330,player,67,967.291748046875,433.89898681640625,843.047607421875,635.710205078125
330,player,35,865.8338623046875,503.20111083984375,727.753662109375,726.3978271484375
331,player,36,1022.5440673828125,597.3020629882812,710.3271484375,1043.101318359375
331,player,1,871.8212890625,503.945556640625,690.653564453125,802.4642333984375
331,player,3,450.9322509765625,364.7158508300781,475.7867431640625,268.8152160644531
331,player,66,507.5543212890625,378.6298828125,520.365478515625,304.17388916015625
331,player,54,542.5836791992188,407.3241271972656,510.7393798828125,453.67864990234375
331,player,55,245.35989379882812,478.622314453125,234.79103088378906,582.709228515625
331,player,53,663.5811767578125,434.7452392578125,598.6968994140625,562.3626708984375
331,player,63,942.64892578125,434.50543212890625,818.5220947265625,628.2225952148438
331,player,65,364.3775634765625,430.94769287109375,362.67724609375,455.3055419921875
331,player,35,866.7357177734375,503.01373291015625,712.946533203125,751.8927612304688
331,player,61,369.7650451660156,415.0751037597656,379.64813232421875,394.92901611328125
331,player,7,850.234130859375,421.97271728515625,757.7313232421875,566.406005859375
331,player,68,647.541259765625,437.7602233886719,576.4219360351562,566.6119384765625
331,player,52,855.7483520507812,475.91845703125,726.38232421875,626.03466796875
331,ball,-1,959.91650390625,340.693359375,1107.095947265625,238.64682006835938
332,player,66,507.56396484375,380.7808837890625,517.0687255859375,318.5524597167969
332,player,36,1022.9326171875,599.5582885742188,708.81640625,1045.7232666015625
332,player,54,544.78662109375,407.6268615722656,513.5940551757812,451.0670166015625
332,player,3,450.6230163574219,364.6173095703125,475.6233825683594,269.86773681640625
332,player,55,246.28416442871094,479.57269287109375,235.40524291992188,585.51220703125
332,player,53,664.3307495117188,436.2652587890625,596.1500244140625,563.7401123046875
332,player,35,869.1865234375,503.2181396484375,703.8988037109375,768.8485107421875
332,player,65,363.10455322265625,435.39715576171875,358.2264099121094,467.1865234375
332,player,61,367.2383728027344,416.1717834472656,374.71466064453125,407.02154541015625
332,player,68,642.4716796875,437.70068359375,575.0053100585938,566.1077880859375
332,player,63,944.9073486328125,434.915771484375,820.1444702148438,629.8983154296875
332,player,7,857.521728515625,426.157958984375,758.9285278320312,572.708740234375
333,player,36,1022.63134765625,600.51806640625,707.4581909179688,1048.069580078125
333,player,66,507.6170959472656,377.43701171875,515.9948120117188,323.743896484375
333,player,65,362.5806884765625,434.34771728515625,355.41510009765625,473.7300720214844
333,player,3,448.9479675292969,361.60638427734375,475.9103698730469,266.46502685546875
333,player,54,550.53662109375,406.955078125,517.3419799804688,449.10906982421875
333,player,55,251.2447967529297,478.5614013671875,237.26010131835938,586.7542114257812
333,player,68,639.732177734375,437.9637451171875,573.2250366210938,565.8182373046875
333,player,35,867.156005859375,502.60626220703125,697.6923828125,779.1629638671875
333,player,67,967.9140625,435.3197021484375,842.5900268554688,637.2360229492188
333,player,7,857.099853515625,422.0482177734375,761.2974243164062,572.3569946289062
333,player,1,868.983154296875,503.96966552734375,689.0955200195312,802.361572265625
334,player,66,507.28265380859375,374.40472412109375,516.15771484375,323.2820129394531
334,player,36,1021.8912353515625,601.646240234375,706.04248046875,1050.31787109375
334,player,54,559.0059204101562,408.1093444824219,521.9033203125,449.91278076171875
334,player,3,448.48321533203125,361.5877685546875,475.9582214355469,264.1861572265625
334,player,53,662.5780029296875,436.86065673828125,593.8011474609375,565.1097412109375
334,player,65,362.080078125,434.07611083984375,353.5071105957031,477.64642333984375
334,player,67,972.175537109375,436.24945068359375,843.1131591796875,639.5672607421875
334,player,55,254.92843627929688,479.8681640625,239.22189331054688,589.13623046875
334,player,68,640.8189697265625,436.47869873046875,572.8497314453125,564.1600952148438
334,player,35,865.1716918945312,504.296875,692.5527954101562,787.1842041015625
334,player,7,859.7352905273438,428.14520263671875,761.0689086914062,578.889892578125
334,player,1,867.443603515625,505.2781982421875,687.2271728515625,803.3104248046875
334,player,69,629.7412109375,439.1846008300781,560.7474365234375,566.4615478515625
334,player,61,358.2914733886719,434.4923400878906,364.905029296875,434.41204833984375
335,player,66,506.7225341796875,373.78582763671875,516.2894287109375,322.14990234375
335,player,54,561.85205078125,404.6760559082031,526.7811279296875,446.74072265625
335,player,67,977.5665283203125,441.05035400390625,842.8648681640625,646.4757080078125
335,player,36,1019.8834228515625,603.01025390625,704.2161254882812,1052.56494140625
335,player,53,659.1234741210938,434.5498962402344,592.0509033203125,563.2576904296875
335,player,3,448.77880859375,362.34808349609375,475.850341796875,263.72857666015625
335,player,55,258.5826416015625,481.0655212402344,241.26075744628906,592.146240234375
335,player,7,862.0615234375,430.260009765625,760.7237548828125,585.58203125
335,player,61,358.1490478515625,439.31298828125,357.4564208984375,457.3885498046875
335,player,65,360.24249267578125,433.29022216796875,351.924560546875,479.18243408203125
335,player,35,863.1114501953125,498.7080078125,690.5946655273438,787.3009033203125
335,player,1,865.0573120117188,507.037841796875,684.783447265625,805.261474609375
335,player,68,636.2099609375,438.31842041015625,570.71484375,564.6185913085938
335,player,69,628.4857177734375,439.6847839355469,560.2364501953125,566.8768310546875
336,player,67,978.1553344726562,441.07684326171875,842.861572265625,651.04541015625
336,player,66,506.61346435546875,372.37200927734375,516.7937622070312,319.6152038574219
336,player,55,261.5641174316406,479.83758544921875,243.5613250732422,593.1544799804688
336,player,54,569.06494140625,404.39129638671875,532.1676025390625,444.9931640625
336,player,53,656.0762939453125,430.55401611328125,591.3612060546875,557.53076171875
336,player,3,449.50616455078125,362.8587646484375,475.8509826660156,264.1659851074219
336,player,36,1019.7830810546875,604.093017578125,702.6650390625,1054.762939453125
336,player,7,865.974365234375,440.54345703125,757.4381103515625,600.98486328125
336,player,61,353.705810546875,438.24102783203125,351.6108703613281,470.7967529296875
336,player,35,864.5935668945312,508.72454833984375,686.2772827148438,796.2802734375
336,player,1,864.7039794921875,507.63751220703125,682.8981323242188,807.021240234375
336,player,65,357.2412109375,433.5003662109375,350.0124206542969,480.15167236328125
336,player,68,634.162841796875,438.212158203125,568.7817993164062,564.6268310546875
337,player,67,978.803955078125,441.09149169921875,843.0400390625,654.0882568359375
337,player,66,506.1336975097656,372.8765869140625,516.812744140625,318.5631103515625
337,player,55,263.099853515625,480.35137939453125,245.37527465820312,594.4347534179688
337,player,53,653.9325561523438,436.7395935058594,588.274169921875,560.1918334960938
337,player,7,870.8203125,439.48345947265625,757.12060546875,610.334716796875
337,player,36,1018.9681396484375,604.9047241210938,701.209716796875,1056.6861572265625
337,player,54,572.4555053710938,403.6053466796875,536.9204711914062,443.25091552734375
337,player,3,449.3525390625,363.3495788574219,475.6551513671875,265.0774230957031
337,player,61,350.2239685058594,436.4469299316406,347.224365234375,477.28662109375
337,player,1,863.1112060546875,507.3740234375,681.3438720703125,807.8038330078125
337,player,35,864.8496704101562,506.7274169921875,684.2172241210938,800.4046020507812
337,player,68,632.7888793945312,438.70977783203125,566.9799194335938,565.0355224609375
338,player,67,981.2393798828125,441.23193359375,843.796142578125,656.42529296875
338,player,66,506.2344055175781,373.12420654296875,516.77685546875,318.2018127441406
338,player,53,643.045654296875,439.17529296875,582.4010620117188,563.5330200195312
338,player,7,870.7686767578125,445.13348388671875,754.623779296875,622.1812133789062
338,player,55,267.56170654296875,482.39849853515625,247.38815307617188,597.6141967773438
338,player,3,449.69488525390625,363.9379577636719,475.4559326171875,266.46868896484375
338,player,36,1018.1629638671875,605.5545654296875,699.8702392578125,1058.3197021484375
338,player,65,349.68609619140625,438.35302734375,345.634033203125,485.3699951171875
338,player,68,631.5655517578125,439.931640625,565.0791015625,566.4759521484375
338,player,61,346.64935302734375,440.7684326171875,342.4761962890625,485.8309326171875
338,player,54,578.6544189453125,399.5089111328125,543.1728515625,437.9055480957031
338,player,35,864.6553344726562,485.98699951171875,690.07568359375,784.5614013671875
338,player,1,859.9676513671875,508.20721435546875,679.22607421875,808.7744140625
338,player,70,370.72186279296875,441.23236083984375,352.38995361328125,508.9656066894531
338,player,69,624.853759765625,441.2459716796875,558.3946533203125,568.4642333984375
339,player,67,979.8248291015625,440.93756103515625,844.0109252929688,657.5194702148438
339,player,66,505.9795227050781,373.75494384765625,516.4739990234375,318.740966796875
339,player,53,639.1370849609375,434.2144775390625,579.0624389648438,560.1306762695312
339,player,36,1017.9391479492188,605.7731323242188,698.8784790039062,1059.5140380859375
339,player,7,871.4652099609375,449.29852294921875,751.5418701171875,634.1446533203125
339,player,55,269.0160217285156,483.09661865234375,248.96246337890625,600.4733276367188
339,player,65,347.51141357421875,442.4293212890625,341.3355407714844,492.9246826171875
339,player,3,449.4642028808594,364.29998779296875,475.14569091796875,267.82342529296875
339,player,54,583.5631103515625,412.071533203125,544.6296997070312,449.31793212890625
339,player,61,342.9429931640625,443.6728820800781,337.7681884765625,494.154052734375
339,player,68,629.0238037109375,433.905029296875,565.0259399414062,560.8317260742188
339,player,69,622.5240478515625,443.0120849609375,555.9969482421875,571.1336669921875
339,player,1,856.524169921875,508.77716064453125,676.7542724609375,809.6134033203125
339,player,63,965.7842407226562,442.5706787109375,823.866943359375,640.6880493164062
339,player,35,862.796875,486.0269775390625,693.3677978515625,774.1424560546875
340,player,66,506.08868408203125,375.85540771484375,515.6426391601562,321.7462158203125
340,player,36,1018.1053466796875,605.9090576171875,698.2305908203125,1060.396240234375
340,player,53,640.07421875,429.46343994140625,578.6964111328125,552.9244384765625
340,player,7,872.9891357421875,444.82373046875,751.7542724609375,637.53857421875
340,player,55,271.5207214355469,483.33233642578125,250.599853515625,602.7635498046875
340,player,67,977.43798828125,442.189208984375,842.904296875,659.289306640625
340,player,3,449.0654602050781,364.03546142578125,474.90045166015625,268.32293701171875
340,player,61,344.1971435546875,443.63262939453125,335.0614013671875,499.6279296875
340,player,54,587.2513427734375,406.6761169433594,548.3909912109375,450.9202880859375
340,player,70,354.4660339355469,444.85675048828125,347.136962890625,511.4195861816406
340,player,65,345.1749267578125,443.74188232421875,337.62677001953125,499.02740478515625
340,player,35,863.8291015625,463.28594970703125,704.1649169921875,746.0455322265625
340,player,1,854.43701171875,509.3612060546875,674.4046630859375,810.4912109375
340,player,52,857.0429077148438,492.6163330078125,713.0894775390625,676.5975341796875
340,player,69,598.0648803710938,413.15869140625,556.8502807617188,538.4293212890625
341,player,66,506.51275634765625,376.10540771484375,515.1525268554688,324.0519714355469
341,player,36,1018.330078125,605.4880981445312,697.9940185546875,1060.6986083984375
341,player,67,978.1198120117188,441.3829345703125,842.7404174804688,659.68212890625
341,player,61,344.6146545410156,442.13616943359375,333.72528076171875,501.63494873046875
341,player,7,871.881103515625,442.6414794921875,752.4532470703125,637.4256591796875
341,player,3,448.8244323730469,364.2408752441406,474.60443115234375,268.89312744140625
341,player,65,342.51348876953125,443.7975158691406,334.47235107421875,502.8271789550781
341,player,53,640.6612548828125,428.143310546875,579.0574951171875,546.8701171875
341,player,70,358.85833740234375,442.46685791015625,345.4342041015625,510.86126708984375
341,player,69,597.3117065429688,429.60064697265625,551.9926147460938,535.2218017578125
341,player,1,855.1296997070312,509.724365234375,672.93701171875,811.4334106445312
341,player,55,274.1687927246094,483.6517333984375,252.3016357421875,604.7760009765625
341,player,54,594.0061645507812,408.467529296875,552.239501953125,454.61273193359375
341,player,35,860.175048828125,476.43212890625,705.2833862304688,739.9964599609375
341,player,68,621.3526611328125,433.08160400390625,563.0701293945312,555.6163330078125
342,player,66,506.8768310546875,377.0654296875,514.6410522460938,326.78662109375
342,player,7,877.417724609375,430.60723876953125,759.4417724609375,625.364013671875
342,player,70,359.97137451171875,444.6734619140625,344.1684265136719,512.92578125
342,player,36,1019.9488525390625,604.333251953125,698.58447265625,1060.227783203125
342,player,67,981.47021484375,439.70819091796875,844.3507690429688,658.5308227539062
342,player,3,449.059814453125,363.5691833496094,474.687744140625,268.4098205566406
342,player,1,853.229248046875,510.36285400390625,671.2720947265625,812.4398193359375
342,player,69,595.4581298828125,432.41339111328125,547.4423217773438,535.99658203125
342,player,53,638.8292846679688,430.85955810546875,577.8837280273438,545.6943969726562
342,player,65,340.8856506347656,444.127685546875,331.90673828125,505.508056640625
342,player,55,271.98858642578125,483.188720703125,252.91555786132812,605.4601440429688
342,player,35,860.2098388671875,435.17254638671875,721.9168701171875,695.28857421875
342,player,68,625.9530639648438,433.660888671875,562.9243774414062,553.2451782226562
342,player,52,854.8312377929688,506.81378173828125,698.98291015625,721.8525390625
342,ball,-1,303.2298278808594,377.0114440917969,1107.095947265625,238.64682006835938
343,player,7,879.5957641601562,428.141357421875,765.6536865234375,615.1128540039062
343,player,67,980.9666137695312,440.9735107421875,844.6849975585938,659.026123046875
343,player,66,506.76177978515625,378.134521484375,513.9358520507812,329.88922119140625
343,player,36,1020.6279296875,604.672607421875,699.0224609375,1060.207275390625
343,player,70,355.65478515625,442.8905029296875,342.5318298339844,512.0169067382812
343,player,3,448.7627258300781,364.19818115234375,474.4599914550781,268.8883361816406
343,player,1,854.4403076171875,511.13616943359375,670.2481689453125,813.8613891601562
343,player,55,273.38006591796875,483.41253662109375,253.64053344726562,606.234130859375
343,player,54,598.23291015625,433.508056640625,548.055908203125,485.01239013671875
343,player,68,630.445068359375,426.05438232421875,566.5533447265625,543.9202270507812
343,player,35,860.304931640625,419.31884765625,739.3336181640625,649.36572265625
344,player,7,882.6810302734375,430.0860595703125,769.7713623046875,610.7806396484375
344,player,67,980.8028564453125,442.7210693359375,844.0751953125,661.1060791015625
344,player,36,1021.4639892578125,605.14697265625,699.3560791015625,1060.584228515625
344,player,66,505.83319091796875,378.2071533203125,513.1717529296875,331.912109375
344,player,55,269.45623779296875,483.10687255859375,253.1395263671875,606.1221923828125
344,player,70,348.9056701660156,440.3583679199219,340.1351318359375,508.1604309082031
344,player,3,449.7074890136719,364.296630859375,474.5745849609375,269.41412353515625
344,player,68,623.6732177734375,426.7669677734375,566.737060546875,538.037109375
344,player,1,856.7758178710938,510.63739013671875,670.3599853515625,814.5489501953125
344,player,54,598.838623046875,426.91156005859375,547.5474853515625,497.72528076171875
345,player,7,883.8096313476562,430.84375,772.45751953125,608.8633422851562
345,player,36,1022.737548828125,604.000732421875,700.234130859375,1060.140625
345,player,55,267.717041015625,482.97308349609375,252.38247680664062,605.7783203125
345,player,67,984.8748779296875,442.702392578125,844.8600463867188,662.8006591796875
345,player,66,506.4775390625,377.9465026855469,512.9534912109375,332.9603271484375
345,player,68,619.6416015625,429.1388854980469,564.9429321289062,536.42333984375
345,player,70,340.14080810546875,440.76910400390625,336.0702209472656,505.345947265625
345,player,1,856.744873046875,511.552001953125,670.1184692382812,815.7813720703125
345,player,3,449.12176513671875,362.884521484375,474.894775390625,267.8600158691406
345,player,54,604.3656616210938,429.2077331542969,548.081787109375,508.95745849609375
346,player,7,884.0145263671875,430.2823181152344,774.499267578125,607.0442504882812
346,player,36,1023.5751342773438,602.8922729492188,701.3526000976562,1059.154296875
346,player,66,506.3447265625,378.08587646484375,512.727294921875,333.80352783203125
346,player,70,329.644775390625,443.9041748046875,329.90032958984375,505.9557800292969
346,player,67,987.8955078125,441.8297119140625,846.6318359375,663.2866821289062
346,player,55,265.84039306640625,483.28680419921875,251.35108947753906,605.7039794921875
346,player,68,619.4105224609375,427.50225830078125,564.2320556640625,533.5865478515625
346,player,1,857.34814453125,512.555419921875,669.7838745117188,817.494873046875
346,player,3,451.1014099121094,362.48876953125,475.8370361328125,266.5138854980469
347,player,7,883.4832763671875,429.1396484375,776.1533203125,604.608642578125
347,player,36,1024.578857421875,602.81591796875,702.3416137695312,1058.538330078125
347,player,66,506.4378662109375,377.2690734863281,512.8663940429688,333.33990478515625
347,player,67,988.513916015625,443.5880126953125,847.173828125,665.4359130859375
347,player,68,616.282958984375,427.13427734375,562.9907836914062,531.0697021484375
347,player,70,328.00152587890625,445.60498046875,325.09954833984375,508.0093994140625
347,player,55,264.8063049316406,483.54998779296875,250.36923217773438,605.8248291015625
347,player,1,857.6414794921875,514.4073486328125,669.026123046875,820.2193603515625
347,player,3,450.21014404296875,361.52008056640625,476.4676513671875,264.2877197265625
348,player,7,884.4368286132812,429.04718017578125,777.54541015625,603.012939453125
348,player,66,507.36590576171875,376.5714111328125,513.4607543945312,332.249755859375
348,player,36,1025.19384765625,601.3558349609375,703.592529296875,1057.177978515625
348,player,67,990.271728515625,443.08544921875,848.25732421875,666.4815673828125
348,player,70,326.630126953125,445.59521484375,321.60498046875,509.2178649902344
348,player,1,855.9317016601562,515.4465942382812,667.7442016601562,822.7363891601562
348,player,68,618.512939453125,422.46044921875,564.32470703125,524.5339965820312
348,player,55,264.5462646484375,483.8933410644531,249.60830688476562,606.2127685546875
348,player,3,449.8199157714844,361.87762451171875,476.64752197265625,263.2738037109375
348,player,54,608.3236083984375,427.53668212890625,550.0849609375,514.7987060546875
349,player,7,885.2905883789062,427.68035888671875,779.2781982421875,600.6046142578125
349,player,66,507.8366394042969,376.4017333984375,514.044677734375,331.37139892578125
349,player,36,1025.82080078125,600.225830078125,704.9134521484375,1055.5604248046875
349,player,67,990.5531005859375,444.2821044921875,848.5067138671875,668.3932495117188
349,player,70,326.14849853515625,443.5198059082031,319.6136169433594,507.7690734863281
349,player,54,600.8032836914062,433.419677734375,547.412353515625,524.262939453125
349,player,1,855.18701171875,517.163818359375,666.150634765625,825.7724609375
349,player,68,628.65478515625,407.0592041015625,573.2640991210938,503.94525146484375
349,player,55,267.52874755859375,484.04986572265625,249.86441040039062,606.8590087890625
349,player,3,448.94781494140625,361.601318359375,476.57757568359375,262.17230224609375
349,player,69,614.8516845703125,416.75408935546875,555.0119018554688,521.10498046875
350,player,66,508.2154541015625,376.99530029296875,514.3515625,331.5782775878906
350,player,54,597.1083984375,434.24462890625,544.3740234375,530.9722900390625
350,player,7,887.235107421875,426.1517333984375,781.6237182617188,597.58837890625
350,player,36,1025.171875,600.1209716796875,705.651123046875,1054.3858642578125
350,player,67,989.813720703125,443.76416015625,848.6878051757812,669.0482177734375
350,player,70,324.4299621582031,444.80859375,317.59136962890625,508.04534912109375
350,player,1,855.2901611328125,517.4867553710938,665.0352172851562,828.028564453125
350,player,68,634.454833984375,397.83636474609375,583.9932861328125,480.41619873046875
350,player,55,265.37664794921875,483.16015625,249.61398315429688,606.2464599609375
350,player,3,448.8660888671875,361.7699890136719,476.4554748535156,261.6700744628906
351,player,66,508.9720764160156,376.97760009765625,514.78759765625,331.75946044921875
351,player,54,596.8944091796875,429.506591796875,543.7930297851562,530.23681640625
351,player,36,1026.1146240234375,600.34375,706.283935546875,1053.8499755859375
351,player,7,889.0462646484375,426.31292724609375,783.6094970703125,595.9615478515625
351,player,70,322.20330810546875,450.6278076171875,314.5276794433594,514.1392822265625
351,player,67,990.3126220703125,446.07635498046875,847.9169921875,671.8429565429688
351,player,68,638.5975341796875,393.8427734375,593.6270751953125,460.7950134277344
351,player,1,853.7108154296875,517.9929809570312,663.7344970703125,829.7943115234375
351,player,55,263.1541748046875,483.2714538574219,248.854736328125,605.774169921875
351,player,3,448.5597229003906,360.90997314453125,476.54241943359375,260.186279296875
352,player,36,1028.1044921875,600.762451171875,707.034912109375,1053.946044921875
352,player,68,641.2628173828125,393.8529052734375,600.6871337890625,448.2945251464844
352,player,66,510.79974365234375,377.76220703125,515.37939453125,333.02410888671875
352,player,54,593.6998291015625,429.80340576171875,542.4124755859375,529.799560546875
352,player,70,320.8409729003906,452.79840087890625,311.74603271484375,520.2392578125
352,player,7,887.8350830078125,429.20745849609375,783.3145751953125,597.864990234375
352,player,67,990.1375732421875,446.61505126953125,847.126220703125,674.1836547851562
352,player,55,262.78094482421875,485.0271301269531,247.98388671875,607.125732421875
352,player,1,853.4432373046875,519.6207885742188,662.2864990234375,832.29736328125
352,player,63,989.0771484375,445.37518310546875,831.7410278320312,652.5958862304688
352,player,3,448.5404052734375,361.2410583496094,476.4921875,259.65509033203125
353,player,68,642.7965087890625,390.288330078125,607.0256958007812,436.06951904296875
353,player,70,319.4737548828125,452.418212890625,309.63983154296875,523.6954345703125
353,player,36,1029.7333984375,601.19873046875,707.7711181640625,1054.4366455078125
353,player,54,598.4896240234375,431.427734375,542.380126953125,531.6803588867188
353,player,7,889.2315673828125,427.6953430175781,784.1727294921875,597.6266479492188
353,player,66,511.323486328125,378.33599853515625,515.7415771484375,334.60943603515625
353,player,67,992.9656982421875,444.31829833984375,848.4490966796875,673.6500244140625
353,player,1,854.3159790039062,521.1268920898438,661.0791015625,835.2657470703125
353,player,69,585.690673828125,436.568115234375,545.3803100585938,530.3951416015625
353,player,63,984.1505126953125,437.512451171875,838.9674072265625,651.9178466796875
353,player,55,262.84375,484.6806640625,247.48934936523438,607.6766357421875
353,player,3,448.86224365234375,361.40826416015625,476.50872802734375,259.5589294433594
354,player,68,641.8709716796875,393.8744812011719,609.5714111328125,432.30352783203125
354,player,7,889.7782592773438,428.6227722167969,784.4954833984375,598.5028076171875
354,player,70,318.5801696777344,452.9208984375,307.93157958984375,526.3875732421875
354,player,36,1030.6014404296875,600.7103881835938,708.6115112304688,1054.4852294921875
354,player,67,993.1068115234375,442.98065185546875,849.9500732421875,671.9666137695312
354,player,66,511.5936279296875,378.73974609375,515.9312744140625,336.1673583984375
354,player,55,261.67962646484375,485.4241027832031,246.74729919433594,608.6535034179688
354,player,1,853.27197265625,522.2783813476562,659.6502685546875,838.0771484375
354,player,54,596.7568359375,426.367919921875,543.43115234375,527.2862548828125
354,player,63,981.871337890625,433.36883544921875,844.8853759765625,646.9998168945312
354,player,3,450.40423583984375,360.8057861328125,477.18243408203125,258.8465270996094
355,player,68,645.7181396484375,395.21466064453125,611.9009399414062,431.786376953125
355,player,7,889.4130859375,429.67828369140625,784.1507568359375,600.1547241210938
355,player,67,992.5996704101562,445.4473876953125,849.67431640625,673.3116455078125
355,player,70,315.84521484375,450.0428466796875,306.6300964355469,524.9166259765625
355,player,36,1028.813720703125,600.9593505859375,708.6536865234375,1054.5501708984375
355,player,1,853.29736328125,523.1301879882812,658.4517211914062,840.620849609375
355,player,55,264.7681884765625,479.51995849609375,248.01663208007812,603.837646484375
355,player,66,511.9337158203125,379.41851806640625,515.943115234375,338.0550537109375
355,player,69,588.669677734375,435.5486145019531,540.267822265625,535.6110229492188
355,player,3,447.855224609375,360.08209228515625,477.04791259765625,257.19647216796875
355,player,63,988.8046875,438.50189208984375,848.41259765625,649.708740234375
355,player,54,615.8042602539062,409.44842529296875,555.0946655273438,507.3091125488281
355,player,71,267.2039794921875,408.0482177734375,288.6146240234375,377.8959655761719
356,player,68,645.2623291015625,407.7225341796875,608.8602905273438,445.90093994140625
356,player,67,992.3671875,444.86260986328125,849.6895751953125,673.5778198242188
356,player,1,853.1259765625,524.20849609375,657.2794799804688,843.1621704101562
356,player,55,264.0562744140625,477.537841796875,248.97695922851562,598.716064453125
356,player,70,317.98602294921875,448.8775634765625,306.592529296875,522.923828125
356,player,7,890.9959716796875,433.79254150390625,782.65087890625,605.6856079101562
356,player,36,1030.173583984375,602.0831298828125,708.6464233398438,1055.47412109375
356,player,66,511.63214111328125,379.91455078125,515.7022705078125,339.8705749511719
356,player,3,446.97491455078125,360.08941650390625,476.6842041015625,256.05267333984375
356,player,54,617.2714233398438,410.13800048828125,562.8767700195312,495.2373046875
356,player,69,592.0604248046875,432.85064697265625,538.7223510742188,536.421142578125
356,player,71,270.1756896972656,378.01031494140625,295.6176452636719,341.6391296386719
356,player,72,270.2649230957031,362.2650146484375,318.5116882324219,216.07957458496094
357,player,68,645.8895263671875,407.7879333496094,607.0462036132812,455.20599365234375
357,player,1,852.09326171875,524.6323852539062,656.115234375,845.08349609375
357,player,67,993.2308349609375,448.4952697753906,848.3297119140625,677.4622192382812
357,player,7,893.181396484375,434.93670654296875,781.828369140625,610.666748046875
357,player,55,264.47491455078125,474.69793701171875,250.17465209960938,592.6356811523438
357,player,36,1029.767578125,602.5150146484375,708.4080810546875,1056.341064453125
357,player,70,316.8316650390625,448.72320556640625,306.2829895019531,521.3696899414062
357,player,66,511.6175537109375,379.5213317871094,515.66552734375,340.5611572265625
357,player,3,445.87506103515625,360.28558349609375,476.04583740234375,255.466552734375
357,player,69,578.3319091796875,434.9482421875,533.1949462890625,537.9910888671875
357,player,71,271.7624816894531,377.74176025390625,300.7020263671875,317.87371826171875
357,player,72,271.63848876953125,357.9256591796875,319.9085388183594,210.42434692382812
358,player,68,648.11767578125,406.01568603515625,607.1434326171875,459.4308776855469
358,player,1,851.9737548828125,526.5244750976562,654.7186889648438,847.8983764648438
358,player,36,1031.8687744140625,603.4610595703125,708.450927734375,1057.7186279296875
358,player,67,994.099853515625,449.36334228515625,847.3095703125,680.9273681640625
358,player,55,264.3394470214844,471.3372802734375,251.47027587890625,585.3504638671875
358,player,66,511.65740966796875,378.84765625,515.8670654296875,340.17608642578125
358,player,7,895.0914306640625,433.01458740234375,782.6561279296875,612.0704345703125
358,player,70,315.7771301269531,451.59832763671875,305.2416076660156,523.2684326171875
358,player,69,576.0783081054688,436.931884765625,528.3775634765625,540.9223022460938
358,player,3,445.2066650390625,360.2779541015625,475.4252014160156,255.01409912109375
359,player,68,650.2767333984375,406.1676025390625,607.7921142578125,462.5442810058594
359,player,1,851.448974609375,526.1537475585938,653.7954711914062,849.3768920898438
359,player,36,1029.4599609375,603.68310546875,707.8377075195312,1058.5802001953125
359,player,67,995.5454711914062,449.726318359375,846.898681640625,683.6677856445312
359,player,69,570.749755859375,444.2568359375,521.6163940429688,550.0543212890625
359,player,70,315.0062255859375,453.7425842285156,303.9463195800781,526.65966796875
359,player,66,511.786865234375,377.4035339355469,516.4960327148438,338.13671875
359,player,55,264.7851867675781,469.32061767578125,252.76441955566406,578.6453857421875
359,player,7,898.0355834960938,432.34271240234375,784.3331298828125,612.5422973632812
359,player,3,445.0370178222656,360.19580078125,474.9939270019531,254.59617614746094
360,player,1,851.086669921875,525.5084228515625,653.309814453125,849.7711181640625
360,player,68,655.302001953125,403.35333251953125,610.697509765625,461.78924560546875
360,player,70,312.6249084472656,455.23358154296875,302.1771240234375,530.2020874023438
360,player,7,900.6256103515625,434.28363037109375,785.3519287109375,615.1058349609375
360,player,69,568.487060546875,444.11663818359375,516.6298828125,555.6493530273438
360,player,67,999.8827514648438,445.648681640625,849.6924438476562,681.764892578125
360,player,36,1030.8642578125,603.1841430664062,707.9300537109375,1058.90576171875
360,player,55,266.15093994140625,469.9781494140625,253.8579559326172,575.0551147460938
360,player,66,512.0051879882812,379.7403564453125,516.2301025390625,339.7413330078125
360,player,3,443.81182861328125,358.4908752441406,474.84991455078125,251.959716796875
361,player,1,851.20361328125,526.5357055664062,652.694091796875,850.8917236328125
361,player,68,656.8896484375,402.7965087890625,613.2562255859375,460.79937744140625
361,player,7,904.6395263671875,434.0094909667969,787.2935791015625,616.84375
361,player,69,568.056640625,445.51239013671875,512.8689575195312,560.698486328125
361,player,67,1000.656494140625,445.4824523925781,851.8053588867188,680.4298706054688
361,player,70,307.46051025390625,458.57818603515625,299.008056640625,535.5023193359375
361,player,36,1030.830810546875,602.9559326171875,708.0545654296875,1058.957763671875
361,player,66,512.9132080078125,380.230224609375,516.1783447265625,341.47442626953125
361,player,55,268.29949951171875,466.4681091308594,255.72637939453125,569.38916015625
361,player,3,443.9404296875,358.6192321777344,474.75738525390625,250.42779541015625
361,player,73,900.1787109375,429.33685302734375,792.8917236328125,604.9401245117188
361,player,71,274.7248229980469,442.56884765625,292.08660888671875,378.0313720703125
362,player,36,1030.6243896484375,602.1661987304688,708.3375244140625,1058.431396484375
362,player,69,567.360107421875,447.60888671875,509.63336181640625,566.0880737304688
362,player,68,658.0338134765625,402.16650390625,615.4849853515625,459.5316162109375
362,player,67,1001.2099609375,448.96185302734375,851.7793579101562,683.0855712890625
362,player,7,904.70654296875,434.48681640625,788.372314453125,618.4762573242188
362,player,1,852.2467651367188,525.4457397460938,652.9119262695312,850.7984619140625
362,player,70,304.269287109375,458.3565979003906,296.12969970703125,538.4542846679688
362,player,66,513.9178466796875,379.8528747558594,516.5694580078125,342.22418212890625
362,player,55,266.79278564453125,463.2786865234375,257.078125,562.365478515625
362,player,3,443.881591796875,358.5029296875,474.7142639160156,249.27264404296875
363,player,36,1030.307861328125,601.682861328125,708.60009765625,1057.731201171875
363,player,69,566.9376220703125,447.648193359375,507.40167236328125,569.5955810546875
363,player,67,1001.04443359375,448.4534912109375,851.94189453125,684.2914428710938
363,player,1,852.66552734375,524.7349853515625,653.3902587890625,850.1795654296875
363,player,7,905.4288330078125,432.9747619628906,789.9263916015625,618.0255737304688
363,player,68,660.1196899414062,401.2977294921875,617.8665771484375,457.8905029296875
363,player,70,298.93634033203125,457.9569091796875,292.8957824707031,539.5184326171875
363,player,55,265.0496826171875,461.31805419921875,257.82305908203125,555.6654663085938
363,player,66,514.1053466796875,379.9590148925781,516.8470458984375,342.8602294921875
363,player,3,443.86865234375,358.67218017578125,474.6307373046875,248.7446746826172
364,player,69,567.3265380859375,448.94384765625,505.6919860839844,573.242431640625
364,player,36,1030.0201416015625,601.9396362304688,708.6207885742188,1057.430908203125
364,player,68,662.8798828125,404.0858154296875,619.2354736328125,460.28778076171875
364,player,67,999.8485107421875,449.5478820800781,851.218017578125,686.057373046875
364,player,7,907.0133056640625,432.6941223144531,791.5165405273438,617.5806274414062
364,player,1,853.4239501953125,524.8429565429688,653.8611450195312,849.929443359375
364,player,70,294.12066650390625,458.2266845703125,289.44805908203125,540.0838012695312
364,player,66,514.033203125,380.321044921875,516.890869140625,343.7159423828125
364,player,55,266.39300537109375,461.82611083984375,258.5804138183594,551.938720703125
364,player,3,443.6087646484375,358.55206298828125,474.53192138671875,248.21856689453125
365,player,68,664.3582763671875,406.9107666015625,619.5550537109375,465.211669921875
365,player,69,568.8712158203125,451.93048095703125,504.16595458984375,578.802490234375
365,player,36,1031.6588134765625,601.69384765625,709.1014404296875,1057.1932373046875
365,player,1,854.0283203125,523.0857543945312,654.8914184570312,848.3475341796875
365,player,67,997.53857421875,449.15509033203125,850.261962890625,686.6110229492188
365,player,7,904.3258056640625,434.0950012207031,791.17333984375,618.5134887695312
365,player,55,274.34912109375,461.5833740234375,261.2429504394531,549.931396484375
365,player,66,514.7836303710938,379.5740661621094,517.3843383789062,343.4136962890625
365,player,3,443.43292236328125,358.27374267578125,474.49749755859375,247.49176025390625
365,player,70,286.52606201171875,460.41552734375,284.7743225097656,542.0517578125
365,player,73,913.5179443359375,433.18572998046875,795.1224365234375,610.1680297851562
366,player,69,571.3034057617188,450.21282958984375,504.33233642578125,580.8696899414062
366,player,1,853.7042846679688,522.7493896484375,655.5867919921875,847.0108642578125
366,player,68,669.3634033203125,407.0084228515625,621.208740234375,468.97216796875
366,player,67,999.2615356445312,447.17181396484375,851.017578125,685.1473388671875
366,player,73,911.251708984375,434.09307861328125,795.5259399414062,614.3097534179688
366,player,36,1032.393310546875,600.900634765625,709.8413696289062,1056.5477294921875
366,player,55,272.7368469238281,460.1434326171875,262.7902526855469,547.0265502929688
366,player,66,513.591064453125,381.2139892578125,516.8236083984375,345.1407165527344
366,player,3,443.13690185546875,358.1329650878906,474.42559814453125,246.80551147460938
367,player,1,853.60107421875,523.282470703125,655.8392944335938,846.5802001953125
367,player,68,674.0381469726562,406.933349609375,623.694091796875,471.75018310546875
367,player,67,1000.9698486328125,447.1522216796875,852.0072021484375,684.3275756835938
367,player,69,577.0628662109375,448.0602722167969,506.6532897949219,580.497802734375
367,player,7,905.0542602539062,430.45501708984375,792.71630859375,615.3758544921875
367,player,36,1032.349609375,600.3136596679688,710.49951171875,1055.7186279296875
367,player,55,272.54742431640625,458.787109375,263.979736328125,543.7369995117188
367,player,66,514.0780639648438,379.065185546875,517.28759765625,343.64337158203125
367,player,3,443.49725341796875,357.89117431640625,474.56494140625,246.07199096679688
367,player,73,916.6420288085938,432.5258483886719,798.0264892578125,615.847900390625
367,player,74,998.8431396484375,604.9312744140625,684.8992309570312,1055.8665771484375
368,player,68,678.7657470703125,406.3673095703125,626.914306640625,473.33489990234375
368,player,1,855.2189331054688,525.889404296875,655.576171875,848.6085205078125
368,player,67,1002.3809814453125,456.1763916015625,849.0552978515625,692.8267822265625
368,player,69,578.8851318359375,444.57427978515625,509.6763000488281,576.8092041015625
368,player,36,1032.3681640625,598.5867919921875,711.4849853515625,1053.9833984375
368,player,3,443.2852478027344,358.42681884765625,474.4263000488281,246.28570556640625
368,player,66,514.33984375,379.5042419433594,517.5294189453125,343.239501953125
368,player,7,910.2760009765625,430.15240478515625,795.3712158203125,613.4845581054688
368,player,55,273.14459228515625,458.9651184082031,264.8824462890625,541.8307495117188
368,player,73,918.0557250976562,431.95867919921875,800.30810546875,616.380859375
369,player,1,854.8941650390625,523.5868530273438,656.0665283203125,847.9793701171875
369,player,68,684.081298828125,405.87371826171875,630.76318359375,474.27911376953125
369,player,67,1000.36083984375,458.28619384765625,845.6442260742188,700.2269287109375
369,player,69,581.9370727539062,443.4187316894531,512.831298828125,573.4732666015625
369,player,66,515.6791381835938,382.1065673828125,517.269287109375,346.31866455078125
369,player,73,917.93115234375,432.7882080078125,801.3963623046875,617.5831298828125
369,player,3,442.8455810546875,358.7247009277344,474.1085205078125,246.77853393554688
369,player,36,1030.4158935546875,600.1722412109375,711.1531982421875,1053.8037109375
369,player,55,274.70245361328125,461.0899658203125,265.5191345214844,542.888916015625
369,player,7,906.5460205078125,429.5099182128906,796.2862548828125,611.2454833984375
369,player,63,1004.0482177734375,450.98968505859375,849.4817504882812,665.377685546875
369,player,74,997.875,602.2907104492188,685.48486328125,1053.9708251953125
370,player,1,856.043212890625,520.4550170898438,657.7015380859375,845.0352783203125
370,player,68,687.6060791015625,404.087646484375,634.9671630859375,473.1661376953125
370,player,66,517.1762084960938,381.01959228515625,517.8984375,347.11383056640625
370,player,69,582.6240234375,440.98406982421875,515.7889404296875,568.8214111328125
370,player,67,997.7317504882812,455.3373718261719,843.9691772460938,701.9334106445312
370,player,55,274.76513671875,458.0984191894531,266.4691162109375,540.5272216796875
370,player,3,442.43505859375,358.5226745605469,473.8352966308594,246.79364013671875
370,player,36,1027.5225830078125,600.3580322265625,710.1904296875,1053.5908203125
370,player,73,916.8196411132812,432.9425964355469,801.714111328125,618.4266357421875
370,player,7,908.5390014648438,431.0261535644531,796.8092041015625,611.562744140625
370,player,75,927.28173828125,435.70233154296875,807.5728759765625,630.8511962890625
371,player,68,693.16748046875,405.17962646484375,638.950439453125,474.19342041015625
371,player,1,856.5401000976562,523.8876953125,657.77392578125,846.043212890625
371,player,69,582.635498046875,443.43408203125,516.9954223632812,568.3574829101562
371,player,66,517.2455444335938,379.7180480957031,518.7422485351562,346.0246887207031
371,player,3,441.6708984375,358.5863342285156,473.4000244140625,246.81744384765625
371,player,55,275.2079162597656,457.7469177246094,267.2669677734375,538.6686401367188
371,player,67,1001.0811767578125,462.8211975097656,840.579345703125,710.584716796875
371,player,36,1020.9298706054688,602.4322509765625,707.34228515625,1054.374755859375
371,player,75,927.3873291015625,438.26715087890625,806.4987182617188,633.506591796875
371,player,7,910.638916015625,431.583984375,797.5203857421875,612.5413818359375
372,player,68,694.5784912109375,403.5523681640625,642.5626220703125,473.1241455078125
372,player,1,859.0486450195312,528.8538208007812,656.8599853515625,851.0299072265625
372,player,69,584.9625244140625,440.675048828125,519.2435302734375,565.3745727539062
372,player,66,517.4589233398438,379.49786376953125,519.42578125,345.06280517578125
372,player,75,927.0875244140625,437.9832763671875,805.8358154296875,634.9140625
372,player,36,1020.4415283203125,603.5897216796875,705.0109252929688,1055.64404296875
372,player,67,1000.7882080078125,464.21258544921875,837.6962890625,717.5147705078125
372,player,3,440.9114074707031,358.84100341796875,472.80316162109375,247.10011291503906
372,player,55,277.7506103515625,459.2094421386719,268.2135009765625,539.1701049804688
372,player,7,912.26611328125,430.1387939453125,799.080078125,611.8056640625
373,player,69,588.852294921875,437.9263916015625,522.6170043945312,560.8812255859375
373,player,1,859.2725830078125,529.4437255859375,656.133544921875,854.7764892578125
373,player,68,698.7279052734375,398.1505126953125,648.1796875,466.55743408203125
373,player,75,928.011962890625,442.08331298828125,803.9190063476562,640.10693359375
373,player,66,516.96875,379.4839172363281,519.7254028320312,344.375732421875
373,player,36,1019.0943603515625,603.75439453125,703.1249389648438,1056.4781494140625
373,player,67,1003.06494140625,467.08502197265625,835.2313232421875,724.952880859375
373,player,3,440.64263916015625,359.08349609375,472.258056640625,247.57986450195312
373,player,76,250.74508666992188,443.42364501953125,256.88836669921875,486.5700988769531
373,player,70,279.9593505859375,459.60400390625,280.1172180175781,541.9562377929688
374,player,68,701.5877685546875,398.29547119140625,652.6344604492188,462.7169189453125
374,player,75,928.5923461914062,442.6830139160156,802.5848388671875,644.1436157226562
374,player,1,858.4595947265625,530.9481201171875,654.9715576171875,858.3841552734375
374,player,66,517.5574951171875,380.004150390625,519.9334716796875,344.628173828125
374,player,69,591.3682250976562,435.953369140625,526.113037109375,556.0911865234375
374,player,76,250.75888061523438,442.15789794921875,257.110595703125,485.2205810546875
374,player,36,1017.0841064453125,603.824462890625,701.4013061523438,1056.9129638671875
374,player,67,1006.1806640625,468.3855285644531,833.9439697265625,731.2901611328125
374,player,3,440.4308166503906,358.619873046875,471.97796630859375,247.2587890625
374,player,70,279.2647399902344,457.9201354980469,277.19915771484375,540.11376953125
374,player,73,916.3310546875,434.289306640625,801.1993408203125,620.3342895507812
374,player,55,281.6829528808594,462.72802734375,269.2678527832031,543.4028930664062
375,player,68,706.3214111328125,394.22601318359375,658.5158081054688,455.8871765136719
375,player,75,929.7547607421875,443.02984619140625,801.9036865234375,647.2225341796875
375,player,66,520.2467651367188,380.8673400878906,520.6109008789062,346.1053466796875
375,player,69,593.50390625,437.46978759765625,528.53173828125,554.7684326171875
375,player,1,858.6824951171875,530.094482421875,654.5465087890625,860.0449829101562
375,player,36,1012.662353515625,603.1387939453125,699.4488525390625,1056.381103515625
375,player,67,1008.832763671875,466.42913818359375,834.6839599609375,733.7861938476562
375,player,76,247.94248962402344,444.3029479980469,256.1158142089844,486.3924560546875
375,player,3,440.0875244140625,358.96771240234375,471.5837097167969,247.47882080078125
375,player,77,696.45703125,395.0878601074219,659.986572265625,443.53765869140625
375,player,55,282.7059631347656,464.2237854003906,269.9655456542969,547.7510986328125
376,player,75,928.2470092773438,443.3055419921875,800.9115600585938,649.370361328125
376,player,68,708.3631591796875,396.37481689453125,662.1255493164062,454.1544189453125
376,player,36,1008.4724731445312,602.333984375,697.438720703125,1055.1556396484375
376,player,1,858.7281494140625,530.8594970703125,654.036865234375,861.7577514648438
376,player,67,1008.441162109375,465.18994140625,835.5880126953125,734.195556640625
376,player,69,596.0161743164062,439.5928955078125,530.1732788085938,556.3631591796875
376,player,66,521.1526489257812,381.46295166015625,521.1363525390625,347.88372802734375
376,player,76,246.48663330078125,444.30975341796875,255.07037353515625,487.03875732421875
376,player,55,283.4395751953125,465.53216552734375,270.38690185546875,551.9561157226562
376,player,3,439.01116943359375,359.10455322265625,470.9507141113281,247.70382690429688
376,player,77,695.2127075195312,396.1766357421875,659.1973876953125,444.7019958496094
377,player,36,1004.5997314453125,601.9636840820312,695.3298950195312,1053.80322265625
377,player,75,928.8426513671875,442.93426513671875,800.5950317382812,650.4422607421875
377,player,69,598.0640869140625,437.42645263671875,532.4714965820312,555.2953491210938
377,player,76,233.8590087890625,446.28619384765625,250.6160430908203,488.493408203125
377,player,68,713.5393676757812,393.6221923828125,667.1017456054688,450.26727294921875
377,player,1,857.468505859375,530.6976318359375,653.4359130859375,862.63525390625
377,player,67,1008.311767578125,464.2127685546875,836.5604248046875,733.51806640625
377,player,66,521.8170166015625,382.48260498046875,521.354736328125,350.3570251464844
377,player,3,437.80810546875,359.2496337890625,470.12078857421875,247.93125915527344
377,player,55,284.236572265625,470.70758056640625,269.9771728515625,559.9260864257812
377,player,78,239.68023681640625,444.17437744140625,247.88339233398438,486.189453125
378,player,36,999.5045166015625,598.02001953125,693.979248046875,1049.7889404296875
378,player,69,599.5901489257812,438.0194091796875,534.2164306640625,555.3595581054688
378,player,75,928.9537963867188,443.296875,800.267333984375,651.5169067382812
378,player,76,233.91220092773438,447.24884033203125,247.57644653320312,490.46142578125
378,player,1,855.892333984375,527.4036254882812,653.6987915039062,860.35693359375
378,player,68,714.59326171875,394.636962890625,670.2591552734375,449.0303955078125
378,player,66,520.279541015625,381.954833984375,521.1984252929688,351.1750183105469
378,player,67,1008.098876953125,464.69775390625,836.9237670898438,733.5221557617188
378,player,3,436.63214111328125,359.247314453125,469.2157897949219,247.96792602539062
378,player,55,286.72113037109375,472.3653564453125,270.08282470703125,566.953857421875
379,player,69,600.2186279296875,437.72198486328125,535.6182861328125,555.14208984375
379,player,76,230.44488525390625,449.8060302734375,244.2413330078125,494.1424560546875
379,player,1,856.5587158203125,528.0487670898438,653.8328857421875,859.4649047851562
379,player,36,994.0357666015625,597.4912109375,691.96484375,1046.385498046875
379,player,75,928.7157592773438,442.97119140625,800.124267578125,651.86376953125
379,player,66,521.0936279296875,381.82391357421875,521.3853759765625,351.6191101074219
379,player,68,715.4190673828125,395.1593017578125,672.3573608398438,448.91473388671875
379,player,3,435.4956970214844,358.3697509765625,468.537109375,246.72564697265625
379,player,67,1002.777099609375,460.63446044921875,837.420654296875,729.162353515625
379,player,55,286.8417663574219,474.2042541503906,269.8674621582031,573.345458984375
379,player,77,709.946533203125,396.2417907714844,663.096923828125,446.8721923828125
380,player,69,601.1097412109375,436.8502197265625,537.0463256835938,554.1571655273438
380,player,76,230.93136596679688,451.69830322265625,241.89828491210938,498.557373046875
380,player,1,858.4500732421875,528.0189208984375,654.413818359375,859.014892578125
380,player,36,988.6968994140625,594.0721435546875,690.4488525390625,1041.3582763671875
380,player,66,523.29345703125,381.736328125,522.2021484375,351.999267578125
380,player,68,712.8990478515625,393.05230712890625,673.7811279296875,446.1311950683594
380,player,3,435.0650939941406,358.3533630371094,467.96661376953125,245.85682678222656
380,player,55,288.52056884765625,474.984375,270.0361328125,578.4051513671875
380,player,75,934.3472900390625,442.39166259765625,801.8944091796875,651.9985961914062
380,player,67,996.6448974609375,457.9764404296875,837.1668701171875,723.2185668945312
381,player,76,224.97010803222656,456.2593994140625,238.039794921875,505.6679992675781
381,player,69,602.4405517578125,433.2244873046875,539.4623413085938,549.7803344726562
381,player,66,523.4567260742188,381.68292236328125,522.7996826171875,352.1952819824219
381,player,36,988.9432373046875,592.7962646484375,689.9214477539062,1037.20947265625
381,player,1,859.36279296875,530.451416015625,654.2432861328125,860.8043212890625
381,player,68,712.9552001953125,392.34820556640625,674.9989013671875,443.49530029296875
381,player,75,931.8086547851562,440.857666015625,802.9713745117188,650.2987060546875
381,player,67,1000.0249633789062,457.9285888671875,837.9774169921875,719.6049194335938
381,player,55,289.7351989746094,478.28192138671875,269.9007873535156,585.0189208984375
381,player,3,436.6529541015625,358.00469970703125,468.19598388671875,244.97584533691406
382,player,69,605.7103881835938,430.336181640625,542.8583984375,544.126220703125
382,player,1,859.8675537109375,530.68994140625,654.184814453125,862.2047119140625
382,player,66,523.8380126953125,381.45745849609375,523.3758544921875,352.0790710449219
382,player,3,435.66839599609375,357.9695129394531,468.04852294921875,244.26593017578125
382,player,67,1000.7906494140625,457.11053466796875,839.0772705078125,716.5277709960938
382,player,55,289.5645751953125,481.6795654296875,269.1908264160156,592.599609375
382,player,36,989.429931640625,588.6505737304688,691.000244140625,1031.608154296875
382,player,76,222.6956024169922,457.6086120605469,234.7091522216797,511.4922790527344
382,player,75,929.65478515625,440.6644592285156,803.1343383789062,648.8056030273438
382,player,68,715.8877563476562,393.72393798828125,676.14013671875,443.6725158691406
383,player,67,1001.4449462890625,456.49249267578125,840.2473754882812,713.9830322265625
383,player,69,608.284912109375,429.2403564453125,546.143310546875,539.4962158203125
383,player,1,858.7112426757812,530.6778564453125,653.8555908203125,863.0108032226562
383,player,3,435.0898132324219,358.128173828125,467.72442626953125,243.96170043945312
383,player,55,290.90380859375,485.10125732421875,268.5013122558594,600.9281005859375
383,player,36,988.2911987304688,591.6310424804688,690.4891357421875,1029.99658203125
383,player,68,720.721923828125,395.32452392578125,677.7166137695312,446.1080322265625
383,player,66,524.5518798828125,381.17645263671875,524.0570678710938,351.7213134765625
383,player,76,219.98048400878906,458.36541748046875,231.69863891601562,515.8310546875
383,player,75,929.3433837890625,441.536865234375,802.7781982421875,648.6976928710938
384,player,55,290.5371398925781,486.98553466796875,267.6417236328125,608.1126098632812
384,player,67,1000.986328125,456.3314208984375,840.9485473632812,712.131591796875
384,player,1,860.6054077148438,530.0247192382812,654.3345947265625,863.1516723632812
384,player,3,434.15557861328125,358.60333251953125,467.079833984375,244.30783081054688
384,player,69,609.5086669921875,428.69415283203125,548.7998046875,536.0044555664062
384,player,76,218.11077880859375,461.9212646484375,228.69308471679688,522.1358032226562
384,player,68,724.9559326171875,397.11260986328125,679.318359375,450.166259765625
384,player,66,526.4381713867188,381.00732421875,525.1270751953125,351.4510192871094
384,player,75,928.80859375,439.89215087890625,803.095458984375,646.900146484375
384,player,36,986.996337890625,594.0990600585938,689.0750732421875,1030.592041015625
385,player,67,1000.813232421875,456.7042541503906,841.1923217773438,711.2764282226562
385,player,1,860.6705322265625,529.9984130859375,654.6710815429688,863.2268676757812
385,player,3,433.92034912109375,358.8211364746094,466.52227783203125,244.79959106445312
385,player,69,612.5145263671875,429.35333251953125,551.1783447265625,534.7091064453125
385,player,76,215.65338134765625,465.4080810546875,225.55462646484375,529.569091796875
385,player,66,527.0855712890625,381.4749755859375,525.868896484375,351.91162109375
385,player,68,727.3089599609375,399.36907958984375,680.1856079101562,455.64019775390625
385,player,55,291.536376953125,486.0579833984375,267.498046875,611.9785766601562
385,player,75,930.3893432617188,442.641357421875,802.5828857421875,648.6758422851562
385,player,36,986.9884033203125,597.5191650390625,687.0914306640625,1033.379638671875
386,player,1,859.2958984375,531.61767578125,654.0201416015625,864.4949951171875
386,player,67,1001.3551025390625,462.80328369140625,838.8589477539062,716.6643676757812
386,player,66,520.8037109375,380.98907470703125,524.5992431640625,351.0406799316406
386,player,69,614.7928466796875,431.59869384765625,552.668212890625,536.478759765625
386,player,68,732.6749267578125,398.65423583984375,682.6422119140625,458.85614013671875
386,player,3,433.2144775390625,358.8055114746094,465.94464111328125,245.03366088867188
386,player,55,291.7256774902344,485.0517578125,267.6231994628906,613.5441284179688
386,player,76,211.74801635742188,467.96142578125,222.09671020507812,536.6510009765625
386,player,36,983.5545043945312,596.6323852539062,685.2590942382812,1034.303955078125
386,player,75,934.25537109375,447.03302001953125,801.49462890625,654.6082763671875
387,player,1,859.5394287109375,531.7947387695312,653.6025390625,865.484375
387,player,66,521.6649780273438,380.9923095703125,524.0344848632812,350.5567321777344
387,player,67,1001.6640014648438,463.10003662109375,837.3013305664062,720.47802734375
387,player,68,735.8505859375,398.14398193359375,685.3956909179688,460.6423645019531
387,player,69,616.7752075195312,429.76434326171875,554.7804565429688,535.8329467773438
387,player,36,982.8232421875,596.010498046875,684.0863037109375,1034.41162109375
387,player,76,211.94024658203125,469.3050842285156,219.6998291015625,542.617431640625
387,player,75,935.1854858398438,451.3070068359375,799.2566528320312,662.8150024414062
387,player,3,433.025146484375,358.6700439453125,465.55072021484375,244.989013671875
387,player,55,289.88275146484375,485.93212890625,267.07733154296875,615.2538452148438
387,player,73,945.681884765625,444.90478515625,804.7679443359375,635.05224609375
388,player,1,858.7985229492188,532.0709838867188,653.0540771484375,866.293701171875
388,player,68,738.7359619140625,399.11126708984375,687.6715087890625,463.1875
388,player,69,616.7836303710938,432.06634521484375,555.4296875,537.8837280273438
388,player,66,522.2459716796875,381.46282958984375,523.6935424804688,350.87615966796875
388,player,67,1001.4920654296875,467.23345947265625,834.4723510742188,726.883056640625
388,player,36,981.693359375,595.0980834960938,683.3370971679688,1033.75244140625
388,player,76,209.61550903320312,474.58135986328125,216.75308227539062,551.5530395507812
388,player,75,938.94482421875,451.47308349609375,798.7991943359375,668.6444091796875
388,player,3,431.4068603515625,358.879150390625,464.72802734375,245.0880889892578
388,player,55,290.8807373046875,485.47369384765625,267.0589294433594,616.008056640625
388,player,63,986.89501953125,468.85406494140625,837.638427734375,691.3349609375
389,player,1,859.314453125,532.2492065429688,652.7721557617188,867.0078125
389,player,68,743.2197265625,398.74090576171875,690.6466064453125,464.8197326660156
389,player,69,617.7346801757812,432.89239501953125,555.86279296875,540.1824340820312
389,player,3,432.302001953125,358.9188232421875,464.4602355957031,245.28729248046875
389,player,66,523.19580078125,382.16668701171875,523.5355224609375,352.03802490234375
389,player,36,979.30322265625,593.3240966796875,682.82958984375,1031.887451171875
389,player,76,209.3964385986328,471.9140625,215.170654296875,554.6982421875
389,player,67,1001.77490234375,460.3826904296875,835.654052734375,724.516357421875
389,player,75,939.3802490234375,450.2190856933594,799.1521606445312,671.22509765625
389,player,55,292.545654296875,485.412109375,267.4903869628906,616.5753173828125
389,player,79,418.1315612792969,359.13311767578125,451.17999267578125,242.7482452392578
390,player,68,745.40771484375,397.84356689453125,693.5970458984375,465.03802490234375
390,player,1,859.3170166015625,532.753173828125,652.4288330078125,867.8848876953125
390,player,69,619.7745361328125,434.411376953125,556.2472534179688,543.472412109375
390,player,3,432.174560546875,359.2728271484375,464.14080810546875,245.87335205078125
390,player,66,524.18798828125,383.1217041015625,523.4290161132812,354.0581970214844
390,player,76,207.97958374023438,477.3160400390625,212.98379516601562,561.9656372070312
390,player,36,976.7901611328125,595.5357055664062,681.2161254882812,1032.038330078125
390,player,67,1000.0732421875,470.15374755859375,831.76904296875,732.14453125
390,player,75,937.734375,456.992431640625,796.09326171875,679.4445190429688
390,player,55,293.3614501953125,485.6794128417969,267.9378967285156,617.266357421875
390,player,80,206.63442993164062,366.2860107421875,260.76507568359375,214.84034729003906
390,player,79,420.32757568359375,359.54388427734375,451.74285888671875,243.49327087402344
391,player,1,859.3736572265625,533.7549438476562,651.901123046875,869.278564453125
391,player,3,432.0084533691406,358.988525390625,463.96630859375,245.86297607421875
391,player,68,747.1771240234375,399.845947265625,695.2490234375,467.6607360839844
391,player,69,620.1087646484375,434.01104736328125,556.7177734375,545.2142944335938
391,player,76,205.736572265625,481.7872314453125,210.33709716796875,570.8732299804688
391,player,36,972.5101928710938,594.315673828125,679.5226440429688,1030.9443359375
391,player,66,525.9828491210938,383.6466064453125,523.73583984375,356.1783447265625
391,player,55,293.87347412109375,486.30133056640625,268.2569580078125,618.3516845703125
391,player,67,997.63134765625,468.531005859375,829.2496337890625,735.359619140625
391,player,75,938.8861083984375,461.1263427734375,792.7301025390625,688.91162109375
391,player,81,535.4151000976562,383.7257080078125,532.391357421875,362.83477783203125
391,player,80,206.53213500976562,370.7076721191406,259.8876037597656,220.6039276123047
392,player,69,622.5269775390625,433.7783508300781,557.7841186523438,546.309814453125
392,player,1,860.1236572265625,534.4359130859375,651.5322265625,870.801025390625
392,player,68,744.3631591796875,399.9027099609375,695.4544677734375,469.17572021484375
392,player,3,431.73272705078125,358.95574951171875,463.77679443359375,245.78750610351562
392,player,76,200.28567504882812,484.11798095703125,206.8743438720703,578.4779052734375
392,player,55,293.8448791503906,486.68402099609375,268.39239501953125,619.420166015625
392,player,36,971.0506591796875,591.78955078125,678.8523559570312,1028.332763671875
392,player,66,528.4078369140625,383.0697021484375,524.8539428710938,357.06793212890625
392,player,81,538.8135986328125,382.5672912597656,533.796875,361.720947265625
392,player,80,204.20541381835938,486.3736267089844,239.780517578125,353.2945556640625
392,player,75,932.5848999023438,456.75909423828125,790.5645751953125,690.2623901367188
392,player,82,205.59912109375,369.1335144042969,258.31146240234375,225.2205810546875
392,player,67,997.6785888671875,453.52227783203125,834.0931396484375,722.985595703125
392,player,73,941.666015625,463.918212890625,798.007080078125,662.99169921875
393,player,69,625.2799682617188,434.83038330078125,558.9275512695312,548.3802490234375
393,player,68,743.02099609375,399.14288330078125,695.4860229492188,469.1597595214844
393,player,1,861.9376220703125,533.8318481445312,651.94580078125,871.4452514648438
393,player,55,293.9209899902344,486.6072692871094,268.5131530761719,620.047607421875
393,player,82,203.2371368408203,375.12322998046875,256.472412109375,232.7513427734375
393,player,36,967.3074951171875,590.5685424804688,677.8980102539062,1025.47607421875
393,player,3,431.4902038574219,359.37548828125,463.45294189453125,246.27133178710938
393,player,81,540.1995849609375,382.89251708984375,535.0250244140625,361.5223693847656
393,player,76,197.30381774902344,488.25103759765625,203.28097534179688,587.1535034179688
393,player,73,938.0529174804688,462.15179443359375,793.322265625,679.1364135742188
393,player,79,417.050537109375,358.2562561035156,451.46551513671875,241.97085571289062
394,player,69,628.72705078125,434.26287841796875,560.8294677734375,549.424072265625
394,player,68,745.0714721679688,398.3311767578125,696.44677734375,468.39471435546875
394,player,1,862.8604736328125,532.5303344726562,652.8651123046875,870.8751831054688
394,player,36,964.8487548828125,588.4904174804688,677.3308715820312,1021.9452514648438
394,player,76,192.70474243164062,492.35601806640625,199.20556640625,596.3304443359375
394,player,81,540.6895141601562,382.1717224121094,536.2070922851562,360.5516357421875
394,player,55,293.89447021484375,486.4268798828125,268.61517333984375,620.2811279296875
394,player,82,199.58602905273438,370.1820068359375,255.10577392578125,230.94216918945312
394,player,3,430.92437744140625,359.31060791015625,463.0856628417969,246.44805908203125
394,player,63,983.35888671875,464.47576904296875,830.793212890625,703.735595703125
394,player,75,937.44091796875,463.24041748046875,787.87060546875,697.8590698242188
394,player,73,956.226806640625,478.86627197265625,788.5848388671875,706.9946899414062
395,player,69,631.5086669921875,434.8267822265625,562.677001953125,550.9439697265625
395,player,1,864.1652221679688,531.0241088867188,654.2785034179688,869.375732421875
395,player,68,745.5018310546875,397.51513671875,697.52685546875,466.988525390625
395,player,76,189.0021209716797,499.35296630859375,194.68218994140625,608.5755004882812
395,player,36,963.9779052734375,590.122802734375,676.2490234375,1020.7470703125
395,player,55,293.4664001464844,486.8990478515625,268.4907531738281,620.8484497070312
395,player,3,430.22674560546875,359.01812744140625,462.716796875,246.1119384765625
395,player,66,535.062744140625,381.39013671875,528.1415405273438,356.18218994140625
395,player,81,538.2415771484375,383.380859375,535.83935546875,361.1841125488281
395,player,82,197.5924835205078,365.0869445800781,254.57542419433594,222.91632080078125
395,player,75,935.6636962890625,454.00787353515625,789.411376953125,693.6432495117188
396,player,69,633.2993774414062,435.67401123046875,564.1170654296875,552.9857788085938
396,player,1,862.896240234375,532.76123046875,654.316650390625,869.7218017578125
396,player,76,187.12713623046875,501.73675537109375,190.9552001953125,618.6011352539062
396,player,68,747.613037109375,397.92816162109375,698.7001342773438,466.74652099609375
396,player,55,293.5113830566406,486.53289794921875,268.48321533203125,620.87158203125
396,player,66,536.7342529296875,381.5233154296875,530.7429809570312,355.92254638671875
396,player,3,429.2490539550781,358.730224609375,462.2581787109375,245.42242431640625
396,player,81,538.46923828125,383.2825927734375,535.701171875,361.4953308105469
396,player,36,960.112060546875,589.3255615234375,674.8649291992188,1019.0980224609375
396,player,75,932.4854125976562,457.46630859375,788.0889892578125,694.021484375
396,player,82,197.77426147460938,362.560791015625,254.76617431640625,214.372314453125
397,player,69,635.8826904296875,435.7763671875,565.7535400390625,554.646484375
397,player,1,861.3409423828125,532.8655395507812,653.912109375,869.9056396484375
397,player,76,183.95509338378906,502.57403564453125,187.6214599609375,625.6397705078125
397,player,68,750.636962890625,397.25555419921875,700.644775390625,466.0823669433594
397,player,55,293.05584716796875,486.5152587890625,268.3629455566406,620.8326416015625
397,player,66,539.0151977539062,380.8791809082031,533.3373413085938,355.166015625
397,player,3,429.12310791015625,358.8729553222656,461.87841796875,245.1516876220703
397,player,63,975.9892578125,478.04827880859375,818.69091796875,723.9249267578125
397,player,75,929.9779052734375,469.5872497558594,781.6375732421875,705.721923828125
397,player,36,959.239013671875,587.4896240234375,674.32177734375,1016.6446533203125
397,player,73,953.3778686523438,483.824951171875,782.7727661132812,729.4155883789062
397,player,83,962.0459594726562,587.5206298828125,675.21240234375,1012.7789916992188
398,player,69,638.1417236328125,436.645263671875,567.180908203125,556.8409423828125
398,player,1,862.4579467773438,533.133544921875,653.847900390625,870.335205078125
398,player,76,183.12789916992188,503.7677001953125,185.09219360351562,631.252197265625
398,player,63,983.9698486328125,471.48431396484375,815.7163696289062,731.6168212890625
398,player,68,752.9889526367188,397.0830383300781,702.6883544921875,465.6639709472656
398,player,55,292.75726318359375,486.230224609375,268.25518798828125,620.5108032226562
398,player,66,539.30615234375,379.773193359375,535.474609375,353.3324890136719
398,player,75,934.3966064453125,470.4219970703125,778.3353881835938,714.4993896484375
398,player,3,428.5705871582031,359.5255126953125,461.265869140625,245.78811645507812
398,player,36,955.240234375,589.7584228515625,672.311767578125,1016.3602294921875
398,player,83,952.5186157226562,590.6240234375,671.9745483398438,1014.25244140625
399,player,69,642.1143798828125,434.60028076171875,569.8919677734375,556.4503173828125
399,player,1,864.1571044921875,531.3805541992188,654.8006591796875,869.3167114257812
399,player,76,182.43006896972656,503.5670166015625,183.29757690429688,634.6591796875
399,player,63,985.620361328125,467.90692138671875,815.732666015625,733.3829345703125
399,player,68,757.5665283203125,396.59417724609375,705.5973510742188,465.2396240234375
399,player,55,292.3804931640625,484.70709228515625,268.3439025878906,618.813232421875
399,player,75,933.4020385742188,462.291748046875,779.177978515625,712.34716796875
399,player,81,540.3616943359375,379.0430603027344,537.5728149414062,356.6370849609375
399,player,3,428.6322021484375,359.75396728515625,460.8192138671875,246.50927734375
399,player,36,953.98779296875,590.5162963867188,670.4736328125,1016.6180419921875
399,player,66,540.8541870117188,377.12408447265625,538.2098388671875,348.9873352050781
400,player,69,645.3623046875,433.77410888671875,572.8451538085938,555.60302734375
400,player,68,761.7349853515625,398.56475830078125,707.9466552734375,467.63226318359375
400,player,1,863.7721557617188,527.37158203125,656.6153564453125,865.3173828125
400,player,76,181.14999389648438,501.61962890625,182.05654907226562,634.9686279296875
400,player,63,982.9085693359375,470.68646240234375,813.8302001953125,736.922119140625
400,player,55,292.08477783203125,486.09930419921875,268.0900573730469,619.0181884765625
400,player,66,541.1348266601562,378.4632568359375,539.6305541992188,347.8569030761719
400,player,3,428.1428527832031,359.1655578613281,460.551025390625,246.15530395507812
400,player,36,952.100341796875,584.301025390625,670.7346801757812,1012.1796875
400,player,75,932.189697265625,467.3636474609375,777.3448486328125,715.7102661132812
400,player,83,946.7184448242188,561.9539794921875,677.459716796875,993.6630859375
401,player,69,647.259521484375,431.77105712890625,575.9571533203125,553.0841674804688
401,player,68,761.0703125,397.806884765625,709.5808715820312,468.24822998046875
401,player,76,178.36581420898438,498.2164306640625,180.979736328125,631.7757568359375
401,player,1,864.7378540039062,526.4960327148438,658.3268432617188,862.0706787109375
401,player,63,982.671630859375,474.662841796875,810.885986328125,742.9278564453125
401,player,55,291.2381896972656,486.2484436035156,267.67999267578125,619.224853515625
401,player,66,542.455322265625,380.2216796875,540.3768920898438,349.4233703613281
401,player,36,951.0324096679688,580.9284057617188,671.692138671875,1006.765625
401,player,3,427.7439270019531,359.3768310546875,460.18994140625,246.16799926757812
401,player,81,540.761474609375,381.919921875,537.9672241210938,357.07275390625
401,player,75,932.15185546875,463.3580322265625,777.753173828125,714.0540771484375
401,player,83,952.2469482421875,537.6754150390625,690.502197265625,961.7672119140625
402,player,69,650.1163940429688,430.8565673828125,579.0955810546875,550.7193603515625
402,player,68,761.005126953125,397.19793701171875,710.8709716796875,467.93524169921875
402,player,1,864.983642578125,526.1969604492188,659.5997314453125,859.7320556640625
402,player,76,174.6192626953125,496.7852783203125,179.50973510742188,628.0582275390625
402,player,55,290.35894775390625,486.0167236328125,267.2238464355469,619.0660400390625
402,player,63,980.8863525390625,473.73040771484375,808.8624267578125,745.80712890625
402,player,66,543.2733764648438,380.5968322753906,540.987548828125,350.9798583984375
402,player,36,947.7236328125,581.6489868164062,671.290771484375,1003.5107421875
402,player,81,538.8842163085938,380.5501708984375,538.1009521484375,355.49517822265625
402,player,3,428.0396728515625,359.17083740234375,460.1082763671875,245.93099975585938
402,player,75,931.021240234375,460.91497802734375,778.6921997070312,710.5184936523438
402,player,73,955.5335693359375,467.29669189453125,786.1969604492188,728.7626953125
403,player,69,651.5819702148438,430.88616943359375,581.5449829101562,549.3423461914062
403,player,68,761.0455322265625,398.99188232421875,710.9935913085938,469.816162109375
403,player,76,170.70713806152344,496.99853515625,177.5313720703125,625.528076171875
403,player,55,289.6219787597656,486.51300048828125,266.65277099609375,619.3767700195312
403,player,1,866.10986328125,514.2015380859375,664.6802978515625,848.1976928710938
403,player,81,539.64892578125,381.9432678222656,537.9650268554688,356.2582092285156
403,player,63,974.511962890625,467.2252197265625,808.4678344726562,740.9952392578125
403,player,3,427.7685546875,360.31243896484375,459.633056640625,247.2598419189453
403,player,36,945.8244018554688,578.1953125,671.642578125,998.7257080078125
403,player,66,546.0159301757812,382.0169372558594,541.7510986328125,353.99224853515625
403,player,75,932.982666015625,466.08099365234375,777.7635498046875,713.3652954101562
403,player,73,952.1439208984375,471.66900634765625,785.70849609375,732.1846923828125
404,player,69,655.469970703125,428.9814453125,584.8798828125,546.7449951171875
404,player,68,763.3717041015625,397.3171081542969,712.45556640625,469.3084411621094
404,player,36,943.0762939453125,577.1687622070312,671.52392578125,994.6460571289062
404,player,76,165.03817749023438,497.19110107421875,174.7791290283203,623.6094360351562
404,player,55,288.84222412109375,486.80450439453125,266.0304260253906,619.7933349609375
404,player,66,545.9713134765625,382.98016357421875,541.9173583984375,357.130126953125
404,player,1,867.9710693359375,515.7611694335938,667.9448852539062,842.1844482421875
404,player,63,980.179443359375,468.05938720703125,809.4423828125,739.1512451171875
404,player,3,424.64031982421875,360.2236022949219,458.37835693359375,247.71932983398438
404,player,75,935.51708984375,464.68682861328125,778.4273071289062,714.099609375
404,player,73,967.3890991210938,461.35540771484375,793.8766479492188,725.8977661132812
404,player,83,952.03076171875,468.05322265625,724.93896484375,880.207275390625
405,player,68,765.5569458007812,396.9661865234375,714.20947265625,468.7695007324219
405,player,36,940.705078125,576.3568725585938,671.1234741210938,991.2105712890625
405,player,69,659.7996826171875,427.9486083984375,588.6346435546875,544.3253173828125
405,player,76,160.88156127929688,496.6690673828125,171.99758911132812,621.5384521484375
405,player,55,286.91961669921875,486.02349853515625,265.2567443847656,619.161376953125
405,player,66,547.7860107421875,383.8368835449219,542.2945556640625,360.3846435546875
405,player,1,867.619140625,518.3909301757812,669.0985717773438,840.4784545898438
405,player,84,156.7206573486328,464.31658935546875,175.54754638671875,526.323486328125
405,player,63,981.7739868164062,468.38519287109375,810.3837280273438,738.3997802734375
405,player,3,423.082763671875,362.3201904296875,456.4657287597656,250.6328887939453
405,player,75,936.6729125976562,461.3578186035156,780.5328369140625,711.4688720703125
405,player,73,971.5172119140625,460.1856689453125,800.8373413085938,721.0406494140625
405,player,85,153.340576171875,422.2679443359375,189.58961486816406,396.57525634765625
405,player,83,942.1536865234375,573.203857421875,707.181640625,914.6114501953125
406,player,68,765.8956909179688,396.319580078125,715.716796875,467.69732666015625
406,player,69,664.823486328125,426.7741394042969,592.91455078125,541.9268188476562
406,player,76,158.37193298339844,497.39495849609375,169.46221923828125,620.6730346679688
406,player,36,937.08544921875,577.6810302734375,669.5732421875,989.6656494140625
406,player,55,285.29681396484375,484.99139404296875,264.5037841796875,617.630126953125
406,player,66,548.7598876953125,384.45166015625,542.6329956054688,363.3404541015625
406,player,1,868.5538330078125,558.0520629882812,657.4901123046875,871.48974609375
406,player,3,422.22802734375,362.21319580078125,454.98895263671875,252.30807495117188
406,player,75,938.3668212890625,456.486572265625,784.3778686523438,705.1629028320312
406,player,83,940.9237060546875,483.3077392578125,726.6719970703125,862.830078125
406,player,63,981.1548461914062,467.20654296875,811.3154296875,736.7394409179688
406,player,73,965.3006591796875,450.66278076171875,807.6607666015625,708.0042114257812
407,player,68,765.7802734375,395.4132080078125,717.03369140625,465.93255615234375
407,player,69,689.2216796875,424.47357177734375,603.5263671875,540.0283813476562
407,player,66,549.975830078125,384.8885498046875,543.0777587890625,365.90557861328125
407,player,76,153.33651733398438,497.708740234375,166.49676513671875,620.0015258789062
407,player,1,870.4510498046875,561.4664916992188,649.379638671875,894.4224243164062
407,player,36,933.8045654296875,580.0072021484375,667.0538940429688,990.1065673828125
407,player,55,284.313720703125,485.46923828125,263.6793212890625,617.0123291015625
407,player,86,671.4376831054688,425.2510986328125,607.7872314453125,534.42626953125
407,player,73,956.286376953125,455.58984375,807.4423828125,703.599853515625
407,player,3,420.6983947753906,362.74407958984375,453.4011535644531,253.952880859375
407,player,63,964.837646484375,447.59735107421875,815.6629638671875,715.1129150390625
407,player,75,942.0635986328125,452.16192626953125,789.723876953125,697.1273193359375
407,player,83,938.36572265625,508.123779296875,729.3392944335938,851.000244140625
408,player,68,765.8338623046875,395.83056640625,717.7344360351562,465.27752685546875
408,player,36,932.0762939453125,577.6431274414062,665.7245483398438,988.5260009765625
408,player,66,552.744384765625,385.0166320800781,544.16259765625,367.98016357421875
408,player,69,688.9829711914062,424.024169921875,610.5120849609375,538.28515625
408,player,76,146.6986083984375,498.56494140625,162.78216552734375,619.8363647460938
408,player,86,673.9580688476562,423.65625,609.0621337890625,532.915283203125
408,player,1,866.3597412109375,517.5848388671875,656.9725952148438,873.646728515625
408,player,55,281.4602355957031,484.96539306640625,262.48486328125,615.8950805664062
408,player,75,938.0022583007812,450.11553955078125,792.905029296875,689.5147705078125
408,player,73,954.468017578125,452.1536865234375,808.2383422851562,697.1925048828125
408,player,3,417.4241943359375,361.483154296875,451.7206115722656,253.067138671875
408,player,63,964.4581298828125,447.81280517578125,818.287109375,701.2376708984375
408,player,87,290.1015625,481.9965515136719,268.1199035644531,607.67822265625
408,player,84,159.05145263671875,498.9124755859375,171.75665283203125,560.259765625
409,player,68,765.7811279296875,396.589111328125,717.8629150390625,465.7310485839844
409,player,36,932.0059814453125,574.953369140625,665.6743774414062,985.5119018554688
409,player,76,141.550048828125,495.92889404296875,159.37142944335938,616.838623046875
409,player,66,554.4580078125,387.5865478515625,544.54150390625,372.60760498046875
409,player,86,678.9556884765625,424.423828125,611.0712890625,533.209716796875
409,player,75,939.4165649414062,451.3778076171875,794.844482421875,685.946044921875
409,player,1,867.2572021484375,510.2618408203125,664.599853515625,853.954833984375
409,player,55,281.1440124511719,484.8807373046875,261.64019775390625,615.0618896484375
409,player,73,952.811279296875,453.12017822265625,807.8765869140625,693.8375244140625
409,player,84,151.59767150878906,499.47869873046875,167.33416748046875,582.251220703125
409,player,63,962.28515625,448.5668029785156,819.0465087890625,692.7803955078125
409,player,3,415.01141357421875,361.64019775390625,449.83514404296875,252.47689819335938
409,player,87,291.31536865234375,482.58966064453125,268.3363952636719,608.349609375
409,player,85,158.05337524414062,498.79736328125,180.6448211669922,475.73577880859375
410,player,36,928.3221435546875,575.283203125,664.6436767578125,983.505859375
410,player,68,766.201416015625,397.57281494140625,717.6708984375,467.20782470703125
410,player,66,556.2601318359375,388.582275390625,545.0047607421875,376.9825744628906
410,player,76,135.2200164794922,499.14892578125,155.17361450195312,617.409423828125
410,player,86,680.3667602539062,425.01397705078125,612.5811157226562,534.1663818359375
410,player,1,865.0401611328125,503.1763916015625,671.3927001953125,834.8060302734375
410,player,73,946.313720703125,448.1888427734375,807.8855590820312,686.1846923828125
410,player,55,280.4991149902344,485.7726135253906,260.7764587402344,615.3221435546875
410,player,3,414.0055236816406,361.75421142578125,448.26513671875,252.1510009765625
410,player,63,962.806640625,446.6587829589844,820.5142822265625,685.4199829101562
410,player,87,290.537109375,482.4165344238281,268.30328369140625,608.555419921875
411,player,36,925.026611328125,574.4783935546875,663.4202880859375,981.3472290039062
411,player,66,556.3650512695312,390.49200439453125,544.713623046875,382.13592529296875
411,player,68,765.585693359375,398.228271484375,717.0926513671875,468.8720703125
411,player,76,132.28993225097656,497.72979736328125,151.8651123046875,616.2149658203125
411,player,73,949.8679809570312,449.39398193359375,808.3914184570312,682.7269287109375
411,player,86,685.1705932617188,425.08447265625,614.92578125,535.2888793945312
411,player,55,281.0223388671875,483.0067138671875,260.8082580566406,612.8780517578125
411,player,1,862.62890625,518.6505737304688,669.9605712890625,835.490966796875
411,player,3,412.3006591796875,362.0279541015625,446.63800048828125,252.14273071289062
411,player,63,961.447265625,447.86346435546875,820.5585327148438,681.7222900390625
411,player,87,289.67950439453125,480.4707336425781,268.3873291015625,606.73828125
411,player,69,698.6965942382812,426.4112548828125,617.0237426757812,540.5958862304688
412,player,76,127.90556335449219,498.8685302734375,148.47422790527344,616.1567993164062
412,player,68,766.619140625,398.74951171875,716.8160400390625,470.65155029296875
412,player,66,558.591552734375,389.7488098144531,545.436279296875,384.79296875
412,player,86,687.0045166015625,423.32489013671875,617.5933837890625,534.2686157226562
412,player,36,921.89794921875,569.37939453125,663.43994140625,975.9014892578125
412,player,73,947.151611328125,448.53741455078125,808.310791015625,679.3851318359375
412,player,55,279.80804443359375,481.3529968261719,260.78662109375,609.593505859375
412,player,3,410.658203125,362.1944885253906,445.0242919921875,252.20571899414062
412,player,63,959.7633056640625,445.69769287109375,821.042724609375,676.9979248046875
412,player,1,863.0690307617188,517.5416259765625,669.5109252929688,835.0333251953125
413,player,66,559.2294921875,389.6954650878906,546.1153564453125,386.5134582519531
413,player,69,695.4202880859375,425.4444885253906,620.6494750976562,540.7635498046875
413,player,68,766.8158569335938,400.8971862792969,715.8226318359375,474.3042297363281
413,player,36,921.9619140625,572.2838134765625,662.568359375,974.5343017578125
413,player,76,139.40234375,501.15771484375,148.9169921875,619.176513671875
413,player,55,279.20233154296875,481.62554931640625,260.569091796875,607.6725463867188
413,player,73,947.4212646484375,449.53375244140625,807.9117431640625,678.231201171875
413,player,84,125.05936431884766,499.5072021484375,157.73712158203125,594.4513549804688
413,player,3,410.36297607421875,361.38763427734375,444.1149597167969,251.15907287597656
413,player,1,858.4067993164062,497.3125,674.8511962890625,816.7680053710938
414,player,76,141.93411254882812,503.064208984375,149.62330627441406,623.1133422851562
414,player,36,919.5211791992188,566.3645629882812,663.242919921875,969.0196533203125
414,player,66,560.2542724609375,388.84521484375,547.1443481445312,386.69976806640625
414,player,69,696.427734375,419.38409423828125,625.443603515625,534.3496704101562
414,player,68,765.9313354492188,398.90673828125,715.7191162109375,474.3017883300781
414,player,73,954.7252197265625,460.31585693359375,805.188232421875,688.718017578125
414,player,55,278.60894775390625,480.12408447265625,260.52197265625,604.9209594726562
414,player,1,856.6214599609375,495.07183837890625,678.6248779296875,802.7445068359375
415,player,76,140.86012268066406,505.4412841796875,149.53781127929688,627.7849731445312
415,player,36,920.2420654296875,569.2700805664062,662.953369140625,967.6755981445312
415,player,73,949.454833984375,453.4363708496094,804.8095703125,688.3466796875
415,player,66,561.495361328125,387.3635559082031,548.6761474609375,385.14202880859375
415,player,55,278.7702941894531,478.4267578125,260.8164367675781,601.4951171875
415,player,68,766.6700439453125,399.0362243652344,715.82177734375,474.51715087890625
415,player,69,701.9176025390625,420.17962646484375,629.87451171875,531.5421752929688
415,player,83,951.1466674804688,456.458251953125,754.7177124023438,796.9482421875
415,player,3,407.8559265136719,362.792236328125,442.34710693359375,252.09417724609375
416,player,73,951.973388671875,453.2403564453125,805.359619140625,688.1328125
416,player,76,138.61038208007812,509.0457763671875,148.50680541992188,633.953125
416,player,55,278.3868408203125,478.5008850097656,260.8949279785156,599.30908203125
416,player,68,765.1239013671875,399.58526611328125,715.199462890625,475.1510009765625
416,player,36,919.858642578125,565.9556274414062,663.703857421875,964.2798461914062
416,player,66,562.5693359375,385.9224853515625,550.4744262695312,382.477783203125
416,player,69,709.098876953125,416.0682067871094,636.3402099609375,525.822265625
416,player,3,406.0794982910156,361.4801025390625,441.02154541015625,250.81607055664062
417,player,73,952.6866455078125,455.99603271484375,804.7591552734375,690.7664794921875
417,player,55,278.1741638183594,477.6065673828125,261.03955078125,596.9984130859375
417,player,36,919.9429931640625,561.99853515625,665.455322265625,959.0799560546875
417,player,68,765.80859375,398.596435546875,715.4034423828125,474.48193359375
417,player,76,137.68798828125,512.8560791015625,147.17733764648438,641.3587646484375
417,player,66,563.2301635742188,385.26348876953125,552.062744140625,380.00384521484375
417,player,69,716.49853515625,413.9349365234375,643.4998168945312,520.3939208984375
417,player,3,403.29730224609375,361.5553283691406,439.277099609375,249.82968139648438
417,player,83,936.97412109375,478.9741516113281,758.177490234375,782.0216064453125
417,player,1,845.6103515625,537.8530883789062,664.1503295898438,829.1534423828125
418,player,73,954.0428466796875,463.5299072265625,801.617919921875,699.9083251953125
418,player,55,277.44049072265625,475.27691650390625,261.33099365234375,593.1549072265625
418,player,68,768.3057250976562,401.2760925292969,715.1985473632812,477.3648986816406
418,player,66,562.9405517578125,385.751220703125,552.844970703125,378.9632873535156
418,player,76,134.51956176757812,515.4050903320312,145.2416229248047,648.226318359375
418,player,36,916.8812255859375,560.7689208984375,666.2255859375,954.5184326171875
418,player,69,717.8876953125,412.22393798828125,649.1983642578125,515.0787353515625
418,player,3,400.95513916015625,365.1761779785156,436.40179443359375,253.71502685546875
418,player,1,846.0408935546875,550.2590942382812,651.0472412109375,856.25732421875
419,player,68,767.7061157226562,405.09478759765625,713.3458251953125,483.5499267578125
419,player,73,951.736328125,462.2579650878906,799.4552001953125,704.42529296875
419,player,55,277.34417724609375,475.93377685546875,261.38494873046875,591.2932739257812
419,player,36,914.8074951171875,559.5711669921875,666.5914916992188,950.471923828125
419,player,66,563.2442626953125,387.0660095214844,553.0081787109375,379.9111022949219
419,player,76,131.55606079101562,518.1548461914062,142.94728088378906,654.9276123046875
419,player,69,726.2332763671875,411.11431884765625,655.7813110351562,511.12823486328125
419,player,1,844.0484619140625,553.858642578125,640.9525146484375,876.536865234375
420,player,68,768.1442260742188,407.888671875,711.1558837890625,490.7749938964844
420,player,73,951.953369140625,459.978515625,799.0533447265625,705.1754150390625
420,player,55,277.84332275390625,474.4842529296875,261.7947998046875,588.7005004882812
420,player,76,130.2326202392578,525.4345092773438,140.3458251953125,665.646484375
420,player,36,909.8489990234375,561.7723388671875,664.9124145507812,949.12841796875
420,player,66,563.4884033203125,387.5274658203125,553.034912109375,381.1082763671875
420,player,69,729.107421875,412.70050048828125,660.310302734375,510.59393310546875
420,player,1,843.7302856445312,554.1759033203125,634.2171630859375,889.9407348632812
420,player,3,399.42572021484375,367.6776123046875,433.36761474609375,259.3480529785156
421,player,68,769.9324951171875,409.308349609375,709.6995849609375,497.2315979003906
421,player,73,950.8545532226562,461.16473388671875,797.9925537109375,706.7161865234375
421,player,55,278.0592346191406,473.9192199707031,262.2132873535156,586.4766235351562
421,player,76,127.15220642089844,528.4082641601562,137.58563232421875,674.984130859375
421,player,66,564.181640625,389.05975341796875,552.7540893554688,383.8001403808594
421,player,36,901.6383056640625,563.2705078125,661.3314208984375,948.74267578125
421,player,3,395.6499938964844,368.63507080078125,429.97454833984375,263.903076171875
421,player,69,729.6883544921875,412.1334228515625,663.6394653320312,509.6647644042969
421,player,1,842.7803955078125,554.2415161132812,629.5841064453125,898.628662109375
422,player,68,770.2644653320312,407.950439453125,709.392333984375,499.92913818359375
422,player,55,278.5807800292969,473.085693359375,262.763671875,584.251953125
422,player,73,947.0946044921875,453.7625427246094,799.3269653320312,700.1602172851562
422,player,36,888.4432373046875,553.9556274414062,658.63330078125,940.277099609375
422,player,76,126.3863525390625,531.204833984375,135.3121337890625,683.43359375
422,player,66,565.5857543945312,390.808837890625,552.416748046875,387.77984619140625
422,player,3,396.22503662109375,369.4101257324219,427.7326965332031,267.91497802734375
422,player,69,737.9749755859375,420.25921630859375,665.1859741210938,518.7906494140625
422,player,1,843.074462890625,552.2675170898438,627.2363891601562,902.7559204101562
423,player,36,890.7977294921875,551.71044921875,658.1691284179688,933.2132568359375
423,player,68,770.5159301757812,401.3845520019531,711.911376953125,494.2308349609375
423,player,55,278.80010986328125,475.033935546875,262.85040283203125,584.7428588867188
423,player,76,125.64524841308594,533.5072021484375,133.41513061523438,690.8651123046875
423,player,66,568.3938598632812,391.6903076171875,552.7501220703125,391.67596435546875
423,player,75,939.5362548828125,454.2303466796875,794.9468994140625,686.4583129882812
423,player,3,393.6976318359375,368.41754150390625,425.77349853515625,269.0133361816406
423,player,69,739.0577392578125,419.819580078125,666.6715698242188,524.3377075195312
424,player,68,770.0152587890625,397.12432861328125,715.1385498046875,485.5591735839844
424,player,55,278.11138916015625,474.00274658203125,262.89910888671875,583.9907836914062
424,player,36,876.9472045898438,549.3972778320312,655.1345825195312,925.6968994140625
424,player,76,127.0166015625,535.991455078125,132.2584228515625,697.945068359375
424,player,3,392.96978759765625,369.2064208984375,424.0618591308594,270.6786193847656
424,player,75,938.5789184570312,456.05291748046875,793.9862670898438,688.4993896484375
424,player,66,569.337890625,390.9053955078125,553.5096435546875,393.3536682128906
424,player,69,741.290283203125,413.169189453125,670.803466796875,520.7947998046875
425,player,36,870.4755859375,549.86669921875,651.400146484375,920.6607666015625
425,player,3,392.52545166015625,369.3727722167969,422.76806640625,271.93499755859375
425,player,76,127.04960632324219,536.7421264648438,131.43719482421875,703.1947631835938
425,player,55,276.5304260253906,473.6507263183594,262.5732727050781,583.0247192382812
425,player,68,771.7105712890625,400.87255859375,716.2138671875,484.410400390625
425,player,75,932.3583984375,455.65057373046875,791.7736206054688,688.88720703125
425,player,66,571.358154296875,390.76690673828125,554.6564331054688,394.4605712890625
425,player,69,744.1500244140625,421.493408203125,671.1831665039062,527.9224853515625
426,player,3,391.1998291015625,368.5709228515625,421.73974609375,271.59735107421875
426,player,76,124.3877944946289,537.3600463867188,130.1956329345703,706.9310913085938
426,player,36,865.22802734375,548.8298950195312,647.9830322265625,916.1500244140625
426,player,55,275.81475830078125,473.9808654785156,262.1173400878906,582.6632690429688
426,player,68,772.46484375,402.052001953125,716.6595458984375,485.0864562988281
426,player,75,934.7501220703125,454.765625,791.3760986328125,688.4782104492188
426,player,69,742.1392822265625,417.31732177734375,672.41162109375,527.7990112304688
426,player,66,573.89013671875,391.97589111328125,555.760986328125,396.8558044433594
426,player,63,947.5758056640625,453.03515625,814.7515869140625,680.1676635742188
426,player,73,946.4681396484375,453.15069580078125,800.27392578125,695.2401123046875
426,player,84,100.07225799560547,537.9080200195312,141.35882568359375,634.83642578125
427,player,36,858.533203125,550.2587280273438,643.65185546875,913.8057250976562
427,player,84,100.58650207519531,536.9302368164062,130.93048095703125,660.2865600585938
427,player,55,275.13677978515625,473.218017578125,261.77032470703125,581.6201171875
427,player,3,391.10986328125,369.025634765625,420.92010498046875,271.956298828125
427,player,68,772.48486328125,405.54217529296875,715.5435791015625,489.5096435546875
427,player,66,574.854736328125,391.234375,557.01513671875,397.61285400390625
427,player,69,742.6593627929688,416.28118896484375,673.7545166015625,526.6215209960938
427,player,63,947.53955078125,445.9240417480469,813.671630859375,675.1350708007812
427,player,75,936.8858642578125,452.0411376953125,792.855224609375,685.7081909179688
427,player,73,945.7498779296875,444.00982666015625,804.5703125,682.8429565429688
428,player,36,852.050537109375,546.2820434570312,640.4351806640625,908.6202392578125
428,player,55,274.0414733886719,473.268310546875,261.2474060058594,580.9014892578125
428,player,68,774.9649658203125,405.7432861328125,715.47802734375,492.8372802734375
428,player,3,390.2893981933594,369.1053466796875,420.11468505859375,272.2178649902344
428,player,66,576.08154296875,390.12005615234375,558.5712280273438,396.8795471191406
428,player,84,99.80095672607422,536.7672119140625,123.97772216796875,676.6281127929688
428,player,69,743.27490234375,418.20782470703125,674.0797119140625,528.03515625
428,player,63,948.6220703125,441.92254638671875,815.0049438476562,667.912353515625
428,player,73,947.875,442.486083984375,808.6302490234375,673.4288330078125
429,player,36,846.7430419921875,544.91552734375,637.433349609375,903.7362670898438
429,player,55,273.42169189453125,473.11968994140625,260.7689208984375,580.236572265625
429,player,68,775.45947265625,404.530029296875,716.0736083984375,493.6661376953125
429,player,66,581.3860473632812,388.74951171875,561.6420288085938,395.2341003417969
429,player,3,388.5428466796875,368.8371887207031,419.1295471191406,271.88348388671875
429,player,69,743.55908203125,417.0953369140625,674.7946166992188,527.7543334960938
429,player,84,91.8313217163086,535.980224609375,117.60540771484375,685.95556640625
429,player,63,946.359375,425.6488037109375,822.413818359375,646.10888671875
429,player,75,930.900146484375,451.9000244140625,792.1785888671875,683.2424926757812
430,player,36,841.7070922851562,545.3071899414062,634.1005859375,900.468505859375
430,player,68,776.1795654296875,406.2542724609375,715.9791870117188,496.22821044921875
430,player,55,272.65240478515625,472.830810546875,260.30328369140625,579.45556640625
430,player,69,744.4808349609375,417.6184387207031,675.3317260742188,528.2305908203125
430,player,66,582.8526000976562,389.68505859375,563.7639770507812,395.42315673828125
430,player,3,387.930419921875,368.966064453125,418.2669677734375,271.7767333984375
430,player,84,90.16079711914062,536.5728149414062,113.00431823730469,692.3998413085938
430,player,73,951.5592041015625,433.2750244140625,816.37451171875,658.1732788085938
430,player,88,750.7979736328125,422.7574462890625,676.069091796875,546.77783203125
430,player,75,919.740966796875,447.00250244140625,790.6044921875,675.7672729492188
431,player,36,839.526611328125,546.1771850585938,631.1240844726562,898.861328125
431,player,66,585.6024169921875,390.7534484863281,565.610107421875,397.07672119140625
431,player,55,272.5634765625,472.86590576171875,259.9713134765625,578.9752807617188
431,player,3,387.7330017089844,368.95770263671875,417.64813232421875,271.67864990234375
431,player,68,777.0232543945312,412.8631591796875,713.5256958007812,505.3901672363281
431,player,69,744.5865478515625,416.9003601074219,675.9837036132812,527.758056640625
431,player,88,756.52490234375,422.4078674316406,677.8692016601562,546.9075927734375
431,player,75,927.6053466796875,457.60467529296875,787.43505859375,682.1114501953125
431,player,84,83.01585388183594,537.8399047851562,108.17216491699219,697.12646484375
431,player,73,942.38671875,453.01495361328125,810.255615234375,667.4564208984375
431,player,89,768.847412109375,421.5087890625,692.463623046875,547.491943359375
432,player,36,836.80126953125,547.9592895507812,627.9697875976562,899.0115356445312
432,player,66,588.1014404296875,391.81439208984375,567.202880859375,399.6464538574219
432,player,55,272.138916015625,472.7937927246094,259.6555480957031,578.5568237304688
432,player,68,776.1500854492188,412.6173095703125,711.7700805664062,510.9932861328125
432,player,69,746.98095703125,415.79974365234375,677.5289306640625,526.448974609375
432,player,3,387.26336669921875,368.596923828125,417.1998291015625,271.106689453125
432,player,84,83.35713958740234,537.5731201171875,105.1377944946289,699.995849609375
432,player,75,917.9938354492188,462.08880615234375,780.8680419921875,689.7599487304688
432,player,89,768.9591064453125,423.2750244140625,691.8193359375,549.4187622070312
432,player,88,758.4449462890625,420.9578552246094,680.1495361328125,545.5849609375
432,player,73,946.6937255859375,437.3025817871094,814.2412109375,658.0239868164062
433,player,36,835.911865234375,544.146728515625,626.8494873046875,896.005859375
433,player,55,270.88189697265625,472.88812255859375,259.1028747558594,578.2745361328125
433,player,66,589.146484375,393.21771240234375,568.0780029296875,403.0838623046875
433,player,68,775.0633544921875,415.29925537109375,709.2493896484375,517.5135498046875
433,player,3,386.2232666015625,367.82415771484375,416.7989501953125,269.6416015625
433,player,75,923.1812744140625,463.88824462890625,777.3272094726562,696.9183349609375
433,player,84,82.58232879638672,538.6922607421875,102.8773193359375,702.7620849609375
433,player,69,749.2418212890625,417.05169677734375,678.720458984375,527.1829223632812
433,player,89,766.763671875,419.6307373046875,692.1578369140625,546.5101318359375
433,player,88,757.3419799804688,417.836181640625,682.5007934570312,541.2089233398438
433,player,73,940.8273315429688,443.3123779296875,812.5364990234375,657.5108032226562
434,player,55,266.6360168457031,472.9557800292969,257.6124572753906,577.80810546875
434,player,36,828.6677856445312,532.0692749023438,627.9956665039062,883.680908203125
434,player,66,591.1951293945312,394.6511535644531,568.777587890625,407.2047119140625
434,player,84,81.50787353515625,537.5848388671875,101.24885559082031,703.5262451171875
434,player,3,384.85125732421875,368.84539794921875,415.8427734375,269.8842468261719
434,player,75,922.693115234375,462.51361083984375,775.4404296875,700.2032470703125
434,player,88,756.4715576171875,414.80926513671875,684.9373779296875,534.9447631835938
434,player,68,775.1275634765625,414.78778076171875,707.8310546875,521.1915893554688
434,player,1,853.42724609375,522.4115600585938,637.6492919921875,882.0703125
434,player,73,939.4918823242188,447.44647216796875,809.2838134765625,661.2274780273438
434,player,90,811.8065795898438,624.853515625,544.9786987304688,1053.7867431640625
435,player,55,264.1903991699219,472.98974609375,255.99317932128906,577.3370361328125
435,player,36,831.1151123046875,523.5656127929688,632.031005859375,868.8109130859375
435,player,84,84.85733795166016,538.72802734375,100.89457702636719,705.26318359375
435,player,66,592.5123291015625,394.92303466796875,569.534912109375,410.323974609375
435,player,88,755.8763427734375,413.41497802734375,686.8846435546875,529.2710571289062
435,player,75,922.38427734375,461.33978271484375,774.599609375,701.1758422851562
435,player,3,383.5031433105469,370.35205078125,414.405029296875,271.8597106933594
435,player,68,774.8497924804688,413.0577392578125,707.5096435546875,521.637451171875
435,player,73,939.2264404296875,451.02838134765625,805.5833740234375,667.1956176757812
435,player,83,908.597412109375,461.62158203125,759.4116821289062,753.4329833984375
435,player,90,804.0736083984375,624.2196044921875,543.3680419921875,1052.7799072265625
436,player,55,261.3557434082031,473.0791015625,254.17868041992188,576.8858032226562
436,player,36,824.9406127929688,519.19580078125,634.4509887695312,854.9561767578125
436,player,66,593.0372314453125,395.5147705078125,569.98486328125,413.09869384765625
436,player,88,756.8646240234375,413.18841552734375,688.5298461914062,525.419677734375
436,player,84,90.3659896850586,538.4520263671875,102.01774597167969,706.580810546875
436,player,3,380.52978515625,376.92218017578125,410.83050537109375,281.24053955078125
436,player,75,923.6829833984375,461.27655029296875,774.44189453125,701.8597412109375
436,player,91,582.79296875,402.08306884765625,555.8872680664062,437.61199951171875
436,player,89,770.3380737304688,416.46441650390625,694.6539306640625,541.4624633789062
436,player,76,82.69805145263672,532.031982421875,119.798828125,701.5235595703125
437,player,36,824.1533203125,516.9176025390625,636.5469970703125,843.9501342773438
437,player,55,255.97608947753906,472.75421142578125,251.634033203125,575.8282470703125
437,player,3,374.8852844238281,377.7121887207031,406.59710693359375,287.825439453125
437,player,66,594.614990234375,395.60211181640625,570.7196655273438,415.1475830078125
437,player,88,759.79443359375,413.55206298828125,690.3228759765625,523.583740234375
437,player,84,91.85139465332031,535.9931640625,103.33506774902344,705.4375
437,player,75,930.0823364257812,454.17596435546875,779.0355224609375,695.920654296875
437,player,89,769.6771240234375,415.31658935546875,696.5299072265625,536.854736328125
437,player,91,583.3033447265625,401.247802734375,556.3116455078125,436.68634033203125
437,player,76,81.43167114257812,528.6709594726562,113.04150390625,694.9725341796875
438,player,36,824.7356567382812,516.8661499023438,638.07666015625,836.80029296875
438,player,55,250.44696044921875,471.8306884765625,248.67068481445312,573.7704467773438
438,player,3,375.02081298828125,377.0821228027344,404.0492248535156,291.32366943359375
438,player,88,759.421630859375,413.98028564453125,691.2120361328125,522.8328857421875
438,player,66,596.4847412109375,395.8165283203125,571.6839599609375,416.9010009765625
438,player,84,88.40392303466797,538.1131591796875,103.16204071044922,706.2518310546875
438,player,91,586.4696655273438,396.4825439453125,559.1033935546875,430.7855224609375
438,player,75,930.50634765625,450.40411376953125,783.7068481445312,688.359130859375
438,player,89,769.8001708984375,416.318603515625,697.3943481445312,534.9774780273438
439,player,36,826.19189453125,516.1083374023438,639.6911010742188,831.62646484375
439,player,55,242.84701538085938,472.12451171875,244.69366455078125,572.0986938476562
439,player,76,79.4690170288086,540.5724487304688,107.09674072265625,700.8661499023438
439,player,88,759.28076171875,415.05926513671875,691.3304443359375,523.529052734375
439,player,66,597.499755859375,396.4854736328125,572.3881225585938,418.92108154296875
439,player,91,585.993896484375,395.30218505859375,561.1696166992188,425.51300048828125
439,player,3,372.6517333984375,377.49267578125,401.57177734375,293.90185546875
439,player,73,934.2220458984375,440.125244140625,806.378173828125,659.642333984375
439,player,75,917.0919189453125,457.33050537109375,780.1068115234375,689.110595703125
440,player,36,818.5667114257812,515.5032958984375,638.9570922851562,827.11865234375
440,player,55,239.83029174804688,472.4664001464844,241.25991821289062,571.1029052734375
440,player,76,74.45368957519531,548.2559814453125,101.35917663574219,710.81982421875
440,player,66,599.0846557617188,397.66021728515625,572.9223022460938,421.75872802734375
440,player,88,760.3849487304688,426.0179748535156,687.5498657226562,536.041015625
440,player,91,588.5692138671875,396.06781005859375,563.0263671875,423.22247314453125
440,player,3,367.59027099609375,377.43194580078125,398.4495849609375,295.04547119140625
440,player,75,922.6685791015625,456.1468505859375,779.817138671875,688.925048828125
441,player,36,831.8236083984375,515.64794921875,641.872314453125,825.404296875
441,player,55,235.97950744628906,472.55621337890625,237.99978637695312,570.22802734375
441,player,76,73.96251678466797,553.3792724609375,97.07447052001953,721.5306396484375
441,player,3,366.7922058105469,377.09619140625,396.2650146484375,295.29345703125
441,player,66,599.9579467773438,397.75518798828125,573.4979248046875,423.793212890625
441,player,88,758.84423828125,419.7828369140625,687.0065307617188,537.274169921875
441,player,91,587.2705078125,396.40472412109375,563.73291015625,422.0142822265625
441,player,75,928.174072265625,447.31109619140625,784.8450927734375,680.5137329101562
441,player,83,916.8504638671875,444.16021728515625,769.66748046875,718.2671508789062
442,player,36,826.707275390625,516.7935791015625,642.072021484375,824.8458862304688
442,player,55,233.77713012695312,472.59320068359375,235.29507446289062,569.514892578125
442,player,76,73.90062713623047,560.6154174804688,93.664306640625,734.44873046875
442,player,66,603.347900390625,398.27532958984375,574.70703125,426.0306701660156
442,player,88,760.6907958984375,419.0409851074219,687.4776611328125,537.428466796875
442,player,91,589.311279296875,397.10308837890625,564.5681762695312,422.23529052734375
442,player,3,368.4624328613281,377.21734619140625,395.3182373046875,295.75787353515625
442,player,75,923.3863525390625,454.4617919921875,783.7886962890625,681.74169921875
442,player,83,938.825927734375,449.16143798828125,780.5042724609375,702.3765869140625
443,player,76,74.02828979492188,561.906982421875,91.3697280883789,743.9090576171875
443,player,55,229.96475219726562,472.31146240234375,232.57662963867188,568.45849609375
443,player,66,598.8338623046875,398.89727783203125,573.9382934570312,427.8077392578125
443,player,3,366.6217956542969,377.2485046386719,394.13934326171875,295.9333801269531
443,player,91,588.0367431640625,397.9828796386719,564.4381103515625,423.2987060546875
443,player,36,824.305908203125,515.8992919921875,641.8662109375,823.5222778320312
443,player,83,940.3110961914062,419.8074951171875,800.8540649414062,661.7140502929688
443,player,75,897.6799926757812,456.8433837890625,774.9000244140625,682.6390991210938
443,player,88,764.8228759765625,415.68267822265625,690.2931518554688,534.2024536132812
444,player,76,72.40034484863281,568.0941162109375,88.98585510253906,754.9429931640625
444,player,55,226.95529174804688,471.7576904296875,230.10183715820312,566.974365234375
444,player,36,823.0126342773438,514.6636352539062,641.793212890625,821.4984741210938
444,player,66,598.8272094726562,400.0719299316406,573.0424194335938,430.33489990234375
444,player,73,928.0401611328125,427.71563720703125,810.5065307617188,641.2779541015625
444,player,92,770.8190307617188,524.2160034179688,594.7865600585938,828.6856079101562
444,player,3,365.85504150390625,376.9187927246094,393.2257080078125,295.562255859375
444,player,91,589.3421630859375,399.2122802734375,564.333740234375,425.54827880859375
444,player,75,887.5599365234375,456.4932861328125,766.418212890625,681.9965209960938
444,player,83,918.3975219726562,426.9506530761719,804.427734375,640.9501953125
444,player,93,912.4800415039062,444.4022521972656,784.8532104492188,652.5580444335938
445,player,76,72.19892883300781,570.8099365234375,87.16767883300781,764.2767944335938
445,player,55,224.725341796875,472.3184814453125,227.8206787109375,566.3834228515625
445,player,92,767.543701171875,526.1788330078125,593.367919921875,830.06640625
445,player,66,594.2991943359375,400.05426025390625,571.1202392578125,431.5506286621094
445,player,73,924.7138671875,425.7757568359375,813.0722045898438,626.9862060546875
445,player,3,357.8552551269531,376.2690124511719,390.380859375,293.779296875
445,player,68,792.408935546875,463.63751220703125,693.432373046875,576.1007080078125
445,player,75,880.01171875,456.02301025390625,758.9697875976562,680.4583129882812
445,player,91,587.483154296875,398.62603759765625,563.9073486328125,426.1570129394531
445,player,94,602.5257568359375,393.218994140625,581.173095703125,412.923095703125
445,player,36,809.3037109375,519.2753295898438,636.7354125976562,822.987060546875
446,player,55,223.07159423828125,472.43841552734375,225.884521484375,565.9824829101562
446,player,92,762.2042236328125,526.919921875,590.8663330078125,831.1500854492188
446,player,76,70.731201171875,572.8421630859375,85.48057556152344,771.8541259765625
446,player,75,877.65087890625,457.193359375,753.0079345703125,680.40478515625
446,player,68,789.5543212890625,457.405517578125,685.7025146484375,605.1411743164062
446,player,66,592.4031982421875,401.19696044921875,568.92822265625,433.50250244140625
446,player,3,357.64862060546875,372.390380859375,389.4515686035156,287.6654357910156
446,player,94,602.512939453125,396.32574462890625,580.1082153320312,416.59869384765625
446,player,73,925.6826171875,422.91912841796875,816.294677734375,614.735595703125
446,player,83,921.7470703125,425.062744140625,808.5650024414062,625.7479248046875
446,player,91,604.167724609375,319.98065185546875,598.4427490234375,324.8572082519531
446,player,36,812.8902587890625,517.7161865234375,634.8641357421875,822.9241943359375
447,player,55,221.81948852539062,472.636962890625,224.26663208007812,565.8160400390625
447,player,92,751.2576904296875,523.3574829101562,587.4884643554688,827.9703369140625
447,player,75,875.5662841796875,456.47625732421875,748.82763671875,679.4830932617188
447,player,76,62.76409912109375,574.2784423828125,82.42488861083984,777.3232421875
447,player,66,596.921630859375,401.19903564453125,568.8433227539062,435.1786193847656
447,player,3,355.46868896484375,374.54119873046875,387.6416015625,286.2388610839844
447,player,36,807.6255493164062,513.5910034179688,633.588134765625,818.920654296875
447,player,68,787.2002563476562,486.9727783203125,669.8646240234375,652.000244140625
447,player,83,919.5233154296875,415.62939453125,814.8173828125,605.48779296875
447,player,94,606.8463134765625,358.5790100097656,594.3226928710938,372.47821044921875
447,player,95,52.80398178100586,574.0621337890625,70.21604919433594,784.8565063476562
447,player,89,800.7425537109375,494.95428466796875,678.4442749023438,614.788330078125
448,player,55,221.34654235839844,472.53643798828125,223.105712890625,565.5692749023438
448,player,92,746.44775390625,523.1102905273438,584.134765625,825.3029174804688
448,player,3,354.870849609375,375.06011962890625,386.15350341796875,285.9173583984375
448,player,95,49.319801330566406,574.5040893554688,69.3772964477539,784.946533203125
448,player,75,871.119873046875,456.56109619140625,744.8297729492188,678.5806274414062
448,player,66,598.3079833984375,400.14581298828125,569.5515747070312,435.16558837890625
448,player,36,805.2985229492188,514.3472900390625,631.9154663085938,816.7764892578125
448,player,93,928.10009765625,435.8908996582031,792.9605712890625,645.2286376953125
448,player,94,606.123291015625,374.80743408203125,597.30908203125,364.51116943359375
448,player,88,767.2810668945312,380.39837646484375,707.274658203125,491.38934326171875
448,player,91,607.13330078125,321.93341064453125,621.0537719726562,262.1609191894531
449,player,92,739.5484008789062,523.7523803710938,580.0055541992188,823.5498046875
449,player,55,219.60897827148438,472.249755859375,221.9370574951172,564.9814453125
449,player,75,869.8196411132812,457.44818115234375,741.5227661132812,678.753662109375
449,player,3,353.678466796875,375.026611328125,384.8340148925781,285.5583801269531
449,player,95,47.36073303222656,573.7943725585938,68.43231201171875,784.2943115234375
449,player,66,598.4728393554688,397.6993103027344,570.8828735351562,432.30853271484375
449,player,93,925.0810546875,433.1121826171875,798.558349609375,637.309814453125
449,player,91,607.294677734375,326.28240966796875,633.9714965820312,227.73753356933594
449,player,88,767.8794555664062,382.5289306640625,717.5855102539062,466.203369140625
450,player,55,217.31277465820312,471.67254638671875,220.65948486328125,563.8367919921875
450,player,92,737.6705932617188,524.8775024414062,576.5186767578125,823.2062377929688
450,player,66,602.9075927734375,400.6900634765625,572.0614624023438,434.3470764160156
450,player,3,352.23443603515625,374.9366455078125,383.5621337890625,285.08062744140625
450,player,95,45.28047561645508,574.2671508789062,67.30207824707031,784.0904541015625
450,player,75,868.397705078125,458.92095947265625,738.40673828125,680.1873779296875
450,player,93,921.328369140625,442.41583251953125,797.1292724609375,641.411376953125
450,player,88,769.1494140625,376.269775390625,727.3795166015625,442.3052978515625
450,player,68,792.4494018554688,473.83404541015625,665.4228515625,670.6378173828125
450,ball,-1,1003.841552734375,366.987548828125,1107.095947265625,238.64682006835938
451,player,55,215.70367431640625,471.4620361328125,219.4368133544922,562.7510375976562
451,player,92,735.4215087890625,525.8706665039062,573.3945922851562,823.6357421875
451,player,66,604.9510498046875,402.439697265625,572.8463745117188,437.88763427734375
451,player,3,350.10162353515625,375.2987976074219,382.00006103515625,285.03802490234375
451,player,95,43.58191680908203,577.0772705078125,65.96890258789062,786.0576171875
451,player,75,880.0382080078125,454.49237060546875,741.3712768554688,677.7731323242188
451,player,93,897.119384765625,452.4609375,785.1668090820312,652.0469360351562
451,ball,-1,1003.7396240234375,367.08270263671875,1107.095947265625,238.64682006835938
452,player,55,214.82504272460938,471.84906005859375,218.3531494140625,562.3582763671875
452,player,3,348.4580078125,376.18914794921875,380.26690673828125,285.99163818359375
452,player,66,605.800537109375,406.238525390625,572.33935546875,444.6438903808594
452,player,92,736.424072265625,524.97265625,571.8763427734375,823.240966796875
452,player,75,873.80419921875,454.020751953125,741.728515625,675.193115234375
452,player,93,907.7568359375,438.86431884765625,786.0206298828125,646.1564331054688
452,player,95,42.16607666015625,575.0532836914062,64.92375183105469,785.6278076171875
452,ball,-1,1003.6810913085938,367.2497863769531,1107.095947265625,238.64682006835938
453,player,55,213.36138916015625,471.6192626953125,217.297607421875,561.7540283203125
453,player,66,606.3630981445312,408.06097412109375,571.5709838867188,451.17034912109375
453,player,3,348.0802001953125,376.6897888183594,378.90234375,287.2113037109375
453,player,92,729.1319580078125,524.7518310546875,569.0931396484375,822.205810546875
453,player,93,907.069580078125,436.04742431640625,787.56689453125,639.359619140625
453,player,75,863.9412841796875,454.5144958496094,738.9933471679688,673.1456298828125
453,player,89,786.500244140625,472.1905212402344,669.9398803710938,644.3800048828125
453,player,95,38.50334930419922,573.8902587890625,63.48295593261719,784.1499633789062
453,ball,-1,1003.5875244140625,367.15850830078125,1107.095947265625,238.64682006835938
454,player,55,210.42117309570312,471.94378662109375,215.78982543945312,561.442626953125
454,player,66,607.275146484375,408.8375549316406,571.082763671875,456.37896728515625
454,player,3,347.09564208984375,377.9770812988281,377.4010009765625,289.5412292480469
454,player,92,717.0125732421875,523.20947265625,564.6290283203125,819.244873046875
454,player,93,905.99951171875,437.06927490234375,787.83056640625,635.9037475585938
454,player,68,778.4019775390625,485.8323974609375,654.6988525390625,692.7823486328125
454,player,95,31.994686126708984,570.4479370117188,61.28678894042969,779.9510498046875
454,player,75,855.6959228515625,453.99749755859375,735.0968627929688,670.583740234375
454,player,89,789.7317504882812,382.49267578125,700.084716796875,567.6228637695312
454,player,36,785.5772094726562,474.679931640625,638.593017578125,777.9588623046875
454,ball,-1,1003.1756591796875,366.966064453125,1107.095947265625,238.64682006835938
455,player,55,209.3123016357422,471.5004577636719,214.58316040039062,560.7078857421875
455,player,92,728.0220947265625,520.8110961914062,565.22412109375,816.180419921875
455,player,66,608.291748046875,407.7537841796875,571.4234619140625,458.6195068359375
455,player,3,344.8653869628906,378.0462646484375,375.73681640625,290.94256591796875
455,player,93,905.5947265625,443.03369140625,785.3875732421875,639.7359619140625
455,player,75,857.3944091796875,452.2574462890625,733.7145385742188,667.335693359375
455,player,68,779.39306640625,491.603759765625,646.10693359375,712.54248046875
455,player,95,26.586265563964844,576.0185546875,58.218780517578125,781.2593994140625
456,player,55,207.97720336914062,471.924560546875,213.3853302001953,560.5428466796875
456,player,3,342.1952209472656,378.12420654296875,373.83258056640625,291.7119140625
456,player,66,610.37451171875,404.9996337890625,573.1780395507812,457.10552978515625
456,player,92,727.50634765625,522.509033203125,564.9932250976562,815.5885009765625
456,player,93,903.80810546875,442.77178955078125,783.396728515625,641.8026123046875
456,player,95,34.06666564941406,573.9407958984375,58.095970153808594,781.0185546875
456,player,68,772.4364013671875,490.43817138671875,639.0452880859375,723.7418823242188
457,player,55,206.97616577148438,471.85772705078125,212.35317993164062,560.286865234375
457,player,3,340.07489013671875,380.1045837402344,371.4769592285156,294.51129150390625
457,player,92,720.7723388671875,521.8447265625,563.310546875,814.0919189453125
457,player,66,614.161865234375,407.8367919921875,574.4854125976562,459.710205078125
457,player,95,33.419097900390625,573.4551391601562,57.90105438232422,780.4267578125
457,player,93,903.0299682617188,445.07122802734375,780.928955078125,645.4112548828125
457,player,75,852.5653686523438,455.57940673828125,730.1792602539062,668.1019897460938
457,player,68,771.1318359375,489.455078125,634.425048828125,730.0143432617188
458,player,92,716.3333740234375,524.0349731445312,560.4649047851562,814.614013671875
458,player,3,338.05816650390625,380.50677490234375,369.2441101074219,296.6542053222656
458,player,66,615.50390625,408.18914794921875,575.6123046875,461.92486572265625
458,player,95,29.293941497802734,573.332275390625,56.829620361328125,779.63525390625
458,player,55,200.98883056640625,470.9598388671875,210.23715209960938,558.7340087890625
458,player,93,900.6656494140625,444.0791931152344,779.0584716796875,646.5431518554688
458,player,75,854.188720703125,456.9699401855469,727.80517578125,670.1135864257812
458,player,68,767.3372192382812,486.2197570800781,631.4557495117188,730.8023071289062
458,player,36,830.5570678710938,458.91900634765625,660.936279296875,741.3882446289062
459,player,66,618.0033569335938,407.97698974609375,577.1515502929688,463.34552001953125
459,player,92,710.0601196289062,524.6854248046875,556.834716796875,814.99365234375
459,player,55,196.94296264648438,471.85040283203125,207.66952514648438,558.2801513671875
459,player,3,335.89361572265625,381.93634033203125,366.80206298828125,299.640380859375
459,player,95,28.480802536010742,573.5940551757812,55.92698287963867,779.2685546875
459,player,93,902.41650390625,440.540771484375,779.811767578125,643.8263549804688
459,player,75,853.9647216796875,456.45220947265625,726.39697265625,670.8912963867188
460,player,55,193.13079833984375,472.23028564453125,204.94480895996094,558.050537109375
460,player,66,622.8002319335938,408.6595458984375,579.3341674804688,465.47454833984375
460,player,95,34.24766540527344,573.1697387695312,56.703086853027344,779.123779296875
460,player,3,335.32391357421875,381.9311218261719,365.0455627441406,301.52392578125
460,player,93,902.90380859375,436.6219482421875,782.0845947265625,638.06982421875
460,player,92,704.6419677734375,523.0557250976562,553.547607421875,813.42138671875
460,player,75,853.2437744140625,455.59295654296875,725.6080322265625,670.4854736328125
460,player,36,832.102783203125,455.5458984375,677.1492919921875,714.4244995117188
460,player,68,765.926025390625,488.78717041015625,628.3170776367188,733.55517578125
460,player,83,879.1629638671875,436.73760986328125,797.939697265625,611.163818359375
461,player,55,187.8765411376953,471.4337158203125,201.90512084960938,556.6766357421875
461,player,95,31.923391342163086,572.0895385742188,56.7467041015625,777.9932250976562
461,player,66,621.517333984375,409.7098388671875,580.0223999023438,467.9374694824219
461,player,93,902.5784912109375,432.52825927734375,785.2020263671875,630.040771484375
461,player,3,335.24365234375,382.6223449707031,363.7151794433594,303.6026916503906
461,player,68,755.6025390625,490.66259765625,622.9230346679688,736.1934814453125
461,player,75,849.5719604492188,455.8536682128906,723.9658203125,670.16015625
461,player,92,696.60498046875,522.5285034179688,549.5067749023438,811.2989501953125
461,player,89,789.9730834960938,454.3553466796875,691.238037109375,596.6383056640625
461,player,88,780.8299560546875,406.57183837890625,724.587890625,463.623779296875
462,player,95,29.234996795654297,573.7944946289062,56.033302307128906,778.4173583984375
462,player,66,620.4445190429688,410.2732238769531,579.9659423828125,470.0816345214844
462,player,55,185.05079650878906,471.54034423828125,199.1717987060547,555.6581420898438
462,player,93,900.884765625,431.40863037109375,787.2133178710938,623.4981079101562
462,player,68,746.6500244140625,502.5306396484375,613.3544921875,747.8431396484375
462,player,3,335.21875,382.9837646484375,362.7570495605469,305.4015197753906
462,player,89,791.9922485351562,450.993896484375,687.2716064453125,612.3089599609375
462,player,75,839.8582153320312,455.17578125,720.4317626953125,668.4334716796875
462,player,92,682.8538818359375,521.3071899414062,543.705810546875,807.7625732421875
463,player,66,619.5750732421875,410.8541259765625,579.47998046875,472.0556640625
463,player,95,28.699167251586914,573.1943359375,55.487770080566406,778.174560546875
463,player,3,333.710693359375,382.31329345703125,361.843017578125,305.6010437011719
463,player,93,897.2793579101562,432.6190185546875,786.95849609375,620.1920166015625
463,player,55,180.30035400390625,470.25634765625,196.32379150390625,553.3234252929688
463,player,75,844.8858642578125,454.60150146484375,719.76318359375,667.1790771484375
463,player,89,787.9046630859375,453.90850830078125,682.4915771484375,625.0592651367188
463,player,68,741.536865234375,506.29107666015625,604.6566162109375,758.3150634765625
464,player,66,617.872314453125,411.4877014160156,578.4539184570312,473.903564453125
464,player,93,895.489990234375,434.8741455078125,785.322509765625,620.2360229492188
464,player,3,334.37957763671875,382.8271789550781,361.32672119140625,306.43060302734375
464,player,95,27.185556411743164,572.3436889648438,54.84256362915039,777.2243041992188
464,player,55,175.2193603515625,467.778564453125,193.4744873046875,548.900390625
464,player,75,839.4608764648438,453.32781982421875,718.2886352539062,664.6257934570312
464,player,68,739.9305419921875,510.5848388671875,597.2996826171875,768.7479248046875
464,player,89,791.2239379882812,453.9771728515625,680.2889404296875,633.703369140625
465,player,66,615.3653564453125,411.5262145996094,577.039794921875,474.9251403808594
465,player,93,896.88330078125,432.59637451171875,785.6241455078125,618.0127563476562
465,player,3,334.9329528808594,382.50567626953125,361.2328796386719,306.61895751953125
465,player,55,167.0729217529297,468.87506103515625,189.32652282714844,546.45947265625
465,player,95,26.578500747680664,572.2513427734375,54.2891731262207,776.4873046875
465,player,68,734.6636352539062,506.36895751953125,592.4043579101562,771.4041137695312
465,player,89,786.2176513671875,457.445068359375,676.215576171875,642.3335571289062
465,player,75,830.287109375,451.11431884765625,715.5872192382812,659.9561767578125
466,player,55,163.93141174316406,465.69580078125,186.2275848388672,541.4058837890625
466,player,66,612.803955078125,409.59027099609375,576.011962890625,473.1681823730469
466,player,3,333.9303894042969,383.222412109375,360.70220947265625,307.5438232421875
466,player,93,895.6618041992188,431.22552490234375,786.046630859375,615.02197265625
466,player,95,24.81503677368164,573.5093383789062,53.43470764160156,776.8804931640625
466,player,68,736.582275390625,506.87646484375,589.5709838867188,773.7354125976562
466,player,75,829.7425537109375,449.83447265625,714.1627197265625,655.5889282226562
466,player,92,669.0382080078125,517.3389892578125,537.4789428710938,800.9374389648438
466,player,89,783.5018920898438,454.2388916015625,673.9545288085938,644.523193359375
467,player,66,612.4775390625,409.32354736328125,575.336669921875,471.69403076171875
467,player,55,161.3395233154297,468.16925048828125,183.1998291015625,540.406982421875
467,player,3,332.2782897949219,383.14849853515625,359.8816223144531,307.9054870605469
467,player,95,17.792348861694336,575.1558227539062,51.14702606201172,777.921630859375
467,player,92,662.9542236328125,515.1026000976562,532.4752197265625,794.0718994140625
467,player,68,738.2003173828125,499.21759033203125,590.4672241210938,768.59130859375
467,player,93,896.2318115234375,431.09991455078125,786.5404052734375,612.9968872070312
467,player,89,781.60986328125,454.55511474609375,671.8427734375,646.097900390625
467,player,96,11.322425842285156,579.0444946289062,41.91634750366211,787.2725219726562
467,ball,-1,1005.0343627929688,364.01080322265625,1107.095947265625,238.64682006835938
468,player,3,331.19830322265625,383.84161376953125,358.8625183105469,308.9053955078125
468,player,66,612.2047119140625,409.6463623046875,574.7103271484375,471.07830810546875
468,player,92,653.9571533203125,512.7901000976562,527.5323486328125,786.8638916015625
468,player,93,894.497802734375,431.013427734375,786.3937377929688,611.4351196289062
468,player,68,739.1123046875,495.23095703125,592.513671875,761.73779296875
468,player,75,829.192626953125,447.40234375,714.0068359375,650.2493896484375
468,player,96,13.67636775970459,576.714111328125,42.60903549194336,785.6058349609375
468,player,55,161.00543212890625,467.44805908203125,181.23922729492188,539.0031127929688
468,player,95,9.921799659729004,577.6923217773438,47.68212127685547,780.022216796875
468,player,89,775.3607177734375,450.14337158203125,670.2972412109375,642.1551513671875
469,player,3,330.47637939453125,383.2333984375,358.12799072265625,308.73516845703125
469,player,75,824.3411865234375,451.0782470703125,711.1425170898438,650.0570068359375
469,player,68,736.7698974609375,496.66162109375,592.7847900390625,758.3787231445312
469,player,66,612.803466796875,409.5815124511719,574.5006103515625,470.65777587890625
469,player,83,880.9111328125,430.19097900390625,790.1981811523438,608.1666259765625
469,player,92,649.77294921875,513.2904052734375,523.108642578125,782.2732543945312
469,player,55,150.92813110351562,465.50396728515625,177.56002807617188,535.2948608398438
469,player,89,771.9281616210938,437.7003479003906,672.8482666015625,626.5350341796875
470,player,3,328.8079833984375,384.028564453125,356.96612548828125,309.46343994140625
470,player,75,820.8541259765625,450.58111572265625,708.4850463867188,649.1293334960938
470,player,93,889.3831787109375,432.7253112792969,784.089599609375,611.75927734375
470,player,68,735.1109008789062,496.3797607421875,592.6092529296875,755.80322265625
470,player,66,612.1103515625,410.59283447265625,573.8255615234375,471.46990966796875
470,player,55,148.4022216796875,466.874267578125,174.32493591308594,534.0651245117188
470,player,92,650.92333984375,509.17987060546875,521.6343994140625,775.7833251953125
471,player,3,327.07904052734375,383.72760009765625,355.7659606933594,309.4088439941406
471,player,93,890.4639282226562,436.08233642578125,781.4989013671875,615.5631713867188
471,player,75,814.917236328125,451.58856201171875,704.7095947265625,649.0195922851562
471,player,68,735.6231689453125,496.10906982421875,592.7135009765625,753.9276123046875
471,player,55,147.4466552734375,463.6091003417969,172.39047241210938,529.8711547851562
471,player,92,643.74951171875,508.34649658203125,519.0453491210938,770.2427978515625
471,player,66,642.9014892578125,425.530029296875,577.3938598632812,491.29266357421875
472,player,3,318.65032958984375,383.18548583984375,352.5986022949219,307.9471435546875
472,player,55,140.03860473632812,464.77374267578125,169.0249481201172,527.7215576171875
472,player,68,731.2442626953125,496.80157470703125,591.413330078125,752.96826171875
472,player,93,888.3887939453125,436.09576416015625,779.210205078125,617.865478515625
472,player,92,647.7702026367188,504.1201171875,519.5485229492188,763.22412109375
472,player,75,807.4404296875,454.57220458984375,699.0548095703125,651.2772216796875
472,player,36,825.63720703125,441.6595458984375,691.141845703125,682.3265991210938
472,player,66,633.7859497070312,411.59130859375,581.7274780273438,487.9410705566406
473,player,3,319.9132080078125,384.529052734375,350.6064453125,308.77880859375
473,player,83,874.9474487304688,435.5670166015625,781.2031860351562,611.3162841796875
473,player,68,729.3989868164062,498.56982421875,589.544677734375,753.781005859375
473,player,36,830.1170654296875,437.6701965332031,703.0701293945312,657.7390747070312
473,player,55,137.34970092773438,468.604248046875,165.6483917236328,529.9822998046875
473,player,92,627.1307373046875,508.16046142578125,513.4417114257812,760.553955078125
473,player,89,771.2705078125,404.7060546875,687.0400390625,580.3908081054688
473,player,66,643.560791015625,496.5048828125,561.2809448242188,572.531982421875
473,player,97,640.661376953125,415.52593994140625,591.716064453125,496.0753479003906
473,player,93,859.8580322265625,435.63482666015625,769.68017578125,616.3536376953125
474,player,83,876.3209228515625,433.48077392578125,776.6151123046875,611.310546875
474,player,55,137.62545776367188,466.222900390625,163.82333374023438,529.0672607421875
474,player,92,620.75048828125,509.46075439453125,507.4842529296875,759.4442138671875
474,player,68,725.2435302734375,500.771240234375,586.5744018554688,755.9345703125
474,player,3,318.2935791015625,384.93280029296875,348.73681640625,309.6754455566406
474,player,97,639.102294921875,416.5946960449219,590.90087890625,497.1277160644531
474,player,36,823.6839599609375,415.4354248046875,717.8935546875,617.4161376953125
474,player,75,793.1826171875,420.1891174316406,704.382568359375,615.6878662109375
474,player,98,299.408935546875,392.38189697265625,324.5619812011719,332.6631164550781
474,player,89,778.5167236328125,418.09619140625,693.093505859375,566.0115966796875
474,player,93,858.7238159179688,434.62152099609375,763.5697021484375,614.2144165039062
475,player,92,616.9841918945312,510.0450439453125,502.48907470703125,758.929931640625
475,player,83,879.3028564453125,433.48193359375,774.4957275390625,611.572998046875
475,player,55,132.4041748046875,466.044677734375,161.28244018554688,527.8629150390625
475,player,97,638.9647827148438,408.07659912109375,593.23046875,488.2129211425781
475,player,36,814.3411865234375,404.79718017578125,729.1826782226562,578.4715576171875
475,player,68,719.0623168945312,499.5523681640625,583.3850708007812,755.7318115234375
475,player,3,313.023681640625,385.49761962890625,345.826171875,310.4881896972656
475,player,98,296.4599609375,387.38104248046875,324.78155517578125,326.283203125
475,player,75,788.6854858398438,411.23370361328125,710.09423828125,582.2720336914062
476,player,92,615.2700805664062,509.18255615234375,499.02362060546875,757.6953125
476,player,83,881.1956787109375,433.78912353515625,773.5384521484375,612.2327270507812
476,player,68,716.172119140625,499.64837646484375,580.5239868164062,755.4462890625
476,player,55,122.86991882324219,465.036376953125,157.23931884765625,525.2725219726562
476,player,97,636.19921875,408.34033203125,593.8389892578125,482.47137451171875
476,player,36,806.33154296875,403.09197998046875,734.83251953125,550.4906616210938
476,player,66,627.362548828125,419.90216064453125,566.6065673828125,549.4503784179688
476,player,3,302.4139404296875,385.44342041015625,340.79547119140625,310.00537109375
476,player,98,292.4085693359375,389.67437744140625,323.2292785644531,324.59405517578125
476,player,75,786.8197021484375,460.46746826171875,694.6839599609375,611.9334106445312
476,player,89,790.3157958984375,414.11456298828125,702.0814208984375,553.3335571289062
477,player,92,612.096435546875,510.9200439453125,495.5052490234375,758.1640625
477,player,55,119.57351684570312,469.2447509765625,153.24105834960938,527.5801391601562
477,player,68,712.5717163085938,499.4962158203125,577.763671875,754.8258056640625
477,player,83,880.40771484375,434.06884765625,772.5718994140625,612.8834838867188
477,player,97,636.22998046875,407.25567626953125,594.6160888671875,477.50616455078125
477,player,3,300.3333740234375,384.8602294921875,337.03717041015625,308.78369140625
477,player,36,806.664306640625,397.8203125,740.8341064453125,526.2783813476562
477,player,89,795.477783203125,437.6761474609375,700.2518310546875,570.8470458984375
477,player,75,814.38671875,389.45648193359375,720.709228515625,557.1375122070312
478,player,92,609.3499145507812,509.60009765625,492.8499755859375,757.0821533203125
478,player,68,706.5489501953125,499.4605712890625,574.398193359375,753.8911743164062
478,player,83,879.4364013671875,433.40899658203125,771.9366455078125,612.531005859375
478,player,55,111.11662292480469,464.10150146484375,149.02206420898438,523.1705322265625
478,player,97,638.0501098632812,408.064697265625,595.3797607421875,475.3636474609375
478,player,36,804.1664428710938,391.89666748046875,746.516357421875,503.40130615234375
478,player,89,776.7987060546875,455.16632080078125,687.3742065429688,598.4007568359375
478,player,3,303.1759338378906,385.701904296875,335.2513122558594,309.2851257324219
479,player,92,604.9864501953125,508.75811767578125,490.2149658203125,755.2789306640625
479,player,83,878.4105224609375,433.02630615234375,771.3856201171875,611.8104858398438
479,player,55,106.96851348876953,464.0137939453125,145.1951904296875,519.8740844726562
479,player,68,703.0011596679688,499.86090087890625,571.16162109375,753.3485717773438
479,player,97,637.86328125,407.3041687011719,596.0828857421875,473.0875244140625
479,player,89,773.405029296875,456.10015869140625,677.7265625,616.9459228515625
479,player,36,803.3978271484375,391.39971923828125,750.1897583007812,487.8756408691406
480,player,92,601.2481689453125,506.7633056640625,488.047607421875,752.0330810546875
480,player,68,697.3480224609375,499.858154296875,567.5755004882812,752.525146484375
480,player,55,104.22041320800781,462.1668701171875,142.1951141357422,515.6146240234375
480,player,83,877.4842529296875,434.6806640625,770.073486328125,612.9873657226562
480,player,97,637.544677734375,407.943359375,596.2258911132812,472.30816650390625
480,player,89,772.2252197265625,457.02093505859375,670.802734375,629.8121337890625
480,player,36,803.8762817382812,393.15057373046875,751.968505859375,479.88531494140625
480,player,88,784.0283813476562,415.28778076171875,720.2286376953125,487.514892578125
481,player,68,695.2257690429688,500.0748291015625,564.6248779296875,752.0084838867188
481,player,55,99.29130554199219,467.31329345703125,138.36029052734375,517.6907958984375
481,player,92,598.5662231445312,505.99249267578125,486.1424560546875,749.01806640625
481,player,83,877.7224731445312,435.7120361328125,768.8634033203125,614.8466186523438
481,player,97,636.5431518554688,406.6219787597656,596.4782104492188,470.2043151855469
481,player,89,769.4215087890625,456.440185546875,665.7251586914062,637.3567504882812
481,player,36,801.5235595703125,391.3761901855469,753.171142578125,472.3904113769531
482,player,92,593.69384765625,503.7694091796875,484.21026611328125,744.674072265625
482,player,68,691.642578125,500.193359375,561.7332763671875,751.4822998046875
482,player,83,875.1640625,436.0616455078125,767.1946411132812,616.1914672851562
482,player,55,97.82284545898438,464.6371765136719,135.7821044921875,516.1981811523438
482,player,89,763.8897705078125,455.58624267578125,661.181884765625,640.9335327148438
482,player,97,633.6533203125,406.46612548828125,595.8423461914062,468.4000244140625
482,player,36,801.4307861328125,390.69000244140625,754.2207641601562,466.700927734375
482,player,98,289.10546875,387.43206787109375,321.7283935546875,320.4486389160156
482,player,88,772.712158203125,403.411376953125,718.7918090820312,488.68218994140625
482,ball,-1,1003.0421142578125,364.98968505859375,1107.095947265625,238.64682006835938
483,player,89,758.6105346679688,456.1617431640625,656.5570678710938,643.375
483,player,68,687.1956787109375,500.73785400390625,558.5316772460938,751.26025390625
483,player,55,94.9180908203125,463.5793762207031,133.45904541015625,513.90869140625
483,player,92,587.814208984375,503.53009033203125,481.49066162109375,741.1539916992188
483,player,97,629.99951171875,403.53692626953125,595.3561401367188,463.53570556640625
483,player,83,872.9970703125,436.7757568359375,765.192138671875,617.614501953125
483,player,98,288.1682434082031,386.2457275390625,320.73138427734375,316.2064208984375
483,player,36,802.828125,391.60137939453125,754.9364624023438,464.20556640625
483,player,88,762.1070556640625,417.62872314453125,709.0961303710938,504.41986083984375
483,ball,-1,1002.426025390625,365.1614685058594,1107.095947265625,238.64682006835938
484,player,89,755.255859375,455.0496826171875,653.0018920898438,643.5643310546875
484,player,55,91.52691650390625,465.35186767578125,130.85862731933594,513.9525756835938
484,player,92,584.263671875,502.58447265625,479.04156494140625,737.72607421875
484,player,68,685.38134765625,501.65838623046875,555.7117919921875,751.7894287109375
484,player,36,801.0654296875,392.6861877441406,754.3966064453125,463.6972351074219
484,player,97,627.8665771484375,407.84320068359375,592.9352416992188,465.1206359863281
484,player,83,871.0179443359375,435.7693786621094,763.732177734375,617.3193969726562
484,player,98,285.0742492675781,387.935791015625,318.804931640625,315.2596435546875
484,player,88,788.9093017578125,400.94195556640625,717.4326171875,498.31268310546875
484,player,66,639.1830444335938,404.0826416015625,578.886474609375,517.6707763671875
484,ball,-1,1002.1431884765625,364.860107421875,1107.095947265625,238.64682006835938
485,player,89,752.2825927734375,456.48931884765625,649.3650512695312,644.8643798828125
485,player,55,89.49822998046875,469.293212890625,128.20460510253906,517.8126220703125
485,player,92,577.9786376953125,503.56964111328125,475.5716552734375,735.8673095703125
485,player,98,283.5852966308594,389.76422119140625,316.7242126464844,316.7577209472656
485,player,36,800.1988525390625,396.783203125,752.032958984375,468.07025146484375
485,player,83,869.0362548828125,433.75787353515625,763.0364990234375,614.8551025390625
485,player,68,682.4732666015625,502.1651611328125,552.973876953125,752.3458251953125
485,player,97,627.6541748046875,409.1159973144531,590.8672485351562,467.58038330078125
485,ball,-1,1001.2569580078125,363.6519775390625,1107.095947265625,238.64682006835938
486,player,89,750.0323486328125,454.24029541015625,647.150146484375,643.2724609375
486,player,55,87.83830261230469,469.82958984375,125.98695373535156,520.7272338867188
486,player,98,277.666748046875,393.053955078125,312.94171142578125,321.22119140625
486,player,97,629.34326171875,407.458740234375,590.5836181640625,467.443115234375
486,player,36,800.1553344726562,394.942626953125,751.2664184570312,468.7667541503906
486,player,83,869.9622802734375,433.555908203125,762.935302734375,613.1244506835938
486,player,68,680.0145263671875,501.96807861328125,550.6077880859375,752.3284912109375
486,player,92,569.5233154296875,503.110107421875,471.2398681640625,733.5538330078125
486,player,99,552.062255859375,501.73333740234375,451.231201171875,721.628173828125
487,player,97,629.4603271484375,408.966796875,589.9205932617188,469.0816650390625
487,player,55,89.29983520507812,466.83807373046875,125.2531967163086,519.7141723632812
487,player,98,272.59979248046875,393.65057373046875,308.8751220703125,324.3998107910156
487,player,89,746.6268310546875,458.1270751953125,643.4281616210938,645.8121948242188
487,player,83,867.319580078125,434.311279296875,761.7950439453125,612.5540771484375
487,player,36,797.8493041992188,406.754638671875,745.122314453125,482.5701599121094
487,player,99,545.4932861328125,500.56134033203125,449.8116455078125,720.0301513671875
487,player,68,678.0996704101562,501.666259765625,548.6551513671875,751.8892822265625
487,player,88,788.921142578125,438.62713623046875,707.9969482421875,535.4949951171875
488,player,97,628.9326171875,409.525390625,589.1448974609375,470.73394775390625
488,player,55,89.31531524658203,465.69268798828125,124.90550231933594,517.8922119140625
488,player,83,866.032470703125,438.51690673828125,758.969482421875,616.4351196289062
488,player,36,797.2921142578125,430.587646484375,731.459716796875,517.5684814453125
488,player,89,743.5073852539062,454.3833923339844,641.4215087890625,643.4675903320312
488,player,98,268.4688720703125,393.1972351074219,305.1146240234375,325.5516052246094
488,player,68,676.267822265625,502.6591796875,546.6260986328125,752.3394165039062
488,player,92,557.9835205078125,502.12957763671875,465.6751708984375,730.2222900390625
488,ball,-1,1000.8807373046875,363.1131591796875,1091.1859130859375,259.63214111328125
489,player,97,627.7816772460938,409.57904052734375,588.2842407226562,471.76617431640625
489,player,55,87.7873764038086,464.4830322265625,124.40960693359375,515.348876953125
489,player,36,796.0025024414062,429.67596435546875,722.558349609375,539.2357788085938
489,player,89,738.9507446289062,454.50445556640625,638.80517578125,641.6710205078125
489,player,98,273.05804443359375,394.8194580078125,303.6819152832031,328.67041015625
489,player,83,864.4361572265625,435.43658447265625,757.9246826171875,615.6232299804688
489,player,92,554.3223876953125,501.234619140625,461.3276062011719,726.9490356445312
489,player,68,668.9563598632812,502.4166259765625,543.467041015625,751.8123168945312
489,player,75,799.8284912109375,390.76898193359375,732.5964965820312,521.7325439453125
489,player,66,639.6220703125,498.018310546875,557.9853515625,592.902099609375
489,ball,-1,1001.0489501953125,363.29559326171875,1077.1683349609375,278.1835021972656
490,player,36,798.0196533203125,437.54998779296875,714.3373413085938,561.7760009765625
490,player,55,87.1126937866211,463.0888671875,124.0618667602539,512.2136840820312
490,player,97,630.790771484375,409.1895751953125,588.74169921875,472.2634582519531
490,player,89,735.7294311523438,457.6869201660156,635.1286010742188,643.396240234375
490,player,98,269.0813903808594,395.5712890625,301.4354248046875,331.255859375
490,player,83,862.414306640625,434.6087646484375,756.9993896484375,614.0535888671875
490,player,99,534.4384765625,499.94195556640625,446.168701171875,717.5238037109375
490,player,68,666.619384765625,504.52728271484375,540.2149658203125,753.15771484375
490,player,66,639.2989501953125,507.7879638671875,541.6715698242188,650.5120239257812
490,player,100,657.5892333984375,506.341064453125,526.0379638671875,758.13232421875
490,ball,-1,1000.9221801757812,363.049072265625,1064.8665771484375,294.39813232421875
491,player,36,795.2445068359375,433.51910400390625,709.732421875,571.9658203125
491,player,55,85.27525329589844,464.01898193359375,123.24996948242188,510.9775085449219
491,player,97,635.4192504882812,409.3618469238281,590.3419799804688,473.1952819824219
491,player,89,722.8171997070312,462.3531494140625,627.6134643554688,648.0142822265625
491,player,98,263.544677734375,397.9544677734375,297.8823547363281,335.31732177734375
491,player,83,860.6893310546875,435.41033935546875,755.573974609375,613.7159423828125
491,player,99,525.2691650390625,499.18310546875,441.600830078125,714.4534301757812
491,player,66,639.7601318359375,507.31182861328125,531.314453125,687.5751953125
491,player,68,662.8929443359375,506.08984375,536.6991577148438,755.112060546875
491,ball,-1,506.3002014160156,366.47149658203125,1064.8665771484375,294.39813232421875
492,player,36,794.114013671875,437.11224365234375,705.0478515625,582.2508544921875
492,player,66,639.6705322265625,503.91748046875,525.4719848632812,708.6434326171875
492,player,98,260.7359619140625,398.3321533203125,294.6810302734375,338.16375732421875
492,player,83,857.6681518554688,437.72564697265625,752.8414306640625,615.6329345703125
492,player,55,74.67134857177734,465.95660400390625,119.7258529663086,511.28350830078125
492,player,92,543.1669311523438,498.62640380859375,456.2384948730469,721.541015625
492,player,89,709.99853515625,464.758544921875,618.419921875,652.2745971679688
492,player,100,657.5415649414062,506.517333984375,525.9772338867188,758.284423828125
492,player,75,803.391357421875,410.05096435546875,733.2838134765625,521.2052001953125
493,player,83,854.6441650390625,439.76287841796875,749.3807373046875,618.715576171875
493,player,36,792.3621826171875,438.87322998046875,700.837646484375,590.6126708984375
493,player,98,257.2470703125,402.4306640625,290.7848815917969,344.59393310546875
493,player,55,68.381591796875,466.63677978515625,115.71358489990234,511.6606140136719
493,player,66,640.2108154296875,508.47357177734375,520.5905151367188,726.424072265625
493,player,89,705.119384765625,461.84619140625,612.041748046875,651.7708740234375
493,player,99,508.80389404296875,500.4534912109375,434.06597900390625,712.26513671875
493,player,97,637.8463134765625,419.22796630859375,588.760009765625,485.0640563964844
493,player,100,655.4457397460938,507.98614501953125,524.9931640625,759.5093994140625
493,player,101,693.64599609375,468.791259765625,584.9010009765625,667.408203125
493,player,75,805.1861572265625,410.11676025390625,734.2374877929688,521.09814453125
494,player,55,64.31657409667969,467.00677490234375,112.00189971923828,511.949951171875
494,player,66,641.469482421875,510.33245849609375,517.24658203125,739.7208251953125
494,player,83,854.6713256835938,438.0728759765625,747.815185546875,618.9771728515625
494,player,98,254.01681518554688,403.211669921875,287.1682434082031,349.4165344238281
494,player,36,792.4571533203125,434.9261779785156,699.619873046875,591.9408569335938
494,player,89,705.4088134765625,466.9045104980469,606.3524780273438,656.4154052734375
494,player,99,505.7977294921875,500.4755859375,428.3848876953125,710.6170043945312
494,ball,-1,291.7906494140625,366.542236328125,1064.8665771484375,294.39813232421875
495,player,55,61.248958587646484,467.19970703125,108.76588439941406,512.0836791992188
495,player,83,854.73486328125,438.65118408203125,746.5841064453125,619.7506103515625
495,player,99,502.3822021484375,499.7889404296875,423.96490478515625,708.6419067382812
495,player,36,793.599853515625,429.47454833984375,701.2449340820312,587.1507568359375
495,player,66,641.355712890625,507.2135009765625,515.8778076171875,745.6047973632812
495,player,89,698.4384765625,466.3205261230469,600.932373046875,658.2720336914062
495,player,97,635.1209716796875,420.3239440917969,586.5767822265625,493.74700927734375
495,player,98,250.0927276611328,405.2764587402344,283.29132080078125,354.6458740234375
495,player,88,770.7870483398438,414.0653381347656,706.0203247070312,531.6893310546875
495,player,102,236.08995056152344,404.4041748046875,265.0458984375,357.9346008300781
495,player,75,802.0941162109375,409.25946044921875,734.289306640625,519.7889404296875
495,ball,-1,249.37380981445312,268.983154296875,1064.8665771484375,294.39813232421875
496,player,83,853.820068359375,439.7289123535156,745.0908203125,621.2843627929688
496,player,55,55.68438720703125,465.71087646484375,105.350830078125,510.1995849609375
496,player,99,500.6846618652344,499.88043212890625,420.63128662109375,707.3025512695312
496,player,66,643.64306640625,508.60107421875,515.2077026367188,750.842529296875
496,player,89,692.642822265625,462.36810302734375,597.0735473632812,655.1151733398438
496,player,36,795.299560546875,431.79595947265625,701.8986206054688,586.64794921875
496,player,98,249.19227600097656,407.29766845703125,280.1297607421875,360.3393249511719
496,player,88,770.1705322265625,415.450439453125,704.0111083984375,530.6944580078125
496,player,97,635.9859619140625,433.7532958984375,581.0281982421875,514.0045166015625
496,player,75,823.0511474609375,437.954345703125,728.9785766601562,551.7611083984375
496,player,102,233.25390625,407.2059326171875,263.7163391113281,360.9843444824219
496,ball,-1,476.16632080078125,368.811279296875,1064.8665771484375,294.39813232421875
497,player,83,853.68115234375,440.26251220703125,743.86767578125,622.8182983398438
497,player,55,51.665977478027344,467.1417236328125,101.93785095214844,510.10479736328125
497,player,99,496.4970703125,500.54559326171875,417.22930908203125,706.69482421875
497,player,88,769.578125,414.47235107421875,702.9132080078125,528.911865234375
497,player,66,643.4547729492188,509.1524658203125,514.57568359375,754.717529296875
497,player,36,795.6243896484375,431.67083740234375,702.46533203125,586.2176513671875
497,player,97,632.45947265625,416.408935546875,582.0809326171875,507.98577880859375
497,player,98,246.04638671875,407.1001281738281,277.209228515625,363.53515625
497,player,75,808.00244140625,435.18927001953125,722.2775268554688,568.3348388671875
497,player,103,781.2652587890625,421.5130615234375,702.826171875,550.669189453125
497,player,89,684.32177734375,457.24859619140625,593.900390625,647.278564453125
497,player,102,232.14303588867188,406.76788330078125,262.6135559082031,362.3563537597656
497,player,104,826.81982421875,437.67578125,722.5137939453125,611.261962890625
497,ball,-1,276.1795959472656,362.13092041015625,1064.8665771484375,294.39813232421875
498,player,99,491.49530029296875,498.14105224609375,414.266357421875,703.6979370117188
498,player,83,852.3007202148438,440.3997802734375,742.6227416992188,623.8348388671875
498,player,55,47.171241760253906,469.2448425292969,98.34242248535156,511.8110656738281
498,player,97,631.8837890625,435.4241638183594,576.4072265625,524.6749877929688
498,player,88,768.277099609375,413.15106201171875,702.3336181640625,526.1690673828125
498,player,36,795.2193603515625,421.9870910644531,706.48583984375,575.5355834960938
498,player,89,682.2410888671875,459.74127197265625,590.4711303710938,644.4849853515625
498,player,102,227.8179473876953,407.585205078125,260.5090637207031,363.8309326171875
498,player,66,640.173583984375,506.605224609375,513.9987182617188,754.717041015625
498,player,75,814.2535400390625,430.56976318359375,721.5230712890625,574.8001708984375
498,player,98,238.18527221679688,406.66302490234375,273.13653564453125,364.41644287109375
498,player,103,784.4715576171875,412.8289794921875,707.193603515625,541.408447265625
498,player,104,804.2052001953125,416.97021484375,724.1555786132812,587.1436767578125
499,player,99,488.02642822265625,498.48345947265625,411.36370849609375,701.779296875
499,player,55,42.25672912597656,468.80804443359375,94.76295471191406,512.077392578125
499,player,83,850.3947143554688,440.360595703125,741.283447265625,624.2872924804688
499,player,97,627.8560791015625,427.93780517578125,573.96484375,527.162109375
499,player,88,770.1976318359375,407.99664306640625,704.566162109375,518.7845458984375
499,player,36,797.2520141601562,423.998046875,708.9013671875,570.9481201171875
499,player,66,640.78125,509.3629150390625,513.0427856445312,757.202392578125
499,player,103,783.6068725585938,414.50518798828125,709.1087646484375,537.1714477539062
499,player,98,225.2720489501953,406.2643127441406,266.857177734375,363.3986511230469
499,player,104,805.7626953125,396.3465576171875,734.2496337890625,548.3118896484375
499,player,75,826.43994140625,433.7630615234375,723.2960815429688,583.446533203125
499,player,102,220.39907836914062,408.3039245605469,256.88970947265625,364.9871520996094
499,player,89,682.7005615234375,459.41229248046875,588.4729614257812,642.3822021484375
500,player,99,483.092529296875,501.001220703125,407.6376953125,702.4244384765625
500,player,55,37.017852783203125,469.60760498046875,90.99491119384766,512.634033203125
500,player,83,849.8619384765625,440.7440185546875,740.1082763671875,624.9286499023438
500,player,97,626.1900634765625,421.82861328125,573.8801879882812,521.9774169921875
500,player,66,638.4183959960938,511.18896484375,511.326171875,760.22900390625
500,player,88,770.764892578125,403.91162109375,707.8257446289062,509.4020080566406
500,player,98,226.0872344970703,405.85882568359375,263.0825500488281,362.3309326171875
500,player,102,219.13905334472656,408.0244140625,254.2261962890625,365.3023376464844
500,player,36,797.4111328125,417.9178466796875,712.927001953125,561.3701782226562
500,player,100,640.2034912109375,512.16259765625,519.2957153320312,762.7269287109375
500,player,104,807.6202392578125,413.51312255859375,734.1958618164062,542.7188720703125
501,player,99,478.3511657714844,498.34454345703125,404.5784912109375,700.033203125
501,player,83,849.3544921875,440.74481201171875,739.198974609375,625.3016357421875
501,player,55,32.94424819946289,471.36846923828125,87.32477569580078,514.4432983398438
501,player,102,217.70584106445312,406.30169677734375,252.38912963867188,363.36126708984375
501,player,97,618.6422119140625,411.736572265625,574.9567260742188,506.70220947265625
501,player,88,771.467041015625,407.8934326171875,708.55517578125,507.88409423828125
501,player,100,634.16259765625,515.0750732421875,513.274169921875,766.8648681640625
501,player,66,618.5918579101562,472.4263000488281,515.6180419921875,724.8980102539062
501,player,104,808.119873046875,406.63153076171875,737.1475830078125,531.4301147460938
501,player,89,676.051025390625,469.4940185546875,582.2106323242188,650.3264770507812
501,player,103,781.8233032226562,410.5504455566406,711.4044189453125,529.8541870117188
502,player,99,474.1893310546875,497.50732421875,401.6965637207031,697.3714599609375
502,player,83,848.70703125,441.15826416015625,738.259033203125,625.9117431640625
502,player,102,213.84979248046875,405.2578430175781,250.2731475830078,360.5349426269531
502,player,55,29.346879959106445,472.04559326171875,83.94322967529297,516.0093994140625
502,player,88,771.8990478515625,402.1375732421875,711.476806640625,500.39111328125
502,player,89,674.0758666992188,467.13714599609375,578.3253173828125,653.0347900390625
502,player,97,617.5169067382812,428.4840087890625,569.885986328125,515.1630249023438
502,player,100,639.3346557617188,513.9359741210938,510.98638916015625,768.98486328125
502,player,36,801.86474609375,406.6490173339844,721.4453735351562,543.0066528320312
502,player,103,781.6917724609375,409.150390625,713.419921875,523.5159301757812
502,player,104,809.569091796875,378.8003234863281,751.563232421875,491.56060791015625
503,player,99,468.82733154296875,499.17840576171875,398.06744384765625,696.7333374023438
503,player,83,847.688720703125,441.3424072265625,737.2841796875,626.4076538085938
503,player,66,617.5219116210938,463.61138916015625,520.6494140625,693.2427368164062
503,player,89,671.1005249023438,465.9691162109375,575.3463134765625,653.403076171875
503,player,102,204.35922241210938,405.3602294921875,246.15724182128906,357.994384765625
503,player,88,771.5916748046875,402.65704345703125,713.0728759765625,496.08770751953125
503,player,55,25.553878784179688,473.4210205078125,80.63957214355469,518.1021118164062
503,player,97,623.363525390625,517.797119140625,542.6900024414062,607.4292602539062
503,player,104,812.547119140625,404.13677978515625,750.8076782226562,495.752685546875
503,player,36,794.1480712890625,384.8851318359375,733.8826293945312,505.02044677734375
504,player,83,848.4847412109375,441.7569580078125,736.71435546875,627.2252807617188
504,player,99,463.57904052734375,499.4385986328125,394.29473876953125,696.1279296875
504,player,89,666.5806274414062,465.3984069824219,572.3492431640625,652.6997680664062
504,player,97,621.234619140625,515.6343994140625,525.0230712890625,665.35546875
504,player,88,769.426513671875,400.857421875,714.1904907226562,491.029052734375
504,player,102,203.00936889648438,405.769287109375,243.02464294433594,356.7083740234375
504,player,55,20.97875213623047,474.28253173828125,77.2318115234375,519.95556640625
504,player,103,779.1577758789062,403.9404296875,716.08251953125,513.2706909179688
504,player,104,817.0242919921875,406.6676025390625,750.593994140625,501.74981689453125
505,player,83,848.37744140625,441.0502624511719,736.592529296875,627.022216796875
505,player,99,455.1941223144531,496.381591796875,390.33172607421875,692.2446899414062
505,player,89,661.66650390625,464.46551513671875,569.3419799804688,650.91015625
505,player,88,768.518310546875,402.18927001953125,714.1041259765625,489.1878662109375
505,player,66,614.4090576171875,468.32574462890625,521.7142944335938,677.0263061523438
505,player,102,198.8626708984375,406.39056396484375,239.69483947753906,356.2447204589844
505,player,55,17.546628952026367,469.68994140625,74.51673889160156,516.255126953125
505,player,100,609.0155029296875,517.4042358398438,500.8414306640625,770.9091796875
505,player,104,811.686279296875,406.62969970703125,748.8739013671875,505.121337890625
505,player,105,19.472820281982422,430.03363037109375,81.12706756591797,389.189697265625
505,player,103,779.897216796875,405.57525634765625,717.3701171875,508.53759765625
506,player,83,848.7662353515625,441.5260314941406,736.4364624023438,627.4127197265625
506,player,99,452.72991943359375,496.0684814453125,387.1839599609375,689.2305297851562
506,player,102,198.21063232421875,405.5848388671875,237.4803924560547,354.9371337890625
506,player,89,659.57763671875,464.935791015625,566.67236328125,650.0301513671875
506,player,55,12.460835456848145,463.0068359375,71.99038696289062,506.60723876953125
506,player,97,627.0614013671875,518.6587524414062,514.2521362304688,706.0982055664062
506,player,88,767.6533203125,402.3958435058594,713.7049560546875,488.1494140625
506,player,66,611.7091674804688,467.42120361328125,521.9314575195312,665.3739624023438
506,player,104,813.020263671875,404.134521484375,749.2025756835938,504.60760498046875
506,player,105,15.898460388183594,412.68536376953125,81.80744934082031,369.02874755859375
506,player,36,793.475341796875,401.29791259765625,734.7705078125,499.52685546875
506,player,103,776.7625732421875,403.6798400878906,718.03857421875,503.0205078125
506,player,106,19.697620391845703,390.8126220703125,92.49878692626953,257.1837158203125
506,player,107,21.214279174804688,390.06292724609375,93.97647857666016,254.8987274169922
507,player,83,849.8064575195312,441.2847900390625,736.727783203125,627.5106811523438
507,player,66,634.46044921875,467.45733642578125,528.2494506835938,659.7632446289062
507,player,99,448.97503662109375,495.33599853515625,384.32061767578125,686.2881469726562
507,player,102,195.64178466796875,403.14703369140625,235.71755981445312,350.97802734375
507,player,97,617.5013427734375,518.05224609375,504.9661865234375,731.2817993164062
507,player,55,7.315773010253906,469.9012145996094,68.42832946777344,506.96197509765625
507,player,88,768.9227294921875,403.8521728515625,713.2384033203125,489.2545166015625
507,player,100,612.513671875,514.7764282226562,495.8075256347656,770.1618041992188
507,player,103,760.7040405273438,399.3680419921875,715.3975219726562,493.02557373046875
507,player,104,817.3612060546875,402.96856689453125,751.2139892578125,503.34124755859375
507,player,105,5.297574996948242,465.0715026855469,74.67880249023438,412.4481201171875
507,player,89,614.1904296875,466.726318359375,552.0277099609375,647.35693359375
507,player,36,779.6109619140625,406.68701171875,728.9815673828125,500.8378601074219
507,player,107,16.058841705322266,383.4208984375,93.18401336669922,246.11459350585938
507,player,108,599.0755615234375,394.407958984375,577.0556030273438,416.064697265625
508,player,83,850.1095581054688,440.70465087890625,737.2335815429688,627.0052490234375
508,player,99,441.07806396484375,498.4815673828125,379.7471618652344,686.626708984375
508,player,97,623.4068603515625,516.962646484375,500.71722412109375,747.1881103515625
508,player,66,649.9498291015625,474.917236328125,534.3651123046875,664.6333618164062
508,player,102,191.31024169921875,405.74822998046875,232.89105224609375,351.1080627441406
508,player,88,767.4508056640625,404.12396240234375,712.3851928710938,490.1495361328125
508,player,104,817.00048828125,404.23046875,751.8782348632812,503.9211730957031
508,player,105,5.453225612640381,463.97418212890625,70.17628479003906,439.5565185546875
508,player,89,597.1530151367188,468.1978759765625,537.4638671875,645.6162109375
509,player,99,432.2795104980469,503.56146240234375,373.4550476074219,690.7649536132812
509,player,83,850.2486572265625,440.9468688964844,737.506103515625,626.9378662109375
509,player,66,634.3623657226562,470.38446044921875,535.448974609375,662.1190795898438
509,player,88,763.4329223632812,402.2463073730469,711.3819580078125,488.2204284667969
509,player,97,619.04248046875,517.1334228515625,496.7961730957031,757.320556640625
509,player,104,817.0680541992188,400.1312561035156,754.0737915039062,499.62176513671875
509,player,102,191.33084106445312,405.34783935546875,231.12660217285156,350.7216796875
510,player,99,425.49755859375,505.2611083984375,367.281005859375,694.4437866210938
510,player,66,632.06689453125,464.0635986328125,537.3816528320312,654.1185302734375
510,player,83,851.2711181640625,440.8631591796875,738.0089721679688,626.8981323242188
510,player,88,761.5616455078125,404.9122314453125,709.1021118164062,489.84259033203125
510,player,104,819.258544921875,399.7436218261719,756.328857421875,496.5815124511719
510,player,97,616.6829833984375,515.6903076171875,494.0126037597656,762.4632568359375
510,player,100,627.6595458984375,505.040771484375,498.97186279296875,762.339111328125
510,player,75,840.3082275390625,434.7771301269531,728.0448608398438,591.3557739257812
510,player,102,190.90625,406.18121337890625,229.71908569335938,351.4170227050781
511,player,99,419.457763671875,505.61517333984375,361.65081787109375,696.6658935546875
511,player,83,852.3929443359375,441.6543273925781,738.3428955078125,627.782958984375
511,player,66,630.6279296875,466.27618408203125,537.5946655273438,650.9677124023438
511,player,88,759.0137939453125,404.06414794921875,707.196533203125,489.699951171875
511,player,104,819.79150390625,400.45172119140625,757.6519775390625,495.4673156738281
511,player,97,611.3944091796875,515.6162719726562,490.86871337890625,765.3118896484375
512,player,88,756.1304931640625,399.8504333496094,706.7792358398438,484.50897216796875
512,player,83,854.6105346679688,442.8770446777344,738.708984375,629.8045654296875
512,player,99,414.70330810546875,505.37298583984375,356.82293701171875,697.5064697265625
512,player,104,818.45654296875,404.185791015625,756.5191040039062,498.8846435546875
512,player,66,638.50927734375,454.42022705078125,543.4403076171875,637.81494140625
512,player,97,607.252197265625,516.350341796875,487.5802001953125,767.4647827148438
512,player,102,177.14022827148438,409.8670654296875,224.2752685546875,355.00299072265625
512,player,108,590.3516845703125,358.49652099609375,587.1622314453125,370.4864501953125
512,player,109,389.4129638671875,504.3427734375,329.94525146484375,690.5530395507812
513,player,88,754.4603881835938,399.8130798339844,706.0206298828125,480.9400329589844
513,player,99,406.4053955078125,504.92193603515625,351.650634765625,696.9729614257812
513,player,83,855.9310302734375,443.7791748046875,738.9666137695312,632.1552734375
513,player,102,176.10565185546875,411.6950988769531,220.15200805664062,359.3748474121094
513,player,104,821.1527099609375,402.5189514160156,757.3021240234375,499.45361328125
513,player,97,602.218017578125,516.2344970703125,484.18524169921875,768.3548583984375
513,player,66,630.877197265625,449.11395263671875,546.7403564453125,623.2225341796875
513,player,109,383.47552490234375,505.020263671875,328.29888916015625,690.68798828125
513,player,100,629.690185546875,428.126953125,524.0965576171875,682.009033203125
514,player,88,753.2833251953125,399.5287780761719,705.2874755859375,478.18487548828125
514,player,102,171.34719848632812,410.34979248046875,216.33309936523438,360.2393493652344
514,player,97,595.7691650390625,515.9329833984375,480.4058837890625,768.1478271484375
514,player,99,394.90032958984375,505.46099853515625,345.2423095703125,696.1837158203125
514,player,83,857.7582397460938,444.14105224609375,739.5116577148438,634.2124633789062
514,player,104,823.41357421875,403.94989013671875,757.8812255859375,501.6583251953125
514,player,66,626.6107177734375,446.09759521484375,548.61865234375,610.2731323242188
514,player,89,602.8895263671875,446.5557861328125,535.8228759765625,623.2551879882812
514,player,75,844.2955322265625,439.0701904296875,730.572021484375,601.3080444335938
514,ball,-1,140.00762939453125,402.5108337402344,1064.8665771484375,294.39813232421875
515,player,97,591.3342895507812,516.6222534179688,476.64581298828125,768.252685546875
515,player,88,753.1279907226562,397.5723876953125,705.5506591796875,474.11236572265625
515,player,83,857.598388671875,447.6895751953125,738.4224243164062,639.131591796875
515,player,104,828.1219482421875,394.86590576171875,763.6097412109375,493.0716857910156
515,player,99,381.105224609375,503.25592041015625,337.96905517578125,692.5521850585938
515,player,102,165.2943572998047,412.415771484375,211.81195068359375,362.6846618652344
515,player,66,620.3880615234375,447.8415222167969,547.5694580078125,603.113037109375
515,player,89,596.56494140625,453.26678466796875,531.0260009765625,615.040283203125
515,player,108,600.9735107421875,336.2088623046875,605.7813110351562,311.65081787109375
515,player,100,632.8478393554688,441.5992431640625,537.0439453125,644.36181640625
515,player,110,606.3724365234375,394.649169921875,583.0677490234375,418.76177978515625
516,player,97,586.979248046875,516.40234375,473.14434814453125,767.7764892578125
516,player,83,858.6754150390625,450.28466796875,737.0045166015625,645.0320434570312
516,player,104,829.9598388671875,387.793212890625,771.033447265625,479.34124755859375
516,player,99,373.31378173828125,504.54827880859375,331.0069885253906,690.7377319335938
516,player,88,751.1708374023438,397.03082275390625,705.3492431640625,470.6572265625
516,player,102,160.92514038085938,414.97821044921875,207.24649047851562,366.8641357421875
516,player,66,611.7222290039062,439.5794677734375,546.9761352539062,589.1348266601562
516,player,100,626.5888671875,433.357666015625,546.2843017578125,610.662353515625
516,player,111,138.76348876953125,418.201171875,179.6014404296875,379.78680419921875
516,player,110,591.9517822265625,375.23883056640625,585.4718627929688,393.83441162109375
516,player,108,617.874267578125,416.2008056640625,593.9927978515625,374.93115234375
517,player,97,582.4873046875,514.8471069335938,470.1029052734375,765.74755859375
517,player,99,369.4000549316406,505.00933837890625,325.39697265625,689.6611328125
517,player,83,860.219970703125,452.7823486328125,735.5472412109375,651.4964599609375
517,player,66,611.7274169921875,434.0440979003906,548.3006591796875,574.1991577148438
517,player,88,750.5012817382812,398.0491638183594,704.6068725585938,469.53424072265625
517,player,104,831.7119140625,389.041259765625,775.8385009765625,472.0577697753906
517,player,102,153.17279052734375,419.31109619140625,201.45211791992188,373.88775634765625
517,player,89,599.9052734375,445.07080078125,531.246826171875,601.589111328125
517,player,111,135.01824951171875,419.25146484375,178.40353393554688,380.6683349609375
517,ball,-1,1001.0488891601562,365.9455871582031,1053.49658203125,309.9164733886719
518,player,97,578.51318359375,515.5634765625,466.93536376953125,764.7312622070312
518,player,88,748.1289672851562,397.08251953125,703.7967529296875,467.4648132324219
518,player,83,860.095947265625,451.9342041015625,734.8944702148438,654.8424072265625
518,player,99,364.39898681640625,505.79522705078125,320.33056640625,689.2709350585938
518,player,111,133.75291442871094,419.9852294921875,177.1681671142578,381.9709167480469
518,player,104,835.187744140625,385.2728576660156,781.7314453125,463.1620788574219
518,player,66,607.48291015625,441.42364501953125,545.6958618164062,571.9041748046875
518,player,108,614.8864135742188,420.1002502441406,584.19140625,420.12664794921875
518,player,110,589.11669921875,401.5443115234375,577.1674194335938,409.0965576171875
518,ball,-1,1000.9676513671875,366.11248779296875,1043.449951171875,323.64141845703125
519,player,97,576.00341796875,517.521484375,463.7610778808594,765.570556640625
519,player,99,351.4844970703125,503.03125,314.2420349121094,685.4591064453125
519,player,88,745.1316528320312,398.5931701660156,701.7623901367188,467.60235595703125
519,player,83,862.3345947265625,451.95477294921875,735.0936279296875,657.2332153320312
519,player,104,835.9832763671875,385.6834716796875,785.6212768554688,457.94415283203125
519,player,66,598.9987182617188,420.8333740234375,547.9700317382812,547.5670166015625
519,player,111,129.50355529785156,419.77325439453125,175.2056427001953,382.21319580078125
519,player,102,125.76809692382812,421.65728759765625,189.6887969970703,378.7861328125
519,player,110,588.2684326171875,415.7999267578125,566.9129638671875,435.20233154296875
519,ball,-1,1001.1453857421875,366.4502258300781,1034.563720703125,335.86962890625
520,player,97,572.66162109375,516.67041015625,461.05181884765625,765.10595703125
520,player,88,743.3804931640625,398.18377685546875,700.0758056640625,467.0576477050781
520,player,99,340.00762939453125,506.09344482421875,306.8148193359375,684.844482421875
520,player,83,861.8880615234375,451.72637939453125,735.1860961914062,658.5203857421875
520,player,66,592.5257568359375,428.380126953125,545.23046875,539.424560546875
520,player,104,838.6131591796875,393.21844482421875,785.5697021484375,463.6983642578125
520,player,111,126.88999938964844,420.06982421875,173.15826416015625,382.48614501953125
520,player,102,123.54824829101562,421.505859375,181.44375610351562,381.60894775390625
520,player,75,834.6603393554688,397.04852294921875,746.8895263671875,560.9768676757812
520,ball,-1,1000.6724853515625,366.354736328125,1026.7099609375,346.57415771484375
521,player,99,330.70147705078125,506.38677978515625,299.56964111328125,683.9622802734375
521,player,97,570.005615234375,514.1857299804688,459.212890625,762.4205322265625
521,player,88,742.3113403320312,399.99853515625,697.9373779296875,468.70831298828125
521,player,83,860.8035888671875,449.41607666015625,735.84228515625,656.9497680664062
521,player,66,586.362060546875,422.33111572265625,543.55322265625,526.9927978515625
521,player,104,838.6193237304688,398.27288818359375,783.3021240234375,473.30706787109375
521,player,102,122.20311737060547,422.46112060546875,175.58082580566406,384.41375732421875
521,ball,-1,1000.8235473632812,365.85076904296875,1019.9120483398438,355.7834167480469
522,player,97,569.1625366210938,513.652099609375,457.9310607910156,760.1392822265625
522,player,99,327.67120361328125,506.14764404296875,294.13104248046875,682.9279174804688
522,player,66,585.2442626953125,433.698486328125,538.6668701171875,531.1315307617188
522,player,83,862.2144165039062,448.50390625,737.0262451171875,655.1355590820312
522,player,88,742.856201171875,398.72332763671875,697.2169799804688,468.3548583984375
522,player,104,842.1253662109375,388.159912109375,787.4129028320312,468.0528564453125
522,player,102,118.60646057128906,422.26531982421875,170.7938690185547,385.70880126953125
523,player,99,324.6839294433594,508.9683837890625,289.35797119140625,684.56982421875
523,player,97,565.445556640625,515.7899780273438,455.6337890625,760.22412109375
523,player,66,580.3543701171875,417.23724365234375,539.138427734375,515.4314575195312
523,player,83,861.5714111328125,448.23699951171875,737.718505859375,653.63134765625
523,player,88,742.1349487304688,398.04827880859375,696.7999267578125,467.2762451171875
523,player,104,844.45068359375,385.72393798828125,791.9116821289062,461.955322265625
523,player,109,339.932373046875,510.53216552734375,315.16009521484375,692.2454223632812
523,player,102,112.05450439453125,421.56494140625,165.94857788085938,385.197509765625
523,ball,-1,1001.31591796875,365.465576171875,1014.0582885742188,363.7386474609375
524,player,99,323.2016906738281,509.667236328125,285.7622375488281,686.1484375
524,player,97,561.9190673828125,514.6444091796875,453.5146484375,758.9927978515625
524,player,66,576.2053833007812,405.4942626953125,541.9510498046875,491.5511474609375
524,player,88,739.829833984375,400.87921142578125,694.7153930664062,469.6417541503906
524,player,83,862.015625,448.7987060546875,738.0736083984375,653.2576904296875
524,player,104,845.9766235351562,390.3434753417969,793.2042236328125,463.60986328125
524,player,102,101.26411437988281,424.6636657714844,159.40081787109375,387.45977783203125
524,ball,-1,1001.378662109375,364.82305908203125,1009.03759765625,370.465576171875
525,player,99,321.87237548828125,513.220703125,282.494140625,690.2573852539062
525,player,97,558.5830078125,515.5880126953125,451.0609130859375,758.7467651367188
525,player,83,863.6570434570312,446.8157043457031,739.5514526367188,651.1598510742188
525,player,66,577.31005859375,409.2273864746094,542.9112548828125,480.40380859375
525,player,88,738.08984375,402.32952880859375,692.2696533203125,472.69036865234375
525,player,104,843.949462890625,387.5140380859375,794.7045288085938,461.1519470214844
525,player,75,841.0814819335938,421.85552978515625,748.849609375,563.087646484375
525,ball,-1,1001.3646850585938,364.908935546875,1004.601318359375,376.42169189453125
526,player,99,318.77490234375,515.7133178710938,279.1777038574219,694.902587890625
526,player,97,554.373779296875,515.4606323242188,448.4227294921875,758.1346435546875
526,player,66,575.481689453125,399.45074462890625,546.1434936523438,461.702392578125
526,player,83,864.4597778320312,447.6320495605469,740.41748046875,650.690673828125
526,player,88,733.4659423828125,402.59765625,689.1915283203125,474.5615234375
526,player,104,844.823486328125,387.3564453125,796.0209350585938,459.44793701171875
526,player,75,841.866943359375,421.43927001953125,750.5263061523438,564.0797729492188
526,ball,-1,1002.232177734375,365.2668151855469,1000.724365234375,381.8450927734375
527,player,99,313.72064208984375,521.0498046875,274.88720703125,702.2343139648438
527,player,83,864.4488525390625,448.7645568847656,740.53076171875,651.5250244140625
527,player,88,730.26953125,402.243408203125,686.3721923828125,475.081787109375
527,player,97,551.55419921875,517.3364868164062,445.5483093261719,759.14404296875
527,player,66,570.4725952148438,399.0402526855469,546.8899536132812,448.6165771484375
527,player,110,579.607177734375,398.63720703125,563.23681640625,431.7382507324219
527,player,112,551.1138916015625,456.25946044921875,483.9322204589844,597.348388671875
527,ball,-1,1002.2647094726562,364.8551940917969,997.3956298828125,386.44207763671875
528,player,99,309.6004638671875,521.7365112304688,270.9607238769531,707.2755737304688
528,player,83,864.2510986328125,449.04656982421875,740.4373779296875,652.3334350585938
528,player,66,569.448486328125,399.1450500488281,547.0369873046875,440.141845703125
528,player,88,726.509521484375,400.0426025390625,684.2682495117188,472.54248046875
528,player,97,542.9628295898438,519.8601684570312,440.9118347167969,761.29638671875
528,player,112,551.5714111328125,489.17535400390625,475.46087646484375,629.2954711914062
528,ball,-1,1002.720947265625,364.56451416015625,994.5728759765625,390.37750244140625
529,player,99,303.6819763183594,526.1318969726562,266.2427978515625,713.919921875
529,player,83,863.8133544921875,451.78997802734375,739.177978515625,655.567138671875
529,player,66,567.9891357421875,396.442138671875,547.5755004882812,431.3226318359375
529,player,88,718.8890380859375,399.6151123046875,680.7796630859375,469.70672607421875
529,player,112,549.20263671875,470.9693603515625,473.984375,632.5361328125
529,player,97,538.932861328125,520.6218872070312,436.7023620605469,763.0293579101562
529,player,102,94.02919006347656,420.13897705078125,153.69850158691406,383.1763916015625
529,ball,-1,1002.8414916992188,365.0356140136719,992.0113525390625,394.0469665527344
530,player,99,295.3712463378906,534.0072021484375,259.9151916503906,724.3646240234375
530,player,66,563.788818359375,406.60791015625,543.4288330078125,437.05511474609375
530,player,83,863.5870361328125,451.63836669921875,738.354736328125,657.4979858398438
530,player,97,537.5518798828125,527.0687866210938,432.155517578125,769.5745849609375
530,player,102,86.29658508300781,421.29840087890625,147.69461059570312,381.05816650390625
530,player,112,548.7718505859375,470.40533447265625,473.05609130859375,634.056884765625
530,player,88,713.9329223632812,397.8931884765625,677.6880493164062,465.41448974609375
530,ball,-1,1002.92138671875,365.9273681640625,989.59423828125,397.66094970703125
531,player,99,289.1993408203125,534.7030639648438,254.18362426757812,731.2630615234375
531,player,66,561.532958984375,404.3642578125,540.7771606445312,437.9944763183594
531,player,102,82.98845672607422,419.83563232421875,143.04739379882812,377.7293701171875
531,player,112,547.8922729492188,473.7593994140625,471.3427734375,638.2274780273438
531,player,83,862.86083984375,453.4755859375,736.8995361328125,660.5189819335938
531,player,88,706.2835693359375,399.3969421386719,672.8047485351562,463.6792297363281
531,player,113,688.9611206054688,400.14581298828125,648.1038818359375,458.4624328613281
531,ball,-1,1003.3135375976562,365.71099853515625,987.5521240234375,400.7614440917969
532,player,99,284.36572265625,536.5999755859375,248.99337768554688,736.982421875
532,player,66,557.132080078125,403.63153076171875,537.9873046875,437.3645324707031
532,player,112,547.9298706054688,472.3600769042969,470.60247802734375,639.58642578125
532,player,83,863.0260009765625,454.88519287109375,735.4536743164062,663.8947143554688
532,player,102,80.14170837402344,420.99951171875,139.09400939941406,376.65386962890625
532,player,113,682.0411376953125,400.82135009765625,645.7842407226562,458.62017822265625
532,player,97,540.8528442382812,517.3411254882812,432.252197265625,765.71923828125
532,player,114,517.535400390625,530.2718505859375,407.3567810058594,784.9254760742188
532,player,115,61.0218505859375,419.83282470703125,116.9301986694336,366.2054443359375
532,ball,-1,1003.1187744140625,365.12298583984375,985.8468627929688,403.2314147949219
533,player,99,278.51409912109375,536.8381958007812,244.15420532226562,740.4443969726562
533,player,66,554.7001953125,403.83331298828125,535.3935546875,436.971923828125
533,player,102,78.51899719238281,425.0928955078125,135.5896759033203,380.46417236328125
533,player,112,547.9735717773438,471.04449462890625,470.4757385253906,639.195068359375
533,player,83,864.5891723632812,457.1015625,734.0965576171875,668.412353515625
533,player,97,535.6677856445312,505.21002197265625,433.8218994140625,752.07470703125
533,player,113,677.9216918945312,400.05523681640625,643.3278198242188,457.4629821777344
533,player,116,883.79833984375,401.26690673828125,814.4005737304688,512.771240234375
533,player,75,868.177978515625,415.30889892578125,761.9735107421875,560.4088134765625
533,player,110,561.9381103515625,395.7706298828125,556.5189208984375,424.5227966308594
533,player,115,63.78683090209961,424.9175109863281,117.12649536132812,372.22821044921875
533,player,117,56.46255111694336,422.2845458984375,112.5297622680664,373.10443115234375
533,ball,-1,1003.1748046875,365.07257080078125,984.3621826171875,405.3851623535156
534,player,99,274.6529541015625,535.243896484375,240.29568481445312,741.0362548828125
534,player,66,554.2041015625,395.847900390625,536.090087890625,427.32147216796875
534,player,102,76.85624694824219,427.85870361328125,132.52980041503906,385.91265869140625
534,player,110,552.5104370117188,401.8563232421875,547.413330078125,426.1331787109375
534,player,83,868.1571044921875,458.27392578125,733.76171875,672.810546875
534,player,97,529.9183349609375,504.1580810546875,433.6065979003906,741.7921752929688
534,player,116,883.1719970703125,397.8865966796875,815.755859375,508.84356689453125
534,player,114,511.08123779296875,523.1743774414062,407.2855224609375,778.3505249023438
534,player,75,872.0042724609375,399.96875,777.3358154296875,541.1730346679688
534,ball,-1,1003.181640625,365.2958984375,983.0133666992188,407.37652587890625
535,player,102,73.42124938964844,429.720703125,129.3805694580078,391.24755859375
535,player,66,551.3276977539062,396.69818115234375,535.4147338867188,421.7960510253906
535,player,99,270.7027282714844,534.8959350585938,236.87075805664062,740.8148193359375
535,player,83,867.663330078125,456.85028076171875,733.9554443359375,674.2275390625
535,player,97,528.01708984375,491.73883056640625,435.9306945800781,723.617919921875
535,player,116,883.8231811523438,397.8504638671875,816.8516845703125,506.308837890625
535,ball,-1,1002.7557373046875,365.3680419921875,981.765380859375,409.1459045410156
536,player,99,260.71551513671875,535.5308227539062,232.11050415039062,740.4308471679688
536,player,66,548.4952392578125,394.8985595703125,534.7047119140625,415.8188781738281
536,player,102,67.0439682006836,429.8660888671875,125.56349182128906,394.3402099609375
536,player,97,521.9173583984375,484.70977783203125,437.5411376953125,704.7305297851562
536,player,116,886.962646484375,402.03997802734375,816.6001586914062,509.740234375
536,player,83,862.0684814453125,457.54119873046875,732.24755859375,675.342041015625
536,player,118,243.1350860595703,536.6533203125,210.55947875976562,738.5259399414062
536,ball,-1,1003.286865234375,364.67572021484375,980.8594970703125,410.4232177734375
537,player,102,63.14556121826172,430.485107421875,121.94258117675781,396.7126770019531
537,player,99,255.4512939453125,535.1281127929688,227.78550720214844,739.4259033203125
537,player,66,545.1847534179688,395.33734130859375,533.1165771484375,412.15716552734375
537,player,116,889.1426391601562,399.6072998046875,818.2113037109375,509.3956298828125
537,player,83,861.686279296875,456.9173583984375,731.2700805664062,675.41943359375
537,player,114,496.93084716796875,531.5173950195312,401.90081787109375,780.062744140625
537,player,118,239.98484802246094,536.80419921875,209.77078247070312,738.4085693359375
537,player,97,507.1243896484375,513.373779296875,428.0679626464844,717.3690185546875
537,player,112,525.8858032226562,476.717041015625,463.021484375,642.5767211914062
537,ball,-1,1003.5792236328125,364.73931884765625,980.0823974609375,411.5841369628906
538,player,102,58.79902267456055,430.20782470703125,118.42573547363281,397.5797119140625
538,player,66,545.114990234375,394.72003173828125,532.2592163085938,409.0379333496094
538,player,116,890.12890625,397.887939453125,820.3511962890625,507.2900085449219
538,player,99,249.22695922851562,534.8599243164062,223.48931884765625,738.0567626953125
538,player,83,861.04248046875,458.65155029296875,729.7894287109375,677.1177368164062
538,player,97,505.18963623046875,532.1513061523438,417.3336181640625,741.61767578125
539,player,102,57.70704650878906,432.5638427734375,115.58537292480469,400.6724853515625
539,player,66,545.3950805664062,394.157958984375,531.9640502929688,406.3671875
539,player,99,243.5032501220703,534.8173217773438,219.30319213867188,736.682861328125
539,player,116,891.2046508789062,394.7230224609375,823.5409545898438,502.3656921386719
539,player,83,860.5712280273438,458.4538269042969,728.7708740234375,677.9868774414062
539,player,97,503.1617431640625,532.9833984375,409.674560546875,757.919189453125
539,player,75,879.619384765625,397.88873291015625,790.5811767578125,526.98095703125
539,player,114,493.4292907714844,532.1183471679688,397.4021911621094,781.4046630859375
540,player,102,55.24162292480469,435.6563720703125,112.73516082763672,405.892822265625
540,player,66,544.43896484375,394.706787109375,531.3126220703125,405.197998046875
540,player,116,892.2747192382812,390.50921630859375,827.922607421875,494.3480224609375
540,player,99,237.22518920898438,533.8152465820312,215.18260192871094,734.4407958984375
540,player,83,859.8077392578125,458.87152099609375,727.7357788085938,678.8950805664062
540,player,114,493.0884704589844,534.1390380859375,393.97137451171875,783.9521484375
540,player,117,32.061134338378906,434.29583740234375,104.56791687011719,384.5313415527344
540,player,75,875.5540161132812,398.393798828125,797.7232055664062,517.9638671875
541,player,99,233.2451171875,532.11865234375,211.7576904296875,731.2140502929688
541,player,116,893.2901611328125,392.7027282714844,830.0484008789062,491.7962646484375
541,player,66,544.6553344726562,394.65020751953125,530.9716796875,404.39019775390625
541,player,83,859.0372924804688,460.13775634765625,726.365234375,680.6575317382812
541,player,102,52.51164245605469,435.36199951171875,110.16928100585938,408.73321533203125
541,player,114,491.97882080078125,533.2597045898438,391.64874267578125,784.7799682617188
541,player,117,28.208864212036133,434.41015625,98.3314208984375,391.7628173828125
541,player,75,875.212890625,404.15191650390625,799.661865234375,518.6373901367188
541,player,119,10.889148712158203,430.41046142578125,74.31208801269531,388.33648681640625
541,player,97,499.87884521484375,496.180419921875,411.980712890625,735.8834228515625
542,player,116,897.3291015625,394.4764404296875,831.8349609375,492.5733642578125
542,player,99,228.39639282226562,532.9291381835938,208.23590087890625,729.4345703125
542,player,83,858.5281982421875,459.95513916015625,725.40185546875,681.58056640625
542,player,66,542.2860107421875,396.49713134765625,529.4608154296875,405.8421630859375
542,player,114,485.4753723144531,532.5051879882812,388.677978515625,784.1649169921875
542,player,119,7.966569423675537,431.33465576171875,73.42878723144531,389.1241149902344
542,player,117,8.990636825561523,437.365478515625,88.77803039550781,398.1159973144531
543,player,116,899.315673828125,394.66278076171875,833.51708984375,493.4777526855469
543,player,66,541.7801513671875,394.64404296875,528.9122314453125,404.5433349609375
543,player,99,219.25233459472656,533.1688232421875,203.67807006835938,727.7689819335938
543,player,83,858.0337524414062,461.280029296875,724.1348266601562,683.430419921875
543,player,117,7.075063705444336,437.2723388671875,82.05719757080078,401.9834899902344
543,player,114,483.0760803222656,533.973388671875,385.84796142578125,784.8118896484375
543,player,97,478.12261962890625,486.85662841796875,409.92547607421875,711.1016235351562
543,player,102,19.830028533935547,432.993408203125,99.82249450683594,405.22247314453125
543,player,119,12.729503631591797,438.93255615234375,73.46347045898438,398.43096923828125
544,player,99,215.02487182617188,533.0189819335938,199.7010040283203,726.22705078125
544,player,116,900.563720703125,395.19195556640625,834.74365234375,494.7936706542969
544,player,66,540.6837158203125,393.60430908203125,528.55712890625,402.36279296875
544,player,83,857.1793212890625,458.6071472167969,724.088623046875,681.9461669921875
544,player,114,481.42840576171875,534.1201782226562,383.5692138671875,785.22509765625
544,player,113,649.7847900390625,402.92724609375,632.3074340820312,457.49951171875
544,player,102,16.932331085205078,438.52044677734375,91.79502868652344,408.79388427734375
545,player,99,211.86595153808594,531.4456176757812,196.54486083984375,723.621337890625
545,player,116,901.225830078125,394.86468505859375,835.897705078125,495.3310852050781
545,player,83,856.6258544921875,457.6000061035156,724.2880249023438,679.9442138671875
545,player,113,646.41015625,403.6044921875,623.9031372070312,458.0007629394531
545,player,66,538.4140625,390.95849609375,528.4860229492188,397.57501220703125
545,player,97,477.19268798828125,467.571533203125,412.8419189453125,676.33203125
545,player,114,473.4981689453125,535.5636596679688,379.8278503417969,786.077392578125
545,player,102,16.44283103942871,435.4755859375,86.72486877441406,407.7267150878906
545,player,120,549.3253784179688,636.329833984375,368.88262939453125,1020.0357055664062
546,player,99,204.3402099609375,531.8629760742188,192.59783935546875,721.699462890625
546,player,83,856.4429321289062,457.270263671875,724.492431640625,678.3026123046875
546,player,66,534.8032836914062,390.08929443359375,527.6327514648438,393.09222412109375
546,player,116,905.3427734375,394.4317626953125,838.1137084960938,495.55841064453125
546,player,97,470.02362060546875,467.79400634765625,412.755126953125,653.3500366210938
546,player,113,644.9168090820312,401.1842041015625,618.8494262695312,455.3955078125
546,player,119,14.187408447265625,436.65216064453125,74.08837890625,402.09930419921875
546,player,114,468.81182861328125,533.5611572265625,376.63763427734375,784.5755615234375
546,player,120,543.275146484375,634.101318359375,367.93548583984375,1018.0948486328125
547,player,99,198.444580078125,535.0189208984375,188.1989288330078,722.7057495117188
547,player,119,13.365259170532227,437.0283203125,74.23711395263672,404.82891845703125
547,player,83,857.7529907226562,456.97637939453125,725.1046142578125,677.06005859375
547,player,116,906.7552490234375,397.334228515625,838.616455078125,499.1881103515625
547,player,113,642.3262329101562,399.12518310546875,615.5204467773438,451.07452392578125
547,player,66,531.9592895507812,389.7771301269531,526.3234252929688,389.54595947265625
547,player,97,467.19525146484375,487.4151611328125,407.4327087402344,657.078857421875
547,player,114,471.5115966796875,535.6437377929688,374.8141174316406,785.5650024414062
547,player,120,542.9012451171875,636.03076171875,366.8914489746094,1018.10205078125
547,player,112,508.11431884765625,384.8503112792969,478.6931457519531,543.5738525390625
547,player,121,920.1077270507812,396.123291015625,852.8528442382812,505.4602966308594
548,player,99,194.65625,537.5523681640625,184.10736083984375,725.2316284179688
548,player,83,857.72119140625,456.84674072265625,725.5432739257812,676.1219482421875
548,player,113,640.39599609375,406.1014404296875,610.338134765625,456.15191650390625
548,player,119,11.170997619628906,435.95587158203125,73.83528137207031,405.2391052246094
548,player,66,528.3079833984375,390.292724609375,524.214599609375,387.53314208984375
548,player,116,907.1851806640625,395.1217041015625,840.1187133789062,499.0346374511719
548,player,114,470.3131408691406,535.1567993164062,373.4299011230469,785.7044067382812
548,player,112,503.4124755859375,387.88470458984375,486.53057861328125,482.4970703125
548,player,120,539.1617431640625,633.6619873046875,365.80279541015625,1016.2396240234375
549,player,99,189.15972900390625,544.238525390625,179.31564331054688,732.1080322265625
549,player,66,525.8469848632812,390.8778076171875,521.923095703125,386.707275390625
549,player,83,858.5823364257812,457.34619140625,725.8782958984375,676.0787353515625
549,player,116,917.060302734375,396.87603759765625,843.2845458984375,501.86962890625
549,player,119,8.889184951782227,436.9609375,72.86418914794922,406.42230224609375
549,player,113,628.473388671875,406.40972900390625,603.3409423828125,458.73809814453125
549,player,102,11.505836486816406,433.53302001953125,82.263427734375,404.4705505371094
549,player,112,501.0711975097656,388.1541748046875,490.83990478515625,442.91339111328125
549,player,114,464.34564208984375,537.3540649414062,370.6147155761719,787.1640625
549,player,120,537.6031494140625,634.436279296875,364.60986328125,1015.4359130859375
550,player,99,184.302490234375,547.4950561523438,174.65097045898438,738.9300537109375
550,player,66,521.8359375,391.953857421875,518.8984985351562,387.101806640625
550,player,116,921.53759765625,396.31109619140625,846.9813232421875,503.47467041015625
550,player,83,859.0552978515625,457.78350830078125,726.06103515625,676.521728515625
550,player,114,459.52349853515625,539.1109619140625,367.2481994628906,789.1981201171875
550,player,117,7.371680736541748,434.88421630859375,77.98187255859375,401.8887023925781
550,player,113,611.3462524414062,409.53497314453125,592.6980590820312,462.45391845703125
550,player,102,11.406774520874023,435.1819763183594,79.18658447265625,404.17156982421875
550,player,97,444.65496826171875,541.794921875,387.00311279296875,705.7012329101562
550,player,120,535.126953125,635.8661499023438,363.02984619140625,1015.692626953125
550,player,121,922.1546630859375,391.4408874511719,855.7357177734375,500.21661376953125
550,player,112,498.2242431640625,389.98291015625,492.23382568359375,419.1416015625
551,player,99,177.55545043945312,553.1458129882812,169.35792541503906,747.532958984375
551,player,66,517.821044921875,391.169189453125,515.974365234375,386.05517578125
551,player,116,924.970703125,402.0687255859375,847.6950073242188,511.4136047363281
551,player,83,858.916748046875,458.4989929199219,725.8675537109375,677.5001831054688
551,player,97,449.31915283203125,539.7921142578125,375.25469970703125,736.0093994140625
551,player,102,12.332684516906738,434.8288269042969,77.47062683105469,403.66424560546875
551,player,119,12.236578941345215,433.39080810546875,73.46615600585938,403.5260009765625
551,player,112,496.48358154296875,390.0782775878906,492.5902404785156,403.64862060546875
551,player,113,606.697265625,412.37188720703125,583.4834594726562,467.6669921875
551,player,117,7.584497928619385,436.8917236328125,75.2116928100586,404.0596008300781
552,player,97,448.03045654296875,540.4088745117188,367.18231201171875,756.1212768554688
552,player,66,513.1873779296875,387.94879150390625,513.6799926757812,381.0686340332031
552,player,83,857.7457275390625,458.676513671875,725.3467407226562,678.2086181640625
552,player,99,172.65658569335938,552.7847900390625,164.78982543945312,752.451171875
552,player,116,928.012939453125,393.60400390625,853.1376953125,507.146484375
552,player,113,603.8950805664062,414.342041015625,576.0339965820312,473.023193359375
552,player,112,493.7995910644531,389.33367919921875,492.2421875,392.4368896484375
552,player,102,10.554043769836426,433.5845031738281,75.98410034179688,401.80743408203125
552,player,119,11.346770286560059,432.802734375,73.66848754882812,400.9156799316406
552,player,117,7.178747177124023,434.22283935546875,73.53893280029297,402.48992919921875
553,player,66,510.6253662109375,387.41357421875,511.5841064453125,376.946533203125
553,player,116,929.9364013671875,392.26348876953125,857.9189453125,502.9927978515625
553,player,99,164.38319396972656,553.6812744140625,159.7501983642578,755.7530517578125
553,player,83,858.1968994140625,459.2275390625,724.9242553710938,679.2482299804688
553,player,113,598.7677612304688,414.86895751953125,569.5277709960938,476.64129638671875
553,player,97,446.5619812011719,541.35400390625,361.3929443359375,769.86328125
553,player,114,437.96710205078125,542.03955078125,359.1955261230469,791.25537109375
553,player,102,10.882795333862305,434.07757568359375,75.0626449584961,401.17474365234375
553,player,119,11.569538116455078,433.36614990234375,73.80935668945312,399.8634948730469
553,player,112,491.9837646484375,388.4015197753906,491.75164794921875,383.8564453125
554,player,66,506.40960693359375,385.71630859375,509.47698974609375,371.8191223144531
554,player,99,156.4813232421875,558.5426635742188,154.07589721679688,761.281982421875
554,player,116,933.859619140625,396.8515625,860.005615234375,505.9633483886719
554,player,83,858.494140625,459.88116455078125,724.4838256835938,680.5892333984375
554,player,113,594.8126220703125,415.074462890625,564.0813598632812,478.8731384277344
554,player,114,442.0614013671875,541.1206665039062,355.1405334472656,792.1524047851562
554,player,102,10.443620681762695,432.86309814453125,74.454345703125,399.3788757324219
554,player,119,11.130422592163086,432.984619140625,73.81597137451172,398.7190856933594
554,player,122,613.4686889648438,413.95428466796875,570.53955078125,484.1532897949219
555,player,99,149.8958740234375,556.8728637695312,149.0033721923828,763.0076904296875
555,player,66,501.95361328125,384.19610595703125,507.23223876953125,366.2230224609375
555,player,83,858.2496337890625,461.6612854003906,723.453857421875,683.1759643554688
555,player,116,939.6982421875,395.1013488769531,864.0014038085938,506.41748046875
555,player,122,604.5662841796875,414.6968994140625,567.7009887695312,484.19677734375
555,player,114,437.4319152832031,536.0179443359375,352.3377685546875,788.1072998046875
555,player,119,10.945959091186523,434.4310302734375,73.63848114013672,399.5640563964844
555,player,102,9.956585884094238,434.69097900390625,73.7606201171875,400.19793701171875
555,player,97,438.6021728515625,477.83380126953125,368.6325988769531,721.320556640625
556,player,99,141.07461547851562,559.97314453125,143.30006408691406,765.9890747070312
556,player,66,495.5792236328125,383.08984375,504.18768310546875,360.6497802734375
556,player,83,858.5098266601562,463.11724853515625,722.3064575195312,686.2940673828125
556,player,114,431.7281494140625,539.3739624023438,348.473388671875,787.8382568359375
556,player,116,942.9266967773438,390.1834716796875,870.0131225585938,501.29608154296875
556,player,122,597.6173095703125,412.9256591796875,564.4025268554688,481.61810302734375
556,player,97,427.7561950683594,483.9072265625,369.1600646972656,694.6890869140625
557,player,66,491.713134765625,383.6429443359375,500.872314453125,357.35821533203125
557,player,99,135.740966796875,560.0655517578125,138.3245849609375,767.5961303710938
557,player,83,859.589111328125,463.8565673828125,721.5816040039062,689.1302490234375
557,player,97,407.9511413574219,486.9866027832031,363.6653137207031,678.6687622070312
557,player,122,591.1557006835938,414.950927734375,559.7252197265625,481.6458435058594
557,player,116,948.06103515625,389.8390197753906,875.680908203125,498.0411682128906
557,player,114,443.14422607421875,541.7501220703125,348.3172302246094,790.538818359375
557,player,123,425.56231689453125,488.5050048828125,365.71728515625,657.1428833007812
557,player,112,482.17425537109375,365.96087646484375,495.347412109375,349.2786865234375
558,player,99,131.63119506835938,559.4363403320312,134.1830596923828,767.81494140625
558,player,66,484.4024658203125,383.54669189453125,496.54010009765625,354.44000244140625
558,player,83,860.4127197265625,464.4954833984375,721.0982666015625,691.66259765625
558,player,97,403.64044189453125,491.31475830078125,358.08929443359375,671.9739379882812
558,player,116,948.83837890625,386.5982666015625,881.2310180664062,492.18634033203125
558,player,122,586.3892822265625,411.576416015625,556.3722534179688,477.4398193359375
558,player,123,425.65325927734375,483.864990234375,366.72125244140625,652.7599487304688
558,player,114,436.547119140625,540.9929809570312,346.7394104003906,791.146484375
559,player,99,129.08053588867188,561.1386108398438,130.72164916992188,769.1493530273438
559,player,66,483.802978515625,382.3436279296875,493.9056396484375,351.00616455078125
559,player,83,860.5811767578125,464.50262451171875,720.828125,693.3300170898438
559,player,123,420.3961181640625,540.8279418945312,354.7677001953125,700.18212890625
559,player,116,952.71484375,385.68292236328125,886.508056640625,487.65972900390625
559,player,122,583.1138916015625,415.30157470703125,552.0554809570312,478.6114807128906
560,player,99,123.46268463134766,560.75244140625,127.18555450439453,769.2755126953125
560,player,66,483.64019775390625,378.95074462890625,493.17236328125,344.5506591796875
560,player,83,860.322021484375,464.5601806640625,720.5589599609375,694.4470825195312
560,player,114,425.40643310546875,542.1565551757812,342.762939453125,791.63134765625
560,player,116,957.3721923828125,387.4974670410156,890.4682006835938,487.29486083984375
560,player,123,416.05902099609375,536.8189697265625,346.6707763671875,727.3121948242188
560,player,97,396.42193603515625,487.2568359375,353.4002685546875,663.212646484375
560,player,122,578.95068359375,411.52386474609375,549.230224609375,474.74786376953125
560,ball,-1,550.6141357421875,327.1332092285156,980.0823974609375,411.5841369628906
561,player,66,480.8520202636719,379.91571044921875,491.55670166015625,341.3031005859375
561,player,99,123.7811279296875,560.6571044921875,124.97135925292969,769.3040771484375
561,player,83,860.3060913085938,465.28070068359375,720.1085205078125,695.8671264648438
561,player,114,421.59442138671875,538.140869140625,339.9864501953125,788.299560546875
561,player,116,962.7969970703125,382.28558349609375,897.4012451171875,481.3824157714844
561,player,97,396.07086181640625,500.67047119140625,347.606201171875,669.97216796875
561,player,122,579.446533203125,412.52593994140625,547.221435546875,473.41387939453125
562,player,66,478.29632568359375,380.40966796875,489.5828857421875,339.57452392578125
562,player,83,860.6900634765625,466.1251220703125,719.60498046875,697.636474609375
562,player,99,119.2065200805664,559.837158203125,122.53257751464844,768.3065185546875
562,player,123,410.29388427734375,506.5936279296875,345.7177734375,718.1722412109375
562,player,116,967.24951171875,387.0223388671875,900.8634033203125,483.57635498046875
562,player,97,389.6059265136719,494.47357177734375,343.3818664550781,668.1215209960938
562,player,122,574.85302734375,412.91192626953125,544.45458984375,472.57562255859375
562,player,114,418.55364990234375,539.6021728515625,337.1634826660156,787.1162109375
563,player,123,409.0694580078125,536.552978515625,339.1144714355469,738.2308349609375
563,player,66,477.15301513671875,381.19805908203125,487.7169189453125,339.325439453125
563,player,83,859.718994140625,466.0020751953125,719.0549926757812,698.5844116210938
563,player,122,570.3839721679688,411.0986022949219,541.9212036132812,469.58258056640625
563,player,99,114.17518615722656,556.8782348632812,120.04127502441406,764.8525390625
563,player,116,971.0887451171875,385.39788818359375,905.1451416015625,483.442626953125
564,player,99,105.95945739746094,556.1121826171875,116.55024719238281,761.3511962890625
564,player,83,858.7099609375,466.32965087890625,718.2955322265625,699.4287719726562
564,player,66,474.00390625,380.8526306152344,485.6544494628906,338.450439453125
564,player,122,563.5419311523438,409.92889404296875,538.640625,465.70062255859375
564,player,123,406.397705078125,534.1338500976562,334.6054992675781,749.01708984375
564,player,116,975.00048828125,385.30279541015625,909.1986694335938,483.60906982421875
564,player,97,384.9278259277344,498.55462646484375,338.636962890625,670.3147583007812
564,player,124,378.48687744140625,493.238525390625,327.9945983886719,658.8058471679688
565,player,99,100.36565399169922,557.2122192382812,112.85709381103516,759.5540161132812
565,player,66,469.598388671875,380.50140380859375,483.0849609375,337.0472412109375
565,player,83,859.591064453125,467.17218017578125,717.7303466796875,700.8628540039062
565,player,122,562.241455078125,408.4246826171875,536.5972290039062,461.3454895019531
565,player,123,402.34686279296875,530.5258178710938,331.33270263671875,752.6416015625
565,player,116,980.43359375,386.56939697265625,912.872802734375,485.7214050292969
565,player,97,388.9010009765625,497.30718994140625,336.81768798828125,670.912841796875
566,player,99,91.07501220703125,557.84033203125,108.20639038085938,758.19482421875
566,player,83,859.44873046875,469.190673828125,716.5711669921875,703.7147216796875
566,player,66,467.89776611328125,379.7098388671875,481.1348571777344,334.9969482421875
566,player,122,562.115478515625,405.84735107421875,536.04052734375,455.54620361328125
566,player,116,986.9603271484375,386.390625,917.3900146484375,487.4940185546875
566,player,123,400.76312255859375,535.5380249023438,327.9008483886719,759.1256103515625
567,player,83,859.4447631835938,466.912841796875,716.6660766601562,703.38720703125
567,player,99,83.18305969238281,559.2288818359375,103.20154571533203,757.8504028320312
567,player,116,993.9505615234375,386.25372314453125,922.5800170898438,489.138916015625
567,player,66,465.0379638671875,378.3895263671875,479.39202880859375,331.7583312988281
567,player,123,402.53692626953125,541.1488037109375,325.0966491699219,768.1834716796875
567,player,122,558.9600830078125,408.9923095703125,533.7692260742188,455.1022644042969
567,player,124,366.59600830078125,526.0016479492188,318.96234130859375,687.283447265625
567,player,97,392.0235900878906,524.6341552734375,331.2802429199219,695.9898681640625
568,player,83,859.8740234375,468.92694091796875,716.0947265625,705.1402587890625
568,player,122,553.0673828125,416.05596923828125,528.4102172851562,462.283935546875
568,player,123,399.1730651855469,540.1680297851562,322.62457275390625,772.9888305664062
568,player,99,81.50909423828125,559.3048095703125,99.54769897460938,757.5615844726562
568,player,116,997.1123046875,387.50506591796875,926.2833862304688,491.9761047363281
568,player,66,461.32000732421875,377.3154296875,477.44842529296875,327.97174072265625
568,player,124,366.3648376464844,521.5123901367188,313.8223876953125,701.8731689453125
569,player,83,860.4124755859375,471.33221435546875,714.9786376953125,708.6167602539062
569,player,122,548.4391479492188,418.31414794921875,522.9087524414062,469.068359375
569,player,116,1001.3448486328125,390.36962890625,928.5079956054688,497.56524658203125
569,player,99,75.84642028808594,561.137939453125,95.68521118164062,758.4430541992188
569,player,123,402.4317626953125,540.4300537109375,321.77008056640625,776.5870971679688
569,player,124,363.950439453125,512.3234252929688,311.5107421875,703.046875
569,player,66,458.3345947265625,373.5566711425781,476.39190673828125,320.50091552734375
570,player,83,860.22314453125,473.30072021484375,713.4743041992188,712.7247314453125
570,player,99,72.15274047851562,563.076904296875,92.14625549316406,760.3155517578125
570,player,122,544.6380615234375,420.631591796875,517.5480346679688,475.719482421875
570,player,116,1004.2421875,390.5662841796875,930.7509765625,501.69744873046875
570,player,66,458.51715087890625,376.17547607421875,474.98333740234375,318.96844482421875
570,player,123,406.0555114746094,536.533203125,322.809326171875,775.9461669921875
570,player,124,360.85101318359375,500.289306640625,311.4061279296875,692.6588134765625
570,player,97,385.2545166015625,519.9754028320312,326.83837890625,707.6939697265625
570,player,125,522.307861328125,416.9150695800781,492.3082275390625,470.6328125
571,player,83,858.9368286132812,474.04986572265625,711.868408203125,715.9920043945312
571,player,97,386.00372314453125,548.80908203125,319.03277587890625,739.7880859375
571,player,99,67.79153442382812,563.0289306640625,88.82804870605469,761.1636962890625
571,player,116,1007.4158935546875,392.15106201171875,932.36474609375,506.5189514160156
571,player,122,539.517822265625,422.71307373046875,511.98077392578125,481.89410400390625
571,player,66,453.98931884765625,376.81500244140625,472.502197265625,318.3657531738281
571,player,124,358.82855224609375,528.25244140625,305.8598327636719,710.6140747070312
572,player,83,858.3052368164062,473.31390380859375,710.921875,717.3668212890625
572,player,97,379.3041687011719,538.173828125,314.1581115722656,751.2999267578125
572,player,116,1010.090087890625,392.0572509765625,934.2916870117188,509.79351806640625
572,player,99,66.91344451904297,561.6427612304688,86.57853698730469,760.51953125
572,player,122,531.840576171875,422.01116943359375,506.3634033203125,484.4604187011719
572,player,66,443.18438720703125,374.17279052734375,468.371826171875,313.66119384765625
572,player,123,400.91680908203125,537.8558349609375,321.9804382324219,776.2361450195312
572,player,125,513.50390625,420.5352783203125,488.7350769042969,473.899169921875
572,player,124,362.11920166015625,524.1416625976562,303.78411865234375,718.9912109375
572,player,126,426.26483154296875,375.35235595703125,445.0189514160156,304.8045349121094
573,player,83,857.546142578125,475.0726318359375,709.453857421875,719.8538208007812
573,player,97,375.79986572265625,539.5309448242188,309.89532470703125,759.645751953125
573,player,99,65.37350463867188,559.0990600585938,84.96237182617188,757.9031982421875
573,player,123,392.8099365234375,539.0204467773438,319.24163818359375,776.76318359375
573,player,116,1012.20751953125,392.57000732421875,935.9317626953125,512.7127075195312
573,player,126,412.10546875,375.69427490234375,440.6227722167969,303.9551086425781
573,player,66,423.22869873046875,376.7563781738281,458.88165283203125,312.05743408203125
573,player,125,508.18280029296875,423.5381774902344,484.04278564453125,478.87957763671875
574,player,83,856.7220458984375,472.82586669921875,709.0975952148438,719.2799072265625
574,player,99,63.401649475097656,559.93994140625,83.37974548339844,756.7423095703125
574,player,126,410.45159912109375,374.97113037109375,437.46258544921875,302.33868408203125
574,player,116,1014.8262329101562,395.3841552734375,936.3369140625,518.0949096679688
574,player,123,391.2586669921875,540.5183715820312,316.8163757324219,778.2364501953125
574,player,125,501.19927978515625,424.3448486328125,478.7738037109375,482.3957214355469
574,player,97,369.81793212890625,539.8611450195312,305.60235595703125,764.8775634765625
574,player,124,344.43939208984375,484.98162841796875,304.9631652832031,687.3482666015625
574,player,122,524.1268310546875,427.0257568359375,499.07135009765625,490.9602966308594
575,player,83,856.3125,471.12066650390625,709.3814697265625,717.2547607421875
575,player,99,59.8913459777832,560.9427490234375,81.44583892822266,756.5422973632812
575,player,126,409.490234375,374.79443359375,435.16510009765625,300.9772033691406
575,player,124,335.6827087402344,482.5457763671875,303.88970947265625,663.7293701171875
575,player,123,387.60296630859375,545.7506713867188,313.4337158203125,783.2503662109375
575,player,125,495.57586669921875,426.33343505859375,473.20098876953125,486.37432861328125
575,player,116,1018.2791748046875,403.9169921875,933.2581787109375,531.5840454101562
576,player,83,855.2113037109375,470.67132568359375,709.428955078125,715.4166259765625
576,player,99,54.31050109863281,561.6846313476562,78.8209228515625,756.5958862304688
576,player,126,410.82562255859375,374.7652587890625,434.08551025390625,300.1761474609375
576,player,124,341.127685546875,491.20306396484375,303.02825927734375,657.0523071289062
576,player,125,489.378662109375,424.43450927734375,468.3294677734375,486.33526611328125
576,player,123,384.203857421875,545.0272216796875,310.5318603515625,785.6461181640625
576,player,97,363.9993896484375,534.7713623046875,302.25018310546875,763.5326538085938
576,player,116,1022.445068359375,406.2321472167969,931.3451538085938,543.3199462890625
577,player,83,853.5693359375,470.8680114746094,708.9357299804688,714.26806640625
577,player,116,1023.5177001953125,393.7871398925781,936.8792724609375,536.9630737304688
577,player,124,333.53875732421875,486.06341552734375,301.4296569824219,647.2269897460938
577,player,99,50.942787170410156,562.5690307617188,76.25679779052734,757.097412109375
577,player,126,412.6877746582031,374.3494873046875,434.06488037109375,299.2969970703125
577,player,123,382.6056823730469,532.396240234375,310.4584655761719,776.4827270507812
577,player,125,484.55474853515625,426.39129638671875,463.26153564453125,488.0394287109375
578,player,83,852.2308959960938,471.3695068359375,708.062744140625,713.8833618164062
578,player,116,1024.392333984375,392.61553955078125,941.3666381835938,531.5614013671875
578,player,126,410.49554443359375,374.709716796875,433.285400390625,298.9837646484375
578,player,99,47.96820068359375,561.4436645507812,73.97992706298828,756.280029296875
578,player,124,329.4608154296875,486.13775634765625,299.3145751953125,640.5776977539062
578,player,125,491.37017822265625,423.8116760253906,462.6064453125,486.9048767089844
578,player,97,381.00177001953125,551.5439453125,301.37359619140625,777.9287109375
578,player,123,357.752197265625,537.6869506835938,303.3778991699219,773.0482177734375
579,player,126,410.58099365234375,375.5085144042969,432.58447265625,299.7989501953125
579,player,83,850.4320068359375,471.69525146484375,706.8817138671875,713.7884521484375
579,player,99,42.018646240234375,561.194091796875,71.12431335449219,755.0946655273438
579,player,124,321.36981201171875,489.71630859375,295.1998291015625,638.9912109375
579,player,116,1028.519775390625,389.0910949707031,947.4459228515625,524.34521484375
579,player,125,482.5062255859375,423.121826171875,459.8369140625,484.6326599121094
579,player,97,378.1871337890625,536.8709106445312,302.6315002441406,774.9072875976562
579,ball,-1,477.29296875,328.000732421875,980.0823974609375,411.5841369628906
580,player,99,35.537071228027344,563.4483032226562,67.58372497558594,755.67431640625
580,player,83,848.6727294921875,472.84759521484375,705.2100830078125,714.6685180664062
580,player,116,1031.0751953125,389.02032470703125,952.232421875,519.8114013671875
580,player,124,316.497802734375,491.5938720703125,290.93560791015625,639.3342895507812
580,player,126,406.76861572265625,376.13336181640625,430.8009033203125,300.7735595703125
580,player,97,363.2716064453125,522.9957885742188,302.1733703613281,759.8766479492188
580,player,125,480.70831298828125,421.86175537109375,457.86279296875,481.60345458984375
580,player,123,380.8607482910156,614.5264892578125,292.1404113769531,832.0330810546875
581,player,83,844.4967651367188,473.8961181640625,702.5984497070312,715.874755859375
581,player,124,308.72113037109375,491.8685302734375,286.10662841796875,639.1832885742188
581,player,97,364.6885986328125,540.8040771484375,299.1679992675781,765.414306640625
581,player,126,403.9779052734375,375.215087890625,429.0456848144531,299.99395751953125
581,player,116,1032.7423095703125,385.78900146484375,957.612548828125,513.2351684570312
581,player,127,1047.385009765625,388.2095947265625,976.9301147460938,513.055908203125
581,player,99,25.524906158447266,561.5745849609375,63.07554626464844,753.7655029296875
581,player,125,477.7655029296875,420.2547607421875,456.1707763671875,477.5908203125
582,player,97,362.44793701171875,541.26806640625,296.5887145996094,769.2259521484375
582,player,83,842.5328369140625,473.82891845703125,700.3876342773438,716.4273681640625
582,player,124,307.2387390136719,490.21771240234375,282.86712646484375,637.4075927734375
582,player,116,1034.787353515625,385.11346435546875,962.1189575195312,508.3570861816406
582,player,126,400.73895263671875,371.6338806152344,427.89849853515625,294.63714599609375
582,player,99,27.75796890258789,559.5017700195312,60.816497802734375,750.99365234375
582,player,125,469.9028015136719,419.87530517578125,452.9197082519531,473.872314453125
582,player,128,329.2674560546875,501.4630126953125,287.5007629394531,669.1482543945312
583,player,83,841.7884521484375,474.45452880859375,698.52099609375,717.3136596679688
583,player,97,360.572265625,539.1980590820312,294.8004455566406,769.8233642578125
583,player,124,303.0848388671875,490.9100341796875,279.5688171386719,636.5692138671875
583,player,125,440.65484619140625,422.23175048828125,441.83349609375,471.5289306640625
583,player,116,1038.4893798828125,389.5301513671875,963.8071899414062,510.70733642578125
583,player,126,399.8243103027344,378.55206298828125,424.9986572265625,299.83538818359375
583,player,99,14.002796173095703,558.9905395507812,56.15678787231445,747.7305908203125
583,player,129,308.79248046875,297.14288330078125,401.5108947753906,-44.80984115600586
583,player,128,351.12384033203125,526.256591796875,288.7491455078125,692.9996337890625
584,player,83,841.210205078125,474.16058349609375,697.2555541992188,717.5628662109375
584,player,97,359.39190673828125,538.9738159179688,293.3865051269531,769.9307861328125
584,player,99,12.4573974609375,541.9003295898438,53.94837951660156,731.144287109375
584,player,128,328.0895690917969,525.4833984375,283.96575927734375,706.0081176757812
584,player,125,436.5256652832031,422.7187805175781,433.3277587890625,470.18743896484375
584,player,124,298.07098388671875,494.19866943359375,275.5780334472656,638.7091064453125
584,player,116,1039.2696533203125,390.5108337402344,964.6180419921875,513.4478759765625
585,player,83,840.5155029296875,474.5791015625,696.0921630859375,718.0604248046875
585,player,97,359.8858642578125,537.6251831054688,292.8150939941406,768.9050903320312
585,player,124,295.8952331542969,496.0157470703125,272.12274169921875,641.6221313476562
585,player,127,1047.15576171875,396.20843505859375,972.5345458984375,522.2689208984375
585,player,125,463.0733642578125,422.044189453125,435.54345703125,470.8780822753906
585,player,99,8.743315696716309,552.1476440429688,50.92047882080078,728.7495727539062
586,player,97,358.18011474609375,537.2067260742188,292.0953369140625,767.751708984375
586,player,83,839.887451171875,474.90484619140625,695.0469970703125,718.6373901367188
586,player,124,294.8948669433594,498.94287109375,269.1383056640625,646.1555786132812
586,player,127,1050.092529296875,399.2803955078125,968.9458618164062,532.0220336914062
586,player,125,461.3218994140625,420.72528076171875,436.8299560546875,469.70745849609375
586,player,99,7.252283096313477,519.6422119140625,50.87872314453125,698.865478515625
586,player,126,398.67974853515625,380.75177001953125,422.18060302734375,305.8622131347656
587,player,97,355.1849670410156,538.627197265625,290.6552734375,767.9628295898438
587,player,83,839.047119140625,475.9561767578125,693.7606811523438,719.9303588867188
587,player,124,293.638671875,499.8035888671875,266.7363586425781,649.7974243164062
587,player,127,1050.6881103515625,397.96826171875,967.4951782226562,536.9293212890625
587,player,126,424.9230041503906,424.62158203125,416.7803039550781,363.604248046875
587,player,99,7.617790222167969,513.9871215820312,51.35578918457031,674.3436279296875
588,player,97,352.9305419921875,537.4933471679688,289.35516357421875,766.968505859375
588,player,83,838.737548828125,476.46722412109375,692.6571044921875,721.2245483398438
588,player,126,378.43170166015625,365.4504699707031,414.77618408203125,325.9737243652344
588,player,124,292.75634765625,497.98040771484375,265.247314453125,650.4041137695312
588,player,125,450.89776611328125,423.54547119140625,433.95751953125,471.1697998046875
588,player,127,1051.929443359375,401.645751953125,964.98095703125,544.389404296875
588,player,99,5.190023422241211,470.45013427734375,54.418113708496094,616.3740234375
588,player,130,5.99492883682251,518.1596069335938,50.22740173339844,639.2650146484375
588,player,131,12.143327713012695,540.7709350585938,49.86015319824219,697.5075073242188
589,player,97,351.13201904296875,536.17919921875,288.2871398925781,765.0712280273438
589,player,83,837.7445678710938,476.622314453125,691.613525390625,722.1266479492188
589,player,126,378.65875244140625,368.562255859375,412.709716796875,305.5723571777344
589,player,127,1053.4072265625,403.83270263671875,962.64599609375,551.8258666992188
589,player,124,288.8414611816406,498.15728759765625,263.24798583984375,650.6463623046875
589,player,132,380.1196594238281,416.6861572265625,375.7348937988281,434.34857177734375
590,player,83,837.537109375,477.556640625,690.545166015625,723.5714111328125
590,player,127,1054.82666015625,393.94061279296875,966.8447265625,545.5881958007812
590,player,97,347.41845703125,536.5784301757812,286.61468505859375,763.8836669921875
590,player,126,372.01025390625,368.263916015625,409.41217041015625,291.3223571777344
590,player,124,279.93408203125,494.02056884765625,260.3319396972656,646.22216796875
590,player,125,444.1070861816406,429.23583984375,428.719482421875,477.78302001953125
591,player,83,836.877685546875,478.3466796875,689.3900146484375,725.1935424804688
591,player,127,1054.969970703125,393.01513671875,970.1201782226562,540.4830932617188
591,player,97,341.5445556640625,557.3333740234375,280.77191162109375,779.7930908203125
591,player,125,439.66033935546875,429.456787109375,424.00396728515625,481.93792724609375
591,player,126,365.388427734375,367.9888916015625,405.31585693359375,281.10302734375
591,player,124,283.12188720703125,500.20574951171875,258.2606201171875,649.3642578125
592,player,126,364.521484375,368.04254150390625,402.3741455078125,274.4512634277344
592,player,83,836.6453857421875,478.1820068359375,688.634521484375,726.07421875
592,player,127,1058.241455078125,391.39892578125,974.1473999023438,535.6062622070312
592,player,125,435.26019287109375,431.6251220703125,419.16229248046875,486.61669921875
592,player,124,282.803466796875,554.5523681640625,248.67990112304688,698.5657958984375
592,player,97,322.3114318847656,543.9751586914062,274.41162109375,777.692626953125
592,player,128,314.52545166015625,545.87255859375,274.3056640625,730.702880859375
593,player,127,1055.056640625,396.9725036621094,972.7571411132812,538.5333251953125
593,player,83,835.6539306640625,477.5108642578125,688.1123657226562,725.9339599609375
593,player,126,360.8663024902344,373.10723876953125,398.0411682128906,276.30908203125
593,player,97,331.49945068359375,541.29052734375,272.93646240234375,774.803466796875
593,player,124,273.28094482421875,547.956787109375,241.0909423828125,724.3899536132812
593,player,125,428.94451904296875,435.79315185546875,413.2289123535156,493.61138916015625
593,ball,-1,420.83038330078125,328.7951354980469,980.0823974609375,411.5841369628906
594,player,83,835.3828735351562,476.6998291015625,687.9879150390625,725.0592041015625
594,player,97,333.900146484375,532.9060668945312,273.913818359375,766.0279541015625
594,player,127,1054.680908203125,407.77972412109375,966.0224609375,552.522216796875
594,player,124,272.9566345214844,549.1146850585938,235.9176483154297,742.1083374023438
594,player,126,354.87469482421875,371.800537109375,393.738037109375,275.3036804199219
594,player,125,422.3847961425781,434.9886474609375,407.72998046875,496.72943115234375
594,player,116,1069.431884765625,394.1500244140625,972.5450439453125,522.2469482421875
594,ball,-1,417.72576904296875,327.56591796875,980.0823974609375,411.5841369628906
595,player,83,833.4940185546875,480.0294494628906,686.2124633789062,727.442626953125
595,player,116,1062.4178466796875,390.12139892578125,977.726806640625,522.6646728515625
595,player,125,416.2325134277344,436.216552734375,402.14404296875,499.54730224609375
595,player,124,273.39508056640625,542.7435913085938,233.55934143066406,748.358154296875
595,player,97,326.7694091796875,536.3896484375,272.23553466796875,762.7244262695312
595,player,126,343.84783935546875,370.48895263671875,387.9186706542969,271.9685363769531
595,player,132,353.13079833984375,372.35186767578125,378.56964111328125,378.578125
595,player,128,289.670654296875,545.7684326171875,262.021240234375,744.735107421875
596,player,83,831.7862548828125,480.022216796875,684.5975341796875,728.8399658203125
596,player,116,1063.9815673828125,399.599609375,976.425048828125,533.9303588867188
596,player,124,271.6829528808594,549.1898193359375,230.70480346679688,757.651123046875
596,player,125,409.4857177734375,435.586669921875,396.7764892578125,500.12310791015625
596,player,97,320.7703552246094,545.2806396484375,268.2864990234375,767.5634155273438
596,player,128,282.3377685546875,547.442626953125,252.02169799804688,754.67626953125
596,player,126,343.2294921875,371.6712646484375,383.65325927734375,271.2646789550781
596,player,132,352.5281982421875,374.396240234375,379.71466064453125,344.882568359375
597,player,83,828.4105224609375,479.60980224609375,682.7767944335938,729.0770263671875
597,player,116,1066.0389404296875,397.8428955078125,977.15966796875,539.4556884765625
597,player,128,292.537353515625,546.6395263671875,248.10324096679688,761.263916015625
597,player,125,403.844482421875,434.4476318359375,391.97613525390625,498.7860107421875
597,player,126,343.23382568359375,370.26531982421875,381.23260498046875,268.9996337890625
597,player,124,259.7183532714844,494.34796142578125,233.932373046875,714.4461669921875
598,player,83,825.985595703125,481.12957763671875,680.4033203125,730.439697265625
598,player,116,1078.3662109375,385.84637451171875,988.1077880859375,530.36376953125
598,player,128,293.7955322265625,545.8118896484375,245.98193359375,764.95654296875
598,player,125,388.2290344238281,434.8507080078125,384.39923095703125,497.0115966796875
598,player,126,344.0146179199219,369.99383544921875,379.9647216796875,267.248046875
598,player,124,257.7318420410156,498.73590087890625,234.8475341796875,690.3011474609375
599,player,83,825.7883911132812,477.1617431640625,680.1996459960938,727.6038208007812
599,player,128,294.98345947265625,545.1549072265625,244.98741149902344,766.9027709960938
599,player,124,254.82275390625,493.51641845703125,235.49595642089844,669.4910278320312
599,player,116,1081.85009765625,384.1591796875,997.278076171875,522.7998046875
599,player,126,344.4571533203125,368.70733642578125,379.5982666015625,264.48773193359375
599,player,125,383.0718078613281,435.48779296875,377.89141845703125,496.10308837890625
600,player,124,256.5030517578125,494.04541015625,236.26773071289062,656.5978393554688
600,player,83,825.5322265625,482.1026916503906,678.2659912109375,730.3466796875
600,player,116,1082.78076171875,383.8002624511719,1003.73681640625,517.5481567382812
600,player,125,373.1273193359375,434.87109375,371.024658203125,493.99517822265625
600,player,97,306.8895568847656,544.6116943359375,262.45343017578125,769.0716552734375
600,player,132,359.33428955078125,416.76708984375,372.3639831542969,374.47900390625
600,player,126,339.627685546875,374.2833251953125,376.5078430175781,269.417724609375
600,player,133,341.69317626953125,343.75958251953125,394.99920654296875,163.02099609375
601,player,83,825.212890625,482.8819580078125,676.6516723632812,732.8240966796875
601,player,124,248.95111083984375,494.95440673828125,234.69302368164062,648.4603271484375
601,player,116,1083.95263671875,385.0047607421875,1007.6184692382812,515.662841796875
601,player,125,366.8707580566406,435.298583984375,364.7229919433594,492.55078125
601,player,97,292.35443115234375,535.9759521484375,256.41632080078125,761.6533813476562
602,player,83,823.7158203125,484.8021545410156,674.5330810546875,736.080078125
602,player,124,259.41046142578125,537.057373046875,230.16183471679688,681.597900390625
602,player,116,1083.8388671875,392.52490234375,1005.873291015625,523.168701171875
602,player,134,245.11758422851562,499.63055419921875,226.9682159423828,644.9324340820312
602,player,133,328.020751953125,345.9345703125,390.1074523925781,164.7742156982422
602,player,97,284.8790283203125,542.8682861328125,249.6532440185547,762.0609130859375
602,player,125,360.2873229980469,437.78955078125,358.25665283203125,493.7297058105469
602,player,132,362.82470703125,437.0085144042969,364.09625244140625,416.36102294921875
602,player,126,327.1500244140625,420.038330078125,360.4046630859375,326.33221435546875
603,player,83,823.306884765625,484.7227783203125,673.0731201171875,738.0887451171875
603,player,125,358.43353271484375,441.046630859375,352.84539794921875,497.81817626953125
603,player,97,288.2589111328125,542.506591796875,246.13088989257812,762.2861938476562
603,player,124,256.341552734375,505.881591796875,230.9640655517578,675.4225463867188
603,player,116,1081.091796875,390.59149169921875,1004.9603881835938,525.559814453125
604,player,83,822.4483642578125,484.81341552734375,671.8614501953125,739.4052734375
604,player,125,357.0151062011719,439.364501953125,349.2926025390625,498.5609130859375
604,player,124,254.54200744628906,532.664794921875,227.16183471679688,694.9901123046875
604,player,116,1082.5372314453125,392.2587890625,1003.88818359375,529.173583984375
604,player,97,272.4166259765625,539.5082397460938,240.42098999023438,758.6761474609375
604,player,135,1097.093505859375,392.3984375,1014.6396484375,540.2427978515625
604,player,134,234.9174346923828,496.73797607421875,224.7906951904297,641.4161376953125
605,player,83,823.32763671875,484.8280029296875,671.3058471679688,740.3487548828125
605,player,125,352.28997802734375,438.83807373046875,345.78564453125,498.07769775390625
605,player,116,1084.568603515625,392.2894287109375,1003.8072509765625,531.7481689453125
605,player,124,253.58538818359375,526.7557983398438,225.28704833984375,702.525146484375
605,player,134,233.5125732421875,495.37164306640625,223.21571350097656,637.7373046875
605,player,97,284.279296875,537.0956420898438,239.95362854003906,755.2147216796875
605,player,135,1096.233154296875,392.63690185546875,1014.2371215820312,540.4360961914062
605,player,128,258.3369140625,537.9507446289062,236.46652221679688,759.2601318359375
606,player,83,826.517822265625,483.96746826171875,672.10302734375,740.4389038085938
606,player,125,350.003662109375,434.8624267578125,343.7125244140625,493.2897644042969
606,player,124,253.57980346679688,536.7572021484375,222.6666717529297,716.0294189453125
606,player,116,1085.105224609375,390.67047119140625,1004.8269653320312,531.6044921875
606,player,135,1099.080322265625,390.09637451171875,1016.3004150390625,537.9005126953125
606,player,134,226.5848388671875,498.013916015625,220.03939819335938,637.2600708007812
606,player,128,272.0345153808594,538.0419311523438,234.2557373046875,755.4393310546875
607,player,83,829.04931640625,483.429443359375,673.4917602539062,740.2152709960938
607,player,125,349.1002502441406,433.3651123046875,342.43145751953125,488.4772644042969
607,player,124,251.97061157226562,538.1261596679688,220.38214111328125,725.844482421875
607,player,116,1087.40380859375,390.1370544433594,1006.5076904296875,531.10986328125
607,player,128,272.156982421875,539.648193359375,232.61891174316406,754.3235473632812
607,player,134,234.9291229248047,502.42376708984375,219.4644012451172,641.7116088867188
608,player,83,828.8912353515625,480.2845458984375,675.451416015625,737.1404418945312
608,player,125,346.676025390625,431.69927978515625,341.27618408203125,483.328125
608,player,128,256.76763916015625,540.0863037109375,227.7484130859375,752.768310546875
608,player,97,281.13653564453125,540.9508056640625,238.32095336914062,755.975341796875
608,player,116,1091.725830078125,393.175048828125,1007.2450561523438,534.695068359375
608,player,134,231.14462280273438,504.14215087890625,217.88473510742188,645.8841552734375
609,player,83,829.7117309570312,477.7122497558594,677.8543701171875,732.8095092773438
609,player,125,339.880126953125,431.9220275878906,338.57867431640625,479.6416015625
609,player,97,275.98260498046875,539.4019775390625,236.2284698486328,754.7625732421875
609,player,116,1092.01611328125,392.1461181640625,1008.391357421875,535.870361328125
609,player,124,252.41134643554688,538.8682861328125,218.90249633789062,732.8875732421875
609,player,134,221.47447204589844,500.40380859375,214.93356323242188,644.368408203125
610,player,83,829.6849365234375,483.1943054199219,677.4838256835938,735.0927734375
610,player,125,338.59124755859375,434.4709777832031,335.93231201171875,479.9064636230469
610,player,116,1092.744873046875,391.1009216308594,1009.9515380859375,535.498291015625
610,player,124,253.67344665527344,540.1318359375,218.0741424560547,738.63232421875
610,player,134,238.9710693359375,508.92083740234375,216.23397827148438,652.603271484375
611,player,83,829.45849609375,481.9578857421875,677.6135864257812,735.413330078125
611,player,116,1096.530517578125,390.6553039550781,1012.400390625,535.097412109375
611,player,124,254.47804260253906,540.2215576171875,217.71896362304688,742.5047607421875
611,player,125,332.949951171875,438.73333740234375,331.76727294921875,484.192138671875
611,player,126,318.7132568359375,369.3553466796875,358.88433837890625,301.4031982421875
611,player,132,309.6009521484375,434.2696533203125,344.4948425292969,436.0792541503906
612,player,83,828.6026611328125,481.5155029296875,677.6210327148438,735.1387939453125
612,player,116,1099.824951171875,394.0921630859375,1013.08251953125,539.0963134765625
612,player,126,314.9125671386719,356.3495178222656,359.894287109375,267.71209716796875
612,player,125,320.7587890625,440.0867919921875,325.4176025390625,487.39013671875
612,player,124,259.5006103515625,539.2023315429688,218.85113525390625,744.55224609375
613,player,116,1103.879150390625,394.5857849121094,1014.5096435546875,542.639404296875
613,player,83,828.2596435546875,482.68719482421875,677.123779296875,736.01708984375
613,player,124,249.41375732421875,538.2144775390625,217.26699829101562,744.259765625
613,player,125,313.183837890625,440.5487060546875,319.1092529296875,489.3192138671875
613,player,134,221.23504638671875,501.10601806640625,213.70095825195312,649.36767578125
613,ball,-1,837.765380859375,347.3974914550781,964.1094360351562,399.47528076171875
614,player,116,1102.7384033203125,396.918212890625,1013.7753295898438,547.4902954101562
614,player,83,826.0403442382812,482.1436767578125,676.3898315429688,735.8964233398438
614,player,124,251.21609497070312,541.9222412109375,216.16943359375,747.3416137695312
614,player,125,297.90338134765625,443.06597900390625,310.31976318359375,491.96075439453125
614,player,134,222.90997314453125,539.2191162109375,207.33871459960938,681.1771850585938
614,player,135,1112.421875,389.83282470703125,1021.9711303710938,537.20263671875
615,player,116,1103.916015625,393.15740966796875,1015.7769775390625,546.4647216796875
615,player,83,824.5137939453125,480.3246765136719,676.1341552734375,733.9987182617188
615,player,128,259.6661682128906,542.855712890625,224.90353393554688,754.313232421875
615,player,125,297.48138427734375,443.3660888671875,304.43402099609375,493.9609680175781
615,player,134,207.15988159179688,502.0841064453125,204.21205139160156,667.7178955078125
615,ball,-1,837.4984130859375,342.25494384765625,950.9252319335938,386.4408874511719
616,player,116,1106.800048828125,385.8559875488281,1022.155517578125,537.613525390625
616,player,83,824.3302001953125,480.938720703125,675.7037963867188,733.3209228515625
616,player,125,291.163818359375,443.8360595703125,298.7872314453125,495.22576904296875
616,player,124,246.546630859375,544.0463256835938,214.0377197265625,750.764404296875
616,player,134,215.3810577392578,508.06463623046875,203.44268798828125,665.119140625
616,player,132,294.82940673828125,444.6295471191406,325.68292236328125,458.75372314453125
616,ball,-1,836.6544189453125,339.99554443359375,939.6280517578125,373.88995361328125
617,player,83,824.2977294921875,480.7081298828125,675.4957275390625,732.6630859375
617,player,116,1107.1181640625,389.0736999511719,1024.54931640625,535.6378173828125
617,player,125,287.5922546386719,443.917724609375,294.1226806640625,495.8326416015625
617,player,134,215.7330322265625,526.0645751953125,200.62452697753906,679.5281982421875
617,player,128,233.5009765625,544.4269409179688,216.5104217529297,754.6026611328125
618,player,83,822.260009765625,481.05181884765625,674.6886596679688,732.3821411132812
618,player,125,289.02581787109375,441.9573974609375,291.8485107421875,494.2625732421875
618,player,116,1108.623046875,394.1774597167969,1023.6697998046875,540.369384765625
618,player,134,202.86326599121094,502.6375732421875,198.68434143066406,666.813720703125
618,player,128,212.29530334472656,546.7354736328125,205.64744567871094,755.0787353515625
618,player,97,235.709228515625,544.7960815429688,224.3568572998047,755.3748779296875
618,player,124,224.63650512695312,545.4439697265625,207.17630004882812,752.4600219726562
618,player,132,299.95623779296875,442.47027587890625,315.26953125,471.63336181640625
619,player,83,820.27880859375,480.29266357421875,673.8915405273438,731.324951171875
619,player,116,1108.767333984375,385.9175720214844,1027.870361328125,533.9093627929688
619,player,125,288.6636047363281,441.77398681640625,290.30499267578125,493.01568603515625
619,player,97,236.3489990234375,544.1736450195312,216.87655639648438,755.3013916015625
619,player,134,199.6612548828125,489.472900390625,198.39639282226562,645.9299926757812
619,ball,-1,855.5062255859375,281.64044189453125,939.6280517578125,373.88995361328125
620,player,83,816.9697265625,480.79632568359375,672.3019409179688,730.8258056640625
620,player,116,1111.634033203125,396.3382263183594,1025.544677734375,541.9891357421875
620,player,125,286.4676513671875,441.23590087890625,288.79827880859375,491.4445495605469
620,player,134,192.05172729492188,491.18408203125,196.0209197998047,633.3701171875
620,player,97,232.25106811523438,543.8875122070312,211.06112670898438,754.696044921875
620,player,135,1123.835693359375,387.72540283203125,1030.46142578125,535.3817749023438
621,player,83,816.7320556640625,479.89111328125,671.5182495117188,729.6378784179688
621,player,125,277.50531005859375,441.9339599609375,285.2276611328125,490.4102783203125
621,player,116,1115.7962646484375,398.6044006347656,1024.0478515625,550.1947631835938
621,player,128,205.72647094726562,532.0443115234375,198.83084106445312,742.41162109375
622,player,83,816.1903076171875,480.14837646484375,670.7727661132812,729.0596313476562
622,player,125,276.1759948730469,439.9786071777344,282.89862060546875,487.53271484375
622,player,116,1117.8233642578125,396.75457763671875,1024.7462158203125,553.6260986328125
622,player,134,192.69073486328125,485.0732727050781,195.47142028808594,619.4064331054688
622,player,97,250.82296752929688,544.8291015625,211.64608764648438,756.5313110351562
622,player,128,203.09971618652344,487.47222900390625,199.65460205078125,693.43408203125
622,player,126,277.55224609375,359.3311767578125,348.3083801269531,246.4022216796875
622,ball,-1,836.1483154296875,313.54473876953125,934.5239868164062,349.9488525390625
623,player,83,816.3389892578125,477.8734130859375,671.11962890625,726.56982421875
623,player,125,273.2149963378906,440.9565734863281,280.3921813964844,486.45965576171875
623,player,128,198.2578125,487.3819274902344,198.9536590576172,661.1197509765625
623,player,116,1120.519775390625,389.9791259765625,1029.9154052734375,548.3558349609375
623,player,132,273.7049560546875,441.4866943359375,301.4717102050781,476.733642578125
623,player,126,279.4351806640625,362.1296691894531,340.71856689453125,236.44061279296875
623,player,97,246.82101440429688,542.7227783203125,211.34188842773438,755.649169921875
623,ball,-1,831.683837890625,314.90673828125,929.2432861328125,329.4185791015625
624,player,83,816.6168212890625,475.8362731933594,672.1331176757812,723.0606689453125
624,player,134,190.6453094482422,485.82232666015625,194.48345947265625,610.8860473632812
624,player,116,1121.3262939453125,391.21710205078125,1032.813720703125,546.4336547851562
624,player,132,272.9017028808594,439.62933349609375,292.61962890625,477.990478515625
624,player,126,278.1270446777344,360.48419189453125,335.7580871582031,227.66384887695312
624,player,125,277.44573974609375,383.5926818847656,291.25091552734375,419.8670959472656
625,player,83,816.78466796875,475.317626953125,673.0196533203125,720.3051147460938
625,player,116,1123.18359375,395.90069580078125,1032.593994140625,550.7141723632812
625,player,126,276.80426025390625,357.712158203125,332.75946044921875,218.13751220703125
625,player,134,191.75059509277344,480.2997131347656,194.88497924804688,600.083984375
625,player,124,235.14358520507812,439.41253662109375,220.98269653320312,653.7836303710938
625,player,97,233.30557250976562,539.2769775390625,208.32374572753906,751.1182861328125
625,player,132,270.4170837402344,438.44964599609375,286.39569091796875,477.32757568359375
625,player,128,218.99288940429688,534.368896484375,197.4256591796875,684.3746337890625
626,player,83,817.1209716796875,475.50946044921875,673.6202392578125,718.7236328125
626,player,116,1125.594482421875,394.45989990234375,1034.0245361328125,552.082763671875
626,player,134,191.91915893554688,479.7509765625,195.26571655273438,592.5404663085938
626,player,126,276.1311950683594,359.2998046875,330.24078369140625,214.00784301757812
626,player,124,227.36416625976562,443.12249755859375,227.20877075195312,592.967041015625
626,player,97,232.8079833984375,537.0841064453125,206.53079223632812,746.27197265625
626,player,132,267.2018737792969,436.70989990234375,281.7784729003906,474.74468994140625
627,player,116,1128.19189453125,388.91668701171875,1038.971435546875,546.8469848632812
627,player,83,817.1802978515625,475.92584228515625,673.8806762695312,718.0930786132812
627,player,126,272.5376281738281,363.5522766113281,326.5435791015625,216.639404296875
627,player,97,232.84912109375,537.6924438476562,205.2948455810547,743.6427001953125
627,player,134,188.4556427001953,482.19024658203125,194.2779541015625,589.7320556640625
627,player,124,221.74935913085938,447.7309265136719,228.97903442382812,557.857666015625
627,player,128,203.61814880371094,516.74267578125,194.9287109375,682.8467407226562
628,player,83,817.6006469726562,475.04876708984375,674.4725952148438,716.89208984375
628,player,116,1129.29345703125,386.02288818359375,1044.229248046875,540.18310546875
628,player,126,272.8267822265625,360.27716064453125,324.96356201171875,214.03683471679688
628,player,97,235.72982788085938,539.2855834960938,204.98129272460938,743.5101318359375
628,player,134,184.567138671875,480.72552490234375,192.8258819580078,586.164306640625
628,player,132,256.96075439453125,428.11669921875,277.4918212890625,462.78265380859375
629,player,83,818.0581665039062,476.9361572265625,674.3197021484375,717.927734375
629,player,116,1131.221923828125,385.10760498046875,1048.795654296875,534.9642944335938
629,player,97,236.23275756835938,541.9117431640625,204.55210876464844,745.6807861328125
629,player,126,271.11029052734375,354.3358154296875,324.75555419921875,204.21255493164062
629,player,134,183.61322021484375,483.593994140625,191.24697875976562,586.555908203125
630,player,83,818.1339721679688,474.900390625,674.9556884765625,716.6900024414062
630,player,126,271.95074462890625,360.40216064453125,323.50421142578125,206.04629516601562
630,player,116,1133.8465576171875,386.64013671875,1051.68798828125,533.60986328125
630,player,97,234.01832580566406,543.2981567382812,203.55462646484375,748.0853271484375
630,player,128,234.310791015625,543.3356323242188,197.3652801513672,707.29736328125
630,player,134,183.82765197753906,482.8133544921875,190.38137817382812,586.0709228515625
630,player,124,217.681884765625,459.115966796875,227.2425994873047,546.5485229492188
631,player,83,818.0311279296875,477.37890625,674.471435546875,718.2097778320312
631,player,126,272.9686279296875,359.7417907714844,323.15234375,206.45101928710938
631,player,97,233.86032104492188,544.0822143554688,202.7655029296875,750.2935791015625
631,player,116,1138.05908203125,379.77703857421875,1058.997314453125,525.0564575195312
631,player,134,188.61473083496094,484.12286376953125,190.8810577392578,587.4131469726562
631,player,125,255.9541778564453,359.76611328125,296.9569091796875,343.924072265625
632,player,83,817.8740234375,479.64971923828125,673.3219604492188,721.3092651367188
632,player,116,1139.1077880859375,381.31024169921875,1063.158935546875,521.413330078125
632,player,126,268.6824645996094,357.0306701660156,322.2159729003906,202.69598388671875
632,player,97,229.24655151367188,544.2827758789062,201.11151123046875,751.539306640625
632,player,134,188.13568115234375,480.5699462890625,191.56642150878906,584.7957763671875
633,player,83,818.93359375,481.18902587890625,672.327392578125,724.8474731445312
633,player,126,266.1853942871094,351.43682861328125,322.103271484375,192.44911193847656
633,player,116,1143.1551513671875,382.435302734375,1066.474365234375,520.7579345703125
633,player,97,225.3873748779297,543.0042724609375,199.26837158203125,750.976806640625
633,player,135,1117.9732666015625,377.83538818359375,1039.9571533203125,521.9810791015625
633,player,134,190.74679565429688,545.2658081054688,184.4247589111328,641.809814453125
634,player,83,817.6357421875,480.93182373046875,671.4186401367188,726.7980346679688
634,player,126,268.4603271484375,345.94775390625,324.00555419921875,178.4403533935547
634,player,116,1145.8004150390625,385.4757080078125,1067.6461181640625,524.149169921875
634,player,97,221.15884399414062,545.1880493164062,196.7698974609375,752.11474609375
634,player,134,199.0057373046875,545.9928588867188,181.6839599609375,680.1160278320312
635,player,116,1147.83837890625,385.33343505859375,1069.1375732421875,526.3804931640625
635,player,83,816.99951171875,478.447265625,671.5189208984375,725.6934814453125
635,player,97,218.39244079589844,544.9765014648438,194.50527954101562,752.4631958007812
635,player,126,268.8450927734375,350.8984375,324.2171325683594,176.19012451171875
635,player,125,252.97052001953125,345.23516845703125,302.96820068359375,274.4873046875
635,player,134,189.29547119140625,501.614013671875,183.07162475585938,665.1621704101562
636,player,116,1148.82275390625,384.61083984375,1070.8515625,527.079345703125
636,player,83,813.2897338867188,474.165283203125,672.0711669921875,720.6295776367188
636,player,134,191.23379516601562,470.6263122558594,188.68414306640625,625.7686767578125
636,player,97,216.7549285888672,547.0235595703125,192.38153076171875,754.2730712890625
636,player,125,249.19607543945312,347.5202331542969,305.1815185546875,232.17739868164062
636,player,126,261.7339172363281,352.6588134765625,321.7444152832031,176.4802703857422
637,player,116,1150.94384765625,385.106689453125,1072.33984375,528.3146362304688
637,player,83,814.4395751953125,473.83489990234375,672.8602294921875,717.1234130859375
637,player,97,212.74136352539062,547.7601928710938,189.94400024414062,755.7529296875
637,player,126,270.8154602050781,356.41802978515625,322.09771728515625,182.58505249023438
637,player,125,247.71347045898438,358.0910949707031,303.8436584472656,218.93768310546875
637,player,134,189.13946533203125,467.6528015136719,192.200927734375,597.00830078125
638,player,83,816.8424072265625,472.63946533203125,674.45166015625,713.9158935546875
638,player,134,190.3892822265625,494.8040771484375,191.0835418701172,604.86328125
638,player,116,1152.4847412109375,383.470703125,1074.7806396484375,527.3477783203125
638,player,125,247.4267578125,358.34014892578125,302.832275390625,210.63983154296875
638,player,97,216.3707275390625,548.0298461914062,189.19857788085938,757.219482421875
638,player,126,271.250732421875,356.89605712890625,322.3532409667969,187.23574829101562
639,player,83,818.8076171875,472.18768310546875,676.1840209960938,711.56982421875
639,player,134,198.82830810546875,483.1927490234375,194.11105346679688,599.557861328125
639,player,116,1145.9814453125,384.53265380859375,1073.66650390625,527.3469848632812
639,player,125,248.93673706054688,353.29144287109375,303.7371520996094,198.56689453125
639,player,97,217.24127197265625,548.6619873046875,188.84439086914062,758.7653198242188
639,player,128,193.7735595703125,548.938720703125,188.4864959716797,724.7357788085938
640,player,83,819.8831176757812,472.69427490234375,677.4249267578125,710.6180419921875
640,player,116,1154.836669921875,385.3854064941406,1075.234375,529.1832885742188
640,player,134,195.74380493164062,544.134521484375,187.41781616210938,650.842041015625
640,player,97,215.0729217529297,546.6712646484375,188.34109497070312,757.9456787109375
640,player,124,196.086669921875,457.85064697265625,220.52801513671875,536.102783203125
640,player,125,247.96714782714844,353.3331604003906,304.0159606933594,190.6879119873047
640,player,128,216.09088134765625,546.1800537109375,188.41500854492188,735.4951782226562
641,player,83,821.0087890625,472.3847351074219,678.6495361328125,709.8016357421875
641,player,124,193.23834228515625,470.34918212890625,213.5977783203125,541.7677001953125
641,player,116,1156.16015625,385.598388671875,1076.544189453125,530.7509155273438
641,player,134,188.6820068359375,545.1513061523438,181.2445526123047,684.4842529296875
642,player,124,200.56300354003906,477.85296630859375,209.94776916503906,553.4817504882812
642,player,83,822.7274169921875,472.4892578125,679.8790283203125,709.5172119140625
642,player,134,187.6290283203125,546.3607177734375,176.83633422851562,707.283447265625
642,player,116,1155.9871826171875,386.00994873046875,1077.0933837890625,532.2332153320312
642,player,97,190.54373168945312,490.834228515625,189.14500427246094,705.7257690429688
642,player,128,192.83604431152344,520.0143432617188,185.9730987548828,718.1386108398438
643,player,83,823.7796630859375,473.57598876953125,680.579833984375,710.4527587890625
643,player,124,204.06390380859375,477.2828369140625,208.5706787109375,560.822265625
643,player,116,1155.9619140625,382.27984619140625,1079.696533203125,528.8253173828125
643,player,128,189.3062744140625,544.02392578125,180.58909606933594,727.3284912109375
643,player,125,242.21002197265625,342.48583984375,304.7954406738281,170.05303955078125
644,player,83,825.4361572265625,474.330322265625,681.2202758789062,711.9159545898438
644,player,124,205.58322143554688,475.25970458984375,208.36392211914062,563.725830078125
644,player,126,253.98074340820312,356.83624267578125,317.2071838378906,188.60848999023438
644,player,128,185.4361114501953,542.391357421875,176.34844970703125,731.626953125
644,player,116,1154.79296875,382.71246337890625,1080.75439453125,527.0081787109375
645,player,83,829.3907470703125,474.1549987792969,682.77978515625,713.0390625
645,player,124,209.48504638671875,473.74517822265625,209.47265625,564.4354858398438
645,player,126,250.98825073242188,360.3711853027344,312.17413330078125,193.96295166015625
645,player,116,1141.376708984375,381.18341064453125,1078.099365234375,522.747802734375
645,player,128,176.18243408203125,542.6634521484375,171.3267059326172,733.9344482421875
645,player,97,184.08047485351562,489.30145263671875,188.21197509765625,669.7992553710938
645,player,134,185.66880798339844,542.77685546875,173.91995239257812,718.9410400390625
646,player,83,830.5568237304688,473.34564208984375,684.4014892578125,713.10302734375
646,player,124,211.30380249023438,472.22955322265625,210.89370727539062,563.542236328125
646,player,134,190.31057739257812,542.5214233398438,173.17529296875,726.662353515625
646,player,97,193.49964904785156,502.24114990234375,188.2975311279297,659.3738403320312
646,player,126,249.14022827148438,354.9010925292969,309.5203857421875,189.92935180664062
646,player,128,172.47727966308594,540.930908203125,167.3668212890625,733.6817626953125
647,player,83,833.7091064453125,473.1357116699219,686.3937377929688,713.21533203125
647,player,124,210.76202392578125,471.0855712890625,211.843505859375,561.7784423828125
647,player,126,249.73178100585938,341.3023376464844,311.0079345703125,168.58779907226562
647,player,97,190.36880493164062,511.0811767578125,186.41683959960938,660.4476318359375
647,player,128,176.8207244873047,538.8334350585938,166.0862274169922,732.0720825195312
647,player,134,179.2369384765625,539.3516235351562,170.38674926757812,728.137939453125
647,player,116,1142.27587890625,366.60369873046875,1085.6370849609375,502.45635986328125
648,player,83,833.71044921875,473.133544921875,687.6898193359375,713.286376953125
648,player,124,210.76202392578125,471.0856018066406,212.4608612060547,560.6319580078125
648,player,126,249.73175048828125,341.3023376464844,311.9748229980469,154.71578979492188
648,player,97,190.3688201904297,511.08111572265625,185.19439697265625,661.1455078125
648,player,128,176.8207244873047,538.8334350585938,165.25384521484375,731.0258178710938
648,player,134,179.23696899414062,539.3516235351562,168.57418823242188,729.0971069335938
648,player,116,1142.275634765625,366.6014709472656,1090.537841796875,489.2641296386719
649,player,83,835.4254150390625,473.94940185546875,688.708740234375,714.2511596679688
649,player,124,214.29168701171875,474.360595703125,213.306640625,563.4275512695312
649,player,126,251.16810607910156,350.656982421875,310.952880859375,158.82371520996094
649,player,128,177.3831787109375,540.3743286132812,164.66993713378906,731.69921875
649,player,97,190.3135986328125,495.2080078125,186.45626831054688,646.9268798828125
649,player,116,1142.8807373046875,374.18701171875,1089.199951171875,490.00079345703125
650,player,83,836.5264892578125,472.44134521484375,690.2152099609375,713.54443359375
650,player,124,213.54556274414062,473.15826416015625,213.83804321289062,563.9931030273438
650,player,126,253.58395385742188,356.28399658203125,309.79571533203125,169.36083984375
650,player,128,176.14283752441406,538.9142456054688,164.15957641601562,730.7996215820312
650,player,97,198.24978637695312,480.1207580566406,191.3829345703125,623.865478515625
650,player,116,1143.356201171875,370.88482666015625,1090.526123046875,486.522216796875
650,player,134,165.07188415527344,480.0504150390625,171.1443634033203,674.5057983398438
651,player,83,840.1165161132812,470.43817138671875,692.9054565429688,711.48779296875
651,player,124,215.12167358398438,471.76434326171875,214.8046112060547,563.105712890625
651,player,126,245.54559326171875,341.18170166015625,309.89471435546875,154.6631317138672
651,player,116,1144.0037841796875,375.97802734375,1088.4532470703125,490.4811706542969
651,player,97,194.96109008789062,521.0110473632812,188.3030242919922,646.6309204101562
651,player,128,176.26991271972656,535.7811279296875,164.2238311767578,727.5476684570312
652,player,83,840.923828125,468.60296630859375,695.5457763671875,708.467041015625
652,player,124,214.2628936767578,471.2540283203125,215.2826690673828,561.9503173828125
652,player,128,178.64736938476562,536.4552612304688,164.76455688476562,726.1964111328125
652,player,126,250.01219177246094,338.79632568359375,311.9114990234375,142.14907836914062
652,player,116,1144.05029296875,361.0638427734375,1096.461669921875,474.76629638671875
653,player,83,838.5152587890625,471.8990173339844,695.4005737304688,709.4402465820312
653,player,124,209.87789916992188,473.1422119140625,214.16128540039062,562.7160034179688
653,player,97,201.73666381835938,526.4921264648438,187.28033447265625,666.7852172851562
653,player,126,251.00210571289062,344.3193359375,312.27825927734375,141.87657165527344
653,player,134,141.07577514648438,443.13604736328125,171.3071746826172,599.2044677734375
653,player,128,195.0509033203125,535.949951171875,169.16635131835938,726.1620483398438
654,player,83,839.6082763671875,471.552978515625,695.7314453125,709.837646484375
654,player,124,208.80599975585938,475.2830810546875,212.838623046875,565.2437744140625
654,player,134,145.5935821533203,441.81646728515625,172.8191680908203,549.2179565429688
654,player,126,253.44676208496094,339.0376892089844,314.4920349121094,134.49681091308594
655,player,83,839.1383666992188,470.6593017578125,696.1417846679688,709.2052001953125
655,player,124,206.93492126464844,476.16864013671875,211.36062622070312,567.6065673828125
655,player,134,139.26185607910156,440.20941162109375,172.29441833496094,514.4605712890625
655,player,116,1151.179931640625,377.50555419921875,1093.6748046875,485.3543701171875
655,player,125,239.57864379882812,338.5757141113281,305.3465270996094,150.87738037109375
656,player,124,205.73489379882812,476.3882751464844,210.05429077148438,569.2604370117188
656,player,83,840.3060302734375,469.03997802734375,697.3194580078125,707.3485107421875
656,player,134,130.5060272216797,441.6444396972656,169.37954711914062,492.6844482421875
656,player,116,1154.5867919921875,377.1248779296875,1093.188720703125,492.1073303222656
656,player,125,244.095703125,337.2421569824219,307.4360046386719,136.93255615234375
657,player,124,206.35707092285156,473.01568603515625,209.85647583007812,567.05322265625
657,player,97,184.45877075195312,541.514892578125,180.56483459472656,691.45751953125
657,player,83,833.8062744140625,470.5578918457031,695.7457275390625,707.0335083007812
657,player,125,235.45599365234375,333.10357666015625,306.9855651855469,121.13302612304688
657,player,116,1153.1485595703125,379.6907958984375,1090.839111328125,499.4151611328125
657,player,136,818.916259765625,472.07861328125,679.596923828125,706.9430541992188
657,player,134,130.2482147216797,439.51763916015625,167.69314575195312,476.20794677734375
658,player,124,207.23414611816406,473.52166748046875,209.88458251953125,566.1922607421875
658,player,83,832.369384765625,470.62432861328125,694.3040771484375,706.7689819335938
658,player,97,178.04830932617188,542.08935546875,174.58401489257812,707.4837646484375
658,player,125,233.238037109375,335.3907470703125,305.47332763671875,113.94903564453125
658,player,136,819.6961669921875,472.83056640625,679.5438232421875,707.7239990234375
659,player,124,204.18072509765625,469.62347412109375,209.6676483154297,561.4993896484375
659,player,97,166.16258239746094,547.0936279296875,167.26768493652344,721.190673828125
659,player,136,818.537109375,468.9482727050781,680.572998046875,704.429931640625
659,player,116,1150.583984375,374.89886474609375,1091.4339599609375,498.1943359375
659,player,134,142.57928466796875,547.0096435546875,157.1435089111328,568.97509765625
659,player,125,231.38088989257812,349.42034912109375,300.8431396484375,128.82077026367188
660,player,124,205.22396850585938,466.8878173828125,210.20338439941406,555.787841796875
660,player,116,1151.840576171875,373.1388854980469,1093.3160400390625,495.398193359375
660,player,97,162.77572631835938,547.1077270507812,161.6980438232422,729.8510131835938
660,player,136,820.1690673828125,468.02069091796875,682.0232543945312,701.538818359375
660,player,134,138.5572967529297,537.6156005859375,150.307861328125,621.0051879882812
660,player,125,228.80113220214844,348.153564453125,297.30072021484375,136.50469970703125
660,player,126,222.8395538330078,342.47100830078125,305.5211181640625,131.72946166992188
661,player,116,1154.8115234375,375.91168212890625,1093.7762451171875,497.20477294921875
661,player,124,201.06170654296875,471.25213623046875,208.8167724609375,556.1071166992188
661,player,83,830.5045166015625,466.51361083984375,694.3431396484375,702.4974365234375
661,player,97,159.30653381347656,546.6656494140625,157.29412841796875,734.8428344726562
661,player,128,216.65963745117188,465.20550537109375,187.15997314453125,662.0645141601562
662,player,124,202.27496337890625,470.66302490234375,208.32008361816406,555.8265380859375
662,player,83,831.86962890625,467.03863525390625,694.5542602539062,700.3438110351562
662,player,116,1157.516845703125,375.7606201171875,1095.037841796875,498.456787109375
662,player,134,133.5508270263672,547.3167114257812,143.6490478515625,662.65625
662,player,97,141.65042114257812,547.9884643554688,150.059326171875,737.8358154296875
662,player,125,225.90652465820312,336.0057678222656,296.7152099609375,124.14503479003906
663,player,83,829.1328735351562,468.21783447265625,693.5089721679688,699.8416137695312
663,player,116,1158.822265625,372.931396484375,1098.039794921875,495.98785400390625
663,player,128,211.330810546875,468.18804931640625,196.99612426757812,622.9661865234375
663,player,97,141.08108520507812,547.8997192382812,145.22970581054688,739.6632080078125
663,player,125,222.56658935546875,326.88873291015625,297.2886657714844,102.56683349609375
664,player,124,200.76040649414062,466.4111328125,208.2158660888672,551.2518310546875
664,player,83,827.9327392578125,468.2880859375,692.4735107421875,699.4795532226562
664,player,116,1156.765625,377.0421142578125,1096.7755126953125,499.12847900390625
664,player,97,143.39279174804688,549.2952270507812,142.49765014648438,742.1941528320312
664,player,137,989.3081665039062,311.7471923828125,1052.4923095703125,210.42437744140625
665,player,116,1157.338623046875,380.6212158203125,1093.93896484375,505.48065185546875
665,player,83,825.804931640625,470.2733154296875,690.5003051757812,700.9614868164062
665,player,124,200.00466918945312,463.74609375,208.3377227783203,545.5177612304688
665,player,97,137.54563903808594,547.6043701171875,139.49908447265625,741.9771728515625
665,player,125,224.11227416992188,333.2637939453125,296.7401428222656,97.97693634033203
665,player,137,990.729736328125,312.85302734375,1052.2689208984375,212.19285583496094
666,player,83,827.593994140625,470.312255859375,689.6951904296875,702.1151733398438
666,player,116,1155.95556640625,377.1571960449219,1093.779296875,505.35888671875
666,player,124,202.39678955078125,463.530517578125,209.08416748046875,541.769287109375
666,player,97,124.66738891601562,549.9334716796875,134.23667907714844,742.793212890625
666,player,125,223.26510620117188,332.9200744628906,296.18951416015625,94.41860961914062
667,player,124,204.31788635253906,462.071044921875,210.29660034179688,538.006103515625
667,player,83,829.9442138671875,469.41656494140625,690.1405639648438,702.2108764648438
667,player,116,1147.230712890625,376.7848815917969,1091.10791015625,504.00054931640625
667,player,97,138.6058807373047,549.5386962890625,134.18319702148438,744.0640258789062
667,player,125,223.7509765625,341.7833251953125,294.0582275390625,104.79490661621094
667,player,134,119.46148681640625,424.5582580566406,149.97186279296875,569.233154296875
668,player,83,831.3492431640625,471.2193603515625,690.1661376953125,704.1137084960938
668,player,124,205.8634490966797,462.35260009765625,211.45419311523438,535.9749145507812
668,player,116,1147.354736328125,380.3642578125,1087.228271484375,507.3922119140625
668,player,97,141.22259521484375,548.97998046875,134.83157348632812,744.625
668,player,125,229.60208129882812,337.5185546875,295.44586181640625,106.03584289550781
669,player,83,832.2371826171875,470.89764404296875,690.54248046875,705.1202392578125
669,player,116,1152.1494140625,380.8167724609375,1085.9598388671875,510.589111328125
669,player,124,210.30421447753906,461.26129150390625,213.55352783203125,533.9091186523438
669,player,125,236.82034301757812,337.55499267578125,298.6249694824219,107.55999755859375
669,player,97,142.640869140625,548.01123046875,135.6933135986328,744.2894287109375
670,player,83,832.201171875,470.9278564453125,690.7662963867188,705.8001708984375
670,player,116,1151.758544921875,381.380859375,1084.66796875,513.2965698242188
670,player,124,210.28536987304688,461.2862548828125,214.9093017578125,532.59033203125
670,player,125,236.82188415527344,337.6041259765625,300.6808776855469,108.62083435058594
670,player,97,142.61117553710938,548.0236206054688,136.24505615234375,744.079345703125
