frame,object_type,track_id,frame_x,frame_y,court_x,court_y
0,player,1,984.597412109375,511.4832763671875,761.5439453125,827.3528442382812
0,player,2,820.0399169921875,415.6431579589844,739.7427978515625,548.291748046875
0,player,3,549.8443603515625,524.2225952148438,448.133056640625,754.9158935546875
0,player,4,683.1903076171875,353.9429931640625,691.0756225585938,292.5074157714844
0,player,5,1053.11767578125,559.1517944335938,761.3573608398438,932.0469360351562
0,player,6,498.1427917480469,544.8365478515625,403.24658203125,786.4362182617188
0,player,7,847.3676147460938,413.3103332519531,765.2861328125,549.0482177734375
1,player,1,984.6620483398438,510.758544921875,761.8148803710938,826.83837890625
1,player,2,819.6615600585938,416.40228271484375,739.3255004882812,549.04833984375
1,player,3,551.1766357421875,524.5950927734375,448.3967590332031,755.3026733398438
1,player,4,683.6531982421875,353.71575927734375,691.3272705078125,292.2433776855469
1,player,5,1054.520263671875,561.8614501953125,760.7943115234375,933.7861938476562
1,player,6,498.31109619140625,544.449462890625,403.34100341796875,786.17333984375
1,player,8,615.156982421875,351.29180908203125,628.728515625,258.75152587890625
1,player,9,206.7203369140625,362.36920166015625,224.29837036132812,165.92762756347656
2,player,1,983.7630615234375,509.79351806640625,762.1121826171875,825.7382202148438
2,player,3,552.3239135742188,523.1088256835938,449.10467529296875,754.5259399414062
2,player,2,816.0657958984375,416.75640869140625,737.8655395507812,549.5543212890625
2,player,5,1055.0198974609375,560.3634033203125,761.0260009765625,934.04931640625
2,player,4,683.27490234375,353.85186767578125,691.3062744140625,292.2180480957031
2,player,6,499.0716247558594,544.3457641601562,403.5985107421875,785.9873046875
2,player,9,205.83444213867188,366.94036865234375,223.7335205078125,172.62939453125
2,player,8,612.4679565429688,350.8525085449219,627.984375,257.79742431640625
2,player,7,832.6492919921875,417.27984619140625,759.3460693359375,551.7361450195312
2,player,10,848.4371948242188,414.92340087890625,764.2267456054688,554.177734375
3,player,1,980.637939453125,508.27734375,762.0770263671875,823.6776123046875
3,player,3,553.019287109375,521.71875,449.97576904296875,753.024658203125
3,player,2,815.6388549804688,415.7760009765625,737.186279296875,548.8155517578125
3,player,4,683.0377197265625,353.83367919921875,691.2210083007812,292.1482238769531
3,player,5,1055.281005859375,557.836181640625,762.0595703125,932.7057495117188
3,player,6,499.8858642578125,546.0325927734375,403.72308349609375,787.1287841796875
3,player,9,200.94049072265625,367.3733215332031,221.68258666992188,177.04469299316406
3,player,8,609.8681640625,351.780029296875,626.270751953125,258.2044677734375
3,player,10,847.00634765625,412.8790283203125,764.675048828125,551.8929443359375
4,player,1,978.2531127929688,507.04107666015625,761.9071044921875,821.2491455078125
4,player,3,553.3560791015625,520.8318481445312,450.77880859375,751.402099609375
4,player,2,818.88427734375,416.98504638671875,737.2027587890625,549.9200439453125
4,player,6,500.95428466796875,545.9491577148438,404.0701904296875,787.893798828125
4,player,5,1053.8096923828125,558.2141723632812,762.2755126953125,931.95556640625
4,player,4,681.4815673828125,353.2696228027344,690.8848266601562,291.12811279296875
4,player,9,196.38478088378906,367.2647399902344,218.80950927734375,179.21578979492188
4,player,8,609.1883544921875,352.9189453125,624.5012817382812,260.0229797363281
4,player,10,841.3661499023438,414.11181640625,762.7987670898438,551.1423950195312
4,player,7,806.500244140625,409.24993896484375,751.112060546875,542.3856201171875
4,ball,-1,1066.99267578125,300.93914794921875,1171.1270751953125,199.80194091796875
5,player,1,976.675537109375,506.66961669921875,761.5408935546875,819.2732543945312
5,player,3,553.4345703125,521.3820190429688,451.2247314453125,750.77197265625
5,player,2,818.2740478515625,417.68658447265625,736.75439453125,551.3079833984375
5,player,6,502.0127868652344,544.274658203125,404.78472900390625,787.281982421875
5,player,5,1053.775634765625,556.4944458007812,762.97119140625,930.4160766601562
5,player,4,680.7362060546875,353.11328125,690.483154296875,290.1574401855469
5,player,8,607.9525146484375,352.8195495605469,622.9710693359375,260.9159851074219
5,player,9,205.4449462890625,368.0690612792969,219.97027587890625,182.88040161132812
5,player,10,839.539794921875,414.82366943359375,760.748779296875,551.2191162109375
6,player,1,975.0526123046875,507.470947265625,760.6211547851562,818.4417724609375
6,player,3,554.358642578125,522.7715454101562,451.5018310546875,751.4892578125
6,player,2,817.7198486328125,417.887451171875,736.2215576171875,552.3641967773438
6,player,6,502.4194030761719,543.823486328125,405.4103698730469,786.593994140625
6,player,5,1054.19384765625,556.2257690429688,763.6063232421875,929.281494140625
6,player,4,679.7890625,353.4591979980469,689.7577514648438,289.9012756347656
6,player,9,207.45880126953125,367.7865295410156,221.42259216308594,185.08541870117188
6,player,8,607.1658325195312,354.24462890625,621.1831665039062,263.438720703125
6,player,7,808.3326416015625,403.40045166015625,748.72119140625,530.1173095703125
6,player,10,840.8443603515625,415.171630859375,759.6510009765625,551.761962890625
7,player,1,972.767578125,508.8369140625,758.9832763671875,818.709228515625
7,player,3,554.9315795898438,523.6095581054688,451.6781311035156,752.6339111328125
7,player,2,820.0645751953125,417.6487731933594,736.651611328125,553.0338745117188
7,player,6,504.20965576171875,543.563232421875,406.2818603515625,786.099365234375
7,player,4,678.2183837890625,353.22479248046875,688.8594360351562,289.22027587890625
7,player,5,1054.40234375,554.6194458007812,764.595703125,927.5733032226562
7,player,8,606.7792358398438,355.63519287109375,619.3797607421875,267.0067138671875
7,player,9,209.0218505859375,367.343017578125,222.92193603515625,186.0516357421875
7,player,7,807.212890625,402.301025390625,747.293212890625,520.8131713867188
8,player,1,970.852783203125,508.02630615234375,757.7332763671875,818.1414794921875
8,player,3,555.5963134765625,524.853515625,451.74151611328125,754.36669921875
8,player,6,505.5923767089844,543.541748046875,407.18182373046875,785.869384765625
8,player,4,679.4283447265625,353.6562194824219,688.498046875,289.5263671875
8,player,8,606.2858276367188,356.62713623046875,617.6796264648438,270.66851806640625
8,player,5,1053.5615234375,551.0842895507812,766.2210693359375,924.214111328125
8,player,2,820.4481811523438,416.62420654296875,737.4554443359375,552.4401245117188
8,player,10,833.6839599609375,416.5425720214844,756.2863159179688,552.8359985351562
9,player,1,968.9898681640625,507.360595703125,756.6968994140625,817.138427734375
9,player,3,556.6026611328125,524.8123168945312,452.0367431640625,755.54248046875
9,player,6,506.21453857421875,543.3507690429688,407.94293212890625,785.6316528320312
9,player,4,678.2259521484375,352.4267578125,688.3816528320312,287.85272216796875
9,player,5,1054.00732421875,548.8196411132812,768.1378173828125,920.64990234375
9,player,8,605.9173583984375,356.8277282714844,616.378173828125,273.2879333496094
9,player,10,832.667724609375,417.11279296875,753.5699462890625,554.026611328125
9,player,11,662.0908203125,351.49859619140625,673.7758178710938,275.53179931640625
9,player,7,800.1619873046875,351.0066833496094,768.0382080078125,450.5502014160156
10,player,1,966.703369140625,507.5294189453125,755.40283203125,816.4256591796875
10,player,3,557.2991943359375,523.9803466796875,452.5435791015625,755.7371826171875
10,player,4,676.0523681640625,351.7758483886719,687.8521728515625,285.5873718261719
10,player,6,506.707275390625,543.6810302734375,408.50787353515625,785.7509765625
10,player,2,825.2711181640625,416.42999267578125,739.45947265625,552.3283081054688
10,player,8,605.8526611328125,356.9902648925781,615.451416015625,275.2117004394531
10,player,5,1054.6396484375,546.011474609375,770.4771728515625,916.613525390625
10,player,9,194.19569396972656,363.44189453125,219.0559844970703,179.120849609375
11,player,1,964.9466552734375,508.009033203125,753.96337890625,816.1702880859375
11,player,3,558.6197509765625,524.0592651367188,453.1836853027344,756.02880859375
11,player,4,675.811767578125,350.25726318359375,688.0737915039062,281.9273376464844
11,player,6,507.27935791015625,543.7479858398438,409.00213623046875,785.9205322265625
11,player,5,1055.331298828125,545.4166259765625,772.3589477539062,913.6651611328125
11,player,8,606.2512817382812,356.75189208984375,615.0691528320312,276.1734313964844
11,player,10,833.2906494140625,417.0314636230469,752.0185546875,554.7774658203125
11,player,2,822.2928466796875,413.28253173828125,741.1790771484375,548.6557006835938
11,player,7,799.7661743164062,391.554931640625,762.182861328125,456.1417236328125
11,player,9,176.27877807617188,370.3428955078125,210.1685791015625,182.71438598632812
12,player,3,558.98974609375,522.9597778320312,453.88226318359375,755.419677734375
12,player,1,963.8693237304688,508.40435791015625,752.6260986328125,816.2052612304688
12,player,4,674.87548828125,351.871826171875,687.2156982421875,281.7326354980469
12,player,6,507.509033203125,546.81640625,408.93817138671875,788.2264404296875
12,player,5,1055.1253662109375,539.1887817382812,775.6734619140625,907.75341796875
12,player,10,832.4681396484375,418.86297607421875,750.0233154296875,557.080322265625
12,player,8,606.271484375,356.8758239746094,614.7823486328125,276.97540283203125
12,player,9,177.02203369140625,369.50701904296875,204.67138671875,183.91372680664062
12,player,7,798.0089111328125,390.80377197265625,758.1649169921875,458.71856689453125
13,player,1,963.8388061523438,508.93701171875,751.5645751953125,816.6123046875
13,player,3,560.8242797851562,522.638427734375,454.84405517578125,754.9282836914062
13,player,4,671.3323974609375,352.0458984375,685.3932495117188,281.43365478515625
13,player,6,508.2350158691406,546.7457275390625,409.07928466796875,789.731201171875
13,player,5,1055.22705078125,539.2669677734375,777.824462890625,903.9688720703125
13,player,8,606.459228515625,356.63714599609375,614.7457275390625,277.1826477050781
13,player,10,832.3385009765625,416.2017822265625,749.77734375,555.8050537109375
13,player,9,176.15838623046875,369.1521301269531,200.81802368164062,184.0705108642578
13,player,7,796.8203125,391.53729248046875,754.871337890625,461.12054443359375
14,player,1,964.3280639648438,509.49676513671875,750.8006591796875,817.3217163085938
14,player,3,561.9513549804688,522.060546875,455.848388671875,754.2625732421875
14,player,4,669.3544921875,350.9588317871094,684.0003662109375,279.46087646484375
14,player,5,1056.3363037109375,540.8524169921875,778.9312744140625,902.6124877929688
14,player,6,508.54046630859375,546.14599609375,409.32952880859375,790.3087158203125
14,player,10,837.62353515625,416.53778076171875,751.01513671875,555.8480224609375
14,player,8,607.1158447265625,356.92041015625,614.83837890625,277.793212890625
14,player,9,174.0225830078125,369.6998291015625,197.57260131835938,184.72476196289062
14,player,7,798.8287963867188,399.4866943359375,749.95458984375,471.9644775390625
14,player,12,197.904296875,368.37176513671875,214.78770446777344,188.4140625
15,player,1,965.258544921875,508.9349365234375,750.7266235351562,817.4503173828125
15,player,3,565.0453491210938,522.7191162109375,457.1465759277344,754.575439453125
15,player,5,1056.6121826171875,542.5482177734375,779.1302490234375,902.8369140625
15,player,4,668.2347412109375,350.630859375,682.85546875,277.578125
15,player,6,509.0818176269531,546.3120727539062,409.59716796875,790.8432006835938
15,player,10,838.1046142578125,420.32611083984375,750.4033203125,559.8327026367188
15,player,8,608.765625,354.4406433105469,616.3627319335938,274.87689208984375
15,player,7,797.6385498046875,400.15545654296875,746.120361328125,479.64019775390625
15,player,12,195.17056274414062,367.8850402832031,213.88575744628906,187.376220703125
15,player,9,173.80184936523438,369.5175476074219,195.39425659179688,184.85659790039062
15,player,2,805.1535034179688,396.93951416015625,744.043212890625,526.64453125
15,player,13,797.5220336914062,360.33154296875,790.6051635742188,355.231201171875
16,player,3,564.8712158203125,523.1015625,457.8798522949219,755.0531616210938
16,player,1,965.6990966796875,509.397216796875,750.6259765625,817.9041748046875
16,player,5,1056.306396484375,542.3759765625,779.248046875,902.8499755859375
16,player,6,510.5457763671875,545.4241943359375,410.2474365234375,790.674560546875
16,player,10,837.313720703125,418.80108642578125,750.4005126953125,560.7783203125
16,player,4,668.7113647460938,350.66778564453125,682.2565307617188,276.463623046875
16,player,7,798.41552734375,406.27313232421875,741.33447265625,491.47589111328125
16,player,9,162.32786560058594,370.78857421875,190.0645751953125,185.45497131347656
16,player,8,609.218994140625,353.6672058105469,617.79296875,271.93316650390625
17,player,3,566.4959716796875,523.9764404296875,458.60089111328125,756.1517333984375
17,player,1,966.816650390625,509.57513427734375,750.7723388671875,818.41748046875
17,player,6,511.9996337890625,544.9270629882812,411.0885009765625,790.32421875
17,player,10,836.8169555664062,418.96466064453125,750.18798828125,561.5127563476562
17,player,5,1056.9473876953125,541.508056640625,779.771728515625,902.351318359375
17,player,4,668.2933349609375,350.823486328125,681.6607055664062,275.91156005859375
17,player,7,797.7374267578125,404.75677490234375,738.64208984375,497.4383544921875
17,player,8,609.5848999023438,352.3284912109375,619.3450927734375,268.1472473144531
17,player,9,172.34426879882812,369.75250244140625,190.0135955810547,185.50430297851562
17,player,12,195.73443603515625,368.37841796875,213.4665985107422,187.49331665039062
18,player,3,566.49560546875,523.9769287109375,459.0694274902344,756.8661499023438
18,player,1,966.8171997070312,509.5733642578125,750.8682861328125,818.7498779296875
18,player,6,511.9996032714844,544.927490234375,411.6351318359375,790.0968017578125
18,player,10,836.8172607421875,418.96435546875,750.050048828125,561.9898071289062
18,player,5,1056.9501953125,541.5040283203125,780.1141967773438,902.0247802734375
18,player,4,668.293212890625,350.8232421875,681.2734985351562,275.5523681640625
18,player,7,797.7374267578125,404.7574462890625,736.8917846679688,501.314697265625
18,player,8,609.584716796875,352.3283996582031,620.35400390625,265.6862487792969
18,player,9,172.33956909179688,369.75250244140625,189.97886657714844,185.5358123779297
18,player,12,195.73406982421875,368.3779296875,213.19403076171875,187.56866455078125
19,player,1,969.8282470703125,509.10498046875,751.8304443359375,818.8681030273438
19,player,10,835.4049072265625,417.6820068359375,750.0770263671875,560.836669921875
19,player,3,567.4166259765625,524.3294677734375,459.53759765625,757.668701171875
19,player,6,517.3629150390625,544.761962890625,413.29290771484375,790.2449951171875
19,player,5,1059.41650390625,542.7225341796875,780.487060546875,902.77587890625
19,player,4,664.9802856445312,352.06097412109375,679.388427734375,276.68646240234375
19,player,7,792.376220703125,394.2535400390625,738.5231323242188,491.4774169921875
19,player,8,611.7401123046875,350.9530334472656,622.25634765625,262.3633117675781
19,player,9,158.831787109375,370.1309814453125,185.3771514892578,184.52117919921875
19,player,12,189.27719116210938,370.394287109375,210.74252319335938,189.80691528320312
20,player,1,971.21435546875,509.012939453125,752.827392578125,818.9893798828125
20,player,3,568.8687744140625,523.8484497070312,460.28375244140625,757.9454345703125
20,player,4,665.0097045898438,351.7763671875,678.2914428710938,277.0230712890625
20,player,10,835.4110717773438,417.09002685546875,750.339599609375,559.4739379882812
20,player,6,519.81640625,544.7151489257812,414.9620361328125,790.4971923828125
20,player,7,791.0924072265625,395.8727111816406,738.5082397460938,486.8030700683594
20,player,5,1060.6029052734375,542.319091796875,781.1427001953125,903.0953979492188
20,player,8,612.4710693359375,351.44677734375,623.5537719726562,261.0024719238281
20,player,9,157.45787048339844,369.1287841796875,181.9408416748047,182.2241973876953
20,player,12,187.88076782226562,367.89263916015625,208.78456115722656,187.43142700195312
21,player,1,973.044921875,508.84930419921875,753.9808349609375,819.096435546875
21,player,4,665.759521484375,351.5694274902344,677.9171142578125,277.03662109375
21,player,10,834.8671875,417.1627197265625,750.3225708007812,558.6099853515625
21,player,3,569.8748779296875,523.2318115234375,461.1258850097656,757.7423706054688
21,player,6,521.8072509765625,544.0825805664062,416.61572265625,790.36572265625
21,player,5,1061.24658203125,541.3189697265625,782.063720703125,902.7119140625
21,player,7,791.0064697265625,388.72113037109375,741.5291137695312,475.47186279296875
21,player,8,614.131103515625,350.920654296875,625.1585693359375,259.5572509765625
21,player,12,189.28970336914062,369.72723388671875,207.9095458984375,188.74583435058594
22,player,1,974.7313232421875,508.5997314453125,755.2310791015625,819.1204223632812
22,player,3,570.5432739257812,522.834228515625,461.90875244140625,757.3646240234375
22,player,6,519.1707153320312,543.9232177734375,417.0853576660156,789.96337890625
22,player,5,1062.38671875,540.8582763671875,783.0862426757812,902.2530517578125
22,player,10,834.3275146484375,418.84564208984375,749.4659423828125,559.7362060546875
22,player,4,665.98583984375,351.7961730957031,677.6553955078125,277.3944091796875
22,player,7,790.5718383789062,368.8298645019531,752.352783203125,443.6675720214844
22,player,12,195.08572387695312,367.53076171875,209.4033203125,187.0601348876953
22,player,8,617.1312866210938,352.33245849609375,626.68017578125,261.0050354003906
22,player,9,150.83340454101562,363.29888916015625,177.5466766357422,171.21932983398438
23,player,1,976.1511840820312,507.5155029296875,756.7735595703125,818.463134765625
23,player,6,519.9046630859375,544.2999877929688,417.509765625,790.0263671875
23,player,10,831.9971923828125,423.603271484375,746.3175048828125,565.1025390625
23,player,3,570.8155517578125,522.6046142578125,462.5257873535156,756.9679565429688
23,player,7,790.20068359375,382.5316467285156,752.9963989257812,439.9761657714844
23,player,4,666.9904174804688,351.47540283203125,677.9573974609375,277.2901611328125
23,player,5,1063.3380126953125,541.8970947265625,783.6104736328125,902.6907958984375
23,player,8,618.276123046875,352.89849853515625,627.840576171875,262.8918151855469
23,player,12,196.79840087890625,349.90875244140625,211.86480712890625,159.14370727539062
23,player,9,151.0594482421875,371.15966796875,174.65042114257812,175.80979919433594
24,player,1,977.7842407226562,507.0582275390625,758.3386840820312,817.8345947265625
24,player,3,570.0004272460938,520.9218139648438,463.0286865234375,755.372802734375
24,player,7,790.6859130859375,412.3168029785156,741.0955810546875,471.4444580078125
24,player,6,523.5243530273438,545.1185913085938,418.52618408203125,790.9266357421875
24,player,4,666.8082275390625,349.73565673828125,678.822998046875,274.7174377441406
24,player,10,833.5985107421875,422.28594970703125,745.2587280273438,567.4090576171875
24,player,8,619.2235107421875,352.07977294921875,629.2262573242188,263.0588073730469
24,player,5,1063.750732421875,541.5960693359375,784.151123046875,902.8139038085938
24,player,12,195.97186279296875,364.39471435546875,212.42942810058594,163.27000427246094
24,player,9,137.70640563964844,372.01947021484375,168.2503662109375,178.48410034179688
25,player,1,979.8416748046875,506.5367431640625,760.04638671875,817.2117309570312
25,player,7,791.33740234375,413.82366943359375,732.9590454101562,493.56890869140625
25,player,3,570.87841796875,520.3361206054688,463.6779479980469,753.9622802734375
25,player,6,524.0990600585938,544.3944702148438,419.43218994140625,791.04296875
25,player,4,666.8395385742188,349.94671630859375,679.3072509765625,273.3511962890625
25,player,10,832.4664306640625,424.8900146484375,743.20458984375,571.4352416992188
25,player,5,1064.9698486328125,545.4884643554688,783.4395751953125,905.4578857421875
25,player,8,620.240234375,351.5035400390625,630.6909790039062,262.4610595703125
25,player,9,142.69671630859375,374.9957580566406,165.74960327148438,185.1298828125
25,player,12,196.74830627441406,364.97119140625,213.03268432617188,166.90487670898438
26,player,7,791.1920166015625,409.9528503417969,729.1565551757812,503.793212890625
26,player,1,981.30517578125,506.373291015625,761.5740966796875,816.8055419921875
26,player,3,572.54638671875,520.6895141601562,464.4476623535156,753.44775390625
26,player,4,666.600830078125,350.2889099121094,679.3973999023438,272.92431640625
26,player,10,831.9282836914062,425.62994384765625,741.421875,574.7447509765625
26,player,6,525.57080078125,543.2261962890625,420.5480651855469,790.4020385742188
26,player,5,1064.936767578125,545.93359375,782.8167114257812,907.454833984375
26,player,12,199.11178588867188,368.50830078125,214.04864501953125,174.77569580078125
26,player,8,622.101318359375,351.46044921875,632.2889404296875,262.2320556640625
26,player,9,143.9132843017578,375.37054443359375,164.5284423828125,190.13125610351562
27,player,1,983.03271484375,506.875244140625,762.8125,817.0460205078125
27,player,7,790.8115234375,418.18414306640625,723.35107421875,519.1344604492188
27,player,3,573.8460693359375,521.28076171875,465.16119384765625,753.66552734375
27,player,10,830.4760131835938,425.94866943359375,739.7222290039062,577.0757446289062
27,player,4,667.0277099609375,351.19927978515625,679.2178955078125,273.9962158203125
27,player,5,1065.8690185546875,542.9677734375,783.6488037109375,906.9437866210938
27,player,6,525.8646240234375,543.8310546875,421.25213623046875,790.438232421875
27,player,12,196.45150756835938,369.8918151855469,213.7410888671875,181.6014404296875
27,player,8,624.120849609375,350.967041015625,634.2013549804688,261.6140441894531
27,player,9,151.44667053222656,370.5716857910156,166.32821655273438,187.28590393066406
27,player,14,184.40151977539062,373.75421142578125,201.1124725341797,206.2274169921875
27,player,15,169.0836181640625,372.4666748046875,186.5489959716797,195.81301879882812
28,player,1,986.1336059570312,508.00921630859375,763.9736938476562,818.2743530273438
28,player,3,575.6624755859375,520.8324584960938,466.1544189453125,753.61376953125
28,player,7,790.550537109375,421.2080993652344,718.344482421875,532.218994140625
28,player,4,666.6705322265625,351.34674072265625,678.919189453125,274.8604431152344
28,player,10,830.3887939453125,425.8493347167969,738.6317749023438,578.482666015625
28,player,6,526.74560546875,544.9937133789062,421.744384765625,791.3540649414062
28,player,5,1066.72900390625,543.0077514648438,784.374267578125,906.7012329101562
28,player,12,195.63279724121094,371.25750732421875,213.19931030273438,187.92745971679688
28,player,8,626.3072509765625,350.08135986328125,636.529541015625,260.19598388671875
28,player,9,157.0919189453125,366.5501708984375,169.48524475097656,180.15052795410156
29,player,1,987.2198486328125,507.55853271484375,765.155517578125,818.8333740234375
29,player,3,578.4924926757812,520.3557739257812,467.58544921875,753.446533203125
29,player,4,667.8743896484375,352.26641845703125,678.7456665039062,276.8702392578125
29,player,10,830.8333740234375,426.95709228515625,737.613037109375,580.55029296875
29,player,6,528.709716796875,544.7149658203125,422.57421875,791.9033203125
29,player,5,1067.335693359375,543.0716552734375,784.9637451171875,906.6295166015625
29,player,7,794.064697265625,411.18743896484375,720.0130615234375,530.5321044921875
29,player,12,195.933349609375,368.9347839355469,213.06063842773438,188.6907958984375
29,player,8,627.4610595703125,348.4149475097656,639.0888061523438,256.99639892578125
30,player,1,988.823486328125,506.41876220703125,766.7255859375,818.497802734375
30,player,3,580.4261474609375,520.402099609375,468.9842224121094,753.528564453125
30,player,10,829.4278564453125,429.87603759765625,735.41015625,584.6624145507812
30,player,4,669.331298828125,351.5318603515625,679.4306030273438,277.3070068359375
30,player,5,1068.812744140625,542.6471557617188,785.835205078125,906.4232177734375
30,player,6,529.9515991210938,544.160400390625,423.49371337890625,791.963134765625
30,player,7,791.7608642578125,411.2003479003906,720.4139404296875,529.21826171875
30,player,8,650.9242553710938,351.99993896484375,647.2620239257812,262.8740234375
30,player,16,629.5065307617188,347.9551086425781,646.3508911132812,249.842529296875
31,player,1,990.286865234375,507.02911376953125,767.885986328125,818.8408203125
31,player,3,581.8782348632812,521.192138671875,470.10546875,754.2962036132812
31,player,10,829.040283203125,431.98040771484375,733.0546875,589.3717041015625
31,player,5,1069.9892578125,541.6614990234375,787.01708984375,905.7488403320312
31,player,7,789.4645385742188,416.15435791015625,718.0599975585938,533.3997192382812
31,player,4,670.90771484375,352.1582946777344,680.1429443359375,278.66595458984375
31,player,6,530.2903442382812,542.8677978515625,424.36956787109375,791.1097412109375
31,player,8,649.3057861328125,352.88226318359375,651.67333984375,267.7568664550781
31,player,12,196.93310546875,367.9381103515625,213.35784912109375,187.84231567382812
32,player,1,991.4459838867188,506.8900146484375,768.974609375,819.0559692382812
32,player,3,583.8566284179688,522.4315795898438,471.09222412109375,755.8880615234375
32,player,10,830.7886962890625,433.5704345703125,731.4053955078125,594.1544799804688
32,player,5,1071.1820068359375,541.0656127929688,788.2696533203125,905.0191650390625
32,player,7,788.8804931640625,417.7869567871094,715.7295532226562,537.77294921875
32,player,6,531.1466064453125,542.2756958007812,425.2342529296875,790.1993408203125
32,player,4,672.012451171875,352.1647033691406,680.974609375,279.68896484375
32,player,12,200.67970275878906,367.90679931640625,214.8219451904297,187.6871337890625
32,player,8,643.262939453125,352.44219970703125,652.6836547851562,269.59039306640625
33,player,1,993.0413818359375,507.0032958984375,770.0328369140625,819.4061889648438
33,player,3,585.250244140625,522.7020263671875,472.026123046875,757.2376098632812
33,player,10,830.4860229492188,434.10052490234375,730.0449829101562,597.7509765625
33,player,5,1072.449462890625,541.3509521484375,789.2769775390625,904.8222045898438
33,player,7,788.2117309570312,414.02618408203125,715.4758911132812,536.5858154296875
33,player,4,673.8628540039062,352.3294677734375,682.0675048828125,280.8056945800781
33,player,6,531.4127807617188,540.039794921875,426.2049255371094,788.0281372070312
33,player,12,201.35699462890625,370.0615234375,215.88949584960938,190.8169403076172
34,player,1,994.721923828125,506.937255859375,771.1566162109375,819.720947265625
34,player,10,830.7093505859375,434.36712646484375,729.1215209960938,600.3692016601562
34,player,3,585.3373413085938,522.8734741210938,472.622802734375,758.2506103515625
34,player,5,1073.365234375,542.0484008789062,789.899169921875,905.20751953125
34,player,7,787.6004638671875,415.5697021484375,714.5323486328125,537.3873291015625
34,player,6,532.4259643554688,539.77294921875,427.120361328125,786.50390625
34,player,4,674.2813720703125,352.66461181640625,682.7770385742188,282.05450439453125
34,player,8,656.292724609375,353.0891418457031,657.461669921875,273.2410888671875
34,player,12,203.4246826171875,370.81182861328125,217.2399444580078,194.1834716796875
35,player,1,998.648681640625,507.059814453125,772.8056640625,820.3297729492188
35,player,10,831.8068237304688,435.45831298828125,728.4126586914062,603.2333984375
35,player,3,585.967041015625,522.8331298828125,473.17279052734375,758.9291381835938
35,player,5,1074.78173828125,541.3795166015625,790.8655395507812,905.1375122070312
35,player,7,784.6400146484375,414.71722412109375,713.3831787109375,536.7122802734375
35,player,6,532.89208984375,540.1441650390625,427.76953125,785.81591796875
35,player,4,675.309814453125,352.5427551269531,683.6348876953125,282.8155517578125
35,player,12,204.21792602539062,369.93292236328125,218.43252563476562,195.18814086914062
36,player,1,998.1776123046875,506.98870849609375,773.787841796875,820.6361694335938
36,player,3,586.5440673828125,522.47412109375,473.7387390136719,759.146728515625
36,player,10,832.03466796875,435.03326416015625,728.1781005859375,604.7049560546875
36,player,5,1075.70263671875,539.86083984375,792.2418212890625,904.1895751953125
36,player,6,534.05615234375,539.5294799804688,428.56646728515625,785.0177001953125
36,player,7,783.7130126953125,413.77264404296875,712.73046875,535.1781005859375
36,player,4,675.2119140625,352.6314697265625,684.1221313476562,283.4239501953125
36,player,12,208.04083251953125,369.0340576171875,220.54800415039062,194.98023986816406
36,player,14,200.00497436523438,368.9375,206.58047485351562,201.06915283203125
36,player,8,655.9974365234375,352.84222412109375,660.56884765625,275.2295837402344
37,player,1,1000.02587890625,507.2197265625,774.7955322265625,821.1510009765625
37,player,3,587.5912475585938,522.8369140625,474.29644775390625,759.6444091796875
37,player,5,1077.16748046875,538.8448486328125,793.8359375,903.03125
37,player,10,832.841552734375,433.975341796875,728.6578369140625,604.7103271484375
37,player,6,537.0584716796875,542.554931640625,429.33160400390625,786.895751953125
37,player,7,781.3981323242188,417.9385681152344,710.0301513671875,538.34814453125
37,player,4,673.7113037109375,353.2040710449219,683.6943359375,284.4498291015625
37,player,8,653.6370849609375,352.98748779296875,661.7362060546875,276.448974609375
37,player,12,204.50953674316406,368.3404541015625,220.7686767578125,193.4149169921875
38,player,1,1000.812255859375,506.88214111328125,775.765869140625,821.3043212890625
38,player,3,588.75439453125,523.0082397460938,474.9127197265625,760.189453125
38,player,10,833.6898193359375,433.2498779296875,729.4876708984375,604.08740234375
38,player,5,1080.57080078125,539.8265991210938,795.3128662109375,903.1640625
38,player,6,538.1566162109375,542.9949951171875,430.0225524902344,788.5142211914062
38,player,7,781.7703857421875,419.33538818359375,707.8533935546875,541.904052734375
38,player,4,670.505615234375,354.092041015625,681.9711303710938,285.9879455566406
38,player,12,206.02658081054688,369.2313232421875,221.3751983642578,193.87869262695312
38,player,8,653.5151977539062,354.079345703125,662.01220703125,278.77008056640625
39,player,1,1002.871337890625,508.42279052734375,776.341552734375,822.6822509765625
39,player,3,589.6005249023438,522.8848266601562,475.5440979003906,760.5189208984375
39,player,10,833.0234375,433.87933349609375,729.5970458984375,604.2327270507812
39,player,5,1081.657958984375,538.8054809570312,796.8882446289062,902.6770629882812
39,player,7,779.0966796875,415.573486328125,707.0906372070312,540.0030517578125
39,player,4,672.8074340820312,354.4002685546875,681.49267578125,287.6905517578125
39,player,6,540.4471435546875,544.5150146484375,430.78057861328125,790.820068359375
39,player,12,205.77728271484375,369.91937255859375,221.6468505859375,195.15330505371094
39,player,8,656.1682739257812,355.2395935058594,662.611572265625,282.2214050292969
40,player,1,1005.0543212890625,508.6124267578125,777.1806640625,823.8892822265625
40,player,3,590.8316650390625,523.831298828125,476.079833984375,761.5401611328125
40,player,7,776.2247314453125,417.62957763671875,704.9749755859375,540.6488037109375
40,player,10,833.1453857421875,433.52215576171875,729.8399047851562,603.9907836914062
40,player,5,1081.7607421875,540.9996337890625,797.1563110351562,903.7728881835938
40,player,6,541.0717163085938,544.6190185546875,431.40570068359375,792.4404296875
40,player,8,664.5845336914062,354.32135009765625,666.1906127929688,284.16522216796875
40,player,12,205.87217712402344,369.1760559082031,221.89697265625,194.90985107421875
40,player,14,212.1988983154297,369.02130126953125,214.2487335205078,199.27322387695312
40,player,17,221.32931518554688,368.24224853515625,237.44273376464844,195.75827026367188
41,player,1,1007.11181640625,507.88397216796875,778.494384765625,824.313720703125
41,player,3,592.4246826171875,523.646484375,476.8532409667969,762.1929931640625
41,player,7,774.9315185546875,418.89288330078125,702.7478637695312,542.263671875
41,player,10,833.521240234375,433.13568115234375,730.2525634765625,603.4922485351562
41,player,5,1081.198486328125,541.4195556640625,797.052001953125,904.7108154296875
41,player,6,541.2257690429688,544.6318359375,431.8467102050781,793.5145263671875
41,player,12,206.778076171875,370.4595031738281,222.2928466796875,196.72561645507812
41,player,8,662.2197265625,354.53857421875,667.6364135742188,285.4557189941406
42,player,1,1009.8101806640625,507.102783203125,780.294677734375,824.2420043945312
42,player,7,773.0499267578125,412.6605224609375,703.1141967773438,536.5331420898438
42,player,3,593.46044921875,523.036865234375,477.7245788574219,762.2438354492188
42,player,5,1081.5562744140625,540.7620849609375,797.2996215820312,904.9279174804688
42,player,10,834.052490234375,434.1656494140625,730.2736206054688,604.2219848632812
42,player,6,542.5572509765625,544.1953125,432.5187072753906,794.0067138671875
42,player,4,670.670166015625,354.71453857421875,680.3363647460938,288.9864501953125
42,player,12,207.44735717773438,370.2354431152344,222.7882080078125,197.6590576171875
42,player,8,647.4017944335938,351.1697082519531,664.96630859375,279.7698974609375
43,player,1,1011.4391479492188,506.8568115234375,781.9542846679688,824.1483154296875
43,player,7,770.8985595703125,412.52490234375,702.771240234375,532.4474487304688
43,player,3,594.805419921875,523.3180541992188,478.5679931640625,762.5948486328125
43,player,6,543.9033813476562,544.2302856445312,433.27056884765625,794.455078125
43,player,5,1082.2021484375,540.19287109375,797.81201171875,904.753662109375
43,player,10,833.4871826171875,435.53033447265625,729.6053466796875,605.9661865234375
43,player,4,666.140625,355.0433654785156,677.9351806640625,289.7574462890625
43,player,12,207.68341064453125,371.0633850097656,223.14251708984375,199.49349975585938
43,player,8,649.5271606445312,350.857666015625,664.074951171875,275.8802185058594
44,player,1,1011.671630859375,504.6964111328125,783.8873901367188,822.5386962890625
44,player,7,769.8862915039062,416.46221923828125,700.7584228515625,533.88037109375
44,player,3,596.06201171875,523.6738891601562,479.3572692871094,763.189453125
44,player,5,1081.7802734375,540.133544921875,798.068359375,904.57080078125
44,player,6,544.482666015625,543.461181640625,434.01861572265625,794.246826171875
44,player,10,829.3668212890625,437.00592041015625,727.455810546875,608.13525390625
44,player,4,659.734375,354.3292236328125,674.52392578125,288.50433349609375
44,player,12,212.31546020507812,374.86553955078125,224.70220947265625,206.67681884765625
45,player,1,1012.7636108398438,502.521484375,786.221923828125,819.991455078125
45,player,7,768.5408935546875,414.07830810546875,699.955810546875,532.1482543945312
45,player,3,596.5601806640625,523.5943603515625,480.0074462890625,763.5562744140625
45,player,5,1081.456298828125,539.640869140625,798.3350219726562,904.1123046875
45,player,6,545.5376586914062,542.183837890625,434.9591369628906,793.2862548828125
45,player,10,827.726318359375,438.45513916015625,725.0543823242188,610.7826538085938
45,player,12,211.75686645507812,384.33538818359375,224.98329162597656,224.46839904785156
45,player,4,663.7513427734375,354.1861572265625,673.7102661132812,287.9612121582031
46,player,1,1013.646240234375,501.84027099609375,788.212158203125,817.9072265625
46,player,12,212.76904296875,388.8612060546875,225.23985290527344,242.2603759765625
46,player,5,1083.9493408203125,535.736328125,800.4863891601562,901.4854736328125
46,player,6,546.46435546875,541.1722412109375,435.953369140625,792.012939453125
46,player,3,596.475341796875,523.6278076171875,480.4029541015625,763.81298828125
46,player,7,767.842041015625,409.5784912109375,700.9469604492188,526.11083984375
46,player,10,826.786376953125,438.291748046875,723.2923583984375,612.2586059570312
46,player,4,665.76318359375,354.2122802734375,673.84423828125,287.8815002441406
46,player,8,649.56884765625,353.47747802734375,662.4507446289062,277.085205078125
47,player,1,1013.867919921875,501.3270263671875,789.7530517578125,816.1929931640625
47,player,12,214.31260681152344,387.27423095703125,225.9967803955078,251.86766052246094
47,player,5,1084.4193115234375,535.610595703125,802.039794921875,899.7320556640625
47,player,10,822.8473510742188,438.4276123046875,720.9965209960938,612.9782104492188
47,player,6,546.54541015625,541.1465454101562,436.62310791015625,791.1732788085938
47,player,3,596.890869140625,523.3290405273438,480.81842041015625,763.7896728515625
47,player,7,766.763427734375,411.26312255859375,700.6260986328125,523.90087890625
47,player,4,669.9134521484375,354.37408447265625,675.253173828125,288.544677734375
47,player,8,650.5567626953125,354.7701721191406,661.2078857421875,279.8080749511719
48,player,1,1014.3892822265625,501.5833740234375,790.7872314453125,815.3096923828125
48,player,10,818.307861328125,438.64447021484375,718.1563110351562,613.2275390625
48,player,5,1084.369384765625,537.1402587890625,802.4866943359375,899.578125
48,player,6,547.2459716796875,539.7396240234375,437.4520263671875,789.6759033203125
48,player,3,597.381103515625,522.7852783203125,481.3118896484375,763.40673828125
48,player,7,765.3399658203125,408.62615966796875,701.0079956054688,519.4610595703125
48,player,12,215.54922485351562,389.4512939453125,226.76324462890625,261.16754150390625
48,player,4,670.3175048828125,354.42669677734375,676.2822875976562,289.09698486328125
48,player,8,655.8309326171875,355.43157958984375,661.8986206054688,283.1254577636719
49,player,1,1014.7052001953125,501.90673828125,791.4161376953125,814.998779296875
49,player,7,764.1922607421875,410.87188720703125,700.055908203125,518.8973999023438
49,player,5,1085.4810791015625,537.472412109375,802.9163208007812,899.7761840820312
49,player,10,813.2025146484375,440.59088134765625,714.171875,614.7723999023438
49,player,3,597.9229736328125,522.4405517578125,481.8312683105469,762.94287109375
49,player,6,547.6329345703125,538.9312133789062,438.2139892578125,788.1526489257812
49,player,12,200.68893432617188,394.6684265136719,222.21421813964844,272.46258544921875
49,player,4,666.211669921875,353.5071105957031,675.9576416015625,287.68048095703125
49,player,17,217.4284210205078,392.95574951171875,234.60385131835938,229.54246520996094
49,player,14,187.450439453125,396.568603515625,209.77297973632812,233.2605743408203
49,player,8,650.666015625,353.42315673828125,661.4263916015625,281.84722900390625
50,player,7,761.5035400390625,413.0711669921875,697.8114624023438,520.6287231445312
50,player,1,1014.850830078125,502.19384765625,791.7532958984375,815.0192260742188
50,player,5,1085.29150390625,539.2850341796875,802.501953125,901.0557250976562
50,player,3,598.3743286132812,521.4498291015625,482.46875,761.9334716796875
50,player,6,547.3850708007812,538.2991943359375,438.75189208984375,786.6887817382812
50,player,10,812.3677978515625,440.2619934082031,711.4696044921875,615.3846435546875
50,player,8,652.094482421875,352.4620361328125,661.9879760742188,279.8227844238281
50,player,12,200.05300903320312,398.7293701171875,218.86767578125,285.00506591796875
50,player,17,218.46304321289062,397.89544677734375,232.80154418945312,258.03570556640625
51,player,7,759.3798828125,417.71612548828125,694.001220703125,526.478759765625
51,player,1,1015.0632934570312,501.88214111328125,792.1417846679688,814.8208618164062
51,player,5,1086.3681640625,538.3973388671875,802.8001708984375,901.398681640625
51,player,6,549.0952758789062,537.9210815429688,439.5738830566406,785.5982055664062
51,player,3,598.948486328125,521.333984375,483.04656982421875,761.2362060546875
51,player,10,813.265625,440.34075927734375,709.9343872070312,615.94189453125
51,player,8,651.2559204101562,352.13922119140625,662.20166015625,277.9486999511719
51,player,17,219.91209411621094,400.00189208984375,231.96630859375,279.41046142578125
51,player,12,197.54278564453125,400.5240783691406,215.8180694580078,295.1870422363281
51,player,4,665.4088745117188,353.5469970703125,675.4609375,286.72137451171875
51,player,14,209.4733123779297,398.0501708984375,213.80162048339844,259.67376708984375
52,player,7,757.7396240234375,416.8964538574219,691.3477783203125,529.2537231445312
52,player,5,1087.212890625,538.103271484375,803.295654296875,901.49609375
52,player,1,1015.2220458984375,501.8077392578125,792.46142578125,814.650146484375
52,player,6,549.7218017578125,537.1837768554688,440.3790283203125,784.4064331054688
52,player,3,598.449462890625,518.0550537109375,483.9297790527344,758.2623291015625
52,player,10,811.6673583984375,441.2724914550781,708.152587890625,617.0422973632812
52,player,8,650.4307861328125,352.38360595703125,661.9638061523438,276.9803771972656
52,player,12,203.50711059570312,402.54071044921875,215.62452697753906,305.0137634277344
52,player,17,216.49510192871094,402.521728515625,230.20408630371094,296.1317138671875
53,player,7,756.51806640625,417.01885986328125,689.2211303710938,531.0655517578125
53,player,5,1087.21826171875,538.62939453125,803.4301147460938,901.8978271484375
53,player,1,1015.0596923828125,501.82659912109375,792.6220092773438,814.5399169921875
53,player,6,549.5595703125,537.001708984375,440.89300537109375,783.4876098632812
53,player,3,598.244873046875,517.9686279296875,484.469970703125,756.2470703125
53,player,10,811.292724609375,441.076416015625,706.96142578125,617.5360107421875
53,player,8,653.6854248046875,352.56207275390625,662.8319091796875,276.98956298828125
53,player,17,225.15036010742188,384.294189453125,232.93270874023438,284.0675048828125
53,player,14,216.09934997558594,404.2618408203125,218.1770477294922,285.4491271972656
54,player,5,1087.66943359375,538.4191284179688,803.6976928710938,902.0579223632812
54,player,7,756.2529296875,414.94537353515625,688.526611328125,530.0165405273438
54,player,1,1015.1896362304688,501.70867919921875,792.802734375,814.39208984375
54,player,6,549.388427734375,536.7783813476562,441.22235107421875,782.715576171875
54,player,3,598.1575927734375,517.6307983398438,484.86480712890625,754.6729125976562
54,player,8,651.8878173828125,352.3956604003906,662.8590087890625,276.5465393066406
54,player,10,812.1801147460938,441.4028625488281,706.3153076171875,618.2503662109375
54,player,17,224.80087280273438,397.17510986328125,233.76930236816406,293.23944091796875
54,player,14,212.04055786132812,408.88238525390625,219.51150512695312,307.51019287109375
55,player,5,1088.842041015625,538.69287109375,804.04541015625,902.4259033203125
55,player,1,1014.90625,501.88653564453125,792.7835083007812,814.40380859375
55,player,6,549.3011474609375,536.707275390625,441.4270324707031,782.155517578125
55,player,7,759.3325805664062,409.81854248046875,690.906494140625,524.126953125
55,player,3,597.880859375,517.0531005859375,485.16473388671875,753.1868896484375
55,player,10,812.5008544921875,442.1041259765625,705.7300415039062,619.410400390625
55,player,14,213.91293334960938,409.2452697753906,220.940673828125,322.494140625
55,player,8,649.54248046875,351.86614990234375,662.30126953125,275.227294921875
55,player,17,223.89654541015625,400.2189025878906,233.83978271484375,302.9999694824219
55,player,12,236.35537719726562,387.38421630859375,226.88250732421875,295.2680969238281
56,player,5,1089.9779052734375,539.0945434570312,804.3905029296875,903.0079956054688
56,player,1,1015.027587890625,501.8817138671875,792.802734375,814.4176025390625
56,player,6,549.6837768554688,536.584716796875,441.6722412109375,781.7327270507812
56,player,14,205.60934448242188,408.8916015625,219.31195068359375,330.920166015625
56,player,7,758.5408325195312,407.57171630859375,693.0755004882812,517.7657470703125
56,player,3,597.5238647460938,516.8062133789062,485.31903076171875,752.0035400390625
56,player,10,813.7352294921875,442.7597351074219,705.4545288085938,620.9002075195312
56,player,8,649.7622680664062,351.65130615234375,662.099853515625,274.08953857421875
56,player,17,227.3853759765625,395.5,235.2865753173828,303.66259765625
56,player,12,238.1062774658203,390.6372985839844,234.5279998779297,293.4537353515625
57,player,5,1090.01513671875,539.273193359375,804.559326171875,903.5036010742188
57,player,6,550.2120361328125,536.8336181640625,441.91815185546875,781.6791381835938
57,player,1,1014.863037109375,501.80865478515625,792.802001953125,814.359619140625
57,player,7,756.087890625,403.2333984375,695.4251708984375,508.5799560546875
57,player,14,202.56369018554688,408.21551513671875,217.3385467529297,335.2396240234375
57,player,3,596.931640625,516.3214111328125,485.366455078125,750.8157348632812
57,player,10,814.646728515625,441.18975830078125,706.0989990234375,620.46484375
57,player,8,649.766845703125,352.0597839355469,661.8050537109375,273.9326171875
57,player,12,241.43345642089844,394.324951171875,240.29177856445312,297.47015380859375
57,player,17,217.11395263671875,405.8341979980469,232.37295532226562,316.1142883300781
58,player,5,1090.51318359375,539.3017578125,804.774169921875,903.8814086914062
58,player,6,551.0545654296875,536.701171875,442.3026123046875,781.6143798828125
58,player,1,1014.280517578125,502.05035400390625,792.5670776367188,814.4522705078125
58,player,7,753.9105834960938,397.9312744140625,698.3728637695312,496.39849853515625
58,player,3,596.8876953125,516.5147705078125,485.3489074707031,750.1880493164062
58,player,14,199.82211303710938,408.3551330566406,215.19741821289062,337.92919921875
58,player,10,812.622314453125,441.26947021484375,705.9261474609375,620.0685424804688
58,player,8,649.297607421875,351.96990966796875,661.49169921875,273.64703369140625
58,player,12,241.52252197265625,397.13983154296875,243.8593292236328,303.7255859375
58,player,4,663.3128051757812,354.358642578125,674.1016845703125,286.9930725097656
59,player,5,1090.682373046875,539.24267578125,804.9742431640625,904.101806640625
59,player,6,551.4813232421875,537.0407104492188,442.59954833984375,781.8509521484375
59,player,1,1013.8416748046875,501.77899169921875,792.40771484375,814.277587890625
59,player,7,753.306396484375,397.6943359375,700.1992797851562,488.1470947265625
59,player,3,596.85107421875,517.197509765625,485.19635009765625,750.298583984375
59,player,4,663.3328247070312,353.0027160644531,673.782958984375,285.2616882324219
59,player,14,204.25856018066406,405.031005859375,215.33969116210938,336.0123596191406
59,player,10,811.5795288085938,446.19903564453125,703.7506103515625,624.360107421875
59,player,12,239.3512725830078,400.59027099609375,245.24398803710938,311.95538330078125
59,player,17,225.03646850585938,403.25006103515625,233.10635375976562,321.8232116699219
59,player,18,217.40655517578125,406.0652160644531,227.18637084960938,340.1493225097656
60,player,6,552.3515014648438,537.2963256835938,442.96002197265625,782.257080078125
60,player,5,1090.9791259765625,539.311279296875,805.1484375,904.311279296875
60,player,1,1013.6539916992188,501.54205322265625,792.3466796875,813.974609375
60,player,14,202.5516357421875,405.02655029296875,214.89834594726562,334.57830810546875
60,player,4,665.0465698242188,353.4051513671875,673.9845581054688,284.906494140625
60,player,3,598.185302734375,520.8587646484375,484.7226257324219,753.2544555664062
60,player,12,239.28897094726562,402.9541320800781,245.95803833007812,320.2762451171875
60,player,7,752.056884765625,388.5579833984375,704.6810913085938,472.01214599609375
60,player,10,807.9121704101562,449.1304931640625,700.2920532226562,629.5360717773438
60,player,17,218.19949340820312,407.1946105957031,231.2188262939453,329.72296142578125
60,player,18,228.95880126953125,400.66107177734375,231.12908935546875,334.5997009277344
60,player,8,652.9193115234375,349.98284912109375,663.3204956054688,271.0496826171875
61,player,6,553.9459228515625,537.3642578125,443.5667419433594,782.6944580078125
61,player,5,1091.61962890625,539.0067749023438,805.51953125,904.300537109375
61,player,1,1013.7733154296875,501.7950439453125,792.2415771484375,813.973388671875
61,player,4,663.8453369140625,353.45489501953125,673.6921997070312,284.60418701171875
61,player,7,751.1241455078125,413.0250244140625,697.7798461914062,489.06378173828125
61,player,12,242.83839416503906,407.7784423828125,247.18850708007812,332.04937744140625
61,player,3,598.2107543945312,520.48486328125,484.4925842285156,754.8958740234375
61,player,14,206.76223754882812,405.3253173828125,215.9141845703125,334.47015380859375
61,player,10,807.80615234375,450.0396728515625,697.6965942382812,633.72998046875
62,player,6,554.1783447265625,537.2137451171875,444.04180908203125,782.8883056640625
62,player,5,1092.0108642578125,538.91162109375,805.8857421875,904.2620239257812
62,player,1,1013.681396484375,502.55755615234375,791.8651123046875,814.5247802734375
62,player,4,663.523193359375,353.2590637207031,673.474853515625,284.0934143066406
62,player,7,749.7186279296875,419.22821044921875,690.6146850585938,506.595458984375
62,player,3,598.043701171875,519.5979614257812,484.4720764160156,755.279052734375
62,player,12,244.38519287109375,410.4986267089844,248.2735137939453,343.18701171875
62,player,10,806.00439453125,451.5679931640625,694.9849853515625,637.696044921875
62,player,18,234.19985961914062,407.8896484375,234.8625946044922,340.5818786621094
62,player,14,210.54855346679688,402.76373291015625,217.88919067382812,331.5869140625
62,player,19,618.3338623046875,343.68438720703125,640.2584838867188,228.0005340576172
62,player,17,211.22122192382812,401.406982421875,228.11923217773438,326.8559265136719
62,player,20,203.34774780273438,403.9434814453125,214.93443298339844,328.2727966308594
63,player,6,554.4329833984375,537.3773193359375,444.3848876953125,783.152099609375
63,player,5,1092.2685546875,539.0579833984375,806.130859375,904.35009765625
63,player,1,1013.9051513671875,503.24505615234375,791.418701171875,815.4046020507812
63,player,4,664.070068359375,353.0318298339844,673.6109619140625,283.5050354003906
63,player,7,749.7484741210938,421.99462890625,684.9733276367188,520.8812255859375
63,player,10,806.0567016601562,447.60491943359375,694.6209716796875,636.618896484375
63,player,3,597.8497924804688,518.318359375,484.6571960449219,754.5419921875
63,player,12,245.5838623046875,411.1834716796875,249.2992401123047,351.38262939453125
63,player,14,211.00283813476562,402.9680480957031,219.30508422851562,330.01947021484375
63,player,19,617.4777221679688,344.1484375,639.780517578125,228.5872802734375
64,player,6,554.318359375,537.312255859375,444.591064453125,783.2677612304688
64,player,1,1014.0765380859375,504.3572998046875,790.7564697265625,816.8021850585938
64,player,5,1092.19873046875,539.3636474609375,806.1640625,904.5977783203125
64,player,4,660.3095703125,353.2247314453125,672.3577270507812,282.9513854980469
64,player,7,749.7156372070312,420.49517822265625,681.8336181640625,528.6026611328125
64,player,10,804.6513671875,447.4666442871094,694.0465087890625,635.6605224609375
64,player,3,597.96142578125,518.470703125,484.7757568359375,754.1876831054688
64,player,12,246.2184600830078,411.75701904296875,250.12008666992188,357.46978759765625
64,player,14,211.85598754882812,402.7650146484375,220.50390625,328.8360900878906
65,player,6,554.5682373046875,537.2772827148438,444.79095458984375,783.337158203125
65,player,1,1014.1209106445312,505.283935546875,789.9929809570312,818.38818359375
65,player,5,1091.822998046875,539.6741943359375,805.9869384765625,904.92919921875
65,player,4,656.3314208984375,352.12176513671875,670.6578979492188,280.5585021972656
65,player,7,749.2340698242188,429.791748046875,676.3775024414062,543.109130859375
65,player,10,801.2203369140625,449.7720947265625,691.9266967773438,636.8602294921875
65,player,3,598.2987060546875,518.5790405273438,484.915283203125,754.06689453125
65,player,18,233.205322265625,415.62725830078125,236.48727416992188,353.73590087890625
65,player,12,245.65904235839844,414.07843017578125,250.31637573242188,364.1584167480469
66,player,6,554.7457275390625,537.2645263671875,444.9656677246094,783.386962890625
66,player,1,1014.4794921875,505.816162109375,789.3875732421875,819.8341064453125
66,player,5,1092.96044921875,538.345947265625,806.61376953125,904.3792724609375
66,player,4,654.1103515625,351.90789794921875,668.8925170898438,278.4359130859375
66,player,7,747.4005126953125,434.65765380859375,670.644287109375,557.2200927734375
66,player,10,801.3359375,451.09063720703125,690.1244506835938,638.86572265625
66,player,3,597.92724609375,518.6995849609375,484.89093017578125,754.0499267578125
66,player,12,246.63653564453125,417.27423095703125,250.51632690429688,372.40625
66,player,18,256.6073913574219,417.55413818359375,244.5372772216797,366.9910583496094
67,player,6,554.97998046875,537.1630859375,445.15234375,783.3643798828125
67,player,1,1014.1778564453125,505.92987060546875,788.8780517578125,820.8321533203125
67,player,5,1092.969482421875,538.3881225585938,807.0081787109375,904.049560546875
67,player,4,653.5480346679688,352.07073974609375,667.4892578125,277.2213134765625
67,player,7,745.2537841796875,437.8136901855469,665.25146484375,569.2926025390625
67,player,10,798.6055908203125,451.8851013183594,687.9339599609375,640.6492919921875
67,player,3,598.205810546875,518.2819213867188,485.0245361328125,753.744140625
67,player,21,174.06910705566406,409.2193603515625,188.2578125,338.1781311035156
67,player,20,183.31570434570312,410.028076171875,208.44515991210938,333.71844482421875
67,player,18,254.13821411132812,419.01544189453125,248.91049194335938,377.0681457519531
67,player,12,240.7102813720703,417.66357421875,248.81741333007812,377.61492919921875
67,player,14,231.34356689453125,406.44757080078125,227.1619415283203,334.7530517578125
67,player,17,192.14988708496094,407.900146484375,219.83688354492188,331.1016845703125
68,player,6,555.3171997070312,536.978515625,445.38531494140625,783.242919921875
68,player,1,1015.4064331054688,506.89398193359375,788.49169921875,822.2771606445312
68,player,5,1093.20458984375,538.67431640625,807.2156982421875,904.0364990234375
68,player,7,744.2264404296875,434.69451904296875,662.5023193359375,573.9733276367188
68,player,10,798.2640380859375,451.9386901855469,686.3985595703125,641.8265991210938
68,player,4,653.0089721679688,352.43682861328125,666.246826171875,276.8883056640625
68,player,3,599.17138671875,517.4496459960938,485.5113525390625,752.9898681640625
68,player,18,248.27044677734375,421.6517333984375,249.78903198242188,386.0892639160156
68,player,21,177.06741333007812,407.7637939453125,189.232421875,336.68792724609375
68,player,20,182.6085205078125,408.9361572265625,204.04324340820312,335.83404541015625
69,player,6,555.2589111328125,536.8413696289062,445.54547119140625,783.0604248046875
69,player,1,1014.3878173828125,506.5140380859375,788.1312866210938,822.8600463867188
69,player,10,798.4989013671875,452.1022033691406,685.40869140625,642.76318359375
69,player,5,1093.634521484375,538.8331909179688,807.3929443359375,904.162109375
69,player,7,744.343994140625,428.67767333984375,662.8001708984375,571.0028076171875
69,player,4,653.703125,352.93792724609375,665.4691772460938,277.4647521972656
69,player,3,600.0439453125,517.5568237304688,486.0229797363281,752.6517333984375
69,player,18,242.38978576660156,420.73284912109375,248.64833068847656,390.28253173828125
69,player,12,223.37698364257812,421.29083251953125,242.23651123046875,383.4766845703125
70,player,6,555.2901611328125,537.0338134765625,445.625244140625,783.0831298828125
70,player,1,1016.1737060546875,508.51348876953125,787.597412109375,824.8231811523438
70,player,7,743.17919921875,432.4162292480469,661.3826904296875,572.7197265625
70,player,10,798.7366943359375,452.56390380859375,684.672119140625,643.8164672851562
70,player,5,1093.90478515625,539.192626953125,807.4412841796875,904.4942016601562
70,player,4,652.8919677734375,352.79290771484375,664.7498779296875,277.53802490234375
70,player,3,600.217041015625,519.8213500976562,485.9599609375,754.1641845703125
70,player,21,172.98223876953125,404.88653564453125,188.66891479492188,331.6752014160156
70,player,20,178.68826293945312,407.12603759765625,200.01760864257812,334.5413513183594
70,player,19,624.9351196289062,349.9972229003906,639.7235107421875,238.44314575195312
70,player,12,228.83389282226562,419.8609619140625,239.6923828125,386.17315673828125
71,player,1,1014.0096435546875,507.4693603515625,787.105224609375,825.174560546875
71,player,6,554.59716796875,536.5655517578125,445.58770751953125,782.7056274414062
71,player,7,742.832763671875,430.17572021484375,661.126220703125,571.5552978515625
71,player,10,797.50537109375,452.75030517578125,683.7940673828125,644.559326171875
71,player,5,1095.037109375,539.2989501953125,807.6966552734375,904.8631591796875
71,player,4,659.1453857421875,353.23822021484375,666.2017211914062,278.95452880859375
71,player,3,601.3756713867188,516.904296875,486.7714538574219,753.0252685546875
71,player,12,235.6739044189453,418.27685546875,240.211181640625,386.7671203613281
71,player,20,183.1536865234375,409.1240234375,198.72865295410156,336.6593017578125
72,player,1,1017.5665283203125,508.76416015625,787.178466796875,826.6189575195312
72,player,6,554.5487060546875,536.5068359375,445.56134033203125,782.4140014648438
72,player,5,1098.09765625,539.4512939453125,808.5164794921875,905.4299926757812
72,player,7,741.93798828125,429.4354248046875,660.95751953125,569.9652709960938
72,player,10,796.1153564453125,453.5484619140625,682.5731201171875,645.64453125
72,player,4,658.716064453125,353.39501953125,666.9371948242188,280.046142578125
72,player,20,179.50277709960938,408.66448974609375,196.77008056640625,337.079345703125
72,player,12,239.41891479492188,418.345458984375,241.68145751953125,387.62030029296875
72,player,3,602.5276489257812,515.9217529296875,487.77691650390625,751.6273193359375
72,player,17,174.4282684326172,403.2981262207031,209.05987548828125,326.18890380859375
72,player,21,189.23870849609375,404.6405029296875,193.408935546875,329.849365234375
72,player,18,253.08737182617188,409.48016357421875,251.98291015625,380.71588134765625
72,player,19,621.1023559570312,349.48394775390625,638.5850830078125,243.64810180664062
73,player,1,1019.04541015625,508.5146484375,787.6790771484375,827.4969482421875
73,player,6,555.3223876953125,536.4149780273438,445.74578857421875,782.218505859375
73,player,5,1099.842041015625,539.4451904296875,809.45556640625,905.9254150390625
73,player,7,741.4630737304688,427.01544189453125,661.5446166992188,566.42919921875
73,player,10,791.737548828125,456.1343688964844,679.7194213867188,648.30126953125
73,player,4,656.9034423828125,353.481689453125,666.7716064453125,280.664306640625
73,player,20,182.3648681640625,406.1473083496094,196.46963500976562,334.51885986328125
73,player,3,603.433349609375,516.431640625,488.55499267578125,751.181884765625
73,player,12,246.63816833496094,417.8564147949219,244.86309814453125,388.3433837890625
73,player,17,174.25550842285156,401.7501220703125,202.04380798339844,321.0050048828125
73,player,21,188.46253967285156,404.7894592285156,196.24111938476562,328.7668762207031
74,player,1,1022.933837890625,508.40130615234375,788.99609375,828.2971801757812
74,player,10,790.0330810546875,454.7022399902344,677.8810424804688,648.5747680664062
74,player,5,1102.155029296875,539.7523193359375,810.489990234375,906.616943359375
74,player,6,557.203369140625,535.905029296875,446.4036865234375,781.8695068359375
74,player,3,604.508544921875,515.6990966796875,489.47161865234375,750.4192504882812
74,player,7,740.4105224609375,429.36932373046875,660.8157348632812,566.4190673828125
74,player,4,654.9081420898438,353.84014892578125,665.8489990234375,281.33685302734375
74,player,20,184.5224609375,406.1669921875,196.94830322265625,333.109619140625
74,player,12,252.84634399414062,418.0750732421875,248.80044555664062,389.71087646484375
74,player,17,174.17123413085938,400.37158203125,197.4955291748047,315.85955810546875
74,player,21,190.09857177734375,405.0375061035156,198.58535766601562,328.55029296875
75,player,1,1024.9005126953125,508.47723388671875,790.3042602539062,829.029052734375
75,player,6,559.3463134765625,535.5555419921875,447.4064025878906,781.55712890625
75,player,5,1104.20458984375,540.7990112304688,811.2568359375,907.8861083984375
75,player,10,788.6217041015625,454.25286865234375,676.452880859375,648.2152099609375
75,player,4,656.2352294921875,353.48358154296875,665.8392333984375,281.4271240234375
75,player,7,739.6821899414062,435.2249755859375,658.1563110351562,572.1973876953125
75,player,3,605.8731079101562,514.4142456054688,490.66082763671875,749.0487060546875
75,player,20,186.5164794921875,406.52606201171875,197.87002563476562,332.8555603027344
75,player,12,254.2933349609375,417.926513671875,251.8100128173828,390.5742492675781
75,player,17,173.91600036621094,402.5821228027344,194.39662170410156,315.3157653808594
76,player,1,1025.5941162109375,509.60009765625,790.9078369140625,830.3636474609375
76,player,6,560.0704345703125,534.9785766601562,448.329833984375,780.9924926757812
76,player,10,786.4526977539062,453.7513427734375,675.10205078125,647.3265991210938
76,player,5,1107.6094970703125,541.1060791015625,812.43017578125,909.16064453125
76,player,4,655.5263671875,353.4273681640625,665.6178588867188,281.3227844238281
76,player,7,739.0408935546875,433.26080322265625,656.9041748046875,573.9424438476562
76,player,3,606.0770263671875,514.3035278320312,491.50653076171875,748.0892333984375
76,player,20,187.80198669433594,406.0775146484375,198.88693237304688,332.2666320800781
76,player,12,253.84652709960938,416.53558349609375,253.73477172851562,389.44903564453125
76,player,17,173.75192260742188,402.68939208984375,192.32763671875,315.0812072753906
76,player,22,815.8904418945312,603.5953369140625,578.2654418945312,958.3218994140625
77,player,1,1022.433349609375,509.03302001953125,790.739013671875,830.5733642578125
77,player,6,560.302001953125,534.9260864257812,448.9947509765625,780.60546875
77,player,5,1113.222412109375,540.40185546875,814.7457275390625,909.9620361328125
77,player,3,608.10107421875,513.3169555664062,492.7569580078125,746.87060546875
77,player,20,189.44326782226562,408.7406921386719,199.9620361328125,335.3731384277344
77,player,7,737.9041748046875,421.2596435546875,659.8887329101562,562.727783203125
77,player,10,784.3372192382812,453.56353759765625,673.7105102539062,646.384765625
77,player,4,655.7915649414062,353.7348937988281,665.4380493164062,281.720458984375
77,player,12,256.78045654296875,417.7530517578125,255.78549194335938,390.45648193359375
78,player,1,1024.220947265625,509.71392822265625,790.813720703125,831.3392333984375
78,player,6,560.4765625,534.787841796875,449.492431640625,780.2672119140625
78,player,3,611.3411865234375,511.5081787109375,494.7425231933594,744.9442749023438
78,player,5,1114.87109375,539.3449096679688,817.0196533203125,909.934326171875
78,player,20,189.80416870117188,409.44439697265625,200.74691772460938,338.3002624511719
78,player,7,736.8661499023438,419.6651306152344,662.088623046875,553.666259765625
78,player,10,782.6474609375,452.607421875,672.6644287109375,644.742431640625
78,player,4,656.1336669921875,354.069091796875,665.30029296875,282.49041748046875
78,player,12,258.9136657714844,417.01141357421875,257.8238220214844,390.4581298828125
78,player,19,607.841796875,351.2349853515625,632.6796264648438,247.98065185546875
79,player,1,1025.5216064453125,509.46551513671875,791.2710571289062,831.7633666992188
79,player,3,612.4786987304688,511.607666015625,496.29705810546875,743.8621826171875
79,player,6,560.8046264648438,534.595947265625,449.927490234375,779.9337158203125
79,player,5,1115.838623046875,539.7281494140625,818.58056640625,910.232666015625
79,player,4,656.9049072265625,353.5369567871094,665.6856079101562,282.331298828125
79,player,10,780.024169921875,452.677734375,671.2449951171875,643.5
79,player,7,737.0203857421875,423.2659606933594,662.3008422851562,551.5477294921875
79,player,12,261.6428527832031,415.04656982421875,260.13555908203125,388.41656494140625
79,player,20,189.96897888183594,409.40655517578125,201.30966186523438,340.1736145019531
79,player,19,608.0453491210938,352.4826354980469,628.4437255859375,252.61643981933594
80,player,1,1027.5703125,510.00872802734375,791.866455078125,832.5901489257812
80,player,3,613.460205078125,510.287353515625,497.822021484375,742.2139892578125
80,player,6,560.8796997070312,534.7261352539062,450.2064208984375,779.8173828125
80,player,5,1116.46337890625,542.6061401367188,818.6859741210938,912.294921875
80,player,12,265.44610595703125,419.75018310546875,262.413330078125,393.0137939453125
80,player,10,779.08056640625,453.10772705078125,669.9219970703125,643.0009765625
80,player,4,656.383544921875,353.53863525390625,665.7604370117188,282.16876220703125
80,player,19,608.85888671875,352.7376708984375,625.8701171875,256.0920104980469
80,player,20,195.19786071777344,409.21868896484375,203.305908203125,341.7130126953125
80,player,7,737.1803588867188,427.0811462402344,661.166015625,554.109130859375
80,player,14,206.17408752441406,405.107421875,223.71218872070312,334.248291015625
81,player,1,1031.0611572265625,510.9107666015625,792.7689208984375,834.04736328125
81,player,3,614.9888916015625,510.39569091796875,499.1735534667969,741.35205078125
81,player,6,561.4674072265625,534.669189453125,450.53924560546875,779.7464599609375
81,player,5,1116.749755859375,545.0087890625,817.94775390625,915.1649169921875
81,player,12,264.5191650390625,418.5689392089844,263.7091369628906,394.5277099609375
81,player,19,607.4566040039062,351.347412109375,624.2423095703125,256.18548583984375
81,player,14,203.80780029296875,408.58343505859375,220.56846618652344,337.98944091796875
81,player,10,778.205078125,453.537353515625,668.6810302734375,642.990478515625
81,player,7,737.7799072265625,431.9166564941406,658.954833984375,560.7213745117188
81,player,8,651.6049194335938,353.635009765625,662.5804443359375,274.40826416015625
81,player,20,190.75404357910156,408.49786376953125,203.25100708007812,341.3516845703125
81,player,17,200.68919372558594,395.9674377441406,199.77066040039062,309.20196533203125
82,player,3,616.107666015625,510.48846435546875,500.3128662109375,740.9554443359375
82,player,1,1032.059326171875,511.71551513671875,793.3001708984375,835.6446533203125
82,player,6,561.8253173828125,534.9838256835938,450.7887878417969,779.956787109375
82,player,5,1117.7021484375,546.9134521484375,816.99853515625,918.2883911132812
82,player,12,267.7205810546875,417.8817138671875,265.57806396484375,395.0361328125
82,player,19,602.6815795898438,349.57830810546875,622.224853515625,253.11187744140625
82,player,14,198.8372039794922,408.19744873046875,216.99746704101562,339.4169921875
82,player,10,776.3244018554688,452.6206970214844,667.66455078125,641.9710083007812
82,player,7,737.1287841796875,432.4671630859375,657.1470947265625,565.5078125
82,player,8,641.3760986328125,353.69659423828125,658.6405029296875,275.47161865234375
82,player,17,191.62428283691406,405.98870849609375,201.32046508789062,317.18878173828125
83,player,3,616.912109375,511.09033203125,501.13092041015625,741.2306518554688
83,player,1,1032.771728515625,511.43505859375,793.9222412109375,836.540771484375
83,player,6,563.9515380859375,534.9314575195312,451.47296142578125,780.2219848632812
83,player,5,1118.673095703125,547.1514892578125,816.517822265625,920.538330078125
83,player,12,269.559326171875,415.82568359375,267.5242614746094,393.13580322265625
83,player,14,198.32534790039062,408.0322265625,214.52420043945312,340.0859680175781
83,player,19,597.5430908203125,352.1670837402344,618.2138061523438,254.24928283691406
83,player,7,736.4345703125,431.4051818847656,656.132080078125,567.4884033203125
83,player,8,642.5052490234375,353.04913330078125,656.7156982421875,275.3781433105469
83,player,10,775.24853515625,452.84771728515625,666.6350708007812,641.4187622070312
83,player,20,186.80429077148438,407.9400939941406,202.0065155029297,340.0055236816406
83,player,17,189.47227478027344,404.8397216796875,201.69818115234375,320.7088623046875
84,player,3,617.948486328125,511.61492919921875,501.813720703125,741.9005126953125
84,player,1,1034.1492919921875,511.57550048828125,794.609130859375,837.3321533203125
84,player,6,564.4514770507812,535.02099609375,452.0231018066406,780.4984130859375
84,player,5,1119.4326171875,546.080322265625,816.7657470703125,921.3907470703125
84,player,7,736.0120849609375,430.03082275390625,655.8162841796875,567.3515625
84,player,12,272.0091857910156,417.12860107421875,269.4228210449219,393.6893310546875
84,player,20,189.8673553466797,407.4951171875,202.16806030273438,338.90301513671875
84,player,19,596.6153564453125,353.1319885253906,614.941650390625,256.265380859375
84,player,8,643.1612548828125,352.9202880859375,655.7364501953125,275.21197509765625
84,player,10,774.0609130859375,452.82318115234375,665.6497802734375,640.9288330078125
84,player,17,181.52783203125,404.87152099609375,199.45240783691406,322.1859130859375
85,player,3,617.324951171875,511.850341796875,502.0535888671875,742.4671630859375
85,player,1,1034.1226806640625,511.90081787109375,794.9285888671875,838.07470703125
85,player,6,564.6832275390625,534.8152465820312,452.4715881347656,780.5470581054688
85,player,7,735.613525390625,429.07916259765625,655.8199462890625,566.26171875
85,player,5,1119.8834228515625,548.5567016601562,816.1376953125,923.5147094726562
85,player,12,273.7599792480469,416.49365234375,271.24371337890625,393.4828186035156
85,player,8,648.644287109375,353.87548828125,656.5607299804688,277.1044006347656
85,player,20,185.57492065429688,407.19610595703125,200.94549560546875,337.35723876953125
85,player,19,597.700439453125,351.9487609863281,613.6128540039062,256.0031433105469
85,player,10,772.1761474609375,453.13201904296875,664.3932495117188,640.7220458984375
86,player,1,1034.1514892578125,511.52496337890625,795.282470703125,838.2935791015625
86,player,7,735.08984375,425.95745849609375,656.7385864257812,562.3203735351562
86,player,3,616.9942626953125,511.62744140625,502.17266845703125,742.6361083984375
86,player,6,563.5040893554688,535.2095336914062,452.41162109375,780.772216796875
86,player,8,650.4761962890625,353.6288757324219,657.8102416992188,278.2020568847656
86,player,5,1123.227783203125,550.4510498046875,815.8121337890625,926.308349609375
86,player,12,278.3648986816406,407.92523193359375,274.611328125,383.5667724609375
86,player,19,589.71044921875,355.79876708984375,608.669921875,260.3942565917969
86,player,20,189.35690307617188,407.87005615234375,201.305419921875,337.5933837890625
86,player,10,770.5524291992188,454.6944580078125,662.6231689453125,641.8707275390625
86,player,23,590.4783935546875,355.7431945800781,600.2836303710938,268.5824890136719
86,player,24,591.087890625,353.321533203125,603.3363037109375,258.91204833984375
87,player,1,1033.7974853515625,511.40667724609375,795.470458984375,838.3239135742188
87,player,3,617.1844482421875,511.35003662109375,502.3544921875,742.546630859375
87,player,6,563.52392578125,535.3563842773438,452.3525390625,781.0264892578125
87,player,7,734.509521484375,426.2701721191406,657.0614624023438,560.0225830078125
87,player,12,278.2890625,414.03045654296875,276.2152404785156,384.4583740234375
87,player,8,644.53564453125,353.00732421875,656.87548828125,277.3336181640625
87,player,5,1123.9090576171875,550.862548828125,815.6080932617188,928.4267578125
87,player,20,189.14035034179688,408.23504638671875,201.45848083496094,338.1769104003906
87,player,23,588.1593627929688,354.60516357421875,599.90673828125,266.68829345703125
87,player,10,768.89501953125,456.0026550292969,660.5975952148438,643.6591796875
87,player,24,585.66455078125,352.13018798828125,601.9278564453125,256.5516052246094
88,player,1,1033.708740234375,510.57879638671875,795.8784790039062,837.7490234375
88,player,8,637.74755859375,353.6213073730469,653.7428588867188,276.8380126953125
88,player,3,617.2596435546875,511.36065673828125,502.4892578125,742.5028076171875
88,player,6,565.1683349609375,534.92236328125,452.7845458984375,781.0059814453125
88,player,5,1125.1927490234375,551.7158813476562,815.4619140625,930.4202880859375
88,player,23,586.6990966796875,355.3514404296875,598.9066162109375,266.3484191894531
88,player,7,734.136474609375,444.77655029296875,651.0424194335938,576.7992553710938
88,player,10,767.1512451171875,456.00347900390625,658.8070678710938,644.6642456054688
88,player,20,192.96527099609375,409.2302551269531,202.7091064453125,340.19305419921875
88,player,12,279.9449462890625,413.182861328125,277.8413391113281,384.2013854980469
89,player,8,644.521484375,353.8721923828125,653.882568359375,277.6705322265625
89,player,1,1033.222900390625,509.93756103515625,796.2640991210938,836.8804931640625
89,player,3,616.8087158203125,511.29364013671875,502.4779968261719,742.3855590820312
89,player,6,565.502197265625,534.7973022460938,453.167236328125,780.9281005859375
89,player,7,733.381103515625,450.2913818359375,645.1788330078125,592.8480224609375
89,player,19,584.7061157226562,353.24005126953125,604.6761474609375,259.0006103515625
89,player,5,1125.4892578125,551.4020385742188,815.54638671875,931.5458984375
89,player,23,584.444580078125,353.686279296875,598.0838623046875,263.4807434082031
89,player,10,766.6699829101562,456.00347900390625,657.5125122070312,645.2738647460938
89,player,14,197.2008056640625,411.0210266113281,212.44204711914062,344.0824890136719
89,player,12,282.8736572265625,415.791259765625,279.54998779296875,387.429931640625
89,player,17,157.28921508789062,370.54547119140625,191.00494384765625,273.77044677734375
89,player,20,185.17791748046875,406.3929443359375,201.20103454589844,337.15057373046875
90,player,8,644.68896484375,353.7419738769531,654.0814208984375,278.0472412109375
90,player,3,616.911376953125,512.3609008789062,502.27764892578125,743.1432495117188
90,player,7,733.0559692382812,444.1748352050781,643.2105712890625,597.4595947265625
90,player,6,564.6536865234375,534.8786010742188,453.1973571777344,780.8699951171875
90,player,19,581.1339111328125,354.1043395996094,600.5697021484375,258.9115905761719
90,player,1,1032.375,509.0953369140625,796.6221923828125,835.6474609375
90,player,10,765.9404296875,457.46954345703125,656.0023193359375,646.9345092773438
90,player,5,1125.9595947265625,552.0718994140625,815.4685668945312,932.721435546875
90,player,12,284.8149719238281,416.12652587890625,281.2194519042969,390.12396240234375
90,player,20,187.1882781982422,409.719970703125,200.73043823242188,339.5187072753906
90,player,23,581.4551391601562,353.921142578125,596.457275390625,261.5990905761719
91,player,8,643.008544921875,353.71417236328125,653.6574096679688,278.05450439453125
91,player,3,617.121337890625,513.778564453125,501.9104309082031,744.744873046875
91,player,7,732.4057006835938,444.96746826171875,641.4976196289062,601.154296875
91,player,6,563.964599609375,535.1101684570312,453.0113525390625,780.9461669921875
91,player,5,1126.403076171875,552.342041015625,815.422119140625,933.6829223632812
91,player,1,1032.1490478515625,509.543212890625,796.6328125,835.147705078125
91,player,23,578.524169921875,356.74676513671875,593.4326782226562,264.05865478515625
91,player,10,764.5103149414062,458.04229736328125,654.450439453125,648.4026489257812
91,player,20,188.03700256347656,411.71966552734375,200.61639404296875,343.6035461425781
91,player,12,286.79010009765625,418.93023681640625,282.6392517089844,395.35821533203125
91,player,19,576.6817626953125,355.541259765625,595.9014892578125,260.3809814453125
91,player,25,747.144287109375,457.3626708984375,638.7326049804688,644.8814086914062
92,player,8,645.3765258789062,354.39666748046875,653.9055786132812,279.3026123046875
92,player,3,617.2041015625,513.9090576171875,501.6657409667969,745.8928833007812
92,player,7,731.7850341796875,433.42633056640625,643.9620971679688,592.2352294921875
92,player,6,563.232421875,535.1157836914062,452.71282958984375,780.9423828125
92,player,1,1032.0572509765625,509.647216796875,796.57861328125,834.8897705078125
92,player,5,1126.830322265625,552.7589721679688,815.3399658203125,934.59326171875
92,player,20,191.68209838867188,417.57464599609375,201.44924926757812,353.7137451171875
92,player,10,763.6812744140625,460.49871826171875,652.438720703125,651.4920654296875
92,player,12,289.4604187011719,422.26715087890625,284.0514221191406,402.887451171875
92,player,19,575.761474609375,355.46832275390625,592.58251953125,261.12335205078125
92,player,23,576.802734375,354.32244873046875,591.72412109375,261.99859619140625
92,player,25,736.2113037109375,459.8637390136719,635.0029907226562,646.1598510742188
92,player,17,158.27723693847656,357.2919921875,186.12353515625,222.39608764648438
93,player,8,644.8268432617188,353.9757080078125,654.0497436523438,279.454833984375
93,player,3,617.779541015625,514.3125,501.5676574707031,746.9954833984375
93,player,7,731.1835327148438,434.2908935546875,645.10693359375,587.2412109375
93,player,19,573.0316162109375,351.47662353515625,590.8828125,255.5343475341797
93,player,6,563.878173828125,532.5992431640625,453.10345458984375,779.1592407226562
93,player,1,1030.9801025390625,509.6912841796875,796.2646484375,834.6676635742188
93,player,5,1127.70703125,553.2666015625,815.30419921875,935.55810546875
93,player,10,763.00634765625,461.697998046875,650.5719604492188,654.5115356445312
93,player,20,192.89450073242188,416.0892028808594,202.4169921875,358.63330078125
93,player,12,291.4007568359375,421.1962890625,285.6542663574219,406.74835205078125
93,player,23,574.4117431640625,352.10015869140625,590.5762939453125,257.17279052734375
93,player,26,571.491455078125,354.8485107421875,582.9156494140625,258.5283508300781
93,player,25,750.24462890625,461.41912841796875,635.8904418945312,649.65185546875
93,player,27,741.0775146484375,461.5908203125,630.3324584960938,654.225341796875
93,player,17,157.58987426757812,360.37799072265625,182.64727783203125,193.68881225585938
94,player,8,645.7047119140625,353.6816101074219,654.55517578125,279.2414855957031
94,player,3,618.326904296875,514.779541015625,501.5447998046875,748.114501953125
94,player,6,563.10693359375,532.7587890625,453.143310546875,778.05615234375
94,player,7,730.422607421875,445.77740478515625,641.9227905273438,595.0999755859375
94,player,1,1031.333984375,509.04833984375,796.38623046875,834.092529296875
94,player,20,189.5262908935547,420.8135986328125,201.8465576171875,367.10223388671875
94,player,5,1130.097412109375,553.9049682617188,815.59423828125,936.7474975585938
94,player,10,762.61474609375,462.904052734375,648.875732421875,657.5126342773438
94,player,12,293.9921569824219,422.990478515625,287.3007507324219,411.57958984375
94,player,23,574.6971435546875,349.53045654296875,590.8271484375,250.32568359375
94,player,4,630.9935302734375,356.77593994140625,656.032958984375,283.6307373046875
94,player,26,569.9754028320312,349.91766357421875,584.1019897460938,251.20697021484375
95,player,8,644.7728271484375,353.6600341796875,654.579345703125,278.96234130859375
95,player,3,617.2849731445312,514.6296997070312,501.3016357421875,748.642578125
95,player,6,562.4046630859375,533.5869750976562,452.858154296875,777.8880615234375
95,player,10,762.615234375,465.53790283203125,646.9546508789062,661.7915649414062
95,player,20,191.93560791015625,424.4337158203125,202.07481384277344,377.08935546875
95,player,1,1031.390625,508.2208251953125,796.7879638671875,833.1309814453125
95,player,7,730.5609130859375,422.7196044921875,647.5136108398438,577.2794799804688
95,player,5,1132.3662109375,553.4508056640625,816.458251953125,937.4105224609375
95,player,23,572.862060546875,348.64068603515625,590.6771240234375,244.3472137451172
95,player,4,628.041259765625,356.576904296875,648.7998046875,283.95623779296875
95,player,12,295.6520080566406,423.2802734375,288.83984375,415.2192077636719
95,player,26,569.4276733398438,349.84063720703125,584.713134765625,246.26943969726562
95,player,19,566.823486328125,353.5482177734375,586.9609375,254.16018676757812
96,player,8,644.2003784179688,353.6458740234375,654.408447265625,278.69329833984375
96,player,3,616.3123779296875,513.9639892578125,501.03704833984375,748.3961181640625
96,player,6,560.397216796875,534.9295654296875,451.9605712890625,778.59765625
96,player,10,762.2723388671875,466.53173828125,645.3075561523438,665.415283203125
96,player,20,191.7415313720703,423.21026611328125,202.2089385986328,382.13690185546875
96,player,7,729.2236328125,421.570556640625,651.1573486328125,564.3673706054688
96,player,23,571.944580078125,351.53851318359375,589.2536010742188,244.58987426757812
96,player,1,1031.9537353515625,508.984619140625,796.9012451171875,833.0975341796875
96,player,5,1132.869140625,553.5169677734375,817.10986328125,937.9183349609375
96,player,4,626.4720458984375,355.9887390136719,643.7972412109375,283.1577453613281
96,player,26,568.9676513671875,350.993896484375,584.5538330078125,244.69052124023438
96,player,12,302.06591796875,418.91265869140625,292.20721435546875,413.21563720703125
97,player,8,643.789794921875,353.2939453125,654.2993774414062,277.97137451171875
97,player,6,560.3258056640625,534.6826171875,451.40155029296875,778.8739624023438
97,player,3,615.8236083984375,513.1309204101562,500.9128723144531,747.5553588867188
97,player,20,190.92794799804688,423.8465576171875,202.02777099609375,386.07635498046875
97,player,10,761.0087890625,467.845947265625,643.4967041015625,668.8084716796875
97,player,1,1031.772216796875,507.1470947265625,797.6182250976562,831.7440185546875
97,player,23,569.7965087890625,352.28082275390625,587.3426513671875,245.568359375
97,player,5,1133.9593505859375,555.1035766601562,817.213134765625,939.28857421875
97,player,7,729.2697143554688,430.00079345703125,650.6676025390625,564.6422729492188
97,player,4,625.671875,355.55511474609375,640.442626953125,281.9342041015625
97,player,12,294.0849304199219,423.71185302734375,291.5180969238281,416.6158447265625
97,player,26,564.3026123046875,350.13409423828125,583.1578369140625,241.8482666015625
97,player,28,308.54803466796875,421.82366943359375,303.1624755859375,420.96453857421875
98,player,8,640.7383422851562,353.72210693359375,653.0335083007812,277.74847412109375
98,player,6,559.4639892578125,534.4776000976562,450.8646240234375,778.8370361328125
98,player,3,615.714599609375,512.0894165039062,501.017333984375,746.1962890625
98,player,23,567.3017578125,350.32171630859375,585.9281616210938,243.0535125732422
98,player,20,193.455078125,424.53704833984375,202.6463623046875,389.69744873046875
98,player,10,760.2364501953125,468.08062744140625,642.0423583984375,671.1504516601562
98,player,1,1031.508544921875,507.3289794921875,797.9515380859375,830.973876953125
98,player,7,728.1765747070312,438.09442138671875,647.3707275390625,572.7753295898438
98,player,5,1134.968017578125,555.7431030273438,817.2799072265625,940.638427734375
98,player,4,624.426025390625,354.90740966796875,638.0909423828125,280.07794189453125
98,player,12,293.5205078125,423.7266845703125,290.89990234375,418.78570556640625
98,player,28,312.55865478515625,421.69354248046875,304.37921142578125,421.223388671875
98,player,26,564.3612060546875,347.83856201171875,583.0631103515625,236.62680053710938
99,player,8,640.333251953125,353.6466979980469,652.1043701171875,277.448974609375
99,player,6,560.5025634765625,535.1797485351562,450.6480712890625,779.4041748046875
99,player,23,562.2638549804688,350.1429748535156,583.3529663085938,240.5524139404297
99,player,3,615.8846435546875,512.0663452148438,501.1323547363281,745.3089599609375
99,player,20,192.22207641601562,424.78851318359375,202.66807556152344,392.2171936035156
99,player,10,760.5771484375,468.97442626953125,640.9149780273438,673.481201171875
99,player,7,724.9193115234375,440.6832275390625,643.479736328125,580.2814331054688
99,player,1,1031.53369140625,506.763427734375,798.3865966796875,830.0684814453125
99,player,12,293.4681396484375,423.66107177734375,290.4887390136719,420.11602783203125
99,player,5,1135.4833984375,555.4154663085938,817.5562744140625,941.3558349609375
99,player,4,625.6065673828125,354.7188415527344,637.0303955078125,278.7437744140625
99,player,26,560.7681884765625,349.5792236328125,581.1729736328125,235.3677215576172
99,player,28,305.1116943359375,421.59613037109375,302.9462585449219,420.52264404296875
100,player,6,560.0194702148438,535.083251953125,450.406982421875,779.6650390625
100,player,8,637.2747802734375,353.4048156738281,650.5677490234375,276.550048828125
100,player,3,616.1050415039062,512.794677734375,501.1134338378906,745.3125
100,player,23,560.72607421875,351.62811279296875,580.6502685546875,240.91241455078125
100,player,20,193.02923583984375,424.66717529296875,202.9295654296875,393.7965393066406
100,player,1,1031.9246826171875,509.5093994140625,797.7376708984375,831.4793701171875
100,player,10,759.658447265625,468.488525390625,640.0861206054688,674.4921875
100,player,7,722.943359375,450.60845947265625,637.293212890625,594.4471435546875
100,player,12,293.5799560546875,423.38287353515625,290.2817687988281,420.6748046875
100,player,5,1134.9945068359375,555.8690185546875,817.4640502929688,942.0599365234375
100,player,4,624.7647705078125,350.87237548828125,637.5379638671875,272.287109375
100,player,26,558.5220336914062,348.9490661621094,579.3917846679688,233.35086059570312
101,player,6,559.8632202148438,533.770263671875,450.43389892578125,778.8678588867188
101,player,8,635.074462890625,354.44158935546875,648.4244384765625,277.1744689941406
101,player,3,616.017333984375,511.88079833984375,501.265869140625,744.601806640625
101,player,20,192.95465087890625,424.556396484375,203.08114624023438,394.68701171875
101,player,23,558.4495239257812,350.94488525390625,578.3500366210938,239.87692260742188
101,player,12,292.88250732421875,422.583740234375,290.015380859375,420.05389404296875
101,player,1,1031.6435546875,509.2984619140625,797.325927734375,832.2235107421875
101,player,7,723.6549072265625,451.671142578125,633.1417846679688,604.7139282226562
101,player,10,758.5499267578125,465.45904541015625,640.1793212890625,672.3974609375
101,player,5,1133.8951416015625,554.947509765625,817.4844970703125,941.8817138671875
101,player,4,623.6728515625,349.93438720703125,637.8621826171875,266.60638427734375
101,player,26,555.8931274414062,349.0561828613281,577.2984008789062,231.88104248046875
102,player,6,558.8660888671875,533.2966918945312,450.2901611328125,777.9261474609375
102,player,3,615.4171142578125,511.5372314453125,501.28533935546875,743.824951171875
102,player,20,192.53677368164062,424.155517578125,203.06851196289062,394.757568359375
102,player,8,634.694580078125,354.9453430175781,646.7080078125,278.246826171875
102,player,10,758.0712890625,464.9849853515625,640.2578125,670.5753173828125
102,player,1,1031.8914794921875,509.34356689453125,797.1019287109375,832.7591552734375
102,player,23,557.3615112304688,351.11785888671875,576.4261474609375,239.32626342773438
102,player,7,717.7333984375,450.66619873046875,629.1221313476562,609.9024658203125
102,player,12,293.0760498046875,423.2698974609375,289.8341064453125,420.45440673828125
102,player,5,1132.9525146484375,555.1084594726562,817.2276611328125,941.79443359375
102,player,28,312.9728698730469,421.4619140625,304.3880615234375,420.71319580078125
102,player,29,289.50335693359375,424.2587585449219,286.1750183105469,423.38421630859375
103,player,20,189.38290405273438,424.7921142578125,202.08779907226562,395.2211608886719
103,player,6,557.3594970703125,532.9517822265625,449.89013671875,776.9437255859375
103,player,3,615.0609130859375,512.1787719726562,501.0780944824219,743.7872924804688
103,player,1,1032.2786865234375,510.2528076171875,796.7122192382812,833.7862548828125
103,player,8,632.7205810546875,356.2452392578125,644.4293823242188,280.54022216796875
103,player,10,756.8001708984375,466.4549865722656,639.518310546875,670.5718994140625
103,player,7,717.16650390625,455.00811767578125,625.0436401367188,617.2628173828125
103,player,12,291.83673095703125,423.70184326171875,289.303955078125,421.0818176269531
103,player,23,557.3193359375,350.74847412109375,575.28564453125,238.42315673828125
103,player,5,1132.767578125,556.5734252929688,816.4984130859375,942.6073608398438
103,player,28,312.4307861328125,422.1107177734375,305.09234619140625,421.52386474609375
103,player,29,290.14666748046875,424.77532958984375,286.3187255859375,424.03656005859375
103,ball,-1,146.86827087402344,335.9493103027344,1171.1270751953125,199.80194091796875
104,player,20,188.84117126464844,424.64923095703125,201.29217529296875,395.30145263671875
104,player,6,556.93798828125,532.5095825195312,449.6025085449219,775.9485473632812
104,player,3,614.941650390625,512.0361328125,500.9427490234375,743.642822265625
104,player,1,1032.315673828125,510.371337890625,796.423828125,834.5411376953125
104,player,8,632.3788452148438,357.4806213378906,642.3606567382812,283.7190856933594
104,player,12,291.20135498046875,422.1884765625,288.9134216308594,419.69464111328125
104,player,7,715.0156860351562,453.2177734375,622.3407592773438,620.1919555664062
104,player,10,757.0220947265625,466.28729248046875,639.1480712890625,670.4420776367188
104,player,23,558.5595703125,350.565673828125,575.0287475585938,237.71731567382812
104,player,5,1133.991943359375,557.2769775390625,816.0506591796875,943.6471557617188
104,player,28,311.3432312011719,420.16290283203125,305.43438720703125,419.70660400390625
104,player,29,288.5879821777344,384.80731201171875,289.9844970703125,375.0196228027344
104,ball,-1,146.69046020507812,336.829833984375,1171.1270751953125,199.80194091796875
105,player,20,189.92007446289062,424.511474609375,201.10467529296875,395.30364990234375
105,player,8,630.180908203125,356.2701416015625,640.7450561523438,283.834228515625
105,player,6,556.5202026367188,532.1497802734375,449.3748779296875,775.0053100585938
105,player,3,614.8353271484375,512.0245971679688,500.83056640625,743.5313110351562
105,player,12,290.7564697265625,421.9781494140625,288.5461120605469,418.50634765625
105,player,1,1032.5029296875,510.1834716796875,796.351806640625,834.9130859375
105,player,23,557.19775390625,350.49969482421875,574.4198608398438,236.9984588623047
105,player,7,715.0060424804688,458.18560791015625,619.1036376953125,626.6712646484375
105,player,10,755.7486572265625,467.0274658203125,638.341796875,670.8941650390625
105,player,5,1135.2041015625,557.2861938476562,816.029052734375,944.4163818359375
105,ball,-1,143.11761474609375,337.2110595703125,1171.1270751953125,199.80194091796875
106,player,12,291.19793701171875,422.1646728515625,288.4220886230469,417.992919921875
106,player,8,627.4407958984375,355.5279541015625,639.0616455078125,282.54364013671875
106,player,6,556.0524291992188,531.0244750976562,449.30328369140625,773.5291748046875
106,player,3,615.042236328125,512.943115234375,500.6222229003906,744.1849365234375
106,player,20,191.44686889648438,424.07562255859375,201.458251953125,394.95428466796875
106,player,1,1032.2510986328125,510.5626220703125,796.1028442382812,835.404541015625
106,player,7,714.995849609375,461.45806884765625,616.0379028320312,633.8515625
106,player,23,555.5631103515625,350.44415283203125,573.4854736328125,236.25357055664062
106,player,10,753.2827758789062,467.57891845703125,636.9931030273438,671.4525146484375
106,player,5,1136.561767578125,557.3588256835938,816.294677734375,945.058349609375
106,player,30,625.4730224609375,511.19891357421875,508.69537353515625,743.9802856445312
106,ball,-1,143.26559448242188,336.576904296875,1171.1270751953125,199.80194091796875
107,player,7,711.9310913085938,454.6380615234375,615.2186279296875,632.0097045898438
107,player,8,625.5176391601562,353.7386474609375,638.0066528320312,278.94622802734375
107,player,12,292.5445251464844,422.9078369140625,288.674072265625,418.64715576171875
107,player,23,554.091796875,351.3060302734375,572.0880126953125,236.8542938232422
107,player,6,555.5120849609375,529.874755859375,449.31982421875,771.6796875
107,player,3,615.5299072265625,513.6243896484375,500.4697570800781,745.1740112304688
107,player,1,1032.992919921875,511.1959228515625,795.8863525390625,836.232666015625
107,player,10,750.3865356445312,467.21112060546875,635.4557495117188,671.2366943359375
107,player,20,186.38601684570312,424.60009765625,200.1452178955078,394.820556640625
107,player,5,1138.627197265625,558.966064453125,816.361572265625,946.5860595703125
107,player,28,308.1390380859375,422.616943359375,304.4328308105469,421.01171875
107,ball,-1,143.10206604003906,335.80853271484375,1171.1270751953125,199.80194091796875
108,player,7,710.8690185546875,453.22442626953125,614.8160400390625,629.4036254882812
108,player,12,292.281982421875,422.6309814453125,288.7857666015625,418.72900390625
108,player,23,553.6347045898438,351.1721496582031,571.0687866210938,236.99435424804688
108,player,6,555.5576171875,528.8121337890625,449.5219421386719,769.6951904296875
108,player,8,623.1806030273438,352.4428405761719,637.031005859375,274.4839172363281
108,player,3,615.5658569335938,513.8765869140625,500.32843017578125,746.0137939453125
108,player,1,1033.2467041015625,511.31793212890625,795.7620849609375,836.877685546875
108,player,20,188.31869506835938,424.1876220703125,199.8878631591797,394.4512634277344
108,player,10,749.2619018554688,466.822998046875,634.273681640625,670.6560668945312
108,player,5,1140.6361083984375,559.5485229492188,816.6494750976562,948.0711669921875
108,player,28,307.1307373046875,422.2889404296875,303.5142517089844,421.3831787109375
108,ball,-1,142.81263732910156,335.2618408203125,1171.1270751953125,199.80194091796875
109,player,7,710.78466796875,451.4600524902344,615.0588989257812,626.0549926757812
109,player,23,552.87158203125,350.504150390625,570.369384765625,236.01571655273438
109,player,6,554.0921020507812,528.86083984375,449.28778076171875,768.3251953125
109,player,1,1033.15283203125,511.58221435546875,795.560546875,837.4767456054688
109,player,3,615.2040405273438,513.7290649414062,500.17645263671875,746.416748046875
109,player,20,187.62966918945312,423.767822265625,199.52703857421875,393.65203857421875
109,player,12,295.4390869140625,422.3249816894531,289.8348083496094,418.7526550292969
109,player,8,621.7431640625,353.44134521484375,635.5302734375,272.83807373046875
109,player,10,748.8499145507812,466.88616943359375,633.3763427734375,670.297607421875
109,player,28,305.988037109375,422.567626953125,302.5456848144531,421.826904296875
109,player,5,1141.950927734375,560.2886352539062,816.8693237304688,949.571044921875
109,ball,-1,142.86196899414062,334.6209716796875,1171.1270751953125,199.80194091796875
110,player,3,614.9962158203125,513.2241821289062,500.12847900390625,746.2732543945312
110,player,23,553.3258056640625,351.1463623046875,569.8551025390625,236.3745574951172
110,player,1,1033.0428466796875,511.59674072265625,795.3974609375,837.86767578125
110,player,6,553.8515014648438,528.5804443359375,449.1243896484375,767.207763671875
110,player,28,305.62921142578125,421.55218505859375,301.91436767578125,420.917236328125
110,player,20,188.92819213867188,422.27996826171875,199.73562622070312,391.5265197753906
110,player,7,710.2822265625,452.73773193359375,614.6964721679688,625.0260009765625
110,player,10,747.4697265625,467.078369140625,632.366943359375,670.1109008789062
110,player,8,619.901123046875,354.7802734375,633.427490234375,273.4522399902344
110,player,5,1142.96142578125,559.538818359375,817.5040283203125,950.17333984375
110,ball,-1,143.0917510986328,333.8250732421875,1171.1270751953125,199.80194091796875
111,player,28,308.2110595703125,421.46551513671875,302.2880554199219,420.48931884765625
111,player,3,614.912353515625,512.7862548828125,500.1654052734375,745.8356323242188
111,player,6,554.3703002929688,528.7457275390625,449.11669921875,766.6451416015625
111,player,23,552.74951171875,350.8932189941406,569.408935546875,236.1683349609375
111,player,20,190.62281799316406,421.291748046875,200.419189453125,389.15863037109375
111,player,1,1032.8760986328125,511.469970703125,795.2978515625,838.0187377929688
111,player,10,746.0084228515625,466.50665283203125,631.4927368164062,669.357421875
111,player,7,709.9014282226562,451.370849609375,614.7650146484375,623.044677734375
111,player,8,616.3072509765625,352.4246520996094,631.7417602539062,270.0710144042969
111,player,5,1141.89501953125,556.1351928710938,818.8900146484375,948.4527587890625
112,player,3,615.042236328125,512.5424194335938,500.27142333984375,745.3735961914062
112,player,20,191.20831298828125,421.3884582519531,201.03744506835938,387.7933349609375
112,player,28,305.8398742675781,422.3138732910156,301.7306823730469,420.9410400390625
112,player,1,1033.02099609375,511.3564453125,795.3104248046875,838.0479736328125
112,player,23,551.337158203125,350.5295715332031,568.7586669921875,235.33184814453125
112,player,6,556.5390625,528.3244018554688,449.71234130859375,766.1389770507812
112,player,10,744.9415283203125,466.918701171875,630.5159912109375,669.1353149414062
112,player,7,709.2332763671875,456.5096435546875,613.1019897460938,626.4657592773438
112,player,8,616.78662109375,353.4395446777344,630.423828125,269.3805236816406
112,player,5,1141.471435546875,551.6976318359375,821.2944946289062,944.617919921875
113,player,3,615.0167236328125,512.204345703125,500.40283203125,744.81005859375
113,player,20,191.97947692871094,424.2430419921875,201.56900024414062,390.321533203125
113,player,1,1033.14794921875,511.52496337890625,795.2869873046875,838.1964721679688
113,player,6,556.221923828125,528.7215576171875,449.9544677734375,766.0792846679688
113,player,12,298.77410888671875,422.5729064941406,291.4920654296875,419.390625
113,player,23,551.3779296875,350.7595520019531,568.2733154296875,235.13023376464844
113,player,8,616.4140625,356.9654541015625,628.1218872070312,273.8756408691406
113,player,7,708.6237182617188,455.7109375,612.089599609375,627.8983154296875
113,player,10,744.3047485351562,469.07623291015625,629.0679321289062,670.8234252929688
113,player,5,1141.5159912109375,553.1074829101562,822.3571166992188,942.9857788085938
114,player,3,614.7850341796875,511.4830322265625,500.57763671875,743.8667602539062
114,player,20,192.44442749023438,424.83148193359375,202.0331573486328,392.6953125
114,player,6,559.4849243164062,529.0479736328125,450.85137939453125,766.5407104492188
114,player,1,1032.9454345703125,511.486572265625,795.23681640625,838.249755859375
114,player,12,294.3979797363281,423.4488525390625,291.1723937988281,420.36151123046875
114,player,8,616.0367431640625,356.39813232421875,626.7102661132812,275.9559020996094
114,player,23,550.5982666015625,350.52166748046875,567.7711181640625,234.5567626953125
114,player,10,743.593017578125,470.9465637207031,627.3843994140625,673.4839477539062
114,player,7,707.7256469726562,451.53106689453125,612.4242553710938,624.861572265625
114,player,5,1142.876953125,556.5416259765625,822.1201171875,944.09619140625
114,player,28,306.75299072265625,422.492919921875,301.623291015625,421.5318603515625
115,player,3,615.11767578125,511.21484375,500.8291320800781,743.0728759765625
115,player,6,562.8492431640625,528.9561767578125,452.26983642578125,767.0391845703125
115,player,1,1032.970703125,511.08172607421875,795.3604125976562,837.999267578125
115,player,20,189.38113403320312,429.5831604003906,201.2501220703125,399.38739013671875
115,player,12,293.0348815917969,424.5316162109375,290.4527282714844,422.0870056152344
115,player,8,616.43798828125,357.9964599609375,625.3341064453125,279.59613037109375
115,player,10,742.7652587890625,471.63116455078125,625.8694458007812,675.7330932617188
115,player,7,706.902099609375,450.15863037109375,612.8253173828125,621.5226440429688
115,player,5,1144.174072265625,558.08837890625,821.7050170898438,945.837890625
115,player,23,550.3320922851562,350.26763916015625,567.4383544921875,233.77906799316406
115,player,28,304.4508056640625,423.5702209472656,300.7527770996094,422.9101867675781
116,player,1,1032.727294921875,511.83245849609375,795.103515625,838.3492431640625
116,player,3,614.958984375,511.0472412109375,500.98724365234375,742.4139404296875
116,player,6,563.501708984375,527.7490844726562,453.55999755859375,766.5206909179688
116,player,20,189.00823974609375,427.773681640625,200.69119262695312,401.63189697265625
116,player,12,295.07135009765625,424.20391845703125,290.62493896484375,423.04217529296875
116,player,7,706.2099609375,446.58697509765625,613.9708862304688,615.90185546875
116,player,8,616.5427856445312,358.5577392578125,624.2672119140625,282.75762939453125
116,player,10,742.0348510742188,472.51470947265625,624.4326171875,677.8936767578125
116,player,5,1145.2508544921875,559.5737915039062,821.1478271484375,947.932861328125
116,player,23,552.0399780273438,351.0264587402344,567.5519409179688,234.59120178222656
116,player,26,551.173095703125,350.5165710449219,573.835205078125,232.50634765625
117,player,6,563.80712890625,527.7183227539062,454.478515625,766.18505859375
117,player,3,615.2091064453125,510.62640380859375,501.2387390136719,741.6793212890625
117,player,1,1032.475830078125,511.94732666015625,794.8330078125,838.6380615234375
117,player,7,703.905517578125,448.1663818359375,613.6002807617188,613.5377807617188
117,player,20,191.33409118652344,423.8475036621094,201.16368103027344,398.7906799316406
117,player,8,616.607666015625,354.337890625,625.1666870117188,278.88397216796875
117,player,10,743.9404907226562,477.9290771484375,622.4298095703125,684.086181640625
117,player,12,294.765869140625,424.52984619140625,290.6140441894531,424.0024719238281
117,player,23,552.1615600585938,350.96356201171875,567.6881103515625,235.04159545898438
117,player,5,1145.18017578125,553.6105346679688,822.9085693359375,945.712646484375
117,player,28,304.024658203125,424.31671142578125,299.98309326171875,424.61090087890625
117,ball,-1,158.08523559570312,323.45281982421875,1171.1270751953125,199.80194091796875
118,player,6,563.7765502929688,528.262451171875,454.97357177734375,766.3680419921875
118,player,3,615.80029296875,510.30450439453125,501.61614990234375,741.0000610351562
118,player,7,702.9444580078125,446.8902893066406,613.476806640625,610.6973876953125
118,player,1,1031.94287109375,511.69293212890625,794.621826171875,838.6033935546875
118,player,20,191.24197387695312,428.7439880371094,201.26925659179688,402.58013916015625
118,player,8,615.2469482421875,354.1451416015625,625.3662109375,275.93145751953125
118,player,10,743.3160400390625,478.03424072265625,620.9342041015625,688.1460571289062
118,player,12,295.90936279296875,425.0640869140625,290.8964538574219,425.34814453125
118,player,23,550.458740234375,350.28875732421875,567.4205932617188,234.14047241210938
118,player,5,1145.82568359375,554.4912109375,823.8804321289062,944.848876953125
118,player,28,306.65399169921875,425.5755920410156,300.1373291015625,427.4056396484375
118,player,26,551.5158081054688,350.82269287109375,571.5990600585938,233.4027099609375
119,player,6,563.549072265625,527.7713012695312,455.32513427734375,766.104736328125
119,player,7,703.2135009765625,447.699951171875,613.2276611328125,609.6473999023438
119,player,3,615.8052978515625,509.93011474609375,501.939697265625,740.2676391601562
119,player,20,191.96893310546875,429.72357177734375,201.52020263671875,406.2329406738281
119,player,1,1031.755126953125,511.50732421875,794.5076904296875,838.434326171875
119,player,8,613.8717041015625,354.1614685058594,625.0272216796875,273.873046875
119,player,12,294.663818359375,425.11920166015625,290.703125,426.1595153808594
119,player,23,549.8980712890625,350.701416015625,566.9183349609375,234.093017578125
119,player,5,1146.6173095703125,554.6011352539062,824.651123046875,944.411376953125
119,player,10,742.0919189453125,476.31268310546875,620.13671875,689.2191162109375
119,player,28,307.131103515625,425.701416015625,300.36663818359375,429.4122009277344
119,player,26,551.5678100585938,351.4446105957031,569.9566650390625,234.9013671875
120,player,6,563.53125,528.41064453125,455.4383850097656,766.4061279296875
120,player,7,702.1724853515625,448.8438720703125,612.4349365234375,609.9542846679688
120,player,20,191.65859985351562,430.25042724609375,201.572265625,409.1746520996094
120,player,3,615.9248657226562,509.44158935546875,502.28057861328125,739.4207153320312
120,player,1,1031.21875,511.46282958984375,794.3197021484375,838.2503662109375
120,player,12,294.3334045410156,425.56658935546875,290.43585205078125,427.15997314453125
120,player,8,614.51123046875,353.51629638671875,625.2639770507812,271.69189453125
120,player,23,549.885498046875,350.8778076171875,566.5291748046875,234.3192138671875
120,player,5,1147.661865234375,553.9345092773438,825.6290893554688,943.800537109375
120,player,10,742.060302734375,479.69976806640625,618.6387939453125,692.7775268554688
120,player,26,551.5958251953125,351.561279296875,568.8599853515625,236.04922485351562
120,player,28,304.8570556640625,426.01025390625,299.8071594238281,430.83551025390625
121,player,6,563.6787109375,528.4105224609375,455.5479736328125,766.6136474609375
121,player,7,701.4354248046875,448.88336181640625,611.7041625976562,610.1229248046875
121,player,20,192.64395141601562,429.60162353515625,201.92271423339844,410.4486083984375
121,player,3,616.019287109375,510.24542236328125,502.36029052734375,739.50390625
121,player,1,1030.2401123046875,511.54315185546875,793.9300537109375,838.1099853515625
121,player,12,291.9487609863281,425.67218017578125,289.541259765625,427.6891784667969
121,player,8,614.596923828125,353.14520263671875,625.5863037109375,269.7546691894531
121,player,23,551.6357421875,351.56402587890625,566.644775390625,235.6796112060547
121,player,28,303.31695556640625,425.54766845703125,299.03204345703125,431.08380126953125
121,player,10,740.7789306640625,478.9698486328125,617.5384521484375,694.3654174804688
121,player,5,1150.1231689453125,550.6205444335938,828.030517578125,941.5708618164062
121,player,4,603.7557373046875,351.829345703125,630.6047973632812,263.2737121582031
122,player,7,700.5361938476562,449.23468017578125,610.8759765625,610.48193359375
122,player,6,563.5656127929688,528.2677001953125,455.61639404296875,766.6337890625
122,player,3,616.262451171875,510.57623291015625,502.40496826171875,739.8350830078125
122,player,12,290.6846008300781,425.31976318359375,288.6161193847656,427.50665283203125
122,player,20,192.4081573486328,426.6506652832031,202.18618774414062,407.87579345703125
122,player,8,615.0092163085938,353.7012939453125,625.7255859375,269.3376159667969
122,player,1,1030.251708984375,511.49908447265625,793.6959228515625,837.9884033203125
122,player,23,551.07080078125,351.81512451171875,566.444580078125,236.8626708984375
122,player,5,1155.510009765625,557.220458984375,828.40478515625,944.49853515625
122,player,10,741.076904296875,475.11920166015625,618.0074462890625,692.1559448242188
122,player,28,300.2770080566406,424.777099609375,297.69952392578125,430.06695556640625
122,player,30,627.7271118164062,510.54364013671875,509.39569091796875,743.656982421875
122,player,31,737.80419921875,479.45013427734375,612.883544921875,697.7353515625
122,player,26,551.770751953125,351.4437561035156,568.24560546875,236.6446533203125
123,player,7,700.548828125,450.1912536621094,610.0571899414062,611.6201171875
123,player,3,616.2933349609375,510.89239501953125,502.37677001953125,740.29833984375
123,player,6,563.8778076171875,527.6078491210938,455.85162353515625,766.1822509765625
123,player,20,192.4860382080078,426.20068359375,202.3970947265625,405.69293212890625
123,player,12,289.98828125,425.96148681640625,287.74700927734375,428.0439758300781
123,player,8,615.0701904296875,354.24346923828125,625.6331176757812,269.84521484375
123,player,1,1029.7548828125,511.92138671875,793.2672119140625,838.169189453125
123,player,10,739.2696533203125,478.0035400390625,617.0089111328125,693.0146484375
123,player,23,550.1318969726562,350.983642578125,566.2701416015625,236.30404663085938
123,player,5,1154.96630859375,558.5805053710938,828.03564453125,947.1729125976562
123,player,30,627.939453125,511.08135986328125,509.7909851074219,743.880615234375
124,player,3,616.3231811523438,511.0013427734375,502.34356689453125,740.6864013671875
124,player,7,700.10302734375,451.7950439453125,608.9285888671875,613.8267822265625
124,player,6,563.7991943359375,527.2996826171875,456.0389404296875,765.653564453125
124,player,12,289.9261779785156,425.44195556640625,287.2121887207031,427.79913330078125
124,player,20,193.06993103027344,426.6717834472656,202.69219970703125,404.87603759765625
124,player,8,615.0499267578125,354.5819091796875,625.439453125,270.6534118652344
124,player,1,1030.071044921875,512.0922241210938,793.0023193359375,838.4327392578125
124,player,10,734.3981323242188,478.510009765625,614.9404296875,693.5789184570312
124,player,5,1154.901123046875,554.2976684570312,829.3316040039062,946.3418579101562
124,player,23,550.2681884765625,350.815673828125,566.2589111328125,235.71124267578125
125,player,12,288.8832702636719,425.1153564453125,286.5838928222656,427.16448974609375
125,player,3,615.7999877929688,510.62603759765625,502.2681884765625,740.6044921875
125,player,6,564.0949096679688,527.2291870117188,456.24517822265625,765.281005859375
125,player,20,193.85256958007812,425.25360107421875,203.17123413085938,402.78802490234375
125,player,7,699.567138671875,450.568603515625,608.4090576171875,614.0592651367188
125,player,10,733.7750244140625,477.8397216796875,613.6224365234375,693.3243408203125
125,player,8,615.51953125,354.687744140625,625.4317016601562,271.3843078613281
125,player,1,1029.8289794921875,512.186279296875,792.7366943359375,838.6513671875
125,player,5,1156.755126953125,557.1476440429688,829.556640625,947.6463012695312
125,player,23,553.1204833984375,352.3725891113281,566.7056884765625,237.94007873535156
126,player,3,616.05126953125,510.015625,502.4075012207031,740.0972290039062
126,player,12,287.1875915527344,424.90753173828125,285.6885681152344,426.3447265625
126,player,6,563.9775390625,527.2640991210938,456.344482421875,765.055419921875
126,player,20,194.57159423828125,425.30255126953125,203.69692993164062,401.56060791015625
126,player,7,699.0740966796875,456.0098876953125,606.3453369140625,619.239501953125
126,player,10,733.2470703125,478.39715576171875,612.4697875976562,693.5850219726562
126,player,1,1029.6605224609375,512.582275390625,792.37744140625,839.0601806640625
126,player,5,1158.74267578125,558.5725708007812,829.634033203125,949.4869995117188
126,player,8,614.674072265625,354.3685302734375,625.2620849609375,271.3065185546875
126,player,23,552.4603881835938,351.4312744140625,567.0841674804688,237.9380645751953
127,player,3,616.3612060546875,509.86871337890625,502.60589599609375,739.6785278320312
127,player,12,287.0443115234375,424.92803955078125,285.0619201660156,425.8206787109375
127,player,6,564.35986328125,527.01220703125,456.54632568359375,764.7518920898438
127,player,20,195.2984619140625,425.1094970703125,204.26446533203125,400.6133728027344
127,player,7,698.247802734375,457.0799560546875,604.4697265625,623.517578125
127,player,10,732.7267456054688,479.0103759765625,611.4114379882812,694.2276611328125
127,player,5,1160.92529296875,559.2627563476562,829.9242553710938,951.2506713867188
127,player,1,1028.9000244140625,512.8516235351562,791.8604736328125,839.4558715820312
127,player,8,614.09814453125,354.9786682128906,624.7302856445312,272.0535583496094
127,player,23,554.9638671875,353.12689208984375,567.6173095703125,240.7021484375
128,player,12,285.979248046875,423.99554443359375,284.4220275878906,424.3111877441406
128,player,3,616.2772216796875,509.908203125,502.7056884765625,739.4302368164062
128,player,6,564.482177734375,526.1832275390625,456.85223388671875,763.9468383789062
128,player,5,1162.50390625,559.6967163085938,830.3096923828125,952.7680053710938
128,player,10,732.6181030273438,478.650146484375,610.7965698242188,694.3316650390625
128,player,7,698.134521484375,459.81500244140625,602.4366455078125,628.79150390625
128,player,20,194.79135131835938,422.02337646484375,204.59811401367188,396.3519287109375
128,player,1,1028.763427734375,512.8886108398438,791.477783203125,839.7283935546875
128,player,8,612.471435546875,354.1595764160156,624.1434936523438,271.1842346191406
128,player,23,554.8843383789062,352.062744140625,568.290771484375,240.9441375732422
129,player,3,616.3968505859375,509.52471923828125,502.87957763671875,738.9798583984375
129,player,6,564.3349609375,525.802490234375,457.0816955566406,763.127685546875
129,player,12,284.8177490234375,423.358642578125,283.7167053222656,422.485107421875
129,player,20,195.44393920898438,420.98944091796875,205.05242919921875,392.43505859375
129,player,7,698.4173583984375,460.00482177734375,601.1377563476562,632.41796875
129,player,5,1163.1854248046875,558.81787109375,831.0306396484375,953.2825317382812
129,player,10,732.2551879882812,479.17578125,610.1539916992188,694.8117065429688
129,player,1,1028.489013671875,513.2416381835938,791.0330200195312,840.1329345703125
129,player,8,611.14501953125,354.2200927734375,623.2932739257812,270.54852294921875
129,player,23,555.8536376953125,353.22589111328125,568.6702880859375,242.90545654296875
130,player,12,283.64410400390625,422.838134765625,282.9538879394531,420.58319091796875
130,player,6,564.2373046875,525.5479125976562,457.2514953613281,762.397216796875
130,player,3,616.2412109375,509.6326904296875,502.93133544921875,738.758544921875
130,player,20,195.50588989257812,419.6839599609375,205.41729736328125,388.35565185546875
130,player,7,699.035400390625,457.7156982421875,601.116455078125,632.7391967773438
130,player,5,1164.62939453125,559.026611328125,831.7470703125,953.844970703125
130,player,10,732.397705078125,478.46380615234375,609.97412109375,694.5346069335938
130,player,1,1028.47802734375,513.4573974609375,790.6622314453125,840.547119140625
130,player,8,610.272705078125,353.8079833984375,622.600341796875,269.4452209472656
130,player,23,556.9671630859375,353.4701843261719,569.2130126953125,244.66629028320312
131,player,12,282.78021240234375,422.17767333984375,282.2586975097656,418.501220703125
131,player,3,616.941162109375,509.0030517578125,503.2703857421875,738.1809692382812
131,player,6,563.9945068359375,525.7357788085938,457.26953125,762.04345703125
131,player,7,699.0977783203125,456.7681884765625,601.3924560546875,632.082763671875
131,player,20,195.67242431640625,415.8263854980469,205.85714721679688,381.1241455078125
131,player,5,1165.912109375,558.8936157226562,832.5482788085938,954.2242431640625
131,player,10,732.2991943359375,478.5966796875,609.7939453125,694.4583740234375
131,player,1,1028.212646484375,513.6317749023438,790.2930908203125,840.918212890625
131,player,8,608.8654174804688,354.15631103515625,621.546875,269.05792236328125
131,player,23,557.58984375,353.41241455078125,569.7958374023438,245.80145263671875
132,player,3,617.5137939453125,508.4205322265625,503.75506591796875,737.3973388671875
132,player,12,282.39715576171875,422.53472900390625,281.6595458984375,417.51898193359375
132,player,6,563.7984619140625,525.9087524414062,457.2030029296875,761.927001953125
132,player,7,699.4881591796875,458.30584716796875,601.235595703125,633.1033935546875
132,player,20,197.41433715820312,416.60498046875,206.6448211669922,377.53826904296875
132,player,5,1168.01904296875,559.9053955078125,833.1736450195312,955.221435546875
132,player,10,731.4528198242188,478.8992919921875,609.3701171875,694.5911865234375
132,player,8,607.9884033203125,354.1739501953125,620.5604248046875,268.72760009765625
132,player,1,1028.334228515625,513.9202880859375,789.97705078125,841.3721313476562
132,player,28,303.80340576171875,422.03741455078125,298.166259765625,426.64337158203125
132,player,23,556.8995361328125,353.04443359375,570.0634765625,245.92459106445312
133,player,12,281.83111572265625,421.890625,281.158203125,416.082763671875
133,player,3,617.0242919921875,508.28033447265625,503.9763488769531,736.738037109375
133,player,6,563.634765625,526.3391723632812,457.0445251464844,762.1594848632812
133,player,7,698.8875732421875,458.9168395996094,600.7952880859375,634.2711181640625
133,player,5,1171.0810546875,560.8809814453125,833.9107666015625,956.6653442382812
133,player,10,729.7180786132812,478.82257080078125,608.6622924804688,694.4625244140625
133,player,20,199.67153930664062,417.6136474609375,207.8045654296875,376.64605712890625
133,player,1,1028.361083984375,513.897705078125,789.7863159179688,841.6534423828125
133,player,8,607.1253051757812,354.13104248046875,619.64453125,268.3497009277344
133,player,23,556.3759765625,352.83233642578125,570.1306762695312,245.63485717773438
133,player,28,303.6189880371094,421.52874755859375,298.46673583984375,423.81646728515625
134,player,3,617.2958984375,507.86383056640625,504.27484130859375,736.005615234375
134,player,6,563.4109497070312,526.606689453125,456.840087890625,762.4921875
134,player,12,281.46063232421875,422.0736083984375,280.70452880859375,415.32196044921875
134,player,5,1172.008544921875,561.6517333984375,834.317626953125,958.1236572265625
134,player,1,1028.8275146484375,513.8014526367188,789.8104858398438,841.805419921875
134,player,7,698.06591796875,460.51715087890625,599.8299560546875,636.413818359375
134,player,10,728.85205078125,479.0481262207031,607.912353515625,694.4945068359375
134,player,20,201.58670043945312,421.758544921875,208.9656982421875,381.1598205566406
134,player,8,606.669921875,353.91790771484375,618.974609375,267.74639892578125
134,player,28,303.1752014160156,420.6639404296875,298.61798095703125,420.9401550292969
134,player,23,556.319091796875,353.4134216308594,569.9616088867188,246.2812042236328
135,player,3,616.957763671875,507.37548828125,504.4853820800781,735.11865234375
135,player,6,563.2996215820312,527.0205078125,456.60797119140625,763.0076904296875
135,player,12,280.85498046875,422.222412109375,280.2143859863281,414.9368591308594
135,player,20,202.34347534179688,422.4820861816406,209.91845703125,385.01751708984375
135,player,5,1171.9525146484375,561.1506958007812,834.7510986328125,958.7730712890625
135,player,7,697.47216796875,463.3627014160156,598.238037109375,640.3251953125
135,player,1,1029.0921630859375,513.7683715820312,789.90234375,841.90185546875
135,player,28,302.85870361328125,420.36578369140625,298.65185546875,418.69488525390625
135,player,10,727.7828979492188,478.84503173828125,607.2019653320312,694.2510375976562
135,player,23,556.403076171875,353.92864990234375,569.7091064453125,247.45556640625
135,player,8,606.490966796875,353.90460205078125,618.4838256835938,267.3141174316406
136,player,20,203.46710205078125,425.1400146484375,210.76254272460938,390.72674560546875
136,player,6,562.9071044921875,527.1365966796875,456.3409729003906,763.39794921875
136,player,3,616.0340576171875,507.39031982421875,504.386962890625,734.477783203125
136,player,12,278.65667724609375,420.5897216796875,279.3798828125,412.57916259765625
136,player,1,1029.09619140625,513.7565307617188,789.9674072265625,841.95654296875
136,player,7,696.8135986328125,458.7771911621094,598.3234252929688,638.6497192382812
136,player,28,302.23236083984375,417.9049072265625,298.73968505859375,414.3212890625
136,player,10,727.8499755859375,478.93109130859375,606.7337036132812,694.1713256835938
136,player,5,1172.18310546875,561.0090942382812,835.1356201171875,959.1284790039062
136,player,23,556.25439453125,354.11175537109375,569.4339599609375,248.46530151367188
136,player,8,606.5580444335938,354.23797607421875,618.0643920898438,267.51617431640625
136,player,4,610.1752319335938,389.88067626953125,614.9103393554688,312.26007080078125
137,player,6,562.711669921875,527.8603515625,455.99407958984375,764.1737670898438
137,player,3,615.009765625,507.4522705078125,504.0526123046875,734.0255126953125
137,player,20,204.68824768066406,423.972900390625,211.7291259765625,393.21087646484375
137,player,7,696.1766357421875,459.5390625,597.989013671875,638.1988525390625
137,player,1,1029.4052734375,513.7357788085938,790.0921630859375,842.001953125
137,player,23,556.0973510742188,354.3939514160156,569.1085815429688,249.50955200195312
137,player,28,300.95880126953125,417.2552185058594,298.4786682128906,410.59027099609375
137,player,10,726.8883666992188,479.64794921875,605.9779052734375,694.6416015625
137,player,5,1172.88232421875,561.69775390625,835.2919921875,959.814453125
137,player,12,278.356201171875,419.632568359375,278.8318176269531,409.90594482421875
137,player,8,606.918212890625,353.7900390625,618.078369140625,267.0516052246094
138,player,6,562.4549560546875,528.279541015625,455.6334228515625,764.968505859375
138,player,3,615.512939453125,507.5916748046875,503.932861328125,733.88232421875
138,player,7,695.2496948242188,458.5048828125,597.814208984375,636.8766479492188
138,player,1,1029.5098876953125,513.7996215820312,790.1751098632812,842.0846557617188
138,player,20,205.1597137451172,427.2554016113281,212.35556030273438,398.65728759765625
138,player,10,726.220947265625,478.58795166015625,605.607421875,693.9937744140625
138,player,23,556.2168579101562,354.378662109375,568.9425659179688,250.18048095703125
138,player,12,273.16424560546875,420.15655517578125,276.8626708984375,408.2451171875
138,player,5,1173.8843994140625,561.2669067382812,835.7733154296875,960.0792236328125
138,player,8,607.2880249023438,353.85003662109375,618.1898193359375,266.8789978027344
138,player,28,300.17999267578125,417.74029541015625,298.0233154296875,408.6507568359375
139,player,6,562.1890869140625,528.3590698242188,455.3204040527344,765.5230102539062
139,player,3,614.896484375,507.80914306640625,503.65509033203125,733.9091796875
139,player,20,206.59210205078125,424.7292175292969,213.30392456054688,399.43572998046875
139,player,1,1029.5572509765625,513.991455078125,790.1702880859375,842.277099609375
139,player,7,694.3118896484375,457.8753662109375,597.6248779296875,635.3549194335938
139,player,10,724.9268798828125,476.4693603515625,605.6199340820312,691.65966796875
139,player,12,272.66705322265625,421.1923828125,275.3445129394531,408.314697265625
139,player,23,555.9150390625,354.5576477050781,568.6734619140625,250.83840942382812
139,player,5,1174.272705078125,561.9194946289062,835.9361572265625,960.6622314453125
139,player,28,299.097900390625,419.82025146484375,297.1886291503906,409.6929626464844
139,player,8,607.2012939453125,353.15380859375,618.4909057617188,265.76190185546875
140,player,6,561.96728515625,528.8049926757812,454.98590087890625,766.196044921875
140,player,3,614.543212890625,507.75537109375,503.39691162109375,733.8553466796875
140,player,20,208.25140380859375,424.5308837890625,214.42828369140625,399.8812561035156
140,player,1,1029.3614501953125,514.1346435546875,790.0673217773438,842.4874267578125
140,player,7,692.95751953125,458.47760009765625,596.9620361328125,634.795166015625
140,player,32,211.7227783203125,423.5224609375,219.6367950439453,398.3811340332031
140,player,12,274.7696533203125,422.9212646484375,274.84234619140625,410.56573486328125
140,player,10,722.11669921875,477.6976318359375,604.5469970703125,690.944091796875
140,player,23,555.4703369140625,354.58050537109375,568.3407592773438,251.24618530273438
140,player,28,298.68927001953125,421.3025207519531,296.373779296875,412.0369873046875
140,player,8,607.0808715820312,352.58721923828125,618.8563842773438,264.209716796875
140,player,5,1175.2413330078125,562.0010375976562,836.228271484375,961.1585083007812
141,player,20,208.1492919921875,425.60760498046875,215.07920837402344,401.4034423828125
141,player,3,614.3994140625,507.8262939453125,503.17828369140625,733.8641357421875
141,player,6,561.637451171875,528.8289184570312,454.6839599609375,766.6250610351562
141,player,7,692.099365234375,460.957763671875,595.5982666015625,636.6162109375
141,player,32,219.2218475341797,422.91351318359375,221.9271240234375,398.43963623046875
141,player,1,1029.6778564453125,514.038330078125,790.1121826171875,842.5814208984375
141,player,10,723.7596435546875,475.705322265625,604.8380737304688,688.9228515625
141,player,12,274.18389892578125,422.0670166015625,274.4131164550781,410.98712158203125
141,player,23,555.3189697265625,354.35711669921875,568.1470947265625,251.17166137695312
141,player,28,297.51507568359375,420.57562255859375,295.5638427734375,412.604248046875
141,player,8,606.9506225585938,352.5166931152344,619.0761108398438,263.08416748046875
141,player,5,1175.412109375,562.555419921875,836.25537109375,961.8180541992188
142,player,6,559.9093017578125,529.181396484375,454.00604248046875,767.0277099609375
142,player,3,613.9055786132812,507.9158935546875,502.8936462402344,733.8995361328125
142,player,20,207.7276611328125,427.9466552734375,215.27024841308594,405.0323486328125
142,player,7,691.6165771484375,462.817626953125,594.0609741210938,639.4400024414062
142,player,10,719.6485595703125,477.9151916503906,603.3309936523438,689.1357421875
142,player,32,221.40499877929688,423.0982360839844,224.06385803222656,398.91497802734375
142,player,1,1029.537353515625,514.3629760742188,789.988525390625,842.859619140625
142,player,23,556.292724609375,354.361328125,568.3489990234375,251.2449188232422
142,player,12,273.5912780761719,422.626953125,273.9083251953125,411.84490966796875
142,player,8,607.2869873046875,352.6452331542969,619.2847900390625,262.576904296875
142,player,28,296.78521728515625,420.3988037109375,294.8353271484375,412.69451904296875
142,player,5,1175.54150390625,562.863525390625,836.1903076171875,962.436279296875
142,player,33,282.68475341796875,422.6974182128906,280.75146484375,416.3116760253906
143,player,6,559.4586181640625,528.713623046875,453.53582763671875,766.9075927734375
143,player,3,614.0438842773438,508.01177978515625,502.72357177734375,734.009033203125
143,player,10,718.7115478515625,478.23583984375,602.0169677734375,689.4651489257812
143,player,20,208.326904296875,428.53155517578125,215.54698181152344,408.1184387207031
143,player,7,690.583740234375,461.80926513671875,593.0640869140625,640.27099609375
143,player,32,220.69895935058594,423.038818359375,225.24319458007812,399.08294677734375
143,player,23,555.8705444335938,354.19769287109375,568.3916015625,251.00665283203125
143,player,1,1029.18359375,514.4381103515625,789.795166015625,843.0653076171875
143,player,8,607.4752197265625,352.61834716796875,619.4940185546875,262.23095703125
143,player,28,294.4891052246094,422.38250732421875,293.47650146484375,414.7995910644531
143,player,33,287.490234375,424.03338623046875,282.0687561035156,418.3265380859375
143,player,5,1175.529296875,561.5336303710938,836.6273193359375,962.05810546875
143,player,4,610.8905029296875,387.3663330078125,605.7373046875,341.0972595214844
144,player,6,559.2421875,528.6776123046875,453.18359375,766.7857666015625
144,player,3,614.494873046875,508.10076904296875,502.70794677734375,734.1871337890625
144,player,20,209.6392822265625,429.77691650390625,216.06134033203125,411.6709899902344
144,player,7,689.3895263671875,460.72161865234375,592.39697265625,639.7162475585938
144,player,10,717.6739501953125,478.01666259765625,600.9512939453125,689.4030151367188
144,player,32,218.7968292236328,423.799072265625,225.39683532714844,399.8792724609375
144,player,1,1028.62255859375,514.2009887695312,789.6204833984375,842.988037109375
144,player,23,554.759765625,354.0357666015625,568.09716796875,250.48629760742188
144,player,8,608.12744140625,352.82220458984375,619.7743530273438,262.3757629394531
144,player,28,294.42620849609375,422.728271484375,292.54071044921875,416.55718994140625
144,player,5,1174.686279296875,561.9390869140625,836.5762939453125,961.98974609375
144,player,4,611.2305908203125,380.8138427734375,602.0218505859375,351.6953125
145,player,6,558.9915771484375,528.8630981445312,452.8617858886719,766.8240356445312
145,player,3,614.7936401367188,508.342041015625,502.7230224609375,734.516357421875
145,player,20,209.34771728515625,429.4490966796875,216.32383728027344,413.57916259765625
145,player,10,717.070556640625,478.0234375,600.0984497070312,689.3159790039062
145,player,7,688.1702880859375,462.09368896484375,591.2509155273438,640.49072265625
145,player,1,1028.525634765625,514.1022338867188,789.5196533203125,842.8607177734375
145,player,8,608.7706298828125,352.80072021484375,620.1817016601562,262.51544189453125
145,player,23,554.2678833007812,354.35430908203125,567.6343994140625,250.54888916015625
145,player,28,293.06658935546875,422.503173828125,291.5466613769531,417.3039245605469
145,player,5,1175.03466796875,562.8023681640625,836.3082275390625,962.475830078125
145,player,4,611.6229248046875,379.9166259765625,600.0294189453125,357.489013671875
146,player,6,558.72900390625,528.7916870117188,452.600830078125,766.7752685546875
146,player,3,615.2359619140625,508.439697265625,502.82366943359375,734.8431396484375
146,player,7,687.6248779296875,461.3328857421875,590.5700073242188,640.2552490234375
146,player,10,716.0921630859375,478.23846435546875,599.2283325195312,689.357177734375
146,player,1,1027.55029296875,513.7474365234375,789.3477783203125,842.4511108398438
146,player,32,219.06982421875,423.81036376953125,225.5782470703125,400.4377746582031
146,player,20,208.96377563476562,429.0084228515625,216.40013122558594,414.280517578125
146,player,8,609.2346801757812,352.83404541015625,620.5906982421875,262.7090148925781
146,player,23,554.462890625,353.67706298828125,567.623046875,249.63552856445312
146,player,5,1175.263427734375,563.5659790039062,835.9089965820312,963.254150390625
146,player,12,271.1748352050781,424.0775146484375,272.733642578125,413.8198547363281
146,player,28,293.7047424316406,422.418212890625,291.1001281738281,417.7568359375
147,player,6,558.631591796875,528.84130859375,452.3989562988281,766.7725830078125
147,player,3,615.90283203125,508.50592041015625,503.0427551269531,735.1621704101562
147,player,20,211.6712646484375,427.91278076171875,217.30828857421875,413.761962890625
147,player,10,716.2584838867188,479.67279052734375,598.3130493164062,690.61376953125
147,player,1,1027.0556640625,513.6693115234375,789.1448364257812,842.0906982421875
147,player,8,609.5322265625,353.10687255859375,620.855224609375,263.2606506347656
147,player,7,686.8714599609375,462.7773132324219,589.5231323242188,641.3424072265625
147,player,23,552.74609375,354.5466613769531,566.74853515625,250.09225463867188
147,player,5,1176.09375,563.9873657226562,835.6820068359375,964.065185546875
147,player,12,274.206787109375,423.99078369140625,272.8853454589844,415.3119201660156
147,player,28,292.380126953125,422.05242919921875,290.4477844238281,417.49725341796875
148,player,6,558.4732666015625,528.4749755859375,452.2918701171875,766.48681640625
148,player,20,213.195556640625,428.2020263671875,218.33987426757812,413.90838623046875
148,player,3,615.0306396484375,508.291748046875,503.010498046875,735.1302490234375
148,player,8,609.254150390625,353.0717468261719,620.9464111328125,263.5359802246094
148,player,1,1025.7183837890625,513.682373046875,788.6843872070312,841.7598266601562
148,player,10,712.9095458984375,478.50970458984375,597.1590576171875,690.1549072265625
148,player,7,686.2667846679688,466.7646789550781,587.5859985351562,645.5711669921875
148,player,23,551.31201171875,355.48187255859375,565.3902587890625,251.56320190429688
148,player,5,1176.031494140625,564.4666137695312,835.347900390625,964.8668823242188
148,player,12,272.8660888671875,423.95440673828125,272.5855407714844,416.1041564941406
148,player,28,290.96246337890625,421.6530456542969,289.6363525390625,416.72552490234375
148,player,34,259.5525817871094,316.84429931640625,290.2477722167969,-31.44668197631836
149,player,6,558.143310546875,527.8567504882812,452.24774169921875,765.816162109375
149,player,20,214.61061096191406,427.49517822265625,219.46731567382812,413.34033203125
149,player,3,614.6896362304688,508.5513916015625,502.850341796875,735.28466796875
149,player,8,608.85400390625,352.53765869140625,621.06982421875,262.90240478515625
149,player,7,686.19775390625,470.6353759765625,585.261962890625,651.7369384765625
149,player,10,713.617431640625,475.9427490234375,597.2996826171875,687.728515625
149,player,1,1026.3896484375,513.6508178710938,788.5591430664062,841.5756225585938
149,player,23,550.3363037109375,355.044921875,564.3203125,251.7762451171875
149,player,12,271.267578125,424.12847900390625,271.8973693847656,416.656005859375
149,player,5,1176.091064453125,563.6261596679688,835.4470825195312,964.9027099609375
149,player,33,285.4432373046875,420.17669677734375,282.668212890625,414.99822998046875
150,player,6,558.1661987304688,527.6043090820312,452.2679443359375,765.1944580078125
150,player,20,215.862548828125,427.7874755859375,220.5596923828125,413.4310607910156
150,player,3,615.7652587890625,508.3656005859375,503.0545654296875,735.328125
150,player,8,609.4067993164062,352.98028564453125,621.1715087890625,263.19036865234375
150,player,7,685.096923828125,470.0107421875,583.625732421875,655.0979614257812
150,player,10,711.600341796875,478.48455810546875,596.1640014648438,688.1445922851562
150,player,1,1026.66650390625,513.6619262695312,788.5407104492188,841.485595703125
150,player,23,547.6754150390625,355.35748291015625,562.6251831054688,252.04849243164062
150,player,12,271.6438903808594,424.4373779296875,271.5369873046875,417.40576171875
150,player,33,287.38525390625,422.7747802734375,283.4001159667969,416.0242919921875
150,player,5,1176.363525390625,563.6184692382812,835.5748291015625,964.9409790039062
151,player,6,558.1605834960938,527.4376831054688,452.30828857421875,764.666015625
151,player,3,614.26318359375,510.915771484375,502.2867431640625,737.220947265625
151,player,20,217.241943359375,426.703857421875,221.73648071289062,412.3914794921875
151,player,8,609.9686889648438,353.695556640625,621.16064453125,264.46612548828125
151,player,7,684.3674926757812,469.1816711425781,582.5904541015625,656.4869384765625
151,player,10,711.9658203125,480.77301025390625,594.89990234375,690.383056640625
151,player,1,1027.1708984375,511.77392578125,789.34326171875,840.1327514648438
151,player,12,267.4521789550781,424.235107421875,270.06451416015625,417.237060546875
151,player,23,547.35107421875,354.92681884765625,561.5530395507812,251.5677490234375
151,player,33,287.0516662597656,424.2860107421875,283.6358337402344,418.383056640625
151,player,5,1176.284423828125,563.82666015625,835.5651245117188,965.08154296875
152,player,6,558.0721435546875,527.2692260742188,452.34185791015625,764.190185546875
152,player,8,610.593505859375,353.9322509765625,621.27587890625,265.70672607421875
152,player,12,268.5994567871094,424.7364501953125,269.4101257324219,417.81634521484375
152,player,3,615.4049072265625,509.328857421875,502.3990478515625,737.309814453125
152,player,20,218.81369018554688,425.69464111328125,223.02389526367188,410.71759033203125
152,player,1,1027.4422607421875,511.80670166015625,789.9187622070312,839.298095703125
152,player,7,683.032470703125,468.6919860839844,581.692626953125,656.83837890625
152,player,10,710.567138671875,478.7141418457031,594.270751953125,689.975341796875
152,player,23,546.7498779296875,355.58587646484375,560.4404907226562,252.13125610351562
152,player,34,269.04388427734375,413.52325439453125,283.5982971191406,113.13430786132812
152,player,5,1177.2027587890625,562.9674682617188,836.07373046875,964.7371826171875
153,player,6,558.089111328125,527.3822021484375,452.348388671875,763.96630859375
153,player,12,268.492431640625,424.0694885253906,269.0070495605469,417.4200439453125
153,player,20,219.12782287597656,424.74005126953125,224.00465393066406,408.56268310546875
153,player,8,610.8551025390625,353.973876953125,621.42333984375,266.6033630371094
153,player,3,615.2877197265625,508.97039794921875,502.51654052734375,737.078125
153,player,7,682.2528076171875,469.597412109375,580.657958984375,657.7976684570312
153,player,1,1027.5518798828125,512.064453125,790.224609375,838.947021484375
153,player,10,705.1728515625,477.6546630859375,592.733642578125,688.3399658203125
153,player,23,546.7076416015625,356.6808166503906,559.3513793945312,254.06019592285156
153,player,5,1177.9068603515625,563.3209838867188,836.432861328125,964.7702026367188
153,player,35,691.0758056640625,472.08123779296875,583.5406494140625,668.0346069335938
154,player,6,558.0404663085938,527.3139038085938,452.35247802734375,763.76611328125
154,player,20,219.8746337890625,423.7192077636719,224.92030334472656,406.05853271484375
154,player,8,611.0484619140625,354.8157958984375,621.2713623046875,268.4058837890625
154,player,3,614.7531127929688,509.247314453125,502.40185546875,737.099853515625
154,player,1,1027.5228271484375,512.050537109375,790.4215087890625,838.7066040039062
154,player,12,268.1199951171875,423.30572509765625,268.6956787109375,416.2494812011719
154,player,10,704.8583984375,479.75469970703125,591.0863037109375,689.0350341796875
154,player,7,682.5488891601562,468.42315673828125,580.3795166015625,657.4093017578125
154,player,23,547.0199584960938,356.0357360839844,558.9556884765625,254.42828369140625
154,player,5,1177.802978515625,564.2246704101562,836.3165893554688,965.3108520507812
154,player,33,289.0902099609375,421.90020751953125,284.6227111816406,417.3946838378906
154,player,34,250.31866455078125,422.96539306640625,272.85986328125,216.26095581054688
155,player,6,557.8172607421875,527.1851806640625,452.32275390625,763.5224609375
155,player,20,220.1128692626953,421.12042236328125,225.7257080078125,401.4311828613281
155,player,8,611.3922119140625,354.45220947265625,621.4232177734375,269.1018371582031
155,player,3,614.711181640625,509.63427734375,502.23724365234375,737.412353515625
155,player,1,1026.8724365234375,511.98846435546875,790.4144287109375,838.4547729492188
155,player,12,271.22528076171875,422.9293212890625,269.4562072753906,415.3721923828125
155,player,10,703.909912109375,480.58050537109375,589.5463256835938,690.1033325195312
155,player,23,546.9024658203125,355.52471923828125,558.8233642578125,253.92088317871094
155,player,7,682.1376953125,468.3814697265625,580.0997924804688,657.0834350585938
155,player,33,284.4308166503906,421.658935546875,283.8866882324219,416.0002136230469
155,player,5,1178.31103515625,561.8677978515625,837.2081298828125,964.3221435546875
156,player,6,557.8734130859375,527.0892333984375,452.3336181640625,763.297119140625
156,player,8,611.4873046875,354.34979248046875,621.5919799804688,269.41986083984375
156,player,3,614.9461059570312,510.00836181640625,502.11224365234375,737.9261474609375
156,player,20,222.07945251464844,423.6334228515625,226.70706176757812,401.5484619140625
156,player,1,1027.07373046875,512.0743408203125,790.4271240234375,838.3678588867188
156,player,10,702.612548828125,478.1055908203125,588.8688354492188,688.5851440429688
156,player,33,287.008544921875,422.5955810546875,284.0957946777344,416.4320068359375
156,player,12,274.8182373046875,422.61285400390625,271.05596923828125,414.8038330078125
156,player,23,546.04736328125,354.6425476074219,558.7330932617188,252.2205810546875
156,player,7,682.1954345703125,467.38494873046875,580.2017822265625,655.9920654296875
156,player,5,1179.097900390625,561.8284912109375,837.9772338867188,963.712890625
156,player,35,688.977783203125,474.53485107421875,582.327880859375,669.983154296875
157,player,6,557.7099609375,527.3135986328125,452.26220703125,763.3046264648438
157,player,8,610.84130859375,354.2138366699219,621.534912109375,269.35687255859375
157,player,20,222.74264526367188,421.6755676269531,227.65185546875,399.41754150390625
157,player,3,614.5513916015625,510.219970703125,501.8887939453125,738.3924560546875
157,player,1,1025.832763671875,512.0458374023438,790.14453125,838.192626953125
157,player,23,545.7529296875,354.868896484375,558.5018310546875,251.40658569335938
157,player,12,278.32171630859375,423.353515625,273.0826416015625,415.6400146484375
157,player,7,680.82568359375,467.884033203125,579.7669067382812,655.6043090820312
157,player,10,702.6397705078125,477.69390869140625,588.54638671875,687.24951171875
157,player,5,1179.5467529296875,561.4593505859375,838.711669921875,963.132568359375
158,player,6,557.5916748046875,527.1424560546875,452.21624755859375,763.1727294921875
158,player,8,610.8170166015625,353.8210144042969,621.6358642578125,268.7536315917969
158,player,20,223.33816528320312,424.08209228515625,228.31317138671875,400.8866271972656
158,player,3,612.4322509765625,500.55352783203125,503.2187805175781,730.874755859375
158,player,12,277.580078125,423.14794921875,274.1955871582031,415.87274169921875
158,player,1,1025.8067626953125,511.96533203125,789.984130859375,838.0196533203125
158,player,23,546.06884765625,355.05328369140625,558.3988647460938,251.18040466308594
158,player,10,699.6619873046875,477.27691650390625,587.6661987304688,685.765869140625
158,player,7,679.76220703125,469.17205810546875,578.8551025390625,656.3990478515625
158,player,35,685.510498046875,471.9952087402344,581.2974243164062,668.735595703125
158,player,5,1179.6309814453125,561.830322265625,839.0726318359375,962.9789428710938
159,player,6,557.6768798828125,527.2832641601562,452.18304443359375,763.1986083984375
159,player,8,611.2493896484375,353.520263671875,621.959228515625,267.9837646484375
159,player,3,612.248046875,500.79681396484375,503.98516845703125,726.1683959960938
159,player,20,222.40582275390625,424.16278076171875,228.45834350585938,401.8398132324219
159,player,1,1023.78759765625,513.083740234375,788.9806518554688,838.5383911132812
159,player,12,276.44891357421875,421.98577880859375,274.6805725097656,414.5738830566406
159,player,7,677.852783203125,468.54278564453125,577.9199829101562,656.18896484375
159,player,10,696.3056640625,476.3662109375,586.4547729492188,683.7283935546875
159,player,23,545.8701171875,354.939697265625,558.3013916015625,250.84632873535156
159,player,35,687.3719482421875,474.25091552734375,580.5205078125,670.052001953125
159,player,5,1179.5185546875,560.7111206054688,839.6905517578125,962.214111328125
160,player,6,557.997314453125,529.3807373046875,451.8807067871094,764.7965087890625
160,player,8,610.907470703125,353.405517578125,622.0970458984375,267.279052734375
160,player,1,1023.4735717773438,512.9592895507812,788.2976684570312,838.7627563476562
160,player,3,612.8310546875,500.82989501953125,504.62457275390625,723.1845092773438
160,player,20,222.74566650390625,424.94744873046875,228.6121826171875,403.3988037109375
160,player,33,283.21685791015625,420.81427001953125,283.25628662109375,414.2765808105469
160,player,10,693.2711791992188,476.302490234375,584.8848266601562,682.0844116210938
160,player,7,677.62548828125,468.31103515625,577.3131713867188,655.82666015625
160,player,5,1179.5703125,559.5916137695312,840.5134887695312,961.061279296875
161,player,6,558.0245361328125,529.640380859375,451.64654541015625,766.0291748046875
161,player,20,223.54544067382812,427.1470642089844,228.83218383789062,407.0145263671875
161,player,1,1022.9473266601562,512.9432373046875,787.7320556640625,838.8555908203125
161,player,8,610.69384765625,353.46661376953125,622.0918579101562,266.8829345703125
161,player,3,615.1083984375,510.45391845703125,503.6131591796875,729.0379638671875
161,player,33,283.88623046875,420.6583251953125,282.9264831542969,412.76373291015625
161,player,10,692.6924438476562,476.0888671875,583.7686767578125,680.7816162109375
161,player,7,676.8939819335938,470.32379150390625,576.1888427734375,657.305908203125
161,player,35,682.2421875,475.20672607421875,578.4069213867188,671.2857055664062
161,player,5,1179.4432373046875,557.8071899414062,841.6759643554688,959.2471923828125
162,player,6,558.1757202148438,529.8867797851562,451.4891357421875,767.0242919921875
162,player,20,224.7152099609375,427.1820983886719,229.32278442382812,409.5229187011719
162,player,1,1022.416748046875,512.9728393554688,787.2249145507812,838.894775390625
162,player,8,610.076416015625,353.6369934082031,621.8169555664062,266.7955017089844
162,player,3,614.9737548828125,509.82073974609375,503.0520324707031,732.3389892578125
162,player,33,283.43048095703125,422.2254943847656,282.43182373046875,413.5397033691406
162,player,10,692.799072265625,476.27642822265625,583.0213623046875,680.1054077148438
162,player,7,676.84033203125,471.96142578125,575.011962890625,659.7012939453125
162,player,23,543.876953125,354.4955749511719,557.7071533203125,249.7523193359375
162,player,5,1178.8453369140625,557.0531616210938,842.57568359375,957.5770263671875
163,player,6,558.28564453125,530.1602783203125,451.366943359375,767.8814697265625
163,player,20,225.4265899658203,426.709716796875,229.88040161132812,410.6859436035156
163,player,1,1021.534423828125,512.9201049804688,786.7005615234375,838.81298828125
163,player,33,284.557373046875,421.9508056640625,282.4738464355469,413.8431396484375
163,player,8,609.1669921875,353.84375,621.2550659179688,266.9259033203125
163,player,3,613.926513671875,509.5765380859375,502.47509765625,734.20849609375
163,player,10,690.529052734375,476.11260986328125,581.9807739257812,679.3267822265625
163,player,23,543.0803833007812,356.52398681640625,556.403564453125,251.861328125
164,player,6,557.970703125,529.9270629882812,451.2506103515625,768.24169921875
164,player,20,226.13644409179688,426.2906494140625,230.47857666015625,411.0345153808594
164,player,1,1020.8458862304688,512.5234985351562,786.3372192382812,838.424560546875
164,player,8,609.3387451171875,353.668701171875,621.0126953125,266.7813415527344
164,player,33,286.555908203125,418.3211669921875,283.4411926269531,410.0423889160156
164,player,3,612.2828369140625,509.83770751953125,501.6348876953125,735.4925537109375
164,player,10,689.8806762695312,475.564697265625,581.2787475585938,678.2919311523438
165,player,6,557.980712890625,529.9700317382812,451.170166015625,768.5084228515625
165,player,1,1019.1470336914062,511.3642578125,786.111328125,837.214599609375
165,player,20,226.36373901367188,426.5456848144531,230.92108154296875,411.5758056640625
165,player,8,609.1486206054688,353.50177001953125,620.8531494140625,266.42657470703125
165,player,10,690.134765625,476.4476318359375,580.6553344726562,678.4016723632812
165,player,3,613.0548095703125,509.50732421875,501.3497314453125,736.1328125
165,player,33,287.53375244140625,416.0982666015625,284.57757568359375,405.06964111328125
165,player,23,540.5469970703125,356.223388671875,554.7979125976562,252.50228881835938
165,player,5,1178.98583984375,556.8655395507812,843.2613525390625,956.389892578125
166,player,6,557.677978515625,530.00439453125,451.038330078125,768.6832275390625
166,player,1,1018.891357421875,511.13427734375,785.9864501953125,836.244140625
166,player,20,226.18637084960938,426.4476318359375,231.16114807128906,411.7975769042969
166,player,8,608.1375732421875,353.743896484375,620.3189086914062,266.421875
166,player,3,611.481689453125,509.4818115234375,500.775390625,736.4000244140625
166,player,12,282.18853759765625,421.58209228515625,276.7571716308594,413.84967041015625
166,player,10,690.0291137695312,477.19000244140625,580.0260009765625,679.1011962890625
166,player,23,539.1266479492188,358.27099609375,552.6325073242188,255.67298889160156
166,player,5,1178.992919921875,557.2028198242188,843.5840454101562,955.8193359375
166,ball,-1,386.4665222167969,342.0188903808594,1171.1270751953125,199.80194091796875
167,player,6,557.3656005859375,529.0686645507812,451.03594970703125,768.0806884765625
167,player,1,1018.5113525390625,510.942626953125,785.8828125,835.4466552734375
167,player,20,225.63638305664062,427.7117614746094,231.08242797851562,413.3284606933594
167,player,23,537.2984619140625,353.4073486328125,552.1415405273438,250.53085327148438
167,player,8,606.565673828125,355.6726989746094,618.7326049804688,268.97369384765625
167,player,3,611.8062744140625,509.53582763671875,500.472412109375,736.642578125
167,player,12,285.69549560546875,423.0513000488281,279.0257568359375,415.4226989746094
167,player,10,690.1876220703125,477.4873046875,579.5801391601562,679.824462890625
167,player,5,1179.39599609375,558.753662109375,843.3128662109375,956.3970947265625
167,ball,-1,394.02862548828125,346.9866638183594,1171.1270751953125,199.80194091796875
168,player,1,1018.7088623046875,511.4364013671875,785.68310546875,835.29541015625
168,player,6,557.3024291992188,528.1317138671875,451.1790466308594,766.9896240234375
168,player,20,225.55026245117188,428.40673828125,230.96710205078125,415.1047668457031
168,player,8,602.7496337890625,356.6973571777344,616.0494995117188,271.6307067871094
168,player,23,535.2381591796875,352.81201171875,551.3119506835938,246.07635498046875
168,player,3,613.1812744140625,508.032958984375,500.9287414550781,735.7376708984375
168,player,12,287.7701721191406,423.1166687011719,281.11602783203125,416.7305908203125
168,player,10,690.255859375,476.82476806640625,579.4833374023438,679.732421875
168,player,5,1180.0218505859375,560.4207153320312,842.6651611328125,957.80126953125
169,player,6,557.1422119140625,527.853759765625,451.28045654296875,766.0613403320312
169,player,1,1018.3905029296875,510.0633544921875,785.9780883789062,834.1932983398438
169,player,8,602.7772216796875,356.65692138671875,614.329345703125,273.3039855957031
169,player,23,531.1268920898438,352.35369873046875,549.51953125,242.0204315185547
169,player,20,225.15550231933594,428.6812744140625,230.75941467285156,416.5310974121094
169,player,3,611.0743408203125,509.0565185546875,500.48651123046875,735.777587890625
169,player,12,292.15911865234375,422.627197265625,283.8365783691406,417.4664306640625
169,player,10,689.6647338867188,476.507080078125,579.3487548828125,679.3480834960938
169,player,5,1181.4881591796875,559.0755004882812,843.0655517578125,958.0263671875
169,ball,-1,406.3621826171875,346.10693359375,1171.1270751953125,199.80194091796875
170,player,1,1017.2999267578125,509.81121826171875,785.9964599609375,833.2097778320312
170,player,6,556.8311767578125,528.33251953125,451.18865966796875,765.7886962890625
170,player,20,225.00030517578125,429.6951904296875,230.52267456054688,418.590087890625
170,player,8,602.0400390625,354.83416748046875,613.6256103515625,271.72412109375
170,player,23,529.580078125,353.91595458984375,547.339599609375,241.4752197265625
170,player,10,692.3431396484375,480.8360595703125,578.8252563476562,683.0228271484375
170,player,12,296.7064514160156,419.47088623046875,287.28143310546875,414.7743225097656
170,player,3,609.681396484375,508.51446533203125,499.96026611328125,735.2650146484375
170,player,5,1187.5316162109375,561.7244262695312,843.7018432617188,960.164306640625
170,player,36,1178.106689453125,566.1908569335938,834.2709350585938,969.6366577148438
170,ball,-1,410.41412353515625,338.73492431640625,1171.1270751953125,199.80194091796875
171,player,1,1015.76806640625,508.95361328125,785.9490966796875,831.833984375
171,player,6,556.4518432617188,527.6637573242188,451.150634765625,765.0846557617188
171,player,10,692.98046875,480.6068115234375,578.711669921875,685.2724609375
171,player,8,600.3175048828125,354.4910888671875,612.713623046875,270.00543212890625
171,player,3,608.2239379882812,507.59521484375,499.439697265625,734.0907592773438
171,player,23,527.607666015625,355.8721923828125,544.6497802734375,243.71473693847656
171,player,20,224.89389038085938,428.5056457519531,230.4022216796875,418.57098388671875
171,player,12,295.07952880859375,419.4869384765625,289.0282897949219,412.87652587890625
171,ball,-1,414.7547607421875,334.12225341796875,1171.1270751953125,199.80194091796875
172,player,1,1014.2682495117188,508.40911865234375,785.751708984375,830.4288330078125
172,player,6,556.3851318359375,527.1380615234375,451.1995849609375,764.2305297851562
172,player,10,692.2522583007812,480.80316162109375,578.3959350585938,686.8379516601562
172,player,8,600.6376953125,355.56134033203125,611.8401489257812,270.44696044921875
172,player,20,224.64923095703125,428.6966552734375,230.2406005859375,418.7506103515625
172,player,23,526.2784423828125,354.4765625,542.8812866210938,242.99652099609375
172,player,3,607.092529296875,506.63006591796875,499.0137939453125,732.474365234375
172,player,12,292.95977783203125,419.3145751953125,289.5411682128906,411.2261047363281
172,player,33,301.62451171875,418.2113037109375,289.3758850097656,405.7589111328125
172,player,36,1178.69384765625,566.74609375,834.20166015625,969.9993286132812
172,ball,-1,418.354736328125,328.2414245605469,1171.1270751953125,199.80194091796875
173,player,1,1013.5913696289062,507.56353759765625,785.7684936523438,828.8526000976562
173,player,6,554.957275390625,523.81982421875,451.45172119140625,761.076171875
173,player,12,292.5518798828125,421.58758544921875,289.5308837890625,412.7359619140625
173,player,20,225.21005249023438,429.05242919921875,230.28305053710938,419.32696533203125
173,player,23,525.7828369140625,353.36846923828125,541.9058837890625,240.86050415039062
173,player,10,696.3668212890625,480.46270751953125,579.3563842773438,687.9232177734375
173,player,8,600.0510864257812,357.15570068359375,610.5009155273438,272.91717529296875
173,player,3,607.5450439453125,498.8753662109375,500.458251953125,725.2651977539062
173,player,35,682.8930053710938,471.9283447265625,578.0711059570312,669.29296875
173,player,33,302.74334716796875,419.5936279296875,292.68951416015625,407.924072265625
173,player,36,1179.715087890625,567.0474243164062,834.2745361328125,970.4815673828125
173,ball,-1,421.98028564453125,320.43731689453125,1171.1270751953125,199.80194091796875
174,player,1,1011.3175048828125,507.09674072265625,785.394287109375,827.308837890625
174,player,6,555.1896362304688,523.2129516601562,451.7775573730469,758.5870361328125
174,player,10,695.6217651367188,481.2252502441406,579.5850830078125,689.208984375
174,player,12,295.7744445800781,419.6434326171875,290.68450927734375,411.80389404296875
174,player,8,599.2794189453125,359.3023376464844,608.6063842773438,277.4400634765625
174,player,23,524.6937866210938,351.4772033691406,541.488037109375,236.57435607910156
174,player,20,225.8881072998047,429.00885009765625,230.51487731933594,419.720458984375
174,player,3,606.6175537109375,497.99273681640625,501.3457946777344,719.7858276367188
174,player,7,671.5220947265625,470.08636474609375,573.3228759765625,659.1392822265625
174,player,36,1182.380126953125,566.9085693359375,834.961181640625,970.904296875
174,ball,-1,424.8440856933594,316.77264404296875,1171.1270751953125,199.80194091796875
175,player,1,1009.0909423828125,506.2308349609375,784.9234619140625,825.5
175,player,6,555.6165161132812,522.9575805664062,452.1385803222656,756.8104858398438
175,player,8,599.14208984375,359.20538330078125,607.3635864257812,280.2286682128906
175,player,10,694.9305419921875,479.69671630859375,579.9555053710938,688.690673828125
175,player,12,298.854736328125,419.4696960449219,292.38055419921875,411.3121337890625
175,player,20,226.05609130859375,430.05511474609375,230.65774536132812,421.17535400390625
175,player,23,524.43212890625,352.5198974609375,540.8035888671875,235.28587341308594
175,player,35,676.9407958984375,472.45428466796875,576.1326904296875,667.9330444335938
175,player,3,605.4270629882812,495.12506103515625,502.222900390625,713.7833862304688
175,player,36,1178.6552734375,567.8983764648438,834.2293701171875,971.48486328125
176,player,1,1006.458740234375,504.62884521484375,784.560302734375,822.94775390625
176,player,6,555.9368896484375,522.6043701171875,452.51336669921875,755.41455078125
176,player,8,599.13037109375,359.58355712890625,606.417724609375,282.5670166015625
176,player,12,301.846435546875,419.566650390625,294.3750305175781,411.4107666015625
176,player,23,522.8536376953125,352.268798828125,539.8988647460938,233.89173889160156
176,player,10,694.4054565429688,479.4236755371094,580.1307373046875,688.0763549804688
176,player,3,604.7703247070312,493.9571533203125,502.87188720703125,708.8662109375
176,player,7,668.061767578125,472.517822265625,570.6708374023438,660.606201171875
176,player,20,238.27513122558594,429.291259765625,234.42626953125,422.48590087890625
176,player,36,1184.2222900390625,568.7434692382812,834.6802978515625,972.7423706054688
176,player,35,684.572265625,476.6461181640625,575.792236328125,671.3535766601562
176,player,5,1172.247802734375,571.8984375,837.0824584960938,966.3406982421875
176,player,37,659.1046142578125,471.7626953125,559.4918823242188,659.177734375
177,player,1,1004.9765625,502.43927001953125,784.76806640625,819.5665283203125
177,player,6,556.2603149414062,521.8974609375,452.9595642089844,753.9981689453125
177,player,8,599.5869140625,359.8995361328125,605.8427734375,284.57989501953125
177,player,12,302.401123046875,419.09100341796875,295.8877868652344,410.98114013671875
177,player,10,693.1531372070312,476.9249267578125,580.5775146484375,685.4346923828125
177,player,23,521.61962890625,353.6094055175781,538.47900390625,234.79635620117188
177,player,7,670.0301513671875,473.99017333984375,569.0894165039062,663.0188598632812
177,player,20,229.67889404296875,429.29339599609375,234.31985473632812,422.4766845703125
177,player,3,603.7427978515625,495.18792724609375,502.76910400390625,706.594970703125
177,player,36,1184.486572265625,569.397216796875,834.797607421875,973.9529418945312
177,player,37,657.949462890625,472.1958923339844,559.07421875,659.4566040039062
177,player,35,682.966796875,477.9122314453125,574.8176879882812,674.523681640625
177,player,5,1169.0693359375,571.0377197265625,832.383056640625,969.6401977539062
178,player,1,1004.278564453125,501.690185546875,785.008544921875,816.7611083984375
178,player,12,304.45550537109375,419.6044006347656,297.4371032714844,411.50604248046875
178,player,6,557.26904296875,521.8169555664062,453.5122985839844,753.0975341796875
178,player,10,690.2951049804688,474.90057373046875,580.6527099609375,681.7249755859375
178,player,8,597.6978759765625,357.62823486328125,605.646484375,282.49224853515625
178,player,36,1183.1558837890625,568.178955078125,835.0165405273438,973.947021484375
178,player,20,231.76536560058594,429.83270263671875,234.839599609375,423.2889404296875
178,player,23,522.0076904296875,354.3459777832031,537.4627075195312,236.50167846679688
178,player,7,673.2382202148438,475.1212158203125,568.6188354492188,665.851318359375
178,player,3,603.0328369140625,493.10711669921875,502.9599609375,703.34521484375
178,player,5,1167.69873046875,569.6661376953125,829.508544921875,970.902587890625
178,player,37,657.9912109375,472.58740234375,558.7144775390625,659.9853515625
179,player,1,1002.8361206054688,499.23065185546875,785.7235717773438,813.000732421875
179,player,12,304.41058349609375,420.64227294921875,298.32244873046875,413.0394592285156
179,player,6,557.708984375,519.639892578125,454.36181640625,750.89208984375
179,player,10,691.9683837890625,474.754150390625,581.1828002929688,679.3336181640625
179,player,8,596.5888671875,355.55999755859375,605.8873291015625,278.084228515625
179,player,23,521.29248046875,354.9176330566406,536.3856201171875,238.3538360595703
179,player,20,231.22840881347656,430.58673095703125,234.97410583496094,424.61187744140625
179,player,36,1181.673095703125,565.1412353515625,835.9238891601562,972.08447265625
179,player,7,676.25927734375,476.93609619140625,568.6419677734375,669.5242919921875
179,player,3,603.0147705078125,492.341064453125,503.24212646484375,700.597412109375
179,player,37,658.7413330078125,473.962646484375,558.3317260742188,661.598876953125
179,player,5,1166.43310546875,566.1742553710938,828.5950927734375,969.6187744140625
180,player,1,1001.8470458984375,497.5718994140625,786.5637817382812,809.2398071289062
180,player,12,301.87451171875,420.55743408203125,298.1439514160156,413.6798095703125
180,player,6,558.1881713867188,518.486328125,455.2362060546875,748.6153564453125
180,player,10,689.4085693359375,473.8718566894531,581.0859375,676.7906494140625
180,player,23,520.23095703125,354.23162841796875,535.5343017578125,238.43630981445312
180,player,8,594.06298828125,353.38739013671875,605.9752807617188,271.82147216796875
180,player,20,234.71383666992188,431.2313232421875,236.056640625,426.5439453125
180,player,36,1174.057373046875,563.466064453125,835.427001953125,969.355224609375
180,player,3,602.4448852539062,493.9854736328125,502.92999267578125,700.1217651367188
180,player,7,675.1201171875,475.72003173828125,568.6705932617188,670.7630615234375
180,player,37,658.5047607421875,472.18267822265625,558.47119140625,661.0677490234375
181,player,1,999.2952270507812,495.88580322265625,787.107666015625,805.3222045898438
181,player,6,558.21826171875,518.7396240234375,455.7672424316406,747.3319091796875
181,player,23,518.1130981445312,353.9970397949219,534.3333740234375,237.89633178710938
181,player,12,300.7801208496094,420.97271728515625,297.65643310546875,414.46240234375
181,player,10,691.167724609375,470.50433349609375,582.3955078125,672.3538208007812
181,player,20,237.15162658691406,430.798095703125,237.50881958007812,427.55792236328125
181,player,7,678.6212158203125,474.94268798828125,569.81640625,671.2021484375
181,player,3,602.7000732421875,493.0206298828125,502.99713134765625,699.0379028320312
181,player,36,1170.52685546875,563.2493896484375,834.3966674804688,967.2020263671875
181,player,8,589.9773559570312,351.213134765625,605.4345092773438,264.13018798828125
182,player,12,303.322021484375,419.8304443359375,298.2217102050781,413.91412353515625
182,player,6,558.8162841796875,518.875244140625,456.236572265625,746.649658203125
182,player,1,997.2628173828125,493.9241943359375,787.6931762695312,801.12841796875
182,player,23,515.4742431640625,355.37841796875,532.2427368164062,239.2357177734375
182,player,10,694.9772338867188,470.1993408203125,584.343994140625,669.5389404296875
182,player,20,237.77261352539062,430.95587158203125,238.62701416015625,428.4560546875
182,player,7,667.69189453125,476.49755859375,567.2732543945312,671.8758544921875
182,player,35,683.680908203125,474.4063720703125,575.291015625,673.625244140625
182,player,8,587.9024658203125,354.15643310546875,603.3273315429688,263.12249755859375
182,player,3,600.337158203125,492.9644775390625,502.44354248046875,698.08642578125
182,player,36,1175.7412109375,565.2952880859375,834.14990234375,967.36669921875
183,player,12,303.8415832519531,418.63116455078125,298.87066650390625,412.2228088378906
183,player,1,995.95849609375,493.7222900390625,787.8233032226562,798.1419677734375
183,player,6,559.1689453125,518.7321166992188,456.6543273925781,746.125244140625
183,player,23,515.3873901367188,353.6100769042969,531.3849487304688,237.52685546875
183,player,10,692.9390869140625,469.2054443359375,585.3385620117188,666.6544189453125
183,player,20,239.38394165039062,431.37957763671875,239.8046875,429.67535400390625
183,player,35,683.4716796875,471.8172302246094,576.2291259765625,670.7675170898438
183,player,7,663.6174926757812,475.335693359375,564.8389282226562,670.951171875
183,player,3,599.262939453125,491.6385498046875,502.0867614746094,696.277099609375
183,player,36,1171.2513427734375,565.7867431640625,832.8179931640625,967.4389038085938
183,player,8,585.7062377929688,407.33282470703125,584.4462890625,330.17108154296875
183,player,38,589.317138671875,348.7137145996094,606.3807983398438,239.2105712890625
184,player,12,303.60113525390625,418.84234619140625,299.1978759765625,411.34375
184,player,23,514.6581420898438,354.1555480957031,530.415771484375,237.1238250732422
184,player,6,559.7906494140625,519.0955200195312,457.01544189453125,746.1124267578125
184,player,1,993.8533325195312,492.85125732421875,787.709228515625,795.3656005859375
184,player,7,660.931640625,476.9887390136719,562.1298828125,671.5460815429688
184,player,20,243.23794555664062,432.44134521484375,241.64212036132812,432.0372314453125
184,player,10,693.3031616210938,470.2227783203125,585.8048095703125,665.7068481445312
184,player,35,684.7957763671875,475.0666809082031,576.3291015625,671.853271484375
184,player,38,587.052734375,354.6072998046875,603.496337890625,247.46865844726562
184,player,8,585.6759033203125,418.9833984375,568.95947265625,386.73870849609375
184,player,3,599.0781860351562,490.5977783203125,502.0277099609375,694.2186279296875
184,player,36,1175.7392578125,565.4373168945312,833.0723876953125,967.6029052734375
184,player,39,602.1221923828125,472.15777587890625,515.7962646484375,645.7675170898438
185,player,12,304.07562255859375,419.0368957519531,299.5334167480469,411.0463562011719
185,player,23,514.2351684570312,354.30035400390625,529.5988159179688,237.0220947265625
185,player,6,560.14697265625,519.1292114257812,457.3323974609375,746.15869140625
185,player,7,657.2132568359375,479.57977294921875,558.744873046875,673.8365478515625
185,player,10,693.8838500976562,469.9432373046875,586.3386840820312,664.896728515625
185,player,20,244.55059814453125,433.1724853515625,243.1763916015625,434.51568603515625
185,player,1,992.4575805664062,490.0205078125,788.358642578125,791.2815551757812
185,player,8,579.8975219726562,452.18212890625,548.9154663085938,456.9161376953125
185,player,38,586.448486328125,348.67291259765625,603.5416259765625,244.1733856201172
185,player,35,669.736083984375,473.6773681640625,572.77001953125,670.031005859375
185,player,36,1173.558349609375,567.5906372070312,831.9849853515625,968.7999267578125
185,player,3,598.6256103515625,489.05084228515625,502.201171875,691.5477905273438
185,player,37,686.4100341796875,473.25592041015625,565.6932373046875,664.1192626953125
186,player,12,304.36346435546875,418.73602294921875,299.869873046875,410.53387451171875
186,player,23,513.6994018554688,354.3426818847656,528.8733520507812,236.95367431640625
186,player,6,561.8970336914062,518.6532592773438,458.0564270019531,745.9662475585938
186,player,1,991.1873168945312,486.0616149902344,789.9776611328125,785.458740234375
186,player,7,656.64892578125,480.410400390625,556.191650390625,675.986572265625
186,player,20,245.33827209472656,433.82049560546875,244.363525390625,436.92303466796875
186,player,10,693.1304931640625,469.7750244140625,586.53076171875,664.155517578125
186,player,37,685.9127197265625,472.5751037597656,570.43701171875,665.4658813476562
186,player,8,577.5665893554688,446.28875732421875,536.6270141601562,496.58697509765625
186,player,38,585.8883666992188,342.77008056640625,605.5476684570312,233.18260192871094
186,player,35,671.9310302734375,475.8133544921875,570.4874267578125,670.89404296875
186,player,36,1171.115478515625,568.9464111328125,830.2575073242188,970.18505859375
186,player,3,599.3245849609375,488.914794921875,502.5244140625,689.7574462890625
187,player,23,513.3727416992188,354.0174255371094,528.38818359375,236.39682006835938
187,player,1,989.8523559570312,484.21600341796875,791.404541015625,780.1195068359375
187,player,12,306.7216491699219,419.140625,300.7573547363281,410.9109191894531
187,player,6,563.4323120117188,518.7772216796875,458.8851623535156,746.0599975585938
187,player,20,247.84567260742188,429.4573974609375,246.16717529296875,433.8695068359375
187,player,7,655.8502197265625,480.31854248046875,554.3450927734375,677.236328125
187,player,38,584.676513671875,342.12908935546875,606.6707153320312,224.92193603515625
187,player,8,590.8576049804688,440.56915283203125,533.7787475585938,517.9569702148438
187,player,35,669.3087158203125,476.85357666015625,568.0452880859375,672.1241455078125
187,player,10,690.970458984375,470.92010498046875,585.7695922851562,664.48828125
187,player,37,682.664306640625,473.33978271484375,572.4559326171875,666.7217407226562
187,player,36,1170.3082275390625,567.234130859375,829.5633544921875,970.0415649414062
188,player,1,988.9876708984375,484.75360107421875,791.9036865234375,776.99755859375
188,player,23,512.135498046875,354.16119384765625,527.6097412109375,236.09664916992188
188,player,12,307.63104248046875,419.538330078125,301.56610107421875,411.70880126953125
188,player,6,565.7056884765625,518.2257080078125,460.0859680175781,745.8828125
188,player,20,250.2415313720703,429.778076171875,248.02859497070312,432.4853515625
188,player,7,654.4241943359375,480.3699035644531,552.758056640625,677.96875
188,player,35,672.02294921875,478.07537841796875,566.861328125,674.21142578125
188,player,8,587.92578125,436.01019287109375,532.2401123046875,526.961669921875
188,player,38,582.6046142578125,340.8082275390625,607.1740112304688,217.2928924560547
188,player,36,1169.66455078125,564.6611938476562,829.8870849609375,968.4102172851562
189,player,1,987.911376953125,483.706298828125,792.3594970703125,774.056396484375
189,player,23,510.41033935546875,355.0438232421875,526.2566528320312,236.9789276123047
189,player,12,311.2807312011719,419.9676513671875,303.1446838378906,413.0955810546875
189,player,6,566.0048828125,518.3798217773438,460.91290283203125,745.9097900390625
189,player,20,251.33212280273438,427.968505859375,249.68885803222656,429.6559143066406
189,player,7,652.2867431640625,480.8944091796875,551.03759765625,678.707275390625
189,player,35,670.2752685546875,476.273681640625,566.0914306640625,673.8643798828125
189,player,8,581.270751953125,397.22210693359375,539.7796630859375,489.42071533203125
189,player,38,579.5462646484375,332.13128662109375,609.720458984375,198.46017456054688
189,player,36,1166.4024658203125,562.7802734375,830.0460815429688,966.0178833007812
190,player,12,311.6014404296875,420.57379150390625,304.2015380859375,414.7272033691406
190,player,1,986.570068359375,483.738037109375,792.301513671875,772.056640625
190,player,23,509.15625,356.1268310546875,524.6337890625,238.97113037109375
190,player,6,565.2044677734375,517.0148315429688,461.49798583984375,744.81591796875
190,player,35,662.98291015625,480.08294677734375,562.7098388671875,676.2747802734375
190,player,20,252.51351928710938,429.1354675292969,251.0369873046875,429.25189208984375
190,player,38,576.2312622070312,332.8359375,609.9298706054688,186.91773986816406
190,player,36,1165.5377197265625,563.2745361328125,829.7797241210938,964.6904296875
191,player,12,311.92718505859375,420.73663330078125,304.96875,416.0080261230469
191,player,1,985.4105224609375,484.1205749511719,791.820556640625,770.959716796875
191,player,23,507.51678466796875,357.0521240234375,522.7550048828125,241.4055938720703
191,player,6,564.1026000976562,515.4906005859375,461.8799133300781,742.8409423828125
191,player,35,658.129638671875,480.14068603515625,559.2239379882812,677.4696044921875
191,player,20,252.63037109375,428.5823974609375,251.98716735839844,428.3779296875
191,player,37,669.3870849609375,476.74688720703125,569.3726806640625,669.326904296875
191,player,7,648.9508056640625,482.9415283203125,548.550537109375,680.6396484375
191,player,38,576.1668701171875,340.02032470703125,607.344482421875,190.59329223632812
191,player,8,578.422119140625,390.6339111328125,545.7321166992188,456.76361083984375
191,player,36,1164.396728515625,562.3645629882812,829.6785888671875,963.2124633789062
192,player,12,313.04388427734375,419.1318054199219,305.97857666015625,415.1058654785156
192,player,6,563.818603515625,515.4414672851562,462.06634521484375,741.4961547851562
192,player,1,983.8440551757812,484.985595703125,790.7760009765625,770.793212890625
192,player,20,255.54026794433594,428.3917236328125,253.48361206054688,427.88720703125
192,player,23,506.6161193847656,356.668212890625,521.3412475585938,242.3284454345703
192,player,37,669.466552734375,476.15411376953125,567.5408935546875,670.515380859375
192,player,35,658.5369873046875,479.7376403808594,557.1646728515625,677.93701171875
192,player,38,574.3667602539062,340.5961608886719,604.8250732421875,193.64085388183594
192,player,7,648.8726806640625,481.40362548828125,547.2842407226562,680.5816650390625
192,player,36,1163.591796875,564.4387817382812,828.6923828125,963.407958984375
192,player,8,577.851806640625,431.65802001953125,538.2180786132812,481.7337646484375
192,ball,-1,1036.1129150390625,348.27728271484375,1171.1270751953125,199.80194091796875
193,player,12,313.9788818359375,418.5570068359375,306.980224609375,413.9503173828125
193,player,6,561.7786254882812,515.7625732421875,461.62176513671875,740.7042236328125
193,player,1,982.8770751953125,486.11834716796875,789.417236328125,771.4891357421875
193,player,20,256.4761047363281,428.6612548828125,254.71481323242188,427.966064453125
193,player,35,661.63916015625,479.3912353515625,556.72705078125,678.2139282226562
193,player,23,506.0937805175781,355.6075439453125,520.5543212890625,241.33352661132812
193,player,38,573.1741943359375,348.044189453125,600.0931396484375,206.66033935546875
193,player,7,652.254150390625,481.7265625,547.2686157226562,681.11181640625
193,player,36,1162.0537109375,567.7893676757812,826.5238037109375,965.3707275390625
193,ball,-1,1035.6639404296875,348.12738037109375,1171.1270751953125,199.80194091796875
194,player,12,314.45330810546875,421.00396728515625,307.5045166015625,416.0671691894531
194,player,6,562.5211791992188,514.420166015625,461.76007080078125,739.2110595703125
194,player,1,980.4932861328125,486.0215148925781,787.9654541015625,771.6661376953125
194,player,35,662.002685546875,479.32293701171875,556.5551147460938,678.3671264648438
194,player,20,259.9019775390625,433.08502197265625,256.20361328125,433.2982177734375
194,player,23,505.07769775390625,354.8857116699219,519.9089965820312,239.51840209960938
194,player,38,571.3677978515625,333.943115234375,601.5313110351562,193.38499450683594
194,player,36,1157.41943359375,570.2604370117188,823.225830078125,967.7410888671875
194,player,7,649.926513671875,483.3147888183594,546.2657470703125,682.60302734375
194,player,33,304.45135498046875,410.42303466796875,296.3338623046875,398.71209716796875
194,player,39,597.3800659179688,476.4504699707031,513.5675048828125,649.1399536132812
195,player,6,562.8111572265625,514.7196044921875,461.86810302734375,738.4962158203125
195,player,12,315.6690673828125,421.1102294921875,308.1985778808594,417.688720703125
195,player,1,979.4628295898438,485.3970947265625,786.9981689453125,771.20654296875
195,player,20,260.3258972167969,433.17718505859375,257.28936767578125,436.90814208984375
195,player,38,568.4625244140625,338.10626220703125,599.898193359375,190.89654541015625
195,player,23,504.8577880859375,354.30523681640625,519.5844116210938,237.4673614501953
195,player,35,661.8749389648438,479.35809326171875,556.4010009765625,678.4857177734375
195,player,36,1157.9815673828125,569.9205932617188,821.324462890625,969.12646484375
195,player,39,598.3033447265625,478.4940185546875,511.91021728515625,653.1983032226562
195,player,7,648.2057495117188,486.17724609375,544.4814453125,685.8356323242188
195,player,33,302.82861328125,391.516357421875,300.3155517578125,368.9759521484375
196,player,6,562.8997802734375,513.7218627929688,462.14129638671875,737.2645263671875
196,player,1,976.989501953125,484.0364990234375,786.259521484375,769.6322021484375
196,player,38,567.3334350585938,332.551025390625,600.4988403320312,180.42625427246094
196,player,23,503.744873046875,353.73492431640625,519.161865234375,235.16879272460938
196,player,12,316.4273681640625,419.755615234375,309.0279541015625,417.2637939453125
196,player,20,261.7830810546875,433.40533447265625,258.4071044921875,439.6514587402344
196,player,35,662.8251342773438,478.238525390625,556.8306884765625,677.6851806640625
196,player,36,1157.978271484375,570.5072631835938,819.883544921875,970.363525390625
196,player,7,628.877685546875,495.7713623046875,536.1346435546875,694.2218627929688
196,player,39,601.611328125,488.98211669921875,509.4144592285156,665.0824584960938
196,player,37,648.15380859375,484.17767333984375,558.773193359375,676.2919311523438
196,player,3,581.84521484375,509.1209716796875,494.17333984375,703.5394287109375
197,player,6,564.1860961914062,513.336181640625,462.7103271484375,736.2689208984375
197,player,1,976.4267578125,484.9560546875,785.2849731445312,769.283935546875
197,player,20,262.61383056640625,434.6717834472656,259.2830505371094,442.91229248046875
197,player,38,565.9168701171875,349.345947265625,594.3446044921875,199.1138916015625
197,player,23,502.24237060546875,353.42474365234375,518.466552734375,233.041259765625
197,player,12,318.45611572265625,419.82586669921875,310.16961669921875,417.275634765625
197,player,36,1156.38330078125,570.7284545898438,818.5186157226562,971.181640625
197,player,35,661.3154296875,478.0362548828125,556.76318359375,676.859375
197,player,7,631.4217529296875,492.96136474609375,531.9888916015625,697.5887451171875
197,player,37,647.6298828125,485.61480712890625,552.5951538085938,681.2119750976562
198,player,6,566.4105224609375,513.687255859375,463.5715637207031,736.0762939453125
198,player,20,263.9927062988281,434.92706298828125,260.23785400390625,445.4485778808594
198,player,1,976.0521850585938,486.0423583984375,784.1431884765625,769.8765869140625
198,player,38,565.059326171875,353.6734924316406,588.5718383789062,217.45777893066406
198,player,23,502.0833435058594,356.0834655761719,517.1903076171875,235.50942993164062
198,player,12,317.9788513183594,420.5058898925781,310.6918029785156,418.0163269042969
198,player,36,1154.353759765625,570.3211669921875,817.3255615234375,971.336181640625
198,player,35,665.074462890625,477.04022216796875,557.96044921875,675.792724609375
198,player,7,638.388671875,483.14678955078125,533.3590087890625,692.1744995117188
199,player,6,569.0985717773438,513.99560546875,464.74566650390625,736.40966796875
199,player,20,265.1068115234375,435.1028137207031,261.1719665527344,447.40008544921875
199,player,1,974.1285400390625,487.27093505859375,782.447998046875,771.0589599609375
199,player,23,501.33233642578125,356.2690734863281,516.0533447265625,237.29306030273438
199,player,12,317.57080078125,421.7490234375,310.7698974609375,419.87994384765625
199,player,36,1152.244140625,568.7740478515625,816.6220092773438,970.396240234375
199,player,38,562.478271484375,356.88848876953125,582.8719482421875,233.67837524414062
199,player,35,666.6426391601562,476.40850830078125,559.3126220703125,674.6910400390625
199,player,7,633.7445068359375,487.56060791015625,532.012451171875,691.9765014648438
199,player,37,652.3995971679688,477.9996337890625,551.6704711914062,678.3427734375
200,player,6,571.797607421875,512.9385375976562,466.37811279296875,736.0254516601562
200,player,20,266.36297607421875,434.4444274902344,262.19818115234375,448.07000732421875
200,player,12,318.69647216796875,422.7242126464844,311.049072265625,422.3173828125
200,player,23,500.63995361328125,357.1818542480469,514.8190307617188,239.6875457763672
200,player,1,973.5072631835938,486.13787841796875,781.6162719726562,770.8915405273438
200,player,36,1151.673828125,567.2025146484375,816.58642578125,968.8353271484375
200,player,38,559.283935546875,353.85516357421875,579.099853515625,239.5001678466797
200,player,37,649.5813598632812,478.593017578125,550.1815185546875,676.7431640625
200,player,35,662.6633911132812,476.237548828125,559.18408203125,673.4790649414062
200,player,7,638.4044799804688,486.61614990234375,532.5660400390625,691.4557495117188
201,player,6,572.50244140625,513.0216064453125,467.599853515625,735.89794921875
201,player,20,267.9523010253906,433.80841064453125,263.38153076171875,447.96307373046875
201,player,12,322.7197265625,422.973388671875,312.405517578125,424.5925598144531
201,player,23,499.95379638671875,357.1579284667969,513.7918701171875,241.12826538085938
201,player,1,972.4609375,487.2747497558594,780.3810424804688,771.5821533203125
201,player,38,557.7286376953125,354.16650390625,576.018310546875,243.54833984375
201,player,36,1151.4737548828125,567.6343994140625,816.3682250976562,968.056884765625
201,player,35,656.7442626953125,477.3546142578125,557.25830078125,673.1392822265625
201,player,7,638.458251953125,487.0562744140625,532.8375244140625,691.4908447265625
202,player,6,573.3781127929688,512.62890625,468.6859436035156,735.5810546875
202,player,20,269.11090087890625,435.2698974609375,264.3763427734375,449.6131591796875
202,player,1,971.678466796875,488.3160400390625,778.98876953125,772.7752685546875
202,player,23,498.86773681640625,356.3478698730469,512.9880981445312,240.7667236328125
202,player,12,323.6675109863281,425.2381591796875,313.31268310546875,428.7275085449219
202,player,35,667.0609130859375,477.3096923828125,558.73779296875,673.7803344726562
202,player,38,556.6157836914062,356.615966796875,572.83154296875,249.55810546875
202,player,36,1151.444580078125,567.8470458984375,816.1458129882812,967.6719970703125
202,player,7,637.499755859375,492.3126220703125,531.5567016601562,695.7951049804688
203,player,6,575.0936889648438,512.5345458984375,469.83837890625,735.4417724609375
203,player,20,271.1209716796875,436.2768249511719,265.53216552734375,451.984130859375
203,player,1,970.114013671875,487.5626220703125,777.9698486328125,772.8343505859375
203,player,38,556.6983642578125,356.768310546875,570.7379150390625,253.69126892089844
203,player,23,498.3612060546875,355.92266845703125,512.41552734375,239.85601806640625
203,player,12,324.4679870605469,425.61102294921875,314.09814453125,431.9150695800781
203,player,7,622.7213134765625,503.26043701171875,524.5388793945312,706.2072143554688
203,player,36,1151.082763671875,568.005615234375,815.8659057617188,967.4879150390625
203,player,35,665.2230224609375,477.2681884765625,559.2255249023438,674.0008544921875
204,player,6,576.0638427734375,511.63739013671875,470.9986572265625,734.7312622070312
204,player,20,271.47491455078125,436.234619140625,266.39031982421875,453.51409912109375
204,player,1,969.033447265625,487.37908935546875,777.102294921875,772.639404296875
204,player,38,555.5432739257812,360.770751953125,567.6922607421875,261.89312744140625
204,player,12,331.4691162109375,427.86407470703125,316.42572021484375,437.20758056640625
204,player,7,620.3526000976562,504.27044677734375,519.1638793945312,713.58056640625
204,player,23,496.64617919921875,355.1062927246094,511.69482421875,237.87449645996094
204,player,36,1150.06201171875,567.7716064453125,815.5396118164062,967.16015625
204,player,35,655.9763793945312,477.145751953125,557.1346435546875,673.23095703125
204,player,33,306.2233581542969,431.51593017578125,299.62017822265625,397.823486328125
205,player,6,578.4236450195312,509.870361328125,472.67889404296875,733.079833984375
205,player,1,968.300048828125,486.77978515625,776.5769653320312,771.98388671875
205,player,20,271.30584716796875,435.0149841308594,266.9956359863281,453.158935546875
205,player,38,555.048583984375,361.69696044921875,565.2513427734375,268.46026611328125
205,player,12,332.869873046875,429.9009704589844,318.1147766113281,443.0430603027344
205,player,35,655.470947265625,476.63250732421875,555.769775390625,672.2425537109375
205,player,33,318.1443176269531,431.0201416015625,302.7288818359375,417.2125549316406
205,player,36,1148.68310546875,568.0607299804688,814.9217529296875,967.0165405273438
205,player,7,606.8345336914062,505.84173583984375,511.9307861328125,718.4989013671875
205,player,23,495.44854736328125,354.02191162109375,511.12890625,234.8616180419922
205,player,37,634.5678100585938,498.9256591796875,540.5941772460938,691.343017578125
205,player,40,286.72833251953125,434.64764404296875,281.1236877441406,455.7032775878906
206,player,6,583.05419921875,510.98358154296875,474.7196044921875,733.2579345703125
206,player,20,271.9459228515625,435.0445556640625,267.5743713378906,453.023681640625
206,player,12,334.73651123046875,428.9217529296875,319.87799072265625,445.94036865234375
206,player,1,965.92919921875,487.60198974609375,775.3261108398438,772.0006103515625
206,player,35,656.110595703125,476.38104248046875,555.1141967773438,671.4383544921875
206,player,38,552.493896484375,361.82464599609375,562.7742919921875,272.60968017578125
206,player,23,495.3583984375,353.4344787597656,510.8983459472656,232.03207397460938
206,player,37,641.407958984375,492.4945068359375,537.562744140625,696.1796875
206,player,36,1147.42578125,568.0419921875,814.2484130859375,966.822998046875
207,player,20,271.8038330078125,435.937255859375,267.837646484375,453.8978271484375
207,player,12,337.93536376953125,433.13134765625,321.4677734375,452.75982666015625
207,player,1,964.8228759765625,487.6585693359375,774.2113647460938,771.9630126953125
207,player,38,551.1275634765625,360.8838195800781,561.0079345703125,273.83331298828125
207,player,23,495.11346435546875,353.2645263671875,510.7137145996094,229.9141845703125
207,player,6,585.7133178710938,509.52960205078125,476.99285888671875,732.45361328125
207,player,7,620.45703125,505.7083740234375,510.69146728515625,722.7158813476562
207,player,36,1146.6485595703125,569.226806640625,813.228515625,967.3270263671875
207,player,37,635.168701171875,503.0264892578125,531.6419677734375,707.3040771484375
207,player,35,658.565185546875,477.49224853515625,555.0587158203125,672.0905151367188
208,player,20,273.3683776855469,435.1390380859375,268.531005859375,453.7479248046875
208,player,12,339.8800964355469,434.9664306640625,322.85272216796875,459.3729248046875
208,player,38,550.68310546875,363.6156005859375,558.8500366210938,278.3789978027344
208,player,1,964.043212890625,487.81866455078125,773.2294311523438,771.998046875
208,player,23,494.484619140625,353.62640380859375,510.27606201171875,228.9930419921875
208,player,37,632.490966796875,509.210205078125,525.7848510742188,719.172119140625
208,player,6,576.07861328125,507.61602783203125,476.4150390625,729.6298828125
208,player,7,623.2196044921875,507.077880859375,510.2927551269531,726.7623291015625
208,player,36,1146.5565185546875,568.8258056640625,812.6839599609375,967.4165649414062
208,player,35,667.4108276367188,474.3685302734375,558.1502075195312,670.5829467773438
209,player,12,343.39166259765625,438.24420166015625,324.3857116699219,467.53082275390625
209,player,20,273.1667785644531,435.90277099609375,268.861083984375,454.46527099609375
209,player,6,581.8189086914062,506.46441650390625,477.7086181640625,727.3563232421875
209,player,38,549.5363159179688,363.7568359375,557.023193359375,281.39630126953125
209,player,1,963.3403930664062,487.325439453125,772.5965576171875,771.5775146484375
209,player,37,633.2959594726562,509.836181640625,522.0457763671875,727.4385986328125
209,player,23,492.6336975097656,353.19964599609375,509.482666015625,227.54647827148438
209,player,35,667.6139526367188,474.0298767089844,560.3004150390625,669.3259887695312
209,player,36,1146.488525390625,568.7250366210938,812.349853515625,967.41162109375
210,player,6,571.5783081054688,505.396484375,476.1669921875,724.1810302734375
210,player,20,275.1785888671875,437.48345947265625,269.53570556640625,456.84893798828125
210,player,38,550.2235107421875,364.4324951171875,555.852294921875,284.3699035644531
210,player,12,345.7411804199219,439.3410339355469,325.9316101074219,474.2281188964844
210,player,1,963.9799194335938,487.521240234375,772.2745361328125,771.5103759765625
210,player,35,667.07470703125,473.8555908203125,561.599853515625,668.3096923828125
210,player,37,633.6488037109375,507.70159912109375,520.16015625,731.1785278320312
210,player,36,1146.456298828125,568.0120849609375,812.37255859375,966.9935302734375
210,player,23,492.3937072753906,353.28497314453125,508.86090087890625,226.7028045654297
211,player,38,550.227294921875,366.25372314453125,554.5264892578125,288.80377197265625
211,player,6,586.4956665039062,506.6334228515625,478.69439697265625,724.3350830078125
211,player,12,345.31085205078125,439.0423583984375,326.84765625,478.22259521484375
211,player,1,963.5108642578125,487.0630187988281,772.1168823242188,771.0699462890625
211,player,20,276.0475769042969,438.800537109375,270.1205139160156,459.90777587890625
211,player,35,662.8035888671875,474.927734375,561.039306640625,668.2073974609375
211,player,23,490.8275451660156,354.19500732421875,507.6659240722656,227.30099487304688
211,player,36,1146.4896240234375,566.3392333984375,812.9764404296875,965.752685546875
211,player,7,610.12744140625,508.2130126953125,506.5079345703125,729.20556640625
212,player,38,549.7122802734375,364.90411376953125,553.9134521484375,289.7752685546875
212,player,3,570.3093872070312,502.84234619140625,487.03497314453125,706.5476684570312
212,player,1,962.3716430664062,486.5744323730469,771.9072265625,770.3062744140625
212,player,12,342.8410949707031,438.07281494140625,326.8431701660156,479.5467529296875
212,player,20,278.2947998046875,439.71026611328125,271.0795593261719,463.094970703125
212,player,7,621.3892822265625,507.10260009765625,507.10809326171875,730.849365234375
212,player,23,488.1742858886719,352.5430908203125,506.4505615234375,224.9452362060547
212,player,35,667.71875,474.21893310546875,562.1575927734375,667.9557495117188
212,player,6,587.4561767578125,505.15277099609375,480.8706970214844,723.339111328125
212,player,36,1146.3828125,565.9503173828125,813.48095703125,964.7119140625
213,player,38,548.4505615234375,366.2396240234375,552.68505859375,292.09375
213,player,12,342.3656005859375,437.98687744140625,326.71258544921875,480.2694396972656
213,player,3,572.137939453125,501.284912109375,483.1598815917969,707.3989868164062
213,player,6,594.639892578125,505.15582275390625,484.10052490234375,723.289306640625
213,player,1,961.13427734375,487.0716247558594,771.271484375,770.0949096679688
213,player,23,487.27105712890625,352.2865295410156,505.4242858886719,222.92678833007812
213,player,35,670.775390625,473.0616455078125,563.9934692382812,667.0516357421875
213,player,36,1146.203857421875,566.2386474609375,813.6685791015625,964.190673828125
213,player,20,283.0699462890625,437.65863037109375,273.2640075683594,463.4223937988281
213,player,41,461.65667724609375,351.28607177734375,479.2305603027344,206.11538696289062
214,player,12,342.84576416015625,438.79473876953125,326.67138671875,481.6463623046875
214,player,6,599.351318359375,505.33685302734375,487.35369873046875,723.790771484375
214,player,1,960.4847412109375,487.696044921875,770.4615478515625,770.3905029296875
214,player,38,546.8346557617188,366.37091064453125,551.313720703125,293.5946044921875
214,player,20,280.021484375,437.688720703125,273.7928466796875,463.36871337890625
214,player,23,487.83294677734375,355.580322265625,504.0272216796875,226.5106201171875
214,player,3,574.4547119140625,498.3060302734375,481.81280517578125,705.7252807617188
214,player,36,1145.9605712890625,566.8812866210938,813.5128173828125,964.20849609375
214,player,35,666.0133056640625,472.9927978515625,563.940185546875,665.9844360351562
214,player,41,460.7835693359375,351.224853515625,478.94683837890625,205.91848754882812
215,player,12,342.805908203125,438.14410400390625,326.7099609375,481.84478759765625
215,player,6,600.81982421875,504.0205078125,490.10650634765625,723.19189453125
215,player,1,960.241455078125,487.96746826171875,769.7728271484375,770.7738647460938
215,player,23,484.966064453125,355.93017578125,502.0501708984375,229.0076904296875
215,player,35,668.9088134765625,472.3616943359375,564.8375854492188,664.993408203125
215,player,41,455.21807861328125,351.12835693359375,476.87579345703125,204.97344970703125
215,player,38,547.3533325195312,363.0901184082031,551.60888671875,290.10992431640625
215,player,36,1146.074462890625,567.9619750976562,813.0614013671875,964.8553466796875
215,player,20,290.56951904296875,437.85394287109375,277.1951599121094,464.546630859375
215,player,3,559.80029296875,470.9088134765625,482.64306640625,679.859130859375
216,player,12,350.0942077636719,436.098876953125,329.0979309082031,480.4990234375
216,player,1,960.1747436523438,488.1064453125,769.2567749023438,771.125732421875
216,player,6,604.892822265625,504.6964111328125,492.787841796875,723.677978515625
216,player,23,484.0054016113281,355.4862060546875,500.5614013671875,229.8703155517578
216,player,33,309.095947265625,441.4571228027344,301.0364990234375,440.2055969238281
216,player,36,1146.8868408203125,567.5751953125,813.08203125,965.109375
216,player,3,562.0927734375,469.60662841796875,484.0726318359375,662.074462890625
216,player,38,546.1948852539062,360.36444091796875,552.2691040039062,283.90411376953125
216,player,41,451.70965576171875,351.686279296875,474.181396484375,204.76904296875
216,player,35,674.3494873046875,471.34765625,567.1322021484375,663.93994140625
216,player,42,551.8220825195312,445.42425537109375,493.7186279296875,560.8947143554688
217,player,12,351.7027282714844,437.1405029296875,330.98870849609375,480.89654541015625
217,player,1,959.4088134765625,489.3441162109375,768.2703857421875,772.2522583007812
217,player,6,607.6282348632812,503.748291015625,495.41748046875,723.4667358398438
217,player,23,483.96826171875,355.04547119140625,499.7024230957031,229.7838592529297
217,player,33,312.7628479003906,442.27349853515625,300.9132385253906,456.37030029296875
217,player,36,1147.56787109375,568.76904296875,812.8319091796875,966.0140380859375
217,player,38,544.9716796875,362.5921630859375,551.593994140625,282.84271240234375
217,player,42,545.9146728515625,416.32952880859375,498.895263671875,529.7896728515625
217,player,35,671.972900390625,470.7817077636719,568.13916015625,662.54736328125
217,player,41,451.1906433105469,351.37908935546875,472.3301086425781,204.11434936523438
217,player,43,364.54510498046875,435.09442138671875,345.90960693359375,478.9663391113281
217,player,3,550.92724609375,468.53314208984375,482.21673583984375,648.5399169921875
218,player,12,352.7197265625,437.3768005371094,332.48345947265625,481.5064697265625
218,player,1,959.4788208007812,490.97186279296875,767.0491943359375,774.2492065429688
218,player,6,606.10986328125,503.47991943359375,496.7978210449219,722.9895629882812
218,player,35,677.2374267578125,473.93450927734375,569.3679809570312,664.8653564453125
218,player,42,546.5465698242188,407.34423828125,504.7259521484375,499.4775085449219
218,player,3,549.0224609375,469.275390625,480.3438720703125,640.2471313476562
218,player,23,484.1658935546875,354.6954040527344,499.30780029296875,229.2398223876953
218,player,38,545.65234375,353.86322021484375,554.1522216796875,269.8472900390625
218,player,44,547.0553588867188,467.3290710449219,476.4900207519531,619.2689208984375
218,player,36,1148.0972900390625,569.0850830078125,812.6768798828125,966.8221435546875
218,player,33,308.09765625,444.45941162109375,299.2757263183594,468.7267761230469
218,player,45,586.4365844726562,479.9185791015625,498.991455078125,661.3106689453125
218,player,41,450.82940673828125,350.3433532714844,471.26702880859375,202.09226989746094
219,player,12,352.4119873046875,435.9971923828125,333.53729248046875,480.39703369140625
219,player,1,959.490966796875,491.44482421875,766.08544921875,775.9127197265625
219,player,45,585.862548828125,480.78594970703125,498.654296875,662.0125732421875
219,player,35,676.3854370117188,474.748779296875,569.7288818359375,667.0045166015625
219,player,44,545.6644287109375,452.51751708984375,479.2322998046875,605.2056884765625
219,player,3,545.3103637695312,467.21673583984375,478.5459289550781,632.6448974609375
219,player,38,545.873291015625,362.32373046875,553.2012939453125,273.43682861328125
219,player,33,304.9859619140625,446.23919677734375,297.14898681640625,478.3194274902344
219,player,23,483.8489074707031,354.4498291015625,499.0113525390625,228.4890899658203
219,player,36,1148.71240234375,569.780029296875,812.471435546875,967.791748046875
219,player,42,560.047119140625,473.94287109375,496.97186279296875,548.5404663085938
219,player,41,450.1010437011719,350.6285400390625,470.25244140625,201.11798095703125
219,player,7,624.3668212890625,494.4443359375,510.97845458984375,722.0165405273438
220,player,6,594.5341796875,497.3768310546875,496.0040588378906,716.7896728515625
220,player,1,958.961669921875,491.7769775390625,765.2042236328125,777.2056884765625
220,player,12,354.36865234375,434.06719970703125,335.0347595214844,477.7906188964844
220,player,35,664.579833984375,479.7086181640625,565.5867919921875,671.634765625
220,player,38,544.5128173828125,371.2193603515625,549.4193725585938,287.76629638671875
220,player,23,482.68096923828125,354.38818359375,498.43829345703125,227.77127075195312
220,player,44,543.2255859375,447.09051513671875,481.51617431640625,590.5350341796875
220,player,3,542.2236328125,456.20733642578125,478.8260498046875,617.1260986328125
220,player,46,674.6226806640625,475.12896728515625,568.7852783203125,671.4775390625
220,player,36,1149.033447265625,569.5075073242188,812.5030517578125,968.2877197265625
220,player,41,447.6015930175781,351.9727783203125,468.39349365234375,202.1946563720703
221,player,6,594.7210693359375,499.8177490234375,495.0362243652344,714.7586669921875
221,player,12,356.24969482421875,432.96368408203125,336.6982421875,475.08746337890625
221,player,1,959.091552734375,491.843505859375,764.6398315429688,778.1080322265625
221,player,3,539.073486328125,455.69873046875,478.2453308105469,606.2622680664062
221,player,20,307.4570007324219,444.25286865234375,283.6949462890625,473.76300048828125
221,player,35,656.5479736328125,497.837890625,556.451904296875,688.9867553710938
221,player,44,540.27685546875,446.92938232421875,482.20806884765625,580.5624389648438
221,player,38,542.5103759765625,390.912353515625,540.6900634765625,322.16534423828125
221,player,41,445.6061096191406,350.9317626953125,466.76104736328125,201.09512329101562
221,player,36,1149.341552734375,568.9786376953125,812.77490234375,968.326904296875
222,player,12,361.0668640136719,430.5908203125,339.49993896484375,471.2232666015625
222,player,1,958.7291259765625,492.46820068359375,763.9539794921875,779.1444091796875
222,player,3,534.9614868164062,458.095947265625,476.2337341308594,601.10693359375
222,player,45,582.3154296875,487.648681640625,496.062255859375,668.0343627929688
222,player,35,659.1792602539062,504.7869873046875,549.585693359375,706.004638671875
222,player,41,443.9130859375,351.4958190917969,464.9766845703125,201.02101135253906
222,player,38,538.6141357421875,372.8040466308594,538.8970336914062,320.8891906738281
222,player,20,313.846435546875,444.8331298828125,289.6968994140625,480.9769287109375
222,player,46,675.3589477539062,476.4976806640625,568.6259155273438,672.72509765625
222,player,44,538.1546630859375,449.19482421875,481.57232666015625,576.1109008789062
222,player,42,575.0513305664062,473.46502685546875,496.04010009765625,581.3345947265625
222,player,43,332.80859375,438.98248291015625,336.2218017578125,480.02154541015625
223,player,12,366.35064697265625,434.985107421875,342.2832336425781,473.9930419921875
223,player,45,578.1224975585938,483.2554931640625,494.19354248046875,667.8404541015625
223,player,1,957.04931640625,487.70391845703125,764.8306274414062,775.9913330078125
223,player,35,658.3470458984375,506.38330078125,544.5517578125,718.2474365234375
223,player,3,532.1234741210938,458.6314697265625,474.0350646972656,598.00341796875
223,player,41,443.0836181640625,351.1614074707031,463.6148681640625,200.37130737304688
223,player,20,317.8271484375,445.05303955078125,294.7173156738281,486.27862548828125
223,player,38,539.9852294921875,357.0691833496094,542.9624633789062,298.51397705078125
223,player,44,539.6524658203125,451.1360778808594,481.16033935546875,575.25341796875
223,player,43,332.5032043457031,444.46527099609375,329.22698974609375,486.4557800292969
224,player,12,366.1596374511719,434.67388916015625,344.078125,475.4403076171875
224,player,1,956.4052734375,487.67230224609375,765.2486572265625,773.86328125
224,player,45,573.5308837890625,482.79180908203125,491.8690185546875,666.9168090820312
224,player,35,657.168212890625,504.5113525390625,541.40673828125,724.6416015625
224,player,20,315.38494873046875,446.467041015625,297.1387939453125,490.96270751953125
224,player,41,442.1819152832031,351.51141357421875,462.33270263671875,200.364501953125
224,player,43,330.21466064453125,447.2189025878906,323.72650146484375,493.27618408203125
224,player,38,538.56005859375,360.1845703125,544.1546020507812,288.220947265625
224,player,3,527.79296875,458.4722595214844,471.44683837890625,595.4376220703125
224,player,44,537.9371337890625,461.34906005859375,478.27459716796875,584.29248046875
224,player,47,378.4757995605469,431.8993225097656,358.7680969238281,473.0359802246094
225,player,12,369.271728515625,435.9694519042969,345.9769287109375,478.07464599609375
225,player,1,955.1793212890625,487.78070068359375,765.1693115234375,772.4620361328125
225,player,43,325.0770568847656,446.95526123046875,318.71343994140625,496.9455871582031
225,player,41,442.4090576171875,351.33221435546875,461.621826171875,200.11904907226562
225,player,35,654.2776489257812,504.717529296875,538.5878295898438,728.72119140625
225,player,42,568.497802734375,481.00286865234375,492.1129455566406,608.7024536132812
225,player,3,528.051513671875,462.01190185546875,469.1220703125,597.132568359375
225,player,38,536.5064697265625,363.9985046386719,543.0784912109375,286.6196594238281
225,player,46,675.9437255859375,476.63958740234375,568.6399536132812,673.7093505859375
226,player,1,954.1422119140625,487.64373779296875,764.905029296875,771.3574829101562
226,player,35,654.1907958984375,504.52001953125,536.7781372070312,731.21044921875
226,player,12,372.0606994628906,433.7181396484375,348.3275146484375,477.64447021484375
226,player,3,523.3357543945312,464.2601318359375,465.8777770996094,599.9052734375
226,player,41,441.7925109863281,350.74755859375,461.0927734375,199.00721740722656
226,player,43,326.9585266113281,446.3476867675781,316.0564270019531,498.88153076171875
226,player,42,567.20361328125,479.8121337890625,489.463623046875,625.3424072265625
226,player,38,536.2353515625,363.36358642578125,542.4815063476562,284.6664123535156
227,player,1,953.7049560546875,487.5670166015625,764.6504516601562,770.54296875
227,player,35,657.9092407226562,503.84185791015625,536.6927490234375,732.60205078125
227,player,12,375.33233642578125,432.09588623046875,351.0347900390625,475.93426513671875
227,player,20,319.0714111328125,446.0954284667969,299.80450439453125,493.9747314453125
227,player,42,566.4217529296875,480.51678466796875,487.3902587890625,636.7039184570312
227,player,41,441.47552490234375,350.0478515625,460.8136291503906,197.19253540039062
227,player,38,535.6438598632812,369.76910400390625,539.9833984375,292.1055908203125
227,player,3,520.899169921875,462.91510009765625,463.3681945800781,600.2311401367188
228,player,35,662.82177734375,502.68597412109375,538.1417846679688,733.00146484375
228,player,1,952.8402099609375,486.9265441894531,764.501220703125,769.4401245117188
228,player,12,377.6859130859375,430.577880859375,353.6969909667969,473.40606689453125
228,player,38,535.8306884765625,369.20989990234375,538.5858154296875,296.2059326171875
228,player,20,322.32623291015625,446.17132568359375,302.4601745605469,496.323486328125
228,player,3,518.567626953125,463.02935791015625,461.0776672363281,600.3377685546875
228,player,41,441.3528137207031,349.2130126953125,460.7979736328125,194.736572265625
228,player,42,568.8973999023438,481.890380859375,486.41357421875,645.4967041015625
229,player,1,952.281982421875,487.1649169921875,764.174560546875,768.863037109375
229,player,35,667.451416015625,500.53985595703125,540.75341796875,731.9449462890625
229,player,12,381.358642578125,430.0436096191406,356.5810852050781,471.5441589355469
229,player,38,535.106689453125,369.47308349609375,537.3624267578125,299.144775390625
229,player,43,327.8389892578125,444.3161315917969,314.79852294921875,498.1103515625
229,player,41,440.1522216796875,349.19720458984375,460.3768310546875,192.97006225585938
229,player,42,570.0830688476562,483.66644287109375,485.7266845703125,652.8471069335938
229,player,3,516.3399047851562,462.99969482421875,458.9859619140625,600.1766357421875
230,player,1,951.5367431640625,487.66522216796875,763.589111328125,768.8167724609375
230,player,35,673.0109252929688,497.97247314453125,544.4691162109375,729.6734008789062
230,player,12,386.70111083984375,430.5157470703125,359.9538879394531,471.377197265625
230,player,38,534.1068115234375,364.605712890625,537.6853637695312,294.28289794921875
230,player,43,331.69903564453125,446.42352294921875,314.857666015625,500.1712646484375
230,player,42,563.424560546875,484.4402160644531,483.3763732910156,657.7127685546875
230,player,41,439.130126953125,349.249267578125,459.7369384765625,191.77621459960938
230,player,3,517.177978515625,465.2012939453125,457.42938232421875,602.2008056640625
231,player,1,950.8118896484375,487.90625,762.936279296875,768.914306640625
231,player,35,679.072265625,493.779052734375,549.4442138671875,725.3253173828125
231,player,38,533.5610961914062,372.0382080078125,535.5220336914062,301.17095947265625
231,player,12,388.5498046875,430.2314453125,362.72998046875,471.14239501953125
231,player,42,561.3839721679688,483.1758728027344,481.56689453125,659.6100463867188
231,player,43,328.33941650390625,444.36065673828125,314.15802001953125,499.0433349609375
231,player,41,438.4779968261719,349.9914245605469,458.9122314453125,192.04306030273438
231,player,3,532.26025390625,468.80621337890625,459.80352783203125,608.1965942382812
231,player,36,1151.478759765625,570.9293212890625,812.7479248046875,969.6262817382812
232,player,1,950.2658081054688,488.04779052734375,762.321533203125,769.04248046875
232,player,12,393.2945556640625,428.66510009765625,366.1618347167969,469.75140380859375
232,player,42,559.253662109375,483.39080810546875,479.7877197265625,660.84375
232,player,38,533.5894775390625,364.15228271484375,536.453857421875,294.9125061035156
232,player,35,683.2139892578125,496.54302978515625,553.0606689453125,725.0780639648438
232,player,43,329.1317443847656,444.80145263671875,313.8828125,498.84625244140625
232,player,3,533.590576171875,474.2059326171875,460.646728515625,617.0980224609375
232,player,41,437.82879638671875,350.00396728515625,458.1490783691406,192.15655517578125
233,player,1,949.5571899414062,488.318603515625,761.64306640625,769.2777709960938
233,player,38,532.2296142578125,363.80096435546875,536.714111328125,290.1997375488281
233,player,35,693.11328125,491.3543701171875,559.232421875,721.5513916015625
233,player,12,396.01220703125,427.8695373535156,369.3132629394531,468.24615478515625
233,player,43,329.63177490234375,445.46441650390625,313.77545166015625,499.4563293457031
233,player,42,548.1283569335938,482.92962646484375,475.796142578125,660.2802734375
233,player,41,437.6850891113281,349.58734130859375,457.7060241699219,191.583251953125
233,player,7,643.92236328125,494.07049560546875,518.59716796875,717.6209106445312
233,player,36,1151.0477294921875,570.3046875,812.8513793945312,970.0817260742188
234,player,1,949.0797119140625,488.8311767578125,760.8939819335938,769.7902221679688
234,player,35,696.04443359375,493.71502685546875,563.3997802734375,721.423583984375
234,player,43,331.7433166503906,447.22332763671875,314.11846923828125,501.8772277832031
234,player,38,531.5454711914062,365.19207763671875,536.240966796875,288.9825744628906
234,player,42,551.4017944335938,482.8168029785156,474.0853271484375,660.1009521484375
234,player,12,402.83258056640625,428.56231689453125,373.2598876953125,468.7037658691406
234,player,3,534.2632446289062,479.30517578125,460.391357421875,627.4705200195312
234,player,41,438.16387939453125,349.5762939453125,457.5861511230469,191.25213623046875
234,player,47,387.1501159667969,428.28985595703125,361.83551025390625,469.96038818359375
234,player,36,1156.389404296875,565.62841796875,815.7335815429688,968.0521240234375
235,player,35,701.4182739257812,493.93524169921875,567.4268798828125,721.9706420898438
235,player,1,948.277099609375,489.32470703125,760.0241088867188,770.4403076171875
235,player,42,555.9727783203125,483.18603515625,474.10296630859375,660.7011108398438
235,player,43,335.00885009765625,444.49554443359375,315.57452392578125,500.93450927734375
235,player,12,407.4521179199219,428.833984375,377.1388244628906,469.7560119628906
235,player,38,530.8763427734375,375.45880126953125,532.72900390625,301.96868896484375
235,player,3,540.50439453125,483.460205078125,461.07958984375,638.3842163085938
235,player,47,386.95465087890625,428.35565185546875,363.76202392578125,468.01397705078125
235,player,48,420.9791259765625,420.15576171875,399.8936462402344,448.1382751464844
235,player,36,1156.638916015625,566.2147827148438,817.4557495117188,967.091796875
235,player,41,437.96795654296875,349.0921630859375,457.5601501464844,190.27993774414062
236,player,1,946.9945678710938,489.7618408203125,758.975341796875,771.0955810546875
236,player,35,700.6109619140625,492.49957275390625,570.2032470703125,721.0965576171875
236,player,43,344.5189208984375,441.833251953125,319.55645751953125,498.45269775390625
236,player,12,413.9665832519531,433.68597412109375,380.7881774902344,476.31658935546875
236,player,3,545.208984375,485.45318603515625,462.3807067871094,647.60498046875
236,player,38,531.4222412109375,357.9281005859375,535.8063354492188,286.43133544921875
236,player,47,384.7378845214844,431.69744873046875,363.8744812011719,470.1710205078125
236,player,36,1145.97314453125,571.3463745117188,814.43408203125,968.6735229492188
237,player,1,946.288818359375,490.5074462890625,757.8453369140625,772.0408935546875
237,player,43,354.190673828125,441.41680908203125,324.9780578613281,497.33721923828125
237,player,35,701.439208984375,491.17315673828125,572.5595092773438,719.52001953125
237,player,3,547.5400390625,484.69903564453125,463.98321533203125,653.1517944335938
237,player,38,531.236083984375,354.875,538.6883544921875,271.928466796875
237,player,12,414.5604248046875,433.8128662109375,383.3125305175781,480.77459716796875
237,player,47,389.13800048828125,433.013671875,365.04071044921875,473.4277648925781
237,player,41,438.3788146972656,348.994873046875,457.70941162109375,189.55056762695312
237,player,44,535.0178833007812,384.56982421875,493.82696533203125,506.16455078125
237,player,36,1145.882080078125,571.9929809570312,812.228271484375,970.0657958984375
238,player,1,947.0122680664062,493.52838134765625,756.2069091796875,775.04345703125
238,player,43,356.3134765625,440.15020751953125,329.2706604003906,495.48468017578125
238,player,35,702.297119140625,490.05267333984375,574.5997314453125,717.6533203125
238,player,3,541.6067504882812,481.87530517578125,464.0090026855469,653.7969970703125
238,player,12,414.21832275390625,435.45416259765625,384.592041015625,485.3851318359375
238,player,42,555.6981201171875,482.232421875,474.2315979003906,660.2421264648438
238,player,38,530.4290161132812,360.1727294921875,538.661376953125,269.97198486328125
238,player,36,1146.072021484375,572.010986328125,810.830078125,970.9944458007812
238,player,49,1129.58203125,569.861328125,799.9407348632812,965.85205078125
238,player,7,658.753662109375,479.644775390625,530.837158203125,703.9747314453125
238,player,44,532.49267578125,476.89056396484375,481.95050048828125,553.07421875
239,player,1,946.5631103515625,494.16143798828125,754.802734375,777.44287109375
239,player,42,552.582763671875,478.36468505859375,474.2636413574219,656.2947998046875
239,player,43,355.1131591796875,439.14849853515625,331.8392333984375,493.105224609375
239,player,35,704.6732788085938,488.22674560546875,577.01123046875,715.144287109375
239,player,12,416.8870849609375,432.80902099609375,386.62359619140625,485.82415771484375
239,player,7,657.921142578125,467.8145751953125,541.562255859375,684.6918334960938
239,player,3,533.0857543945312,477.63055419921875,462.584716796875,649.7435302734375
239,player,38,529.0303955078125,373.83099365234375,534.1668701171875,287.248046875
239,player,49,1129.841552734375,568.0035400390625,800.630859375,964.7933349609375
239,player,36,1144.945068359375,571.562744140625,809.8268432617188,971.26171875
240,player,1,945.571533203125,494.079833984375,753.6700439453125,778.8580322265625
240,player,35,707.9443359375,488.7734375,579.2794799804688,714.2406005859375
240,player,3,540.4658203125,483.44091796875,462.4988098144531,652.8416137695312
240,player,7,658.3785400390625,467.77044677734375,548.6676025390625,672.1593017578125
240,player,43,356.0406188964844,438.7247314453125,333.82989501953125,491.19964599609375
240,player,12,418.40380859375,429.5673828125,388.9173889160156,482.76629638671875
240,player,38,528.3052978515625,370.75567626953125,531.8902587890625,294.2791442871094
240,player,49,1129.551513671875,568.5282592773438,800.8361206054688,964.389404296875
240,player,36,1143.796142578125,572.4435424804688,808.62060546875,971.8587646484375
240,player,47,387.9110412597656,434.17547607421875,365.2717590332031,476.6721496582031
241,player,35,712.0738525390625,489.30126953125,581.6790771484375,714.436279296875
241,player,1,945.0120239257812,494.57281494140625,752.6175537109375,780.108642578125
241,player,43,354.44512939453125,438.10302734375,334.7398681640625,489.1453857421875
241,player,3,543.3277587890625,481.3018798828125,463.6092529296875,653.2459716796875
241,player,12,427.91790771484375,423.45806884765625,394.24749755859375,475.031005859375
241,player,7,656.2037353515625,466.21282958984375,553.1044921875,662.4243774414062
241,player,38,527.685546875,369.21563720703125,530.6524047851562,296.6962890625
241,player,49,1128.92578125,569.575927734375,800.474609375,964.6896362304688
241,player,36,1143.386474609375,572.5551147460938,807.7083740234375,972.28173828125
241,player,41,435.5552978515625,361.22491455078125,453.9096374511719,206.783935546875
242,player,35,713.4727783203125,489.777587890625,583.4735717773438,715.0714721679688
242,player,1,944.1514892578125,492.84423828125,752.3336181640625,779.5252685546875
242,player,43,355.13958740234375,438.2532958984375,335.51361083984375,488.0375061035156
242,player,41,437.58355712890625,379.2398681640625,448.07464599609375,243.07342529296875
242,player,7,654.7608642578125,469.30303955078125,554.8079223632812,658.7283935546875
242,player,49,1128.468017578125,569.6520385742188,800.1126098632812,964.8963623046875
242,player,3,538.6832275390625,479.53289794921875,463.44476318359375,651.5545043945312
242,player,12,426.9404602050781,423.468505859375,397.4207763671875,469.91656494140625
242,player,38,528.10009765625,402.706787109375,520.9357299804688,340.6488342285156
242,player,36,1142.0118408203125,573.133056640625,806.6163330078125,972.7900390625
242,player,48,442.38629150390625,426.0277099609375,405.1965637207031,456.797119140625
242,player,50,527.267822265625,351.465087890625,543.2317504882812,229.44630432128906
243,player,35,720.959716796875,487.83111572265625,587.084716796875,714.5264892578125
243,player,1,943.3016967773438,493.48248291015625,751.7073974609375,779.56591796875
243,player,43,358.9810791015625,438.07257080078125,337.15142822265625,487.49957275390625
243,player,12,434.35040283203125,428.4637451171875,400.79547119140625,472.80816650390625
243,player,41,438.8356628417969,362.6031494140625,448.42852783203125,243.93106079101562
243,player,49,1129.528076171875,569.5964965820312,800.1304931640625,965.0738525390625
243,player,7,656.585693359375,470.6326904296875,556.063720703125,657.666259765625
243,player,3,532.7461547851562,476.61566162109375,462.3223876953125,647.3558959960938
243,player,47,373.86590576171875,437.43353271484375,360.88751220703125,480.8836364746094
243,player,36,1141.310546875,572.9110107421875,805.827880859375,972.944091796875
243,player,38,525.824462890625,402.068359375,514.08349609375,368.22650146484375
243,player,50,526.4149169921875,354.2989501953125,542.060546875,233.48077392578125
243,player,44,507.49609375,473.1702880859375,468.24359130859375,578.01708984375
244,player,35,723.206787109375,486.93975830078125,590.25146484375,713.6309814453125
244,player,1,941.4329833984375,490.9703369140625,751.7274169921875,777.5008544921875
244,player,43,363.6231689453125,438.89556884765625,339.4529724121094,488.474365234375
244,player,12,436.085205078125,430.2291259765625,403.1883239746094,476.76763916015625
244,player,41,438.17950439453125,376.00408935546875,445.409912109375,262.96600341796875
244,player,7,661.003173828125,469.1606750488281,558.4375,656.0638427734375
244,player,49,1128.29638671875,568.4111938476562,800.2728271484375,964.4144897460938
244,player,3,534.696044921875,479.7994384765625,461.50079345703125,647.6105346679688
244,player,36,1141.928955078125,573.5055541992188,805.2491455078125,973.4273681640625
244,player,38,528.8652954101562,415.00274658203125,507.37518310546875,401.34771728515625
245,player,35,728.4144287109375,484.60919189453125,594.2909545898438,711.569091796875
245,player,1,940.2635498046875,490.91583251953125,751.4644775390625,776.01904296875
245,player,12,428.59234619140625,430.96728515625,402.42877197265625,479.39727783203125
245,player,43,370.05804443359375,438.70538330078125,342.8330993652344,489.5322265625
245,player,7,663.7403564453125,463.768798828125,562.1246948242188,650.4351196289062
245,player,36,1140.49658203125,571.2720947265625,805.31884765625,972.3619384765625
245,player,49,1126.99853515625,567.4490966796875,800.4058227539062,963.3338012695312
245,player,38,525.6834716796875,395.7818298339844,506.82354736328125,400.1424560546875
245,player,42,555.5595703125,460.77783203125,478.73284912109375,638.041015625
245,player,3,536.7735595703125,477.8650207519531,461.8896484375,646.2543334960938
246,player,12,432.7195739746094,433.181884765625,402.7597351074219,483.88330078125
246,player,35,733.9017944335938,484.6929931640625,598.3152465820312,710.7677612304688
246,player,1,941.1278076171875,492.9920654296875,750.77001953125,776.7301025390625
246,player,43,372.6247253417969,440.40911865234375,345.5433349609375,492.26409912109375
246,player,38,523.3702392578125,372.5456848144531,511.9954833984375,369.50439453125
246,player,7,667.9654541015625,461.9337158203125,566.15234375,645.4921264648438
246,player,36,1140.4674072265625,568.5750732421875,806.28271484375,970.11181640625
247,player,35,736.7545166015625,484.70166015625,601.66748046875,710.498046875
247,player,1,939.7979736328125,491.66815185546875,750.4555053710938,776.0613403320312
247,player,12,431.4976806640625,428.32659912109375,403.4532470703125,481.4549560546875
247,player,43,382.5045166015625,440.1688232421875,350.1818542480469,494.74383544921875
247,player,3,531.727294921875,486.27734375,459.218505859375,652.2623291015625
247,player,38,520.872314453125,363.47894287109375,517.1399536132812,336.9189453125
247,player,36,1139.79443359375,566.6548461914062,807.4232177734375,967.486083984375
248,player,35,739.544189453125,484.3365478515625,604.6707763671875,710.25927734375
248,player,43,389.0748291015625,442.4520263671875,354.7633056640625,499.3722839355469
248,player,1,936.689697265625,487.91314697265625,750.8114013671875,772.446044921875
248,player,12,433.02001953125,428.47906494140625,404.3239440917969,480.19293212890625
248,player,36,1139.02587890625,566.458984375,808.061767578125,965.6104736328125
248,player,38,521.7920532226562,363.6642150878906,520.7352905273438,316.103271484375
248,player,3,519.3771362304688,489.2347412109375,453.71588134765625,657.633056640625
249,player,35,743.0362548828125,485.3675842285156,607.2383422851562,711.2538452148438
249,player,43,391.7267150878906,445.7121887207031,358.0380859375,505.9981689453125
249,player,1,937.4114990234375,486.6138916015625,751.69580078125,769.1369018554688
249,player,36,1138.302001953125,567.720458984375,807.8807373046875,965.0737915039062
249,player,12,437.5582275390625,425.59417724609375,406.73236083984375,476.6768493652344
249,player,38,520.61669921875,362.43719482421875,523.0407104492188,300.72314453125
249,player,3,514.4113159179688,487.18475341796875,449.204833984375,658.9413452148438
250,player,35,748.7008056640625,484.16583251953125,610.7117309570312,711.3927001953125
250,player,3,508.59320068359375,487.17755126953125,444.74969482421875,659.28271484375
250,player,43,392.62677001953125,446.8856201171875,360.25714111328125,511.59075927734375
250,player,1,935.925537109375,489.453857421875,750.8701171875,769.0848999023438
250,player,36,1136.5634765625,568.1583251953125,807.2274169921875,964.85546875
250,player,38,521.2557373046875,357.3546142578125,526.262451171875,283.60308837890625
250,player,7,668.8839111328125,474.32366943359375,565.7628173828125,653.38427734375
251,player,35,750.394775390625,482.33074951171875,613.9315795898438,710.1072387695312
251,player,3,506.61053466796875,485.26434326171875,441.66729736328125,657.6807250976562
251,player,1,933.7208862304688,489.5562744140625,749.7381591796875,768.94677734375
251,player,43,394.120361328125,447.4799499511719,362.03955078125,515.9736328125
251,player,36,1135.162353515625,568.2423095703125,806.4637451171875,964.6626586914062
251,player,38,522.3596801757812,359.12420654296875,528.1972045898438,275.1292724609375
251,player,42,570.6282958984375,404.06671142578125,499.802978515625,568.5497436523438
251,player,51,563.8948364257812,404.792236328125,532.517578125,439.8985595703125
252,player,35,751.7677001953125,477.85968017578125,617.6732788085938,705.6447143554688
252,player,1,931.97314453125,485.15277099609375,750.1409912109375,765.251953125
252,player,38,520.6800537109375,360.78167724609375,528.3995361328125,271.7706604003906
252,player,36,1133.965087890625,568.7520141601562,805.52783203125,964.7478637695312
252,player,43,395.6715393066406,447.1806640625,363.6806945800781,518.6653442382812
252,player,3,499.13800048828125,484.85595703125,437.7684326171875,655.6358642578125
252,player,51,560.473876953125,408.00311279296875,530.6190795898438,443.24169921875
252,player,12,407.012939453125,449.2633056640625,395.6404113769531,496.3085632324219
252,player,7,678.1245727539062,463.2901916503906,570.8969116210938,649.5533447265625
252,player,48,431.1943664550781,456.59307861328125,400.3102722167969,492.9237976074219
253,player,35,753.3394165039062,475.1993713378906,621.297119140625,700.6248168945312
253,player,38,519.88037109375,354.34619140625,530.1895751953125,260.2818908691406
253,player,51,563.8270263671875,410.2650146484375,529.794677734375,448.3350830078125
253,player,1,930.8665771484375,491.3544921875,747.9027099609375,767.614990234375
253,player,3,460.76416015625,485.3248291015625,425.0458984375,651.3770751953125
253,player,43,399.54779052734375,448.48565673828125,365.6593017578125,522.1083984375
253,player,36,1132.9072265625,567.6561279296875,805.060546875,964.0917358398438
253,player,7,680.3916015625,462.2325439453125,575.135009765625,646.3102416992188
254,player,35,756.7979736328125,473.09619140625,625.187255859375,695.8663940429688
254,player,3,462.81011962890625,484.3435974121094,417.4679260253906,647.927490234375
254,player,51,563.0233154296875,452.654052734375,518.669677734375,495.84228515625
254,player,1,930.3358154296875,488.91552734375,747.1796875,767.2083740234375
254,player,38,518.9603881835938,354.552734375,530.978515625,253.00448608398438
254,player,7,698.8602294921875,424.1552734375,594.4417114257812,608.9508056640625
254,player,36,1133.0526123046875,568.17431640625,804.6114501953125,963.976806640625
254,player,43,401.4771728515625,441.16973876953125,368.56488037109375,517.0208129882812
254,player,50,538.0953369140625,357.38555908203125,544.28369140625,241.92710876464844
255,player,35,760.1097412109375,469.7126159667969,629.610595703125,690.1463623046875
255,player,51,565.8052978515625,447.86907958984375,513.3031005859375,522.3350830078125
255,player,1,929.2589111328125,490.11273193359375,746.0111083984375,767.7880249023438
255,player,38,519.736328125,357.7510986328125,530.7915649414062,252.9740447998047
255,player,43,403.9658203125,441.2479248046875,371.1556396484375,514.0350952148438
255,player,36,1132.4266357421875,564.2928466796875,805.5169677734375,961.5901489257812
255,player,50,533.95849609375,367.88763427734375,541.1572265625,261.579345703125
255,player,7,703.1323852539062,431.90570068359375,605.7197265625,593.0276489257812
255,player,3,460.18182373046875,485.2542724609375,411.70782470703125,646.254150390625
256,player,35,762.7191162109375,469.24639892578125,633.3201904296875,686.2537841796875
256,player,51,568.84912109375,446.4097900390625,511.0058288574219,538.4085693359375
256,player,1,928.6320190429688,493.478515625,743.9068603515625,770.7184448242188
256,player,38,519.96923828125,359.48809814453125,530.23095703125,255.4562530517578
256,player,36,1131.207275390625,563.06201171875,806.260498046875,959.226806640625
256,player,7,697.473388671875,458.4945068359375,603.446533203125,607.70751953125
256,player,50,532.0232543945312,358.3895263671875,541.3448486328125,260.9059143066406
256,player,3,457.41668701171875,484.91717529296875,407.28558349609375,644.6302490234375
256,player,48,436.62420654296875,453.89324951171875,399.07373046875,514.2651977539062
256,player,12,427.47222900390625,443.98687744140625,395.0461730957031,505.6541748046875
257,player,35,758.6994018554688,467.6418762207031,635.152587890625,681.9708862304688
257,player,1,927.3755493164062,492.82623291015625,742.4510498046875,772.0162353515625
257,player,38,519.2496948242188,360.212646484375,529.4110107421875,258.0118713378906
257,player,3,456.9367370605469,473.26824951171875,406.09490966796875,633.1070556640625
257,player,51,570.510986328125,444.03741455078125,510.53662109375,546.66845703125
257,player,36,1129.11474609375,565.4481811523438,805.4531860351562,958.943603515625
257,player,7,695.5494384765625,460.63739013671875,600.837646484375,619.029541015625
257,player,42,592.6509399414062,410.37567138671875,518.3865966796875,532.8595581054688
258,player,1,926.8696899414062,488.1397705078125,743.032470703125,769.171630859375
258,player,35,761.246337890625,467.646728515625,637.020263671875,679.4166259765625
258,player,7,696.2051391601562,460.4019775390625,599.3861083984375,626.234130859375
258,player,38,518.6527709960938,359.57177734375,528.867431640625,258.69500732421875
258,player,3,458.07293701171875,490.1640625,403.0161437988281,640.6990966796875
258,player,42,594.0499267578125,410.7222900390625,530.7872924804688,510.1936340332031
258,player,36,1126.11279296875,566.4439086914062,803.9198608398438,959.1279296875
258,player,12,424.5689697265625,455.61065673828125,392.0188903808594,523.103515625
258,player,51,580.2380981445312,429.7626953125,516.509521484375,538.4290771484375
259,player,7,698.9342041015625,462.4141845703125,598.611083984375,632.9853515625
259,player,1,927.4542236328125,484.33465576171875,744.9235229492188,764.3681640625
259,player,3,457.5502624511719,489.04608154296875,401.04595947265625,644.6246948242188
259,player,35,763.355712890625,467.189453125,638.9364013671875,677.54345703125
259,player,38,517.4537963867188,359.66485595703125,528.0846557617188,259.1303405761719
259,player,42,584.5294189453125,410.0830078125,536.1719360351562,493.76776123046875
259,player,36,1123.0927734375,568.1090698242188,801.6860961914062,960.0037841796875
259,player,51,596.5267333984375,409.7533874511719,530.5849609375,512.9765014648438
260,player,3,456.14202880859375,489.75146484375,399.29071044921875,647.66357421875
260,player,7,700.1842041015625,459.87677001953125,599.1666259765625,635.1870727539062
260,player,1,927.0287475585938,484.2083740234375,746.0894775390625,761.109619140625
260,player,35,764.4396362304688,462.863525390625,641.8151245117188,672.6104736328125
260,player,38,517.7383422851562,361.4585876464844,527.1444091796875,261.9812316894531
260,player,51,594.1005859375,410.6954345703125,538.739013671875,497.24462890625
260,player,36,1122.314208984375,568.955078125,799.775146484375,961.009521484375
260,player,42,583.2247314453125,415.8061218261719,537.7129516601562,489.34637451171875
261,player,7,703.26025390625,459.31756591796875,600.5222778320312,636.3870239257812
261,player,35,765.267822265625,461.32464599609375,644.3925170898438,668.1080932617188
261,player,3,456.09820556640625,440.68377685546875,406.1480712890625,603.3861694335938
261,player,1,926.6321411132812,482.6617431640625,747.3052978515625,757.7252197265625
261,player,38,516.8719482421875,360.9914855957031,526.3804321289062,263.074951171875
261,player,51,596.7764892578125,405.75482177734375,546.2594604492188,481.6883850097656
261,player,36,1122.411865234375,567.51123046875,799.0440063476562,960.830078125
261,player,48,451.18939208984375,484.6624755859375,397.46710205078125,558.07080078125
261,player,50,518.808837890625,324.73291015625,547.852294921875,206.98260498046875
262,player,7,705.5791015625,460.25506591796875,601.7620239257812,638.2293701171875
262,player,1,926.2666015625,484.98956298828125,747.161376953125,757.3475341796875
262,player,3,456.11944580078125,427.172607421875,413.0860595703125,560.3204345703125
262,player,35,766.12255859375,462.7265625,645.8562622070312,666.5062866210938
262,player,38,515.7022094726562,363.05413818359375,524.89404296875,266.54595947265625
262,player,51,596.6937866210938,405.77294921875,551.117431640625,471.58905029296875
262,player,48,453.0494384765625,483.03466796875,397.16015625,585.2730712890625
262,player,36,1121.3746337890625,564.4833374023438,799.3709106445312,958.8653564453125
263,player,7,707.2003784179688,459.805908203125,603.13671875,639.165283203125
263,player,1,925.851318359375,483.2403259277344,747.5924072265625,755.67578125
263,player,38,515.8311767578125,366.0127258300781,523.1211547851562,272.9262390136719
263,player,3,468.32843017578125,427.01824951171875,421.2056884765625,533.3711547851562
263,player,35,767.16748046875,460.1727600097656,647.8954467773438,663.2807006835938
263,player,51,601.7567138671875,406.7602844238281,555.517333984375,466.6748962402344
263,player,48,441.264404296875,483.15447998046875,393.81927490234375,602.0284423828125
263,player,36,1120.0526123046875,564.2588500976562,799.3656005859375,957.361328125
264,player,7,708.0975952148438,459.54095458984375,604.3501586914062,639.61376953125
264,player,38,515.900146484375,362.66839599609375,522.9530029296875,272.4326171875
264,player,1,925.4788818359375,481.9281921386719,748.2525634765625,753.50830078125
264,player,3,478.9826965332031,427.613037109375,429.48614501953125,517.5518798828125
264,player,48,435.6531066894531,483.5079650878906,390.10906982421875,612.7408447265625
264,player,51,602.3681640625,409.21240234375,557.848876953125,466.3240966796875
264,player,35,770.13134765625,460.58673095703125,649.8880004882812,661.8208618164062
264,player,36,1118.84228515625,562.4048461914062,799.72802734375,955.2012939453125
265,player,1,922.9153442382812,477.34857177734375,749.6944580078125,748.179931640625
265,player,38,514.853515625,362.8233642578125,522.4503173828125,272.2068786621094
265,player,51,605.3726196289062,412.1934814453125,559.40380859375,469.74493408203125
265,player,35,770.4161376953125,459.29791259765625,651.6715087890625,659.7424926757812
265,player,48,429.66094970703125,478.9981689453125,386.7472839355469,615.15087890625
265,player,7,708.8552856445312,455.22235107421875,606.6080932617188,636.0145874023438
265,player,36,1118.2237548828125,564.2158203125,799.204833984375,954.8232421875
265,player,3,471.272216796875,430.78515625,431.99334716796875,509.9109191894531
266,player,1,920.901611328125,480.281982421875,749.0396728515625,746.9229736328125
266,player,35,774.857421875,461.0521545410156,653.466064453125,660.3607177734375
266,player,38,516.2655029296875,361.44189453125,522.9951171875,270.2854309082031
266,player,48,424.8752746582031,477.28350830078125,383.5244140625,614.7439575195312
266,player,36,1117.386474609375,566.8741455078125,797.774169921875,956.07861328125
266,player,51,607.3414916992188,415.33038330078125,560.101806640625,475.64031982421875
266,player,7,712.98046875,453.9906005859375,609.569091796875,632.9118041992188
266,player,3,483.5423278808594,428.9827880859375,437.5545349121094,504.2250061035156
267,player,48,418.04632568359375,476.2232666015625,379.74444580078125,612.9083251953125
267,player,35,776.7930908203125,464.0062561035156,654.2096557617188,663.5552368164062
267,player,1,920.3883666992188,481.827392578125,747.92236328125,747.305908203125
267,player,38,514.0743408203125,361.722412109375,522.5361328125,269.1753845214844
267,player,36,1116.5816650390625,565.2457885742188,797.2178955078125,955.8822021484375
267,player,7,715.891357421875,452.1937255859375,612.8306884765625,629.490478515625
267,player,51,610.4923095703125,415.2344665527344,561.517333984375,479.6845703125
268,player,35,778.0671997070312,469.405029296875,653.3318481445312,670.4593505859375
268,player,1,919.2439575195312,480.8968505859375,747.2381591796875,746.7093505859375
268,player,48,413.4000244140625,477.7011413574219,375.83721923828125,612.646240234375
268,player,36,1114.6690673828125,564.1123046875,796.8160400390625,954.949951171875
268,player,38,512.9788818359375,362.39801025390625,521.67724609375,269.2752380371094
268,player,12,425.0633850097656,390.2860107421875,401.55364990234375,461.6235656738281
268,player,7,720.389404296875,452.56182861328125,616.073486328125,628.0223388671875
268,player,51,613.79833984375,414.6091613769531,563.5986938476562,481.95880126953125
268,player,52,733.839599609375,454.46478271484375,630.9489135742188,633.8468017578125
269,player,1,918.3976440429688,481.25341796875,746.44677734375,746.53662109375
269,player,35,781.1411743164062,471.30889892578125,652.9808349609375,676.8574829101562
269,player,38,512.3882446289062,361.8992919921875,521.0656127929688,268.57073974609375
269,player,36,1112.953857421875,559.95166015625,797.59619140625,951.7493286132812
269,player,51,617.9766235351562,411.6287536621094,567.0675048828125,480.5596618652344
269,player,53,628.80029296875,412.96502685546875,581.5858154296875,485.3338623046875
269,player,52,737.129638671875,452.29656982421875,632.5210571289062,632.1422729492188
269,player,3,489.5527038574219,429.07623291015625,442.90301513671875,501.221435546875
269,player,48,436.39599609375,441.9317626953125,385.056640625,580.0181884765625
269,player,12,433.07000732421875,437.02880859375,401.6400146484375,476.4339599609375
269,player,43,426.46124267578125,436.9078369140625,379.9947509765625,509.7323303222656
269,player,54,474.56573486328125,430.2160949707031,439.7058410644531,494.9099426269531
270,player,1,917.0682983398438,486.8890380859375,743.5794677734375,750.8031616210938
270,player,12,431.53668212890625,444.0509948730469,400.0927734375,493.1897277832031
270,player,35,783.5609130859375,458.592529296875,657.4593505859375,670.066650390625
270,player,51,615.945556640625,412.94195556640625,568.330322265625,480.9028625488281
270,player,38,512.9551391601562,362.77410888671875,520.6053466796875,269.40667724609375
270,player,55,391.080810546875,479.70428466796875,350.7508850097656,611.6926879882812
270,player,36,1111.125,560.94873046875,797.3507080078125,950.1321411132812
270,player,53,628.200439453125,412.399169921875,581.5773315429688,484.6470947265625
270,player,52,739.9241333007812,452.08551025390625,634.3748168945312,631.0946044921875
270,player,3,491.26287841796875,423.14202880859375,448.11602783203125,493.01947021484375
271,player,1,916.5125122070312,492.6583251953125,739.556640625,758.0394287109375
271,player,12,429.44744873046875,447.96630859375,397.86248779296875,507.8578186035156
271,player,35,786.1768798828125,460.101318359375,660.58251953125,667.2387084960938
271,player,51,615.904052734375,414.2833251953125,568.7469482421875,482.6043395996094
271,player,55,394.30474853515625,483.91033935546875,351.08856201171875,615.7555541992188
271,player,36,1110.326171875,556.2890625,798.6192626953125,946.224853515625
271,player,38,512.2764282226562,362.85601806640625,520.056640625,269.9857482910156
271,player,3,488.86700439453125,427.72467041015625,449.8457336425781,492.4207763671875
271,player,53,631.2762451171875,413.6776123046875,582.1018676757812,485.9239501953125
272,player,1,915.33642578125,494.3079833984375,736.076171875,763.9188842773438
272,player,35,787.9910278320312,461.0316162109375,662.7968139648438,666.3920288085938
272,player,12,430.8359680175781,448.95330810546875,396.6471862792969,518.5165405273438
272,player,55,374.66998291015625,480.77557373046875,346.4502868652344,613.850830078125
272,player,36,1108.20654296875,556.51513671875,798.88720703125,943.667724609375
272,player,51,616.4210205078125,414.08258056640625,569.2298583984375,483.5411682128906
272,player,38,511.5285339355469,362.2796630859375,519.6160278320312,269.466796875
272,player,53,634.91455078125,414.2574462890625,583.3475341796875,487.7587890625
272,player,3,485.09295654296875,427.9454345703125,449.82177734375,491.8961181640625
273,player,12,434.86956787109375,456.66619873046875,395.7638244628906,533.4539794921875
273,player,1,913.9451904296875,494.79254150390625,733.2974853515625,767.9981689453125
273,player,36,1105.2567138671875,560.8555297851562,796.9064331054688,944.400146484375
273,player,55,373.50152587890625,481.83660888671875,343.00042724609375,613.4680786132812
273,player,35,791.2266845703125,467.5604248046875,662.9892578125,671.865478515625
273,player,38,510.37677001953125,361.0525817871094,519.2974853515625,267.26690673828125
273,player,53,635.787353515625,413.19342041015625,584.7389526367188,487.869140625
273,player,51,619.5992431640625,414.40460205078125,570.393310546875,484.8260498046875
273,player,3,486.53326416015625,428.27423095703125,450.159912109375,492.050537109375
274,player,55,368.14801025390625,483.6573486328125,339.12384033203125,614.3853759765625
274,player,1,913.097412109375,494.95794677734375,731.2214965820312,770.7067260742188
274,player,36,1103.632080078125,565.4488525390625,793.7020263671875,947.4839477539062
274,player,12,437.06280517578125,456.0804443359375,395.89239501953125,542.7955322265625
274,player,35,793.157958984375,454.48681640625,667.9281616210938,663.9793701171875
274,player,3,488.7638854980469,429.96685791015625,450.6844482421875,494.18133544921875
274,player,38,510.4712219238281,362.2431945800781,518.7803955078125,267.5250244140625
274,player,53,638.1853637695312,414.120361328125,586.0731201171875,489.2026672363281
274,player,52,741.610107421875,445.4944763183594,638.140380859375,624.376220703125
275,player,55,359.01739501953125,481.20208740234375,334.43756103515625,611.9617919921875
275,player,1,912.1138916015625,495.500244140625,729.4395751953125,772.8023681640625
275,player,3,483.851318359375,434.8775634765625,448.61572265625,500.2744140625
275,player,36,1098.0120849609375,558.5699462890625,792.68798828125,944.986083984375
275,player,35,794.37744140625,446.7071533203125,674.1327514648438,651.7877197265625
275,player,38,508.9048767089844,361.76312255859375,518.0587158203125,266.8347473144531
275,player,53,633.2835693359375,412.25091552734375,586.0523681640625,487.51300048828125
275,player,52,743.5859375,448.34588623046875,640.2188720703125,622.8892211914062
275,player,12,440.47930908203125,450.4041748046875,397.8475341796875,543.5868530273438
275,player,56,436.3938903808594,353.3973388671875,452.96002197265625,206.39801025390625
276,player,1,911.3370361328125,495.75286865234375,728.0001220703125,774.294189453125
276,player,36,1096.0531005859375,562.4942016601562,790.2607421875,945.57080078125
276,player,3,484.5377502441406,434.84722900390625,447.47503662109375,504.26983642578125
276,player,55,353.58538818359375,481.44091796875,329.9123229980469,610.1224365234375
276,player,53,630.1539916992188,411.36065673828125,585.3763427734375,485.10943603515625
276,player,38,508.9671630859375,361.5729675292969,517.664794921875,266.12542724609375
276,player,35,795.6681518554688,446.327880859375,678.6535034179688,643.6273193359375
276,player,52,749.2598266601562,441.04876708984375,645.5218505859375,615.4983520507812
276,player,12,442.9918212890625,441.51434326171875,401.3185119628906,535.3328857421875
277,player,1,910.4376220703125,497.01922607421875,726.40869140625,776.15869140625
277,player,36,1094.080078125,571.652587890625,785.2102661132812,951.1893310546875
277,player,52,749.2293701171875,448.0244140625,646.6770629882812,617.337890625
277,player,35,796.5929565429688,444.38824462890625,682.5260009765625,636.5853271484375
277,player,55,350.4749450683594,481.578857421875,326.1241149902344,608.7767944335938
277,player,3,487.08709716796875,432.54595947265625,447.9298095703125,504.6956787109375
277,player,53,633.0455322265625,398.2572326660156,589.9000244140625,468.8919677734375
277,player,38,508.0365295410156,361.3970642089844,517.14794921875,265.3075256347656
277,player,12,442.8982849121094,438.46795654296875,404.07135009765625,526.802734375
277,player,56,437.0404968261719,351.67822265625,453.5986328125,203.909912109375
278,player,55,347.895263671875,479.5689392089844,323.1797180175781,605.8433227539062
278,player,35,802.2203369140625,444.2344970703125,686.6546020507812,632.3856811523438
278,player,1,909.7367553710938,498.2381591796875,724.7869873046875,778.241943359375
278,player,36,1093.373046875,575.8388671875,780.4141845703125,957.2024536132812
278,player,53,635.4432373046875,400.54083251953125,592.840576171875,461.2635498046875
278,player,3,467.25811767578125,437.7630615234375,441.49468994140625,508.5103759765625
278,player,38,507.9636535644531,362.3662414550781,516.5115966796875,266.1318359375
278,player,52,760.4839477539062,420.63275146484375,660.0159912109375,592.5028076171875
278,player,57,357.6347961425781,479.594970703125,325.1745300292969,602.9351806640625
278,player,56,436.9041748046875,352.63348388671875,453.7347412109375,203.70449829101562
279,player,35,807.9992065429688,445.40740966796875,690.5187377929688,631.29443359375
279,player,55,345.9635009765625,479.17071533203125,320.7880554199219,603.4005737304688
279,player,1,909.581298828125,498.81640625,723.4993286132812,780.022705078125
279,player,36,1091.740234375,577.1588134765625,776.5144653320312,961.7504272460938
279,player,3,467.5038757324219,438.313720703125,437.27978515625,511.58538818359375
279,player,53,638.7496337890625,405.0354309082031,594.3257446289062,461.8124084472656
279,player,38,508.1834716796875,361.6552734375,516.373779296875,265.69293212890625
279,player,52,762.5438232421875,429.32745361328125,666.155517578125,585.4594116210938
279,player,56,435.3492431640625,352.9668273925781,453.20941162109375,203.88052368164062
280,player,35,810.2282104492188,442.97174072265625,694.5185546875,628.4988403320312
280,player,36,1090.302490234375,575.9827880859375,774.04150390625,963.9335327148438
280,player,55,343.9591064453125,478.88372802734375,318.7240295410156,601.3713989257812
280,player,1,908.2216796875,499.02294921875,722.253173828125,781.225341796875
280,player,38,507.3608703613281,361.23638916015625,516.1287841796875,264.7205810546875
280,player,3,475.4815673828125,436.54534912109375,437.16668701171875,512.5171508789062
280,player,53,643.0195922851562,404.3873596191406,596.7864379882812,461.87164306640625
280,player,56,435.2596435546875,353.8561096191406,452.6235046386719,205.3067626953125
281,player,35,815.6744384765625,442.3829345703125,698.8414916992188,626.6318359375
281,player,36,1089.841552734375,577.6972045898438,771.7840576171875,966.2992553710938
281,player,1,907.7891845703125,499.00933837890625,721.3396606445312,781.9612426757812
281,player,55,340.2947998046875,480.861572265625,316.1983337402344,601.534912109375
281,player,38,507.7239685058594,362.11737060546875,515.8399658203125,265.3725280761719
281,player,53,645.3732299804688,406.7329406738281,598.3480224609375,464.8132629394531
281,player,3,486.74884033203125,434.0139465332031,440.837158203125,511.5690612792969
281,player,54,468.98980712890625,439.1087646484375,436.39495849609375,503.71160888671875
281,player,56,434.1716613769531,355.42608642578125,451.49639892578125,208.42552185058594
282,player,35,821.9326171875,442.1823425292969,703.4602661132812,625.8114013671875
282,player,1,906.648193359375,498.5201416015625,720.6246948242188,781.9742431640625
282,player,36,1087.065673828125,577.31298828125,769.831298828125,967.4231567382812
282,player,55,334.12799072265625,478.4148864746094,313.14129638671875,598.8521728515625
282,player,38,507.59417724609375,363.7894287109375,515.1353759765625,268.1241760253906
282,player,53,648.0134887695312,406.19818115234375,600.3277587890625,466.3924560546875
282,player,3,481.556640625,434.2359619140625,441.67913818359375,510.6803283691406
282,player,54,455.7127685546875,439.91015625,430.293701171875,508.9820556640625
282,player,56,434.41558837890625,355.4744873046875,450.83551025390625,210.55325317382812
282,player,52,776.114013671875,427.578857421875,674.6485595703125,580.4282836914062
283,player,35,827.92041015625,441.33074951171875,708.438232421875,625.0301513671875
283,player,55,328.4739990234375,476.0223388671875,309.8594970703125,594.3900146484375
283,player,1,907.1411743164062,495.79425048828125,721.202392578125,779.9409790039062
283,player,53,653.5233154296875,419.173828125,599.1842041015625,482.2623291015625
283,player,36,1084.73486328125,579.0359497070312,767.5045166015625,968.9713134765625
283,player,38,508.7667236328125,362.36285400390625,515.4722900390625,268.0515441894531
283,player,3,469.4852294921875,438.2121276855469,437.98724365234375,513.081787109375
283,player,52,778.3714599609375,437.8115234375,677.155029296875,587.505859375
283,player,7,765.0166015625,449.96630859375,631.2484130859375,628.7506103515625
284,player,35,831.0296630859375,439.7189636230469,713.1396484375,623.2814331054688
284,player,38,507.77227783203125,362.89349365234375,515.208984375,268.63299560546875
284,player,1,907.049072265625,495.001953125,721.8234252929688,778.0029296875
284,player,53,658.1265869140625,418.3909912109375,600.0335083007812,492.196044921875
284,player,3,467.8673095703125,439.1082763671875,434.95635986328125,515.4146118164062
284,player,36,1082.2138671875,577.1517333984375,766.0374145507812,968.727294921875
284,player,55,327.27587890625,465.5118408203125,308.4241027832031,581.4242553710938
284,player,7,765.744140625,442.42315673828125,643.828125,622.1737670898438
284,player,56,431.8018493652344,356.2729187011719,449.32696533203125,212.79861450195312
285,player,35,833.9876708984375,436.54229736328125,718.2222290039062,619.3790283203125
285,player,53,662.0762939453125,418.5694580078125,601.6892700195312,499.23822021484375
285,player,38,508.12506103515625,362.4375,515.284912109375,268.41229248046875
285,player,7,766.640380859375,447.8426513671875,650.43701171875,623.1151123046875
285,player,1,905.9464721679688,496.26361083984375,721.522705078125,777.6209106445312
285,player,36,1078.65380859375,573.3904418945312,765.4995727539062,966.1552734375
285,player,3,467.0732421875,439.33709716796875,432.7163391113281,517.0909423828125
285,player,55,323.52593994140625,465.317138671875,306.47564697265625,572.4641723632812
285,player,56,433.841796875,356.05877685546875,449.0914306640625,214.18710327148438
286,player,35,836.1605224609375,437.533935546875,721.755859375,618.00048828125
286,player,1,906.1512451171875,496.4461669921875,721.3170166015625,777.5294189453125
286,player,55,317.63909912109375,457.42901611328125,304.3393249511719,558.3507690429688
286,player,38,508.423583984375,362.2103271484375,515.4984130859375,267.9844970703125
286,player,3,466.3271484375,437.1689453125,431.4491271972656,515.8589477539062
286,player,53,666.113037109375,417.6810607910156,604.2301025390625,503.26385498046875
286,player,36,1076.822021484375,573.7159423828125,764.6422119140625,964.5421752929688
286,player,7,771.5416259765625,447.65985107421875,656.1446533203125,624.0083618164062
287,player,35,833.6148681640625,431.8172607421875,725.5343017578125,611.3173217773438
287,player,1,905.901123046875,495.04669189453125,721.593994140625,776.3748779296875
287,player,38,508.7850646972656,361.65216064453125,515.9171142578125,266.96307373046875
287,player,3,463.87261962890625,438.0015869140625,429.7655944824219,515.6871337890625
287,player,36,1076.5965576171875,572.2622680664062,764.499755859375,962.6356201171875
287,player,53,669.9490966796875,419.3187255859375,606.4893188476562,508.017578125
287,player,55,314.6271057128906,452.4273681640625,302.5894775390625,543.8607788085938
287,player,7,773.5194702148438,436.8031005859375,664.1182861328125,614.392822265625
288,player,35,838.020751953125,431.47491455078125,729.3677978515625,607.0572509765625
288,player,53,673.7465209960938,418.2059326171875,609.424560546875,510.2950744628906
288,player,3,463.9690246582031,437.40972900390625,428.8083190917969,514.9690551757812
288,player,1,905.1512451171875,494.92449951171875,721.626708984375,775.46826171875
288,player,36,1074.7633056640625,572.867919921875,763.808837890625,961.617919921875
288,player,38,508.32904052734375,363.767333984375,515.4360961914062,269.2125244140625
288,player,55,311.2209167480469,451.47027587890625,300.5804748535156,533.145263671875
288,player,52,773.718017578125,432.7213134765625,679.26904296875,586.672119140625
288,player,56,434.0997314453125,355.5485534667969,449.1470031738281,214.36962890625
289,player,35,838.09912109375,431.42694091796875,731.9005126953125,604.2486572265625
289,player,36,1072.308349609375,574.2471923828125,762.379638671875,961.5809936523438
289,player,3,461.3033447265625,439.81597900390625,426.98004150390625,516.7403564453125
289,player,1,905.4349365234375,494.539306640625,721.85009765625,774.605712890625
289,player,53,678.1544189453125,415.7649841308594,613.4154052734375,509.5888671875
289,player,38,506.9447326660156,361.83154296875,515.2107543945312,267.79901123046875
289,player,55,306.6490783691406,452.598388671875,297.8737487792969,526.896484375
289,player,52,775.5482177734375,433.8472900390625,680.7614135742188,587.4177856445312
289,player,56,434.9415283203125,355.8057861328125,449.408935546875,214.96766662597656
290,player,36,1070.6153564453125,574.5764770507812,760.9735107421875,961.6276245117188
290,player,3,459.77239990234375,439.1707763671875,425.4703063964844,517.0770263671875
290,player,53,682.8321533203125,415.76885986328125,617.38623046875,509.6025085449219
290,player,35,838.5859375,432.25030517578125,733.3629150390625,603.2762451171875
290,player,1,905.2030029296875,494.52911376953125,721.9403076171875,774.0179443359375
290,player,38,508.57781982421875,362.1455993652344,515.5201416015625,267.5128479003906
290,player,7,784.760986328125,439.5018005371094,671.5055541992188,611.8192138671875
290,player,55,304.443115234375,450.63787841796875,295.67138671875,520.6238403320312
290,player,56,432.9769287109375,356.14105224609375,448.83074951171875,215.61459350585938
291,player,53,687.098388671875,419.7225341796875,619.9277954101562,514.2701416015625
291,player,36,1070.073486328125,573.184814453125,760.3809204101562,960.814453125
291,player,3,458.15576171875,439.1545715332031,424.0284423828125,517.1232299804688
291,player,35,841.519287109375,431.77801513671875,735.32568359375,602.4611206054688
291,player,38,507.818359375,362.1256103515625,515.4734497070312,267.2101135253906
291,player,55,299.53863525390625,448.99542236328125,292.9954833984375,514.3899536132812
291,player,1,906.7106323242188,495.933349609375,721.9022216796875,774.840576171875
291,player,7,792.8682861328125,437.34906005859375,679.341552734375,608.8296508789062
292,player,3,458.34295654296875,438.80767822265625,423.2076110839844,516.811767578125
292,player,53,690.8165893554688,421.98919677734375,621.9276123046875,520.0672607421875
292,player,36,1068.9493408203125,574.6386108398438,759.287841796875,961.047607421875
292,player,35,842.991455078125,431.1764831542969,737.25341796875,601.4818725585938
292,player,38,507.5187683105469,366.94189453125,513.9889526367188,273.68048095703125
292,player,55,295.9061279296875,450.5647888183594,290.08233642578125,511.6080017089844
292,player,7,815.5550537109375,435.5461120605469,691.4608764648438,607.281005859375
292,player,1,906.501220703125,496.7410888671875,721.552001953125,775.976806640625
292,player,52,798.0950927734375,435.21331787109375,687.5982666015625,591.3856201171875
293,player,53,691.59375,421.1915283203125,623.7130126953125,523.0718994140625
293,player,35,844.3692626953125,432.26470947265625,738.4674072265625,602.0421142578125
293,player,36,1067.958984375,575.4205932617188,758.113037109375,961.580322265625
293,player,3,457.63409423828125,437.77642822265625,422.65728759765625,515.468994140625
293,player,55,289.756103515625,453.5897216796875,286.1855163574219,512.3082885742188
293,player,38,508.11712646484375,364.85333251953125,513.8062133789062,275.06671142578125
293,player,1,903.8546142578125,497.41619873046875,720.43359375,777.0132446289062
293,player,56,433.664306640625,355.7054443359375,448.7919921875,215.47645568847656
293,player,52,798.525146484375,431.26531982421875,693.6136474609375,590.123046875
294,player,53,691.63037109375,424.6326904296875,623.770263671875,528.63427734375
294,player,55,283.4983215332031,455.2531433105469,281.74945068359375,513.8605346679688
294,player,36,1066.95458984375,574.2880249023438,757.4849243164062,961.201904296875
294,player,38,507.5709533691406,365.49462890625,513.326416015625,276.7943420410156
294,player,3,458.1413269042969,437.094970703125,422.5692443847656,513.9346923828125
294,player,1,899.3062744140625,499.1719970703125,717.9824829101562,778.6505126953125
294,player,52,797.319580078125,435.5541687011719,695.6099853515625,593.4030151367188
294,player,7,811.6473388671875,436.84368896484375,697.7606201171875,607.1627197265625
294,player,56,432.91668701171875,355.55712890625,448.5469970703125,215.07876586914062
294,player,58,792.3751831054688,433.6015625,697.3652954101562,592.6900634765625
295,player,35,851.0872802734375,429.75103759765625,742.1506958007812,600.5812377929688
295,player,53,691.6531982421875,423.13153076171875,624.2982177734375,530.68505859375
295,player,36,1066.6436767578125,576.33935546875,756.363525390625,962.11669921875
295,player,38,507.4438781738281,361.2486572265625,514.1722412109375,271.9635314941406
295,player,54,456.6683349609375,433.8131103515625,427.7073974609375,506.126220703125
295,player,1,900.7595825195312,498.84002685546875,716.8629150390625,779.5816650390625
295,player,52,797.0322265625,432.7989501953125,697.8333129882812,592.80712890625
295,player,55,274.9538269042969,457.25177001953125,276.30535888671875,516.0831909179688
295,player,56,436.41796875,357.8728942871094,449.03094482421875,218.6312255859375
296,player,53,691.8338623046875,419.88446044921875,625.7509765625,528.614990234375
296,player,38,507.2696533203125,361.002197265625,514.7340698242188,268.4549255371094
296,player,36,1064.808349609375,578.90380859375,754.4324951171875,964.0511474609375
296,player,55,271.5850830078125,457.0482177734375,271.8346252441406,517.0067138671875
296,player,1,901.642822265625,500.01708984375,715.9649047851562,781.15283203125
296,player,56,425.50592041015625,355.80010986328125,446.11895751953125,216.60067749023438
296,player,52,801.2596435546875,429.78497314453125,701.5930786132812,589.838623046875
296,player,54,454.1926574707031,431.3026123046875,425.76861572265625,501.358642578125
297,player,53,691.6791381835938,419.70733642578125,626.7081909179688,527.0662231445312
297,player,36,1063.14306640625,578.071044921875,753.071044921875,964.7158203125
297,player,38,505.51068115234375,362.30059814453125,514.142822265625,267.79925537109375
297,player,55,267.8131103515625,456.8873291015625,267.87908935546875,517.0905151367188
297,player,1,899.9736328125,501.28302001953125,714.54638671875,782.9944458007812
297,player,54,455.0437927246094,428.3345947265625,425.3066101074219,495.15435791015625
297,player,56,425.000244140625,355.78875732421875,444.05633544921875,215.20358276367188
297,player,52,800.1097412109375,426.85430908203125,704.8096923828125,584.8631591796875
297,player,35,857.4700927734375,430.9631042480469,745.863525390625,601.4310913085938
298,player,36,1061.3765869140625,578.8001708984375,751.5730590820312,965.4407958984375
298,player,53,692.1748046875,420.7359619140625,627.1383666992188,527.1976928710938
298,player,38,505.404296875,362.4654541015625,513.676513671875,267.5923767089844
298,player,55,264.6982421875,456.129638671875,264.4843444824219,516.0860595703125
298,player,1,901.7777099609375,500.962646484375,714.1796264648438,784.0972290039062
298,player,56,423.6789245605469,355.8214111328125,442.2575378417969,214.18548583984375
298,player,54,461.24029541015625,423.02618408203125,427.8388671875,485.9459228515625
298,player,35,859.6441650390625,430.83831787109375,748.9407958984375,602.068603515625
298,player,52,814.6259765625,423.33819580078125,712.4093017578125,579.476806640625
298,player,59,845.8702392578125,434.17315673828125,739.7933349609375,608.7967529296875
299,player,53,691.8948364257812,422.1644287109375,626.87109375,528.7607421875
299,player,36,1060.18359375,577.3301391601562,750.7932739257812,964.986572265625
299,player,55,258.370849609375,456.59326171875,260.4627685546875,515.30712890625
299,player,1,901.532958984375,499.94281005859375,714.2179565429688,784.0226440429688
299,player,54,462.80535888671875,419.6853942871094,430.60272216796875,476.4132080078125
299,player,38,505.69384765625,360.69195556640625,513.9728393554688,264.99017333984375
299,player,56,419.1332702636719,355.35845947265625,439.642333984375,212.29530334472656
299,player,60,273.81524658203125,454.29150390625,265.9146728515625,511.3454895019531
299,player,58,796.6689453125,422.3722229003906,702.77587890625,581.826416015625
299,ball,-1,850.8001708984375,399.2559814453125,1171.1270751953125,199.80194091796875
300,player,53,691.31982421875,422.56683349609375,626.3997192382812,530.142578125
300,player,1,902.02734375,499.3226318359375,714.5723876953125,783.5443725585938
300,player,36,1060.0537109375,580.5759887695312,749.255615234375,966.5360717773438
300,player,38,505.2923278808594,363.91796875,513.1201782226562,267.7877197265625
300,player,54,462.01226806640625,419.43182373046875,432.2132873535156,469.85369873046875
300,player,55,255.98974609375,453.99591064453125,257.3486328125,511.9334411621094
300,player,58,798.2840576171875,423.44195556640625,706.3494873046875,576.017333984375
300,player,60,283.1740417480469,452.7973327636719,268.6793212890625,510.70733642578125
300,player,56,419.6037292480469,355.4223937988281,438.08868408203125,211.2176513671875
301,player,53,689.7819213867188,421.8533935546875,625.8773193359375,530.1394653320312
301,player,3,435.70574951171875,419.35919189453125,419.16644287109375,491.5008850097656
301,player,36,1059.17578125,580.568603515625,748.0665893554688,967.4776611328125
301,player,38,505.8373718261719,366.6627197265625,511.9813232421875,273.4775085449219
301,player,1,901.7998046875,498.55718994140625,715.000732421875,782.6329956054688
301,player,55,254.52679443359375,453.08343505859375,254.96987915039062,508.66705322265625
301,player,60,280.359619140625,452.1077880859375,269.73382568359375,509.32037353515625
301,player,58,798.9959716796875,423.9425964355469,708.6861572265625,572.8214111328125
302,player,53,689.12939453125,424.1527099609375,624.6071166992188,532.4828491210938
302,player,3,437.33447265625,417.57861328125,417.76727294921875,475.07586669921875
302,player,36,1055.06787109375,580.9715576171875,746.2730102539062,968.0316162109375
302,player,55,252.42147827148438,453.7153015136719,252.78567504882812,506.9923095703125
302,player,38,506.6025390625,364.32568359375,512.146728515625,274.025146484375
302,player,1,899.0966796875,497.0321044921875,715.11083984375,780.6539306640625
302,player,58,799.7455444335938,423.26806640625,710.677978515625,570.12890625
302,player,35,883.753662109375,498.08551025390625,732.9764404296875,662.828857421875
302,player,60,279.49169921875,452.797607421875,270.1186218261719,509.04248046875
302,player,52,820.7980346679688,418.6123046875,720.99951171875,571.728759765625
302,ball,-1,871.4840087890625,396.26361083984375,1171.1270751953125,199.80194091796875
303,player,3,436.6279602050781,417.41900634765625,416.6756286621094,464.1470947265625
303,player,53,688.9782104492188,426.83843994140625,622.880859375,536.7789306640625
303,player,55,251.27919006347656,452.922119140625,251.09280395507812,504.9814758300781
303,player,36,1053.5504150390625,577.9271240234375,745.708251953125,966.5469360351562
303,player,58,800.6192626953125,422.95843505859375,712.3425903320312,568.1475219726562
303,player,38,507.0544738769531,365.2657165527344,512.140625,275.740234375
303,player,1,896.3634033203125,495.62432861328125,714.9664306640625,778.061279296875
303,player,56,422.85089111328125,363.3314208984375,436.41046142578125,222.389404296875
303,player,60,279.0509033203125,451.773681640625,270.324462890625,507.7713928222656
303,player,7,807.51220703125,420.0123291015625,707.0765991210938,589.8666381835938
304,player,53,688.389404296875,430.25048828125,620.5144653320312,543.0145874023438
304,player,3,437.60699462890625,417.4957275390625,416.24505615234375,457.22979736328125
304,player,55,249.99058532714844,452.1451110839844,249.67581176757812,502.7521667480469
304,player,36,1052.9644775390625,578.0611572265625,745.17138671875,965.6175537109375
304,player,56,420.2738342285156,393.3946228027344,428.2901916503906,269.55950927734375
304,player,1,893.3211669921875,494.7998046875,714.3825073242188,775.488525390625
304,player,38,507.48370361328125,368.5943603515625,511.35302734375,281.4878845214844
304,player,58,802.7313842773438,423.544677734375,713.807373046875,567.6640625
304,player,52,831.6630859375,422.8179931640625,728.0324096679688,572.068603515625
304,player,61,416.5312194824219,359.1729736328125,429.82672119140625,223.89064025878906
305,player,53,688.515869140625,426.89776611328125,620.068603515625,543.6407470703125
305,player,36,1052.5125732421875,580.9718627929688,743.8328857421875,966.64404296875
305,player,3,441.91448974609375,416.98846435546875,417.3493957519531,452.5972900390625
305,player,55,248.70799255371094,452.2607421875,248.3828887939453,501.30035400390625
305,player,1,894.9166870117188,494.92181396484375,714.364013671875,774.0426635742188
305,player,52,832.7921752929688,422.3017272949219,733.13525390625,571.87451171875
305,player,56,420.181396484375,382.76904296875,425.0707702636719,286.5877990722656
305,player,38,507.5877685546875,369.10528564453125,510.7343444824219,285.933349609375
305,player,58,805.3265380859375,422.41064453125,715.9429321289062,566.4442749023438
305,player,61,413.7269592285156,359.1336975097656,428.8853454589844,223.50071716308594
305,player,54,462.50408935546875,417.354248046875,433.81854248046875,463.30902099609375
305,ball,-1,285.0799560546875,347.67578125,1171.1270751953125,199.80194091796875
306,player,53,688.218017578125,429.8926696777344,618.7493896484375,547.09326171875
306,player,36,1050.8353271484375,580.1675415039062,742.8413696289062,966.7359619140625
306,player,1,896.498779296875,496.94305419921875,714.0748901367188,774.7877807617188
306,player,55,247.17080688476562,451.40093994140625,247.15878295898438,499.32244873046875
306,player,7,813.2852783203125,422.19464111328125,713.944091796875,581.4317626953125
306,player,52,829.5035400390625,421.93438720703125,735.6536865234375,571.0535278320312
306,player,3,440.7503662109375,417.14385986328125,417.68951416015625,449.64373779296875
306,player,38,508.36181640625,362.0367431640625,512.5693969726562,279.1218566894531
306,player,61,412.8299560546875,368.7068176269531,425.9325866699219,236.79193115234375
306,player,54,465.054443359375,417.64886474609375,435.56500244140625,459.6453552246094
306,player,62,453.83306884765625,416.32745361328125,429.96380615234375,445.3209228515625
306,player,56,424.23828125,396.0902099609375,421.6446838378906,315.07440185546875
307,player,53,687.8216552734375,428.0645446777344,618.3526000976562,547.4263305664062
307,player,36,1049.7386474609375,582.7555541992188,741.1720581054688,968.189453125
307,player,1,896.007080078125,496.7962646484375,713.8124389648438,775.1190185546875
307,player,7,814.05615234375,422.236572265625,718.6134643554688,576.0672607421875
307,player,3,437.09197998046875,413.2843017578125,417.53179931640625,442.9422607421875
307,player,55,246.37120056152344,450.34033203125,246.200927734375,496.86102294921875
307,player,38,505.44921875,372.84259033203125,509.8058776855469,289.2083740234375
307,player,54,491.95703125,420.143798828125,444.1886291503906,462.76507568359375
307,player,56,425.18804931640625,395.68487548828125,419.793212890625,333.19036865234375
307,player,61,410.80712890625,394.4475402832031,418.3039245605469,279.21649169921875
308,player,53,687.7283935546875,432.50567626953125,616.679931640625,552.1604614257812
308,player,7,812.7769775390625,423.3069152832031,720.8626098632812,573.5476684570312
308,player,36,1048.127685546875,584.41943359375,739.2352294921875,969.961669921875
308,player,1,895.6253662109375,497.3880615234375,713.3492431640625,775.756103515625
308,player,3,433.3656005859375,410.73992919921875,416.77734375,435.256591796875
308,player,54,495.58837890625,420.04864501953125,450.89117431640625,465.0528869628906
308,player,60,273.13232421875,450.177001953125,268.89910888671875,504.7375793457031
308,player,55,245.86077880859375,450.29302978515625,245.43560791015625,495.1632080078125
308,player,38,509.496826171875,402.4566650390625,501.74835205078125,333.5365905761719
308,ball,-1,278.66741943359375,357.7767333984375,1171.1270751953125,199.80194091796875
309,player,53,687.3055419921875,434.4796142578125,614.86328125,557.1845703125
309,player,54,494.83270263671875,420.30059814453125,454.969482421875,466.74261474609375
309,player,7,812.1021728515625,424.4547119140625,721.6851196289062,573.0106201171875
309,player,36,1046.5274658203125,582.18603515625,738.2998046875,969.7394409179688
309,player,1,891.0969848632812,498.7845458984375,711.4522705078125,776.864013671875
309,player,3,430.80609130859375,406.39642333984375,416.3222961425781,424.8924865722656
309,player,35,905.351806640625,430.529296875,753.5782470703125,646.026611328125
309,player,60,271.9696044921875,451.386474609375,267.55023193359375,503.9023132324219
309,player,55,245.3574981689453,450.1142578125,244.80551147460938,493.82568359375
309,ball,-1,278.239990234375,360.6954040527344,1171.1270751953125,199.80194091796875
310,player,7,813.4328002929688,422.77191162109375,723.25634765625,571.0794067382812
310,player,53,687.3258666992188,432.0315246582031,614.444091796875,557.9849243164062
310,player,36,1045.4478759765625,583.8527221679688,736.9553833007812,970.4631958007812
310,player,1,892.897705078125,499.45941162109375,710.44775390625,778.245849609375
310,player,54,495.2474060058594,415.53900146484375,458.78009033203125,462.569091796875
310,player,3,424.4442443847656,404.60369873046875,414.410400390625,415.35455322265625
310,player,35,907.4930419921875,429.61761474609375,767.9632568359375,634.423095703125
310,player,60,271.9283447265625,454.43829345703125,266.4334716796875,506.47857666015625
310,player,55,245.26559448242188,451.5540771484375,244.28160095214844,494.44085693359375
310,player,56,425.03924560546875,403.6363525390625,417.0301208496094,354.65185546875
310,ball,-1,278.41015625,361.1054382324219,1171.1270751953125,199.80194091796875
311,player,53,686.7779541015625,430.60260009765625,614.459228515625,557.0014038085938
311,player,1,890.607666015625,500.39605712890625,708.915771484375,779.6673583984375
311,player,7,815.3414306640625,423.4027099609375,724.5799560546875,570.6526489257812
311,player,54,496.7757568359375,416.39910888671875,461.524658203125,460.9786376953125
311,player,36,1043.3553466796875,583.7593994140625,735.6539916992188,970.7352294921875
311,player,35,900.2437133789062,436.19879150390625,772.5006713867188,632.5247802734375
311,player,55,244.9387969970703,453.6516418457031,243.72085571289062,496.9708251953125
311,player,3,425.523193359375,402.8402099609375,413.82989501953125,407.1524658203125
311,player,63,914.5909423828125,431.5289306640625,798.0360717773438,620.0902709960938
311,player,60,271.6556396484375,455.4868469238281,265.5528564453125,509.1922912597656
311,player,62,468.85369873046875,361.61907958984375,446.9647521972656,377.51080322265625
311,ball,-1,278.62994384765625,366.1264343261719,1171.1270751953125,199.80194091796875
312,player,53,686.4384765625,431.19537353515625,614.1875,556.9322509765625
312,player,36,1042.943603515625,586.0546875,734.0341186523438,972.17626953125
312,player,1,888.6524047851562,501.313232421875,707.1333618164062,781.125732421875
312,player,35,899.0065307617188,436.779541015625,774.8645629882812,631.7263793945312
312,player,54,499.11834716796875,416.0711669921875,464.08062744140625,459.814453125
312,player,7,814.4118041992188,426.4630432128906,723.9863891601562,573.3805541992188
312,player,55,244.31536865234375,454.46405029296875,243.130859375,499.38885498046875
312,player,63,918.1048583984375,433.567138671875,798.1453247070312,622.3797607421875
312,player,62,474.810302734375,359.955078125,460.4476013183594,331.76043701171875
312,player,56,416.6113586425781,401.2449645996094,413.0742492675781,364.82379150390625
312,player,60,271.1861267089844,455.9519958496094,264.8137512207031,511.38311767578125
312,ball,-1,279.1289367675781,370.8065185546875,1171.1270751953125,199.80194091796875
313,player,53,685.1943359375,430.96343994140625,613.72705078125,556.5313720703125
313,player,36,1043.4993896484375,588.919189453125,732.253662109375,974.752685546875
313,player,54,504.76300048828125,410.350830078125,468.72918701171875,453.14007568359375
313,player,1,888.2205810546875,500.97003173828125,705.9786987304688,781.7786865234375
313,player,35,911.069091796875,434.0592041015625,780.9066162109375,629.75048828125
313,player,63,923.0955810546875,432.45379638671875,800.0929565429688,623.2728271484375
313,player,52,828.573486328125,425.49420166015625,735.6087646484375,574.0357055664062
313,player,7,815.776611328125,426.43353271484375,724.0017700195312,575.2559204101562
313,player,55,243.665283203125,454.79583740234375,242.54351806640625,501.2384338378906
313,player,62,467.25732421875,365.52435302734375,465.25567626953125,309.01739501953125
313,player,56,415.56732177734375,401.91650390625,410.0567321777344,372.139404296875
313,player,61,409.01995849609375,401.39886474609375,411.52239990234375,315.1725769042969
313,player,3,428.2705078125,400.6523742675781,414.7172546386719,399.46636962890625
313,player,60,271.0692443847656,455.35931396484375,264.343994140625,512.1956787109375
313,ball,-1,277.90032958984375,371.9109191894531,1171.1270751953125,199.80194091796875
314,player,53,683.6725463867188,432.27813720703125,612.58642578125,557.4581909179688
314,player,54,506.22235107421875,407.7127685546875,472.80401611328125,445.9090576171875
314,player,61,402.0126037597656,401.7520751953125,404.88092041015625,338.230224609375
314,player,1,888.1522827148438,501.5927734375,705.0089111328125,782.6685791015625
314,player,36,1042.8265380859375,591.1611328125,730.2926025390625,977.625
314,player,7,821.151611328125,428.37371826171875,724.79443359375,578.9351806640625
314,player,35,904.7943115234375,435.19927978515625,782.6002807617188,628.9637451171875
314,player,52,831.9232177734375,427.69085693359375,735.669921875,578.4974365234375
314,player,55,243.531494140625,455.78143310546875,242.06546020507812,503.43365478515625
314,player,3,443.602783203125,370.7664794921875,426.4469909667969,357.5635986328125
314,player,62,468.49462890625,361.6365966796875,469.7795715332031,288.89630126953125
314,player,56,425.58990478515625,377.70281982421875,416.0067138671875,347.15911865234375
314,player,64,453.1766357421875,365.23980712890625,460.9965515136719,260.9684143066406
315,player,61,397.6941833496094,402.9852294921875,399.01483154296875,354.256591796875
315,player,1,888.6175537109375,500.14111328125,704.9668579101562,782.185546875
315,player,54,509.3727111816406,407.55010986328125,476.447021484375,441.34661865234375
315,player,53,682.013671875,432.583740234375,611.2777099609375,558.210205078125
315,player,7,820.9393310546875,427.28033447265625,725.6724243164062,580.2141723632812
315,player,36,1040.846435546875,591.6810302734375,728.4395751953125,979.643310546875
315,player,52,826.9611206054688,423.550537109375,735.926513671875,576.7545166015625
315,player,3,445.40313720703125,367.5230712890625,435.41448974609375,326.04754638671875
315,player,35,897.3646850585938,436.2789306640625,781.1790771484375,628.7821655273438
315,player,64,459.3996887207031,362.9193115234375,463.6414794921875,258.42034912109375
315,player,56,427.49676513671875,364.82763671875,423.28094482421875,313.42041015625
315,player,62,470.0686950683594,364.45513916015625,472.5271301269531,279.9842529296875
315,player,60,270.68719482421875,456.84967041015625,263.8216857910156,514.1953735351562
316,player,1,885.0174560546875,500.4163818359375,703.950927734375,781.785400390625
316,player,54,511.6572265625,408.2877197265625,479.3338623046875,439.4712829589844
316,player,53,679.25146484375,432.9564208984375,609.5252685546875,558.81005859375
316,player,7,822.1451416015625,425.81951904296875,727.1558837890625,579.6956787109375
316,player,61,391.95587158203125,401.79119873046875,393.6273193359375,362.6155700683594
316,player,36,1038.311279296875,593.2938232421875,726.22119140625,981.6705322265625
316,player,63,920.7135620117188,435.565185546875,799.3556518554688,626.5967407226562
316,player,3,447.71844482421875,368.48797607421875,441.78533935546875,307.1701965332031
316,player,65,386.5622253417969,386.13427734375,386.4425964355469,320.12469482421875
316,player,62,471.35662841796875,366.38604736328125,474.251708984375,277.03985595703125
316,ball,-1,275.767333984375,379.5115661621094,1171.1270751953125,199.80194091796875
317,player,1,883.0210571289062,501.5494384765625,702.426025390625,782.220458984375
317,player,53,678.337158203125,434.7959289550781,607.567626953125,560.9652709960938
317,player,54,515.23681640625,407.74346923828125,482.42474365234375,437.99322509765625
317,player,63,922.9989013671875,437.9918212890625,798.4791259765625,631.2618408203125
317,player,36,1036.027099609375,593.34716796875,724.2730712890625,982.861083984375
317,player,7,822.9253540039062,421.7442626953125,729.9492797851562,575.3012084960938
317,player,3,446.53369140625,368.28021240234375,445.58270263671875,294.47509765625
317,player,61,388.223876953125,400.0775146484375,389.2527160644531,365.555908203125
317,player,60,268.7790222167969,458.1231689453125,262.8536376953125,516.5979614257812
317,player,62,468.75213623046875,363.6886901855469,475.189697265625,271.046142578125
318,player,53,677.6212158203125,436.22979736328125,605.6600952148438,563.7333374023438
318,player,1,882.7706298828125,500.70196533203125,701.6459350585938,781.8406372070312
318,player,54,517.4791870117188,410.1365966796875,484.54168701171875,440.01910400390625
318,player,36,1035.6832275390625,593.70068359375,722.8308715820312,983.805908203125
318,player,63,925.5631103515625,439.27459716796875,798.075927734375,635.7349853515625
318,player,7,824.6214599609375,420.53466796875,732.7362060546875,571.37158203125
318,player,3,443.78289794921875,366.7393798828125,447.4972229003906,283.7588195800781
318,player,61,384.8829040527344,400.76239013671875,385.2567443847656,367.9512634277344
318,player,60,268.58111572265625,459.12921142578125,262.096923828125,519.1497192382812
319,player,1,883.3233642578125,501.05645751953125,701.1622314453125,781.9078369140625
319,player,53,678.9049072265625,436.2940673828125,604.7647094726562,565.7192993164062
319,player,36,1035.8231201171875,592.8001708984375,722.18359375,983.933837890625
319,player,54,522.3970947265625,413.38739013671875,486.6236877441406,445.53729248046875
319,player,3,442.9285888671875,365.4590759277344,448.7555847167969,274.898681640625
319,player,7,829.243896484375,418.12750244140625,736.8551025390625,566.7894897460938
319,player,61,381.397216796875,400.7804870605469,381.5726318359375,369.1593017578125
319,player,63,928.835693359375,434.57171630859375,800.735595703125,634.516845703125
319,player,55,241.22528076171875,459.55712890625,240.88583374023438,508.4635925292969
319,player,60,255.41285705566406,461.197509765625,257.77978515625,521.6444091796875
320,player,53,680.340576171875,434.3458251953125,605.17919921875,565.196044921875
320,player,54,524.9382934570312,414.39703369140625,488.49755859375,450.52069091796875
320,player,1,880.2950439453125,501.53912353515625,699.93701171875,782.0692138671875
320,player,36,1035.4793701171875,592.3860473632812,721.8087158203125,983.764892578125
320,player,3,443.83233642578125,362.9918518066406,450.45501708984375,265.75634765625
320,player,7,832.2689208984375,419.56890869140625,739.8225708007812,565.5957641601562
320,player,61,378.4361572265625,400.6197509765625,378.28277587890625,369.4318542480469
320,player,55,241.26461791992188,461.53631591796875,240.01736450195312,513.71826171875
320,player,63,928.9027099609375,432.91253662109375,803.203125,632.149658203125
321,player,53,679.99462890625,433.229248046875,605.68994140625,563.6979370117188
321,player,1,879.0677490234375,501.994873046875,698.6885375976562,782.4185180664062
321,player,54,527.0296020507812,415.233642578125,490.14093017578125,454.9112243652344
321,player,36,1033.50146484375,592.4553833007812,721.1195068359375,983.5576171875
321,player,7,832.6290283203125,420.0916748046875,741.6434326171875,565.392333984375
321,player,3,444.6531066894531,362.4122314453125,451.9721984863281,259.08502197265625
321,player,61,373.845947265625,399.9405822753906,374.82275390625,368.2838439941406
321,player,55,239.8651123046875,463.0118713378906,238.97909545898438,518.4718017578125
322,player,53,681.6235961914062,432.9611511230469,606.568115234375,562.6100463867188
322,player,1,878.719482421875,502.4197998046875,697.654296875,782.9381713867188
322,player,54,528.8536987304688,415.32550048828125,491.73162841796875,458.0530700683594
322,player,36,1027.7322998046875,593.1387939453125,719.234130859375,983.4044189453125
322,player,7,830.2186279296875,421.45458984375,741.582275390625,566.4201049804688
322,player,55,238.7052001953125,464.373779296875,237.9058380126953,522.8023681640625
322,player,3,445.87554931640625,362.7112121582031,453.297119140625,255.31765747070312
322,player,61,372.99700927734375,399.47027587890625,372.383056640625,366.86663818359375
322,player,65,381.28924560546875,394.62225341796875,383.31884765625,330.411865234375
323,player,53,681.5728149414062,430.93133544921875,607.748046875,559.8394165039062
323,player,54,524.1951904296875,416.885986328125,491.00640869140625,461.365234375
323,player,1,879.8338623046875,502.4859619140625,697.2383422851562,783.4169311523438
323,player,36,1026.789794921875,592.8121337890625,717.8995361328125,983.059814453125
323,player,3,447.130615234375,363.06695556640625,454.493896484375,253.521484375
323,player,7,833.2275390625,420.85504150390625,742.6510009765625,566.7691040039062
323,player,55,237.90362548828125,467.40374755859375,236.82110595703125,528.519775390625
323,player,65,386.46484375,399.977294921875,382.02130126953125,344.31280517578125
324,player,53,680.8250732421875,430.4627685546875,608.4454956054688,557.4887084960938
324,player,1,880.145751953125,501.53363037109375,697.35107421875,783.0337524414062
324,player,65,389.5538330078125,409.9520263671875,380.501953125,365.68072509765625
324,player,36,1026.3499755859375,592.2100219726562,717.1099853515625,982.4727783203125
324,player,3,447.2763366699219,361.566162109375,455.680419921875,250.23268127441406
324,player,54,529.1591796875,416.15179443359375,492.1875,463.20233154296875
324,player,7,834.8278198242188,423.019775390625,742.93359375,569.3575439453125
324,player,55,237.2567596435547,469.49285888671875,235.8256378173828,534.210205078125
324,player,38,502.2479248046875,410.3489990234375,492.4540710449219,370.7984924316406
324,player,60,260.44659423828125,470.8100891113281,255.75054931640625,533.1307983398438
324,player,56,436.42816162109375,358.82159423828125,432.38763427734375,283.93389892578125
325,player,53,680.022216796875,432.40496826171875,608.0726318359375,557.8573608398438
325,player,1,878.399658203125,503.7738037109375,696.2735595703125,784.33203125
325,player,36,1024.482177734375,591.6158447265625,716.3648071289062,981.6337890625
325,player,54,527.6995849609375,416.8133850097656,492.3629150390625,464.98583984375
325,player,65,383.9850769042969,413.46893310546875,377.26531982421875,383.1130065917969
325,player,55,236.91116333007812,470.5348205566406,235.02822875976562,538.885986328125
325,player,3,447.5858154296875,360.39642333984375,456.83807373046875,246.45481872558594
325,player,7,835.52001953125,419.6014404296875,744.69970703125,567.6171875
325,player,38,502.4376525878906,359.131103515625,499.52984619140625,329.47283935546875
326,player,1,876.5889892578125,504.85430908203125,694.7808837890625,785.8394775390625
326,player,53,679.0748901367188,433.8294677734375,607.1260375976562,559.4447631835938
326,player,36,1024.586181640625,593.2913208007812,715.4235229492188,982.0223388671875
326,player,55,237.1401824951172,473.2142333984375,234.43194580078125,544.5222778320312
326,player,3,449.11419677734375,362.5577392578125,457.58221435546875,247.26913452148438
326,player,65,379.3158874511719,411.98150634765625,373.9736022949219,392.2241516113281
326,player,54,531.9526977539062,416.38385009765625,493.8456726074219,466.09716796875
326,player,63,931.259765625,432.53802490234375,805.6300048828125,630.4752197265625
326,player,38,502.61883544921875,409.151123046875,491.39886474609375,366.81640625
326,player,35,871.0611572265625,503.5771484375,749.0,683.3223876953125
326,player,7,846.335693359375,420.4141845703125,748.6351928710938,568.3778076171875
326,player,66,503.8555908203125,345.98712158203125,525.07177734375,198.0008544921875
327,player,65,375.82470703125,417.3677978515625,369.9664306640625,404.034912109375
327,player,1,877.09375,502.38433837890625,694.7208251953125,785.002197265625
327,player,53,677.4801025390625,434.08282470703125,605.97998046875,560.5786743164062
327,player,36,1024.3460693359375,592.7625732421875,714.9110107421875,981.9664306640625
327,player,54,531.8933715820312,416.54229736328125,494.75372314453125,466.98992919921875
327,player,3,450.26171875,362.4871826171875,458.46759033203125,247.83251953125
327,player,63,932.1758422851562,432.1308288574219,807.6422119140625,629.0833129882812
327,player,55,237.68350219726562,475.834716796875,234.0558319091797,550.73046875
327,player,7,843.115234375,419.590087890625,750.603759765625,567.7130737304688
328,player,1,876.6983642578125,502.807861328125,694.4483032226562,784.745361328125
328,player,65,372.435791015625,415.9833984375,366.54443359375,409.77069091796875
328,player,36,1024.940185546875,593.7137451171875,714.43408203125,982.4957275390625
328,player,53,675.412353515625,434.98114013671875,604.3761596679688,562.0206298828125
328,player,54,536.3021240234375,412.7872009277344,497.57476806640625,463.8094482421875
328,player,3,450.9189453125,362.782470703125,459.19189453125,248.6955108642578
328,player,7,839.2110595703125,419.7572021484375,750.6876220703125,567.0700073242188
328,player,63,934.0111083984375,432.677490234375,809.2243041992188,628.875244140625
328,player,55,239.06277465820312,477.744384765625,234.08673095703125,556.6934814453125
328,player,66,505.1697998046875,363.88427734375,520.3031616210938,224.1833953857422
329,player,1,875.6292724609375,503.67803955078125,693.728759765625,785.1468505859375
329,player,53,674.552978515625,435.2099609375,603.0208740234375,563.1052856445312
329,player,63,937.432861328125,434.0321960449219,810.615234375,630.3536987304688
329,player,36,1024.5087890625,595.375732421875,713.558837890625,983.7239990234375
329,player,54,537.9933471679688,411.2856140136719,500.28814697265625,460.2154541015625
329,player,7,842.34716796875,421.2024841308594,751.0551147460938,568.4373168945312
329,player,3,450.39300537109375,363.6343078613281,459.2811279296875,250.40289306640625
329,player,65,370.24359130859375,424.4525146484375,362.4467468261719,422.89874267578125
329,player,55,240.60195922851562,477.88092041015625,234.51748657226562,560.836181640625
329,player,66,507.1554260253906,373.00250244140625,515.3460083007812,253.90625
330,player,53,672.3150634765625,434.0495300292969,601.8513793945312,562.4288330078125
330,player,63,938.7929077148438,433.8804931640625,811.96533203125,631.2984619140625
330,player,36,1024.405029296875,596.5599365234375,712.6323852539062,985.1637573242188
330,player,54,537.8914184570312,409.224609375,502.536376953125,455.51983642578125
330,player,1,873.586669921875,503.7061767578125,692.744384765625,785.2625122070312
330,player,65,368.57440185546875,427.48486328125,358.8664245605469,434.63409423828125
330,player,3,450.79144287109375,364.16162109375,459.345458984375,252.3046875
330,player,55,244.18316650390625,477.99945068359375,235.76303100585938,563.962158203125
330,player,66,507.32989501953125,374.55902099609375,511.7606201171875,275.32586669921875
330,player,7,851.54248046875,421.37921142578125,753.8668212890625,570.403076171875
330,player,67,967.291748046875,433.89898681640625,837.1466674804688,640.7554321289062
330,player,35,865.8338623046875,503.20111083984375,726.9014282226562,718.0634155273438
331,player,36,1022.5440673828125,597.3020629882812,711.4227294921875,986.3780517578125
331,player,1,871.8212890625,503.945556640625,691.5902099609375,785.3739013671875
331,player,3,450.9322509765625,364.7158508300781,459.3011474609375,254.33888244628906
331,player,66,507.5543212890625,378.6298828125,508.4171142578125,294.6478271484375
331,player,54,542.5836791992188,407.3241271972656,505.89788818359375,450.76934814453125
331,player,55,245.35989379882812,478.622314453125,236.857421875,566.683837890625
331,player,53,663.5811767578125,434.7452392578125,598.3984375,561.852294921875
331,player,63,942.64892578125,434.50543212890625,813.6436767578125,632.8681640625
331,player,65,364.3775634765625,430.94769287109375,354.8334045410156,445.64630126953125
331,player,35,866.7357177734375,503.01373291015625,712.8206787109375,740.5771484375
331,player,61,369.7650451660156,415.0751037597656,367.4411926269531,384.2855224609375
331,player,7,850.234130859375,421.97271728515625,755.0736083984375,572.1563720703125
331,player,68,647.541259765625,437.7602233886719,576.4886474609375,565.0426025390625
331,player,52,855.7483520507812,475.91845703125,724.74267578125,626.334716796875
331,ball,-1,959.91650390625,340.693359375,1171.1270751953125,199.80194091796875
332,player,66,507.56396484375,380.7808837890625,505.68072509765625,310.0099182128906
332,player,36,1022.9326171875,599.5582885742188,710.086181640625,988.4208984375
332,player,54,544.78662109375,407.6268615722656,508.67218017578125,448.25762939453125
332,player,3,450.6230163574219,364.6173095703125,459.19287109375,255.4862518310547
332,player,55,246.28416442871094,479.57269287109375,237.76632690429688,569.424560546875
332,player,53,664.3307495117188,436.2652587890625,595.9205322265625,563.075927734375
332,player,35,869.1865234375,503.2181396484375,704.2138671875,755.5655517578125
332,player,65,363.10455322265625,435.39715576171875,351.25115966796875,457.491943359375
332,player,61,367.2383728027344,416.1717834472656,363.306884765625,396.61798095703125
332,player,68,642.4716796875,437.70068359375,575.0687866210938,564.49951171875
332,player,63,944.9073486328125,434.915771484375,815.1829833984375,634.4889526367188
332,player,7,857.521728515625,426.157958984375,756.2252197265625,578.21240234375
333,player,36,1022.63134765625,600.51806640625,708.8851318359375,990.2479248046875
333,player,66,507.6170959472656,377.43701171875,504.8017272949219,315.634521484375
333,player,65,362.5806884765625,434.34771728515625,348.90765380859375,464.01220703125
333,player,3,448.9479675292969,361.60638427734375,459.28662109375,251.76368713378906
333,player,54,550.53662109375,406.955078125,512.39013671875,446.446044921875
333,player,55,251.2447967529297,478.5614013671875,239.7576446533203,570.7052001953125
333,player,68,639.732177734375,437.9637451171875,573.2960205078125,564.1484375
333,player,35,867.156005859375,502.60626220703125,698.3065795898438,764.6798706054688
333,player,67,967.9140625,435.3197021484375,836.67724609375,642.1519775390625
333,player,7,857.099853515625,422.0482177734375,758.5468139648438,577.977294921875
333,player,1,868.983154296875,503.96966552734375,690.1271362304688,785.2332153320312
334,player,66,507.28265380859375,374.40472412109375,504.93304443359375,315.23834228515625
334,player,36,1021.8912353515625,601.646240234375,707.6329345703125,991.9944458007812
334,player,54,559.0059204101562,408.1093444824219,517.0647583007812,447.4678649902344
334,player,3,448.48321533203125,361.5877685546875,459.1959228515625,249.2628173828125
334,player,53,662.5780029296875,436.86065673828125,593.6387329101562,564.299560546875
334,player,65,362.080078125,434.07611083984375,347.27398681640625,467.908447265625
334,player,67,972.175537109375,436.24945068359375,837.1346435546875,644.3294677734375
334,player,55,254.92843627929688,479.8681640625,241.9717254638672,573.0870971679688
334,player,68,640.8189697265625,436.47869873046875,572.8670043945312,562.5344848632812
334,player,35,865.1716918945312,504.296875,693.443115234375,771.7177734375
334,player,7,859.7352905273438,428.14520263671875,758.30126953125,584.182373046875
334,player,1,867.443603515625,505.2781982421875,688.3840942382812,785.9994506835938
334,player,69,629.7412109375,439.1846008300781,560.9614868164062,564.2620849609375
334,player,61,358.2914733886719,434.4923400878906,355.474853515625,424.17852783203125
335,player,66,506.7225341796875,373.78582763671875,505.00286865234375,314.0915832519531
335,player,54,561.85205078125,404.6760559082031,521.8838500976562,444.47174072265625
335,player,67,977.5665283203125,441.05035400390625,836.763427734375,650.6922607421875
335,player,36,1019.8834228515625,603.01025390625,706.014892578125,993.72802734375
335,player,53,659.1234741210938,434.5498962402344,591.8486938476562,562.4436645507812
335,player,3,448.77880859375,362.34808349609375,459.0528564453125,248.756591796875
335,player,55,258.5826416015625,481.0655212402344,244.32484436035156,576.0733032226562
335,player,7,862.0615234375,430.260009765625,757.9417724609375,590.5208740234375
335,player,61,358.1490478515625,439.31298828125,349.7284240722656,447.225341796875
335,player,65,360.24249267578125,433.29022216796875,345.7784423828125,469.4112854003906
335,player,35,863.1114501953125,498.7080078125,691.5267944335938,771.8773193359375
335,player,1,865.0573120117188,507.037841796875,686.1132202148438,787.6195068359375
335,player,68,636.2099609375,438.31842041015625,570.7686767578125,562.8900146484375
335,player,69,628.4857177734375,439.6847839355469,560.470703125,564.641357421875
336,player,67,978.1553344726562,441.07684326171875,836.6719360351562,654.90673828125
336,player,66,506.61346435546875,372.37200927734375,505.394775390625,311.4384765625
336,player,55,261.5641174316406,479.83758544921875,246.73504638671875,577.1409912109375
336,player,54,569.06494140625,404.39129638671875,527.286376953125,442.943603515625
336,player,53,656.0762939453125,430.55401611328125,590.9876708984375,556.8789672851562
336,player,3,449.50616455078125,362.8587646484375,459.0806579589844,249.2391357421875
336,player,36,1019.7830810546875,604.093017578125,704.643310546875,995.4287109375
336,player,7,865.974365234375,440.54345703125,754.70849609375,604.8955078125
336,player,61,353.705810546875,438.24102783203125,344.8426513671875,460.63677978515625
336,player,35,864.5935668945312,508.72454833984375,687.521240234375,779.656982421875
336,player,1,864.7039794921875,507.63751220703125,684.364501953125,789.0906982421875
336,player,65,357.2412109375,433.5003662109375,343.9024658203125,470.3198547363281
336,player,68,634.162841796875,438.212158203125,568.8540649414062,562.8197021484375
337,player,67,978.803955078125,441.09149169921875,836.7840576171875,657.7194213867188
337,player,66,506.1336975097656,372.8765869140625,505.3564453125,310.3373718261719
337,player,55,263.099853515625,480.35137939453125,248.68385314941406,578.4492797851562
337,player,53,653.9325561523438,436.7395935058594,588.0157470703125,559.324951171875
337,player,7,870.8203125,439.48345947265625,754.368408203125,613.6906127929688
337,player,36,1018.9681396484375,604.9047241210938,703.3561401367188,996.9134521484375
337,player,54,572.4555053710938,403.6053466796875,532.0465087890625,441.390869140625
337,player,3,449.3525390625,363.3495788574219,458.92926025390625,250.23135375976562
337,player,61,350.2239685058594,436.4469299316406,340.8789978027344,467.0996398925781
337,player,1,863.1112060546875,507.3740234375,682.9154052734375,789.7218017578125
337,player,35,864.8496704101562,506.7274169921875,685.5970458984375,783.2484741210938
337,player,68,632.7888793945312,438.70977783203125,567.0838012695312,563.140625
338,player,67,981.2393798828125,441.23193359375,837.4627685546875,659.9010620117188
338,player,66,506.2344055175781,373.12420654296875,505.2974853515625,309.96514892578125
338,player,53,643.045654296875,439.17529296875,582.3118286132812,562.3092041015625
338,player,7,870.7686767578125,445.13348388671875,751.9218139648438,624.6868896484375
338,player,55,267.56170654296875,482.39849853515625,251.02056884765625,581.5882568359375
338,player,3,449.69488525390625,363.9379577636719,458.80413818359375,251.74923706054688
338,player,36,1018.1629638671875,605.5545654296875,702.171142578125,998.17138671875
338,player,65,349.68609619140625,438.35302734375,339.87811279296875,475.37567138671875
338,player,68,631.5655517578125,439.931640625,565.253662109375,564.4508056640625
338,player,61,346.64935302734375,440.7684326171875,336.7441101074219,475.54541015625
338,player,54,578.6544189453125,399.5089111328125,538.1898803710938,436.23382568359375
338,player,35,864.6553344726562,485.98699951171875,690.9473876953125,769.5304565429688
338,player,1,859.9676513671875,508.20721435546875,680.940673828125,790.4978637695312
338,player,70,370.72186279296875,441.23236083984375,348.6999816894531,499.27850341796875
338,player,69,624.853759765625,441.2459716796875,558.7064819335938,566.0946044921875
339,player,67,979.8248291015625,440.93756103515625,837.6473388671875,660.9187622070312
339,player,66,505.9795227050781,373.75494384765625,505.0062255859375,310.5387268066406
339,player,53,639.1370849609375,434.2144775390625,578.8851928710938,558.89013671875
339,player,36,1017.9391479492188,605.7731323242188,701.2937622070312,999.090576171875
339,player,7,871.4652099609375,449.29852294921875,748.9208984375,635.7232055664062
339,player,55,269.0160217285156,483.09661865234375,252.88442993164062,584.3991088867188
339,player,65,347.51141357421875,442.4293212890625,336.1438293457031,482.75390625
339,player,3,449.4642028808594,364.29998779296875,458.55902099609375,253.22036743164062
339,player,54,583.5631103515625,412.071533203125,540.14453125,447.83123779296875
339,player,61,342.9429931640625,443.6728820800781,332.6491394042969,483.72418212890625
339,player,68,629.0238037109375,433.905029296875,564.995849609375,558.9939575195312
339,player,69,622.5240478515625,443.0120849609375,556.4346923828125,568.5641479492188
339,player,1,856.524169921875,508.77716064453125,678.6329956054688,791.1475830078125
339,player,63,965.7842407226562,442.5706787109375,818.5894775390625,644.6024169921875
339,player,35,862.796875,486.0269775390625,693.9358520507812,760.4886474609375
340,player,66,506.08868408203125,375.85540771484375,504.2899169921875,313.7190856933594
340,player,36,1018.1053466796875,605.9090576171875,700.721435546875,999.7716064453125
340,player,53,640.07421875,429.46343994140625,578.2797241210938,551.8931884765625
340,player,7,872.9891357421875,444.82373046875,749.1114501953125,638.9260864257812
340,player,55,271.5207214355469,483.33233642578125,254.75245666503906,586.6643676757812
340,player,67,977.43798828125,442.189208984375,836.5540771484375,662.506103515625
340,player,3,449.0654602050781,364.03546142578125,458.3298034667969,253.7564697265625
340,player,61,344.1971435546875,443.63262939453125,330.351806640625,489.119140625
340,player,54,587.2513427734375,406.6761169433594,544.029541015625,449.64080810546875
340,player,70,354.4660339355469,444.85675048828125,343.5795593261719,501.489501953125
340,player,65,345.1749267578125,443.74188232421875,332.8909606933594,488.69659423828125
340,player,35,863.8291015625,463.28594970703125,703.9923095703125,735.7432861328125
340,player,1,854.43701171875,509.3612060546875,676.4407958984375,791.8348388671875
340,player,52,857.0429077148438,492.6163330078125,712.2869873046875,672.150634765625
340,player,69,598.0648803710938,413.15869140625,556.030029296875,536.5331420898438
341,player,66,506.51275634765625,376.10540771484375,503.89501953125,316.16497802734375
341,player,36,1018.330078125,605.4880981445312,700.5120849609375,1000.0048828125
341,player,67,978.1198120117188,441.3829345703125,836.3895263671875,662.863037109375
341,player,61,344.6146545410156,442.13616943359375,329.15362548828125,491.10003662109375
341,player,7,871.881103515625,442.6414794921875,749.7814331054688,638.8760986328125
341,player,3,448.8244323730469,364.2408752441406,458.05120849609375,254.36700439453125
341,player,65,342.51348876953125,443.7975158691406,330.0069885253906,492.3611755371094
341,player,53,640.6612548828125,428.143310546875,578.4364013671875,546.034912109375
341,player,70,358.85833740234375,442.46685791015625,341.8044738769531,500.8619079589844
341,player,69,597.3117065429688,429.60064697265625,551.0555419921875,533.3383178710938
341,player,1,855.1296997070312,509.724365234375,675.0767211914062,792.6065673828125
341,player,55,274.1687927246094,483.6517333984375,256.6552734375,588.663818359375
341,player,54,594.0061645507812,408.467529296875,548.0823364257812,453.5521240234375
341,player,35,860.175048828125,476.43212890625,704.9637451171875,730.4857177734375
341,player,68,621.3526611328125,433.08160400390625,562.860595703125,553.8665771484375
342,player,66,506.8768310546875,377.0654296875,503.5006103515625,319.063232421875
342,player,7,877.417724609375,430.60723876953125,756.597412109375,627.8753662109375
342,player,70,359.97137451171875,444.6734619140625,340.69403076171875,502.85693359375
342,player,36,1019.9488525390625,604.333251953125,701.0355224609375,999.6484375
342,player,67,981.47021484375,439.70819091796875,837.9542846679688,661.865966796875
342,player,3,449.059814453125,363.5691833496094,458.1094970703125,253.84141540527344
342,player,1,853.229248046875,510.36285400390625,673.5291137695312,793.427490234375
342,player,69,595.4581298828125,432.41339111328125,546.5503540039062,533.9984130859375
342,player,53,638.8292846679688,430.85955810546875,577.22998046875,544.8553466796875
342,player,65,340.8856506347656,444.127685546875,327.62774658203125,494.93084716796875
342,player,55,271.98858642578125,483.188720703125,257.338623046875,589.3463134765625
342,player,35,860.2098388671875,435.17254638671875,720.78271484375,690.2157592773438
342,player,68,625.9530639648438,433.660888671875,562.6300048828125,551.5694580078125
342,player,52,854.8312377929688,506.81378173828125,699.1880493164062,712.6214599609375
342,ball,-1,303.2298278808594,377.0114440917969,1171.1270751953125,199.80194091796875
343,player,7,879.5957641601562,428.141357421875,762.666748046875,618.515625
343,player,67,980.9666137695312,440.9735107421875,838.2643432617188,662.3343505859375
343,player,66,506.76177978515625,378.134521484375,502.9236755371094,322.33966064453125
343,player,36,1020.6279296875,604.672607421875,701.4261474609375,999.6439208984375
343,player,70,355.65478515625,442.8905029296875,338.956787109375,501.8843994140625
343,player,3,448.7627258300781,364.19818115234375,457.8975830078125,254.354736328125
343,player,1,854.4403076171875,511.13616943359375,672.5883178710938,794.6295166015625
343,player,55,273.38006591796875,483.41253662109375,258.1410217285156,590.1182861328125
343,player,54,598.23291015625,433.508056640625,545.1287841796875,483.5326232910156
343,player,68,630.445068359375,426.05438232421875,565.9098510742188,542.6445922851562
343,player,35,860.304931640625,419.31884765625,737.5733642578125,648.3133544921875
344,player,7,882.6810302734375,430.0860595703125,766.6737670898438,614.6337280273438
344,player,67,980.8028564453125,442.7210693359375,837.6403198242188,664.2210693359375
344,player,36,1021.4639892578125,605.14697265625,701.7265014648438,999.9506225585938
344,player,66,505.83319091796875,378.2071533203125,502.23004150390625,324.4608154296875
344,player,55,269.45623779296875,483.10687255859375,257.6302185058594,589.9920654296875
344,player,70,348.9056701660156,440.3583679199219,336.1945495605469,497.9416198730469
344,player,3,449.7074890136719,364.296630859375,458.05181884765625,254.93759155273438
344,player,68,623.6732177734375,426.7669677734375,565.87646484375,536.9265747070312
344,player,1,856.7758178710938,510.63739013671875,672.7017822265625,795.2308349609375
344,player,54,598.838623046875,426.91156005859375,545.127197265625,496.21990966796875
345,player,7,883.8096313476562,430.84375,769.2816162109375,612.956787109375
345,player,36,1022.737548828125,604.000732421875,702.5072021484375,999.623046875
345,player,55,267.717041015625,482.97308349609375,256.8400573730469,589.6329956054688
345,player,67,984.8748779296875,442.702392578125,838.357666015625,665.8047485351562
345,player,66,506.4775390625,377.9465026855469,502.05584716796875,325.569580078125
345,player,68,619.6416015625,429.1388854980469,564.0265502929688,535.291015625
345,player,70,340.14080810546875,440.76910400390625,331.822265625,494.96258544921875
345,player,1,856.744873046875,511.552001953125,672.49169921875,796.2933349609375
345,player,3,449.12176513671875,362.884521484375,458.2950439453125,253.24838256835938
345,player,54,604.3656616210938,429.2077331542969,546.1106567382812,507.4133605957031
346,player,7,884.0145263671875,430.2823181152344,771.2679443359375,611.339111328125
346,player,36,1023.5751342773438,602.8922729492188,703.4990234375,998.872314453125
346,player,66,506.3447265625,378.08587646484375,501.86297607421875,326.4583435058594
346,player,70,329.644775390625,443.9041748046875,325.60888671875,495.30633544921875
346,player,67,987.8955078125,441.8297119140625,840.042724609375,666.3165283203125
346,player,55,265.84039306640625,483.28680419921875,255.80239868164062,589.5211181640625
346,player,68,619.4105224609375,427.50225830078125,563.2118530273438,532.4990234375
346,player,1,857.34814453125,512.555419921875,672.201171875,797.76953125
346,player,3,451.1014099121094,362.48876953125,459.21197509765625,251.81968688964844
347,player,7,883.4832763671875,429.1396484375,772.8857421875,609.1195678710938
347,player,36,1024.578857421875,602.81591796875,704.3778076171875,998.4110717773438
347,player,66,506.4378662109375,377.2690734863281,501.98388671875,325.97296142578125
347,player,67,988.513916015625,443.5880126953125,840.5180053710938,668.3054809570312
347,player,68,616.282958984375,427.13427734375,561.87890625,529.9927368164062
347,player,70,328.00152587890625,445.60498046875,320.9158630371094,497.14501953125
347,player,55,264.8063049316406,483.54998779296875,254.83364868164062,589.5980834960938
347,player,1,857.6414794921875,514.4073486328125,671.52880859375,800.1065673828125
347,player,3,450.21014404296875,361.52008056640625,459.7439270019531,249.4053955078125
348,player,7,884.4368286132812,429.04718017578125,774.24560546875,607.6773071289062
348,player,66,507.36590576171875,376.5714111328125,502.54803466796875,324.8417053222656
348,player,36,1025.19384765625,601.3558349609375,705.486083984375,997.3673095703125
348,player,67,990.271728515625,443.08544921875,841.5326538085938,669.3036499023438
348,player,70,326.630126953125,445.59521484375,317.4740905761719,498.19842529296875
348,player,1,855.9317016601562,515.4465942382812,670.3640747070312,802.2455444335938
348,player,68,618.512939453125,422.46044921875,562.9718017578125,523.6412353515625
348,player,55,264.5462646484375,483.8933410644531,254.11241149902344,589.939697265625
348,player,3,449.8199157714844,361.87762451171875,459.8719482421875,248.30079650878906
348,player,54,608.3236083984375,427.53668212890625,548.3467407226562,513.3291625976562
349,player,7,885.2905883789062,427.68035888671875,775.9451293945312,605.4783935546875
349,player,66,507.8366394042969,376.4017333984375,503.1123352050781,323.93511962890625
349,player,36,1025.82080078125,600.225830078125,706.65576171875,996.1212158203125
349,player,67,990.5531005859375,444.2821044921875,841.7325439453125,671.0623168945312
349,player,70,326.14849853515625,443.5198059082031,315.3201904296875,496.6702575683594
349,player,54,600.8032836914062,433.419677734375,546.060546875,522.54541015625
349,player,1,855.18701171875,517.163818359375,668.91650390625,804.821044921875
349,player,68,628.65478515625,407.0592041015625,571.2378540039062,503.6153259277344
349,player,55,267.52874755859375,484.04986572265625,254.43310546875,590.569091796875
349,player,3,448.94781494140625,361.601318359375,459.72918701171875,247.08587646484375
349,player,69,614.8516845703125,416.75408935546875,553.5626220703125,519.7211303710938
350,player,66,508.2154541015625,376.99530029296875,503.44317626953125,324.17144775390625
350,player,54,597.1083984375,434.24462890625,543.3009033203125,529.0249633789062
350,player,7,887.235107421875,426.1517333984375,778.248291015625,602.7257080078125
350,player,36,1025.171875,600.1209716796875,707.3072509765625,995.2105712890625
350,player,67,989.813720703125,443.76416015625,841.892578125,671.6690673828125
350,player,70,324.4299621582031,444.80859375,313.2901611328125,496.859130859375
350,player,1,855.2901611328125,517.4867553710938,667.9053344726562,806.736572265625
350,player,68,634.454833984375,397.83636474609375,581.2771606445312,480.57537841796875
350,player,55,265.37664794921875,483.16015625,254.12152099609375,589.97216796875
350,player,3,448.8660888671875,361.7699890136719,459.5682373046875,246.52749633789062
351,player,66,508.9720764160156,376.97760009765625,503.90753173828125,324.38653564453125
351,player,54,596.8944091796875,429.506591796875,542.6859130859375,528.3192138671875
351,player,36,1026.1146240234375,600.34375,707.8690185546875,994.802978515625
351,player,7,889.0462646484375,426.31292724609375,780.19140625,601.2701416015625
351,player,70,322.20330810546875,450.6278076171875,310.732177734375,502.77593994140625
351,player,67,990.3126220703125,446.07635498046875,841.1010131835938,674.1943359375
351,player,68,638.5975341796875,393.8427734375,590.38134765625,461.3153076171875
351,player,1,853.7108154296875,517.9929809570312,666.7147216796875,808.2214965820312
351,player,55,263.1541748046875,483.2714538574219,253.31527709960938,589.4892578125
351,player,3,448.5597229003906,360.90997314453125,459.568603515625,244.89822387695312
352,player,36,1028.1044921875,600.762451171875,708.540283203125,994.89892578125
352,player,68,641.2628173828125,393.8529052734375,597.118408203125,449.09100341796875
352,player,66,510.79974365234375,377.76220703125,504.58966064453125,325.7626953125
352,player,54,593.6998291015625,429.80340576171875,541.285400390625,527.8582763671875
352,player,70,320.8409729003906,452.79840087890625,308.46417236328125,508.70086669921875
352,player,7,887.8350830078125,429.20745849609375,779.8875732421875,603.0567016601562
352,player,67,990.1375732421875,446.61505126953125,840.2998046875,676.3030395507812
352,player,55,262.78094482421875,485.0271301269531,252.58135986328125,590.749267578125
352,player,1,853.4432373046875,519.6207885742188,665.3985595703125,810.3360595703125
352,player,63,989.0771484375,445.37518310546875,825.9295654296875,655.857666015625
352,player,3,448.5404052734375,361.2410583496094,459.48223876953125,244.31112670898438
353,player,68,642.7965087890625,390.288330078125,603.167724609375,437.0334777832031
353,player,70,319.4737548828125,452.418212890625,306.6417541503906,512.037353515625
353,player,36,1029.7333984375,601.19873046875,709.20068359375,995.3067626953125
353,player,54,598.4896240234375,431.427734375,541.329345703125,529.7120971679688
353,player,7,889.2315673828125,427.6953430175781,780.722900390625,602.8673095703125
353,player,66,511.323486328125,378.33599853515625,505.0484619140625,327.46783447265625
353,player,67,992.9656982421875,444.31829833984375,841.572998046875,675.865478515625
353,player,1,854.3159790039062,521.1268920898438,664.3150634765625,812.8569946289062
353,player,69,585.690673828125,436.568115234375,544.3211669921875,528.4617919921875
353,player,63,984.1505126953125,437.512451171875,832.8892822265625,655.5306396484375
353,player,55,262.84375,484.6806640625,252.14273071289062,591.2575073242188
353,player,3,448.86224365234375,361.40826416015625,459.49383544921875,244.2065887451172
354,player,68,641.8709716796875,393.8744812011719,605.6100463867188,433.39801025390625
354,player,7,889.7782592773438,428.6227722167969,781.0286254882812,603.7076416015625
354,player,70,318.5801696777344,452.9208984375,305.1546630859375,514.6314086914062
354,player,36,1030.6014404296875,600.7103881835938,709.95166015625,995.367431640625
354,player,67,993.1068115234375,442.98065185546875,843.0406494140625,674.3827514648438
354,player,66,511.5936279296875,378.73974609375,505.3258056640625,329.1343688964844
354,player,55,261.67962646484375,485.4241027832031,251.49996948242188,592.1633911132812
354,player,1,853.27197265625,522.2783813476562,663.0238037109375,815.2335205078125
354,player,54,596.7568359375,426.367919921875,542.1984252929688,525.4588623046875
354,player,63,981.871337890625,433.36883544921875,838.68115234375,651.2276000976562
354,player,3,450.40423583984375,360.8057861328125,460.1661376953125,243.4574432373047
355,player,68,645.7181396484375,395.21466064453125,607.9366455078125,433.032470703125
355,player,7,889.4130859375,429.67828369140625,780.6796264648438,605.251953125
355,player,67,992.5996704101562,445.4473876953125,842.7495727539062,675.6016235351562
355,player,70,315.84521484375,450.0428466796875,303.6986389160156,513.12548828125
355,player,36,1028.813720703125,600.9593505859375,709.9896240234375,995.4201049804688
355,player,1,853.29736328125,523.1301879882812,661.9441528320312,817.3851318359375
355,player,55,264.7681884765625,479.51995849609375,252.28469848632812,587.590576171875
355,player,66,511.9337158203125,379.41851806640625,505.43438720703125,331.14117431640625
355,player,69,588.669677734375,435.5486145019531,539.4220581054688,533.3905639648438
355,player,3,447.855224609375,360.08209228515625,459.92071533203125,241.63070678710938
355,player,63,988.8046875,438.50189208984375,842.0111083984375,653.86962890625
355,player,54,615.8042602539062,409.44842529296875,553.153564453125,506.17413330078125
355,player,71,267.2039794921875,408.0482177734375,270.9737548828125,362.2149963378906
356,player,68,645.2623291015625,407.7225341796875,605.24853515625,447.17120361328125
356,player,67,992.3671875,444.86260986328125,842.7584228515625,675.8460083007812
356,player,1,853.1259765625,524.20849609375,660.8900146484375,819.533447265625
356,player,55,264.0562744140625,477.537841796875,252.72991943359375,582.7042236328125
356,player,70,317.98602294921875,448.8775634765625,303.4769592285156,511.1539001464844
356,player,7,890.9959716796875,433.79254150390625,779.180908203125,610.3926391601562
356,player,36,1030.173583984375,602.0831298828125,709.9884033203125,996.1512451171875
356,player,66,511.63214111328125,379.91455078125,505.27606201171875,333.0576171875
356,player,3,446.97491455078125,360.08941650390625,459.46270751953125,240.3499755859375
356,player,54,617.2714233398438,410.13800048828125,560.5091552734375,494.56268310546875
356,player,69,592.0604248046875,432.85064697265625,537.8992919921875,534.1541137695312
356,player,71,270.1756896972656,378.01031494140625,274.70855712890625,323.50433349609375
356,player,72,270.2649230957031,362.2650146484375,286.3827209472656,187.1802978515625
357,player,68,645.8895263671875,407.7879333496094,603.6687622070312,456.4991149902344
357,player,1,852.09326171875,524.6323852539062,659.8342895507812,821.1483154296875
357,player,67,993.2308349609375,448.4952697753906,841.3837890625,679.3365478515625
357,player,7,893.181396484375,434.93670654296875,778.3444213867188,615.0374145507812
357,player,55,264.47491455078125,474.69793701171875,253.3177032470703,576.8917846679688
357,player,36,1029.767578125,602.5150146484375,709.7806396484375,996.8310546875
357,player,70,316.8316650390625,448.72320556640625,303.019775390625,509.60345458984375
357,player,66,511.6175537109375,379.5213317871094,505.2730712890625,333.7900085449219
357,player,3,445.87506103515625,360.28558349609375,458.7469482421875,239.66998291015625
357,player,69,578.3319091796875,434.9482421875,532.4415893554688,535.4799194335938
357,player,71,271.7624816894531,377.74176025390625,277.685791015625,298.1517028808594
357,player,72,271.63848876953125,357.9256591796875,287.32489013671875,180.84445190429688
358,player,68,648.11767578125,406.01568603515625,603.8760375976562,460.7926330566406
358,player,1,851.9737548828125,526.5244750976562,658.5778198242188,823.5201416015625
358,player,36,1031.8687744140625,603.4610595703125,709.8267822265625,997.921630859375
358,player,67,994.099853515625,449.36334228515625,840.3422241210938,682.4548950195312
358,player,55,264.3394470214844,471.3372802734375,253.88381958007812,569.9017944335938
358,player,66,511.65740966796875,378.84765625,505.4635009765625,333.3918762207031
358,player,7,895.0914306640625,433.01458740234375,779.1346435546875,616.3917236328125
358,player,70,315.7771301269531,451.59832763671875,302.1383056640625,511.4403991699219
358,player,69,576.0783081054688,436.931884765625,527.759765625,538.15185546875
358,player,3,445.2066650390625,360.2779541015625,458.0583190917969,239.13816833496094
359,player,68,650.2767333984375,406.1676025390625,604.61181640625,463.97711181640625
359,player,1,851.448974609375,526.1537475585938,657.7409057617188,824.7606201171875
359,player,36,1029.4599609375,603.68310546875,709.2845458984375,998.5870361328125
359,player,67,995.5454711914062,449.726318359375,839.895751953125,684.93408203125
359,player,69,570.749755859375,444.2568359375,521.4420776367188,546.7418212890625
359,player,70,315.0062255859375,453.7425842285156,301.13800048828125,514.73779296875
359,player,66,511.786865234375,377.4035339355469,506.01580810546875,331.2555236816406
359,player,55,264.7851867675781,469.32061767578125,254.50836181640625,563.460205078125
359,player,7,898.0355834960938,432.34271240234375,780.7559814453125,616.9028930664062
359,player,3,445.0370178222656,360.19580078125,457.5732421875,238.65426635742188
360,player,1,851.086669921875,525.5084228515625,657.2942504882812,825.084716796875
360,player,68,655.302001953125,403.35333251953125,607.52001953125,463.36859130859375
360,player,70,312.6249084472656,455.23358154296875,299.6735534667969,518.160400390625
360,player,7,900.6256103515625,434.28363037109375,781.7213134765625,619.3455200195312
360,player,69,568.487060546875,444.11663818359375,516.7314453125,551.9723510742188
360,player,67,999.8827514648438,445.648681640625,842.5966796875,683.3054809570312
360,player,36,1030.8642578125,603.1841430664062,709.3687744140625,998.8470458984375
360,player,55,266.15093994140625,469.9781494140625,255.24575805664062,560.031494140625
360,player,66,512.0051879882812,379.7403564453125,505.82012939453125,332.9468688964844
360,player,3,443.81182861328125,358.4908752441406,457.25482177734375,235.73147583007812
361,player,1,851.20361328125,526.5357055664062,656.73876953125,826.0265502929688
361,player,68,656.8896484375,402.7965087890625,610.0739135742188,462.50103759765625
361,player,7,904.6395263671875,434.0094909667969,783.5865478515625,621.0491943359375
361,player,69,568.056640625,445.51239013671875,513.2213134765625,556.7135009765625
361,player,67,1000.656494140625,445.4824523925781,844.6375732421875,682.1682739257812
361,player,70,307.46051025390625,458.57818603515625,296.96044921875,523.2467041015625
361,player,36,1030.830810546875,602.9559326171875,709.4801635742188,998.8914794921875
361,player,66,512.9132080078125,380.230224609375,505.85406494140625,334.78375244140625
361,player,55,268.29949951171875,466.4681091308594,256.5572814941406,554.601318359375
361,player,3,443.9404296875,358.6192321777344,457.0604248046875,234.0330352783203
361,player,73,900.1787109375,429.33685302734375,789.1266479492188,610.1007080078125
361,player,71,274.7248229980469,442.56884765625,274.7322082519531,360.66143798828125
362,player,36,1030.6243896484375,602.1661987304688,709.7296752929688,998.482666015625
362,player,69,567.360107421875,447.60888671875,510.2568359375,561.7922973632812
362,player,68,658.0338134765625,402.16650390625,612.288818359375,461.33428955078125
362,player,67,1001.2099609375,448.96185302734375,844.556884765625,684.5833129882812
362,player,7,904.70654296875,434.48681640625,784.6168212890625,622.6195678710938
362,player,1,852.2467651367188,525.4457397460938,656.939697265625,825.9542236328125
362,player,70,304.269287109375,458.3565979003906,294.3240966796875,526.034423828125
362,player,66,513.9178466796875,379.8528747558594,506.2992858886719,335.5992431640625
362,player,55,266.79278564453125,463.2786865234375,257.2130432128906,547.8070068359375
362,player,3,443.881591796875,358.5029296875,456.94219970703125,232.75341796875
363,player,36,1030.307861328125,601.682861328125,709.9600830078125,997.935791015625
363,player,69,566.9376220703125,447.648193359375,508.20257568359375,565.0924072265625
363,player,67,1001.04443359375,448.4534912109375,844.68603515625,685.6870727539062
363,player,1,852.66552734375,524.7349853515625,657.3748779296875,825.4390869140625
363,player,7,905.4288330078125,432.9747619628906,786.12646484375,622.2592163085938
363,player,68,660.1196899414062,401.2977294921875,614.6500854492188,459.794921875
363,player,70,298.93634033203125,457.9569091796875,291.15234375,526.9494018554688
363,player,55,265.0496826171875,461.31805419921875,257.2891540527344,541.28857421875
363,player,66,514.1053466796875,379.9590148925781,506.6204833984375,336.2880859375
363,player,3,443.86865234375,358.67218017578125,456.82012939453125,232.16555786132812
364,player,69,567.3265380859375,448.94384765625,506.67706298828125,568.5404663085938
364,player,36,1030.0201416015625,601.9396362304688,709.976806640625,997.698974609375
364,player,68,662.8798828125,404.0858154296875,616.0927734375,462.26739501953125
364,player,67,999.8485107421875,449.5478820800781,843.9602661132812,687.2662963867188
364,player,7,907.0133056640625,432.6941223144531,787.6707763671875,621.9049682617188
364,player,1,853.4239501953125,524.8429565429688,657.8092041015625,825.2398681640625
364,player,70,294.12066650390625,458.2266845703125,287.7181396484375,527.36328125
364,player,66,514.033203125,380.321044921875,506.70941162109375,337.1977844238281
364,player,55,266.39300537109375,461.82611083984375,257.67828369140625,537.6806640625
364,player,3,443.6087646484375,358.55206298828125,456.68182373046875,231.5784912109375
365,player,68,664.3582763671875,406.9107666015625,616.5426025390625,467.2178955078125
365,player,69,568.8712158203125,451.93048095703125,505.4303894042969,573.821533203125
365,player,36,1031.6588134765625,601.69384765625,710.404541015625,997.5235595703125
365,player,1,854.0283203125,523.0857543945312,658.7438354492188,823.9151611328125
365,player,67,997.53857421875,449.15509033203125,843.0384521484375,687.7359008789062
365,player,7,904.3258056640625,434.0950012207031,787.3299560546875,622.76513671875
365,player,55,274.34912109375,461.5833740234375,260.1675109863281,535.8343505859375
365,player,66,514.7836303710938,379.5740661621094,507.2080078125,336.90203857421875
365,player,3,443.43292236328125,358.27374267578125,456.59954833984375,230.7721405029297
365,player,70,286.52606201171875,460.41552734375,283.1811828613281,529.102783203125
365,player,73,913.5179443359375,433.18572998046875,791.23388671875,615.088623046875
366,player,69,571.3034057617188,450.21282958984375,505.6912841796875,575.8197631835938
366,player,1,853.7042846679688,522.7493896484375,659.3704833984375,822.7900390625
366,player,68,669.3634033203125,407.0084228515625,618.304443359375,471.0579833984375
366,player,67,999.2615356445312,447.17181396484375,843.7879638671875,686.433349609375
366,player,73,911.251708984375,434.09307861328125,791.5833740234375,618.9855346679688
366,player,36,1032.393310546875,600.900634765625,711.0616455078125,997.0321655273438
366,player,55,272.7368469238281,460.1434326171875,261.4410095214844,533.0538940429688
366,player,66,513.591064453125,381.2139892578125,506.71185302734375,338.7040100097656
366,player,3,443.13690185546875,358.1329650878906,456.47979736328125,230.00839233398438
367,player,1,853.60107421875,523.282470703125,659.5987548828125,822.4286499023438
367,player,68,674.0381469726562,406.933349609375,620.8765258789062,473.9485168457031
367,player,67,1000.9698486328125,447.1522216796875,844.7471923828125,685.7244873046875
367,player,69,577.0628662109375,448.0602722167969,507.9704895019531,575.562255859375
367,player,7,905.0542602539062,430.45501708984375,788.8560180664062,619.8848266601562
367,player,36,1032.349609375,600.3136596679688,711.6448974609375,996.3931274414062
367,player,55,272.54742431640625,458.787109375,262.31524658203125,529.87451171875
367,player,66,514.0780639648438,379.065185546875,507.11932373046875,337.1396484375
367,player,3,443.49725341796875,357.89117431640625,456.5823974609375,229.20318603515625
367,player,73,916.6420288085938,432.5258483886719,793.9884643554688,620.5257568359375
367,player,74,998.8431396484375,604.9312744140625,688.770751953125,995.8414306640625
368,player,68,678.7657470703125,406.3673095703125,624.1568603515625,475.67694091796875
368,player,1,855.2189331054688,525.889404296875,659.3856201171875,824.1600341796875
368,player,67,1002.3809814453125,456.1763916015625,841.77294921875,693.3103637695312
368,player,69,578.8851318359375,444.57427978515625,510.792724609375,572.1411743164062
368,player,36,1032.3681640625,598.5867919921875,712.51611328125,995.04443359375
368,player,3,443.2852478027344,358.42681884765625,456.447998046875,229.43289184570312
368,player,66,514.33984375,379.5042419433594,507.3505859375,336.7239990234375
368,player,7,910.2760009765625,430.15240478515625,791.447998046875,618.2154541015625
368,player,55,273.14459228515625,458.9651184082031,263.03778076171875,528.0418701171875
368,player,73,918.0557250976562,431.95867919921875,796.1922607421875,621.1154174804688
369,player,1,854.8941650390625,523.5868530273438,659.8323974609375,823.6362915039062
369,player,68,684.081298828125,405.87371826171875,628.0523681640625,476.79132080078125
369,player,67,1000.36083984375,458.28619384765625,838.3905639648438,699.8760986328125
369,player,69,581.9370727539062,443.4187316894531,513.7651977539062,569.0612182617188
369,player,66,515.6791381835938,382.1065673828125,507.2352294921875,339.97039794921875
369,player,73,917.93115234375,432.7882080078125,797.232666015625,622.2838134765625
369,player,3,442.8455810546875,358.7247009277344,456.1402282714844,229.96209716796875
369,player,36,1030.4158935546875,600.1722412109375,712.2185668945312,994.8937377929688
369,player,55,274.70245361328125,461.0899658203125,263.78619384765625,529.11279296875
369,player,7,906.5460205078125,429.5099182128906,792.3577880859375,616.1507568359375
369,player,63,1004.0482177734375,450.98968505859375,842.71533203125,668.2357177734375
369,player,74,997.875,602.2907104492188,689.2764282226562,994.3538818359375
370,player,1,856.043212890625,520.4550170898438,661.3114013671875,821.1585693359375
370,player,68,687.6060791015625,404.087646484375,632.259033203125,475.86602783203125
370,player,66,517.1762084960938,381.01959228515625,507.9294738769531,340.8443603515625
370,player,69,582.6240234375,440.98406982421875,516.4853515625,564.6973876953125
370,player,67,997.7317504882812,455.3373718261719,836.762939453125,701.368408203125
370,player,55,274.76513671875,458.0984191894531,264.51275634765625,526.8301391601562
370,player,3,442.43505859375,358.5226745605469,455.849853515625,229.96444702148438
370,player,36,1027.5225830078125,600.3580322265625,711.3570556640625,994.7001953125
370,player,73,916.8196411132812,432.9425964355469,797.5313720703125,623.0863037109375
370,player,7,908.5390014648438,431.0261535644531,792.8604125976562,616.4699096679688
370,player,75,927.28173828125,435.70233154296875,803.0446166992188,634.9017333984375
371,player,68,693.16748046875,405.17962646484375,636.287109375,477.0669250488281
371,player,1,856.5401000976562,523.8876953125,661.393798828125,822.02734375
371,player,69,582.635498046875,443.43408203125,517.658447265625,564.3040771484375
371,player,66,517.2455444335938,379.7180480957031,508.7530517578125,339.73333740234375
371,player,3,441.6708984375,358.5863342285156,455.3872375488281,229.9677276611328
371,player,55,275.2079162597656,457.7469177246094,265.13568115234375,525.0350341796875
371,player,67,1001.0811767578125,462.8211975097656,833.391357421875,709.0321044921875
371,player,36,1020.9298706054688,602.4322509765625,708.8175048828125,995.2467041015625
371,player,75,927.3873291015625,438.26715087890625,801.9763793945312,637.327880859375
371,player,7,910.638916015625,431.583984375,793.5384521484375,617.4155883789062
372,player,68,694.5784912109375,403.5523681640625,639.8990478515625,476.15838623046875
372,player,1,859.0486450195312,528.8538208007812,660.6207275390625,826.2694702148438
372,player,69,584.9625244140625,440.675048828125,519.7540283203125,561.5181884765625
372,player,66,517.4589233398438,379.49786376953125,509.4163818359375,338.7486267089844
372,player,75,927.0875244140625,437.9832763671875,801.31982421875,638.610595703125
372,player,36,1020.4415283203125,603.5897216796875,706.7432250976562,996.1905517578125
372,player,67,1000.7882080078125,464.21258544921875,830.5355224609375,715.157958984375
372,player,3,440.9114074707031,358.84100341796875,454.7686767578125,230.24911499023438
372,player,55,277.7506103515625,459.2094421386719,266.1430358886719,525.5707397460938
372,player,7,912.26611328125,430.1387939453125,795.0578002929688,616.7864990234375
373,player,69,588.852294921875,437.9263916015625,522.9049072265625,557.3112182617188
373,player,1,859.2725830078125,529.4437255859375,660.0032348632812,829.4539794921875
373,player,68,698.7279052734375,398.1505126953125,645.4290771484375,469.8257141113281
373,player,75,928.011962890625,442.08331298828125,799.4132690429688,643.3486938476562
373,player,66,516.96875,379.4839172363281,509.6938171386719,338.035888671875
373,player,36,1019.0943603515625,603.75439453125,705.0640869140625,996.801513671875
373,player,67,1003.06494140625,467.08502197265625,828.0728759765625,721.7354736328125
373,player,3,440.64263916015625,359.08349609375,454.2179260253906,230.75143432617188
373,player,76,250.74508666992188,443.42364501953125,249.2732696533203,472.702880859375
373,player,70,279.9593505859375,459.60400390625,278.46063232421875,528.8145751953125
374,player,68,701.5877685546875,398.29547119140625,649.8416748046875,466.17529296875
374,player,75,928.5923461914062,442.6830139160156,798.0818481445312,647.03564453125
374,player,1,858.4595947265625,530.9481201171875,658.9798583984375,832.50244140625
374,player,66,517.5574951171875,380.004150390625,509.9228515625,338.3140869140625
374,player,69,591.3682250976562,435.953369140625,526.16943359375,552.8151245117188
374,player,76,250.75888061523438,442.15789794921875,249.36090087890625,471.3524475097656
374,player,36,1017.0841064453125,603.824462890625,703.5272216796875,997.1007080078125
374,player,67,1006.1806640625,468.3855285644531,826.744384765625,727.3582763671875
374,player,3,440.4308166503906,358.619873046875,453.89886474609375,230.38092041015625
374,player,70,279.2647399902344,457.9201354980469,275.3275146484375,526.8788452148438
374,player,73,916.3310546875,434.289306640625,797.0125732421875,624.849853515625
374,player,55,281.6829528808594,462.72802734375,267.6258544921875,529.7737426757812
375,player,68,706.3214111328125,394.22601318359375,655.6521606445312,459.56866455078125
375,player,75,929.7547607421875,443.02984619140625,797.3902587890625,649.8589477539062
375,player,66,520.2467651367188,380.8673400878906,510.70074462890625,339.9112548828125
375,player,69,593.50390625,437.46978759765625,528.51416015625,551.6376342773438
375,player,1,858.6824951171875,530.094482421875,658.6104125976562,833.9108276367188
375,player,36,1012.662353515625,603.1387939453125,701.778564453125,996.6287841796875
375,player,67,1008.832763671875,466.42913818359375,827.394775390625,729.6234130859375
375,player,76,247.94248962402344,444.3029479980469,248.46371459960938,472.48895263671875
375,player,3,440.0875244140625,358.96771240234375,453.492431640625,230.6036834716797
375,player,77,696.45703125,395.0878601074219,656.8953857421875,447.2140197753906
375,player,55,282.7059631347656,464.2237854003906,268.75848388671875,534.0691528320312
376,player,75,928.2470092773438,443.3055419921875,796.4111938476562,651.8087768554688
376,player,68,708.3631591796875,396.37481689453125,659.2562866210938,457.9945983886719
376,player,36,1008.4724731445312,602.333984375,699.972412109375,995.6055908203125
376,player,1,858.7281494140625,530.8594970703125,658.1636962890625,835.3589477539062
376,player,67,1008.441162109375,465.18994140625,828.2376708984375,730.0296630859375
376,player,69,596.0161743164062,439.5928955078125,530.2124633789062,553.2525634765625
376,player,66,521.1526489257812,381.46295166015625,511.33526611328125,341.8183898925781
376,player,76,246.48663330078125,444.30975341796875,247.45999145507812,473.0938720703125
376,player,55,283.4395751953125,465.53216552734375,269.5969543457031,538.2068481445312
376,player,3,439.01116943359375,359.10455322265625,452.83184814453125,230.8192138671875
376,player,77,695.2127075195312,396.1766357421875,656.1185913085938,448.3544006347656
377,player,36,1004.5997314453125,601.9636840820312,698.0762939453125,994.4786987304688
377,player,75,928.8426513671875,442.93426513671875,796.0938720703125,652.789306640625
377,player,69,598.0640869140625,437.42645263671875,532.4509887695312,552.3150024414062
377,player,76,233.8590087890625,446.28619384765625,243.0504608154297,474.3616943359375
377,player,68,713.5393676757812,393.6221923828125,664.2125244140625,454.3045654296875
377,player,1,857.468505859375,530.6976318359375,657.6190795898438,836.0908203125
377,player,67,1008.311767578125,464.2127685546875,829.1654052734375,729.4654541015625
377,player,66,521.8170166015625,382.48260498046875,511.68463134765625,344.442626953125
377,player,3,437.80810546875,359.2496337890625,451.96148681640625,231.02694702148438
377,player,55,284.236572265625,470.70758056640625,269.96478271484375,545.964599609375
377,player,78,239.68023681640625,444.17437744140625,240.00555419921875,471.9216613769531
378,player,36,999.5045166015625,598.02001953125,696.8346557617188,991.2557373046875
378,player,69,599.5901489257812,438.0194091796875,534.1876220703125,552.45068359375
378,player,75,928.9537963867188,443.296875,795.7662353515625,653.7706909179688
378,player,76,233.91220092773438,447.24884033203125,240.1456756591797,476.2071533203125
378,player,1,855.892333984375,527.4036254882812,657.8264770507812,834.154052734375
378,player,68,714.59326171875,394.636962890625,667.3745727539062,453.2042541503906
378,player,66,520.279541015625,381.954833984375,511.5629577636719,345.30059814453125
378,player,67,1008.098876953125,464.69775390625,829.5069580078125,729.4859619140625
378,player,3,436.63214111328125,359.247314453125,450.99884033203125,231.01937866210938
378,player,55,286.72113037109375,472.3653564453125,270.75701904296875,552.8126831054688
379,player,69,600.2186279296875,437.72198486328125,535.5716552734375,552.2987670898438
379,player,76,230.44488525390625,449.8060302734375,237.1239471435547,479.7565002441406
379,player,1,856.5587158203125,528.0487670898438,657.9364624023438,833.3975830078125
379,player,36,994.0357666015625,597.4912109375,695.0018310546875,988.498291015625
379,player,75,928.7157592773438,442.97119140625,795.6243896484375,654.0868530273438
379,player,66,521.0936279296875,381.82391357421875,511.779296875,345.77978515625
379,player,68,715.4190673828125,395.1593017578125,669.4860229492188,453.1849365234375
379,player,3,435.4956970214844,358.3697509765625,450.19488525390625,229.6063232421875
379,player,67,1002.777099609375,460.63446044921875,830.0528564453125,725.6075439453125
379,player,55,286.8417663574219,474.2042541503906,271.16387939453125,559.0158081054688
379,player,77,709.946533203125,396.2417907714844,660.09228515625,450.71685791015625
380,player,69,601.1097412109375,436.8502197265625,536.9501342773438,551.403564453125
380,player,76,230.93136596679688,451.69830322265625,235.19757080078125,484.0792541503906
380,player,1,858.4500732421875,528.0189208984375,658.4691772460938,833.0322875976562
380,player,36,988.6968994140625,594.0721435546875,693.5989990234375,984.45458984375
380,player,66,523.29345703125,381.736328125,512.6466674804688,346.2216796875
380,player,68,712.8990478515625,393.05230712890625,670.8805541992188,450.4416809082031
380,player,3,435.0650939941406,358.3533630371094,449.53033447265625,228.61288452148438
380,player,55,288.52056884765625,474.984375,271.8253479003906,563.9342651367188
380,player,75,934.3472900390625,442.39166259765625,797.3236083984375,654.2781372070312
380,player,67,996.6448974609375,457.9764404296875,829.916748046875,720.273681640625
381,player,76,224.97010803222656,456.2593994140625,232.01943969726562,491.0158386230469
381,player,69,602.4405517578125,433.2244873046875,539.1734619140625,547.2516479492188
381,player,66,523.4567260742188,381.68292236328125,513.2771606445312,346.458251953125
381,player,36,988.9432373046875,592.7962646484375,693.0903930664062,981.134033203125
381,player,1,859.36279296875,530.451416015625,658.339111328125,834.554931640625
381,player,68,712.9552001953125,392.34820556640625,672.0708618164062,447.835693359375
381,player,75,931.8086547851562,440.857666015625,798.3787841796875,652.7492065429688
381,player,67,1000.0249633789062,457.9285888671875,830.7484130859375,717.0657958984375
381,player,55,289.7351989746094,478.28192138671875,272.33111572265625,570.3235473632812
381,player,3,436.6529541015625,358.00469970703125,449.7185974121094,227.6483154296875
382,player,69,605.7103881835938,430.336181640625,542.3259887695312,541.888671875
382,player,1,859.8675537109375,530.68994140625,658.3070678710938,835.7487182617188
382,player,66,523.8380126953125,381.45745849609375,513.8701782226562,346.3639221191406
382,player,3,435.66839599609375,357.9695129394531,449.5155029296875,226.85311889648438
382,player,67,1000.7906494140625,457.11053466796875,831.8453369140625,714.345703125
382,player,55,289.5645751953125,481.6795654296875,272.35491943359375,577.6001586914062
382,player,36,989.429931640625,588.6505737304688,694.01220703125,976.6875
382,player,76,222.6956024169922,457.6086120605469,229.24588012695312,496.68426513671875
382,player,75,929.65478515625,440.6644592285156,798.5525512695312,651.37646484375
382,player,68,715.8877563476562,393.72393798828125,673.22412109375,448.0682067871094
383,player,67,1001.4449462890625,456.49249267578125,833.0,712.1034545898438
383,player,69,608.284912109375,429.2403564453125,545.4129028320312,537.514404296875
383,player,1,858.7112426757812,530.6778564453125,658.0140380859375,836.4267578125
383,player,3,435.0898132324219,358.128173828125,449.1500244140625,226.49856567382812
383,player,55,290.90380859375,485.10125732421875,272.4705810546875,585.5711669921875
383,player,36,988.2911987304688,591.6310424804688,693.5391235351562,975.3907470703125
383,player,68,720.721923828125,395.32452392578125,674.8473510742188,450.5955810546875
383,player,66,524.5518798828125,381.17645263671875,514.560546875,346.0194396972656
383,player,76,219.98048400878906,458.36541748046875,226.64215087890625,500.8814697265625
383,player,75,929.3433837890625,441.536865234375,798.2111206054688,651.2642822265625
384,player,55,290.5371398925781,486.98553466796875,272.3064880371094,592.4234619140625
384,player,67,1000.986328125,456.3314208984375,833.6978759765625,710.4661865234375
384,player,1,860.6054077148438,530.0247192382812,658.461181640625,836.5623779296875
384,player,3,434.15557861328125,358.60333251953125,448.48455810546875,226.84829711914062
384,player,69,609.5086669921875,428.69415283203125,547.9210815429688,534.2212524414062
384,player,76,218.11077880859375,461.9212646484375,224.2626953125,507.0166015625
384,player,68,724.9559326171875,397.11260986328125,676.5160522460938,454.7516174316406
384,player,66,526.4381713867188,381.00732421875,515.6591796875,345.7862243652344
384,player,75,928.80859375,439.89215087890625,798.5372314453125,649.6143798828125
384,player,36,986.996337890625,594.0990600585938,692.27490234375,975.8328857421875
385,player,67,1000.813232421875,456.7042541503906,833.944091796875,709.7081298828125
385,player,1,860.6705322265625,529.9984130859375,658.77490234375,836.6373291015625
385,player,3,433.92034912109375,358.8211364746094,447.92144775390625,227.3640594482422
385,player,69,612.5145263671875,429.35333251953125,550.239990234375,533.0606689453125
385,player,76,215.65338134765625,465.4080810546875,221.87738037109375,514.2449340820312
385,player,66,527.0855712890625,381.4749755859375,516.4519653320312,346.30877685546875
385,player,68,727.3089599609375,399.36907958984375,677.4622802734375,460.2867431640625
385,player,55,291.536376953125,486.0579833984375,272.53570556640625,596.1282348632812
385,player,75,930.3893432617188,442.641357421875,798.0238037109375,651.23583984375
385,player,36,986.9884033203125,597.5191650390625,690.5211791992188,978.008056640625
386,player,1,859.2958984375,531.61767578125,658.1907348632812,837.6983032226562
386,player,67,1001.3551025390625,462.80328369140625,831.6389770507812,714.4619140625
386,player,66,520.8037109375,380.98907470703125,515.090087890625,345.3267517089844
386,player,69,614.7928466796875,431.59869384765625,551.7919921875,534.852294921875
386,player,68,732.6749267578125,398.65423583984375,679.9754028320312,463.6254577636719
386,player,3,433.2144775390625,358.8055114746094,447.3201904296875,227.59292602539062
386,player,55,291.7256774902344,485.0517578125,272.81134033203125,597.6419677734375
386,player,76,211.74801635742188,467.96142578125,219.13632202148438,521.0968017578125
386,player,36,983.5545043945312,596.6323852539062,688.885009765625,978.699462890625
386,player,75,934.25537109375,447.03302001953125,796.912353515625,656.6583251953125
387,player,1,859.5394287109375,531.7947387695312,657.81884765625,838.5286865234375
387,player,66,521.6649780273438,380.9923095703125,514.4796752929688,344.78802490234375
387,player,67,1001.6640014648438,463.10003662109375,830.0965576171875,717.8290405273438
387,player,68,735.8505859375,398.14398193359375,682.7679443359375,465.5421142578125
387,player,69,616.7752075195312,429.76434326171875,553.8724365234375,534.3128662109375
387,player,36,982.8232421875,596.010498046875,687.832763671875,978.7557373046875
387,player,76,211.94024658203125,469.3050842285156,217.353271484375,526.8822021484375
387,player,75,935.1854858398438,451.3070068359375,794.6791381835938,664.1094970703125
387,player,3,433.025146484375,358.6700439453125,446.8968505859375,227.5224609375
387,player,55,289.88275146484375,485.93212890625,272.432373046875,599.2609252929688
387,player,73,945.681884765625,444.90478515625,800.2685546875,638.6201171875
388,player,1,858.7985229492188,532.0709838867188,657.3226318359375,839.201416015625
388,player,68,738.7359619140625,399.11126708984375,685.08642578125,468.1930236816406
388,player,69,616.7836303710938,432.06634521484375,554.5975952148438,536.340576171875
388,player,66,522.2459716796875,381.46282958984375,514.1412353515625,345.10906982421875
388,player,67,1001.4920654296875,467.23345947265625,827.313720703125,723.4578857421875
388,player,36,981.693359375,595.0980834960938,687.1531372070312,978.2103271484375
388,player,76,209.61550903320312,474.58135986328125,215.34628295898438,535.5300903320312
388,player,75,938.94482421875,451.47308349609375,794.1761474609375,669.4409790039062
388,player,3,431.4068603515625,358.879150390625,446.0252685546875,227.58847045898438
388,player,55,290.8807373046875,485.47369384765625,272.4866943359375,599.9862060546875
388,player,63,986.89501953125,468.85406494140625,831.029052734375,691.2962646484375
389,player,1,859.314453125,532.2492065429688,657.0723876953125,839.8011474609375
389,player,68,743.2197265625,398.74090576171875,688.0948486328125,469.9595031738281
389,player,69,617.7346801757812,432.89239501953125,555.116943359375,538.5985107421875
389,player,3,432.302001953125,358.9188232421875,445.75250244140625,227.79510498046875
389,player,66,523.19580078125,382.16668701171875,514.0340576171875,346.32818603515625
389,player,36,979.30322265625,593.3240966796875,686.6781005859375,976.7064208984375
389,player,76,209.3964385986328,471.9140625,214.08502197265625,538.5648193359375
389,player,67,1001.77490234375,460.3826904296875,828.4693603515625,721.3868408203125
389,player,75,939.3802490234375,450.2190856933594,794.48388671875,671.82666015625
389,player,55,292.545654296875,485.412109375,272.97100830078125,600.5485229492188
389,player,79,418.1315612792969,359.13311767578125,431.4005126953125,224.2673797607422
390,player,68,745.40771484375,397.84356689453125,691.06298828125,470.3102722167969
390,player,1,859.3170166015625,532.753173828125,656.7678833007812,840.5374755859375
390,player,69,619.7745361328125,434.411376953125,555.6254272460938,541.8147583007812
390,player,3,432.174560546875,359.2728271484375,445.449951171875,228.42782592773438
390,player,66,524.18798828125,383.1217041015625,514.0223388671875,348.4539794921875
390,player,76,207.97958374023438,477.3160400390625,212.67127990722656,545.58203125
390,player,36,976.7901611328125,595.5357055664062,685.23046875,976.78466796875
390,player,67,1000.0732421875,470.15374755859375,824.6759033203125,728.05859375
390,player,75,937.734375,456.992431640625,791.478515625,679.2150268554688
390,player,55,293.3614501953125,485.6794128417969,273.48309326171875,601.2278442382812
390,player,80,206.63442993164062,366.2860107421875,223.5670928955078,182.58642578125
390,player,79,420.32757568359375,359.54388427734375,432.0526428222656,225.1246337890625
391,player,1,859.3736572265625,533.7549438476562,656.3009643554688,841.7072143554688
391,player,3,432.0084533691406,358.988525390625,445.2630310058594,228.40707397460938
391,player,68,747.1771240234375,399.845947265625,692.7486572265625,473.0030212402344
391,player,69,620.1087646484375,434.01104736328125,556.1602783203125,543.5294799804688
391,player,76,205.736572265625,481.7872314453125,210.98008728027344,554.150146484375
391,player,36,972.5101928710938,594.315673828125,683.6968383789062,975.8650512695312
391,player,66,525.9828491210938,383.6466064453125,514.444091796875,350.70361328125
391,player,55,293.87347412109375,486.30133056640625,273.9049072265625,602.2764282226562
391,player,67,997.63134765625,468.531005859375,822.2420654296875,730.84619140625
391,player,75,938.8861083984375,461.1263427734375,788.1800537109375,687.701904296875
391,player,81,535.4151000976562,383.7257080078125,523.7376098632812,358.1310729980469
391,player,80,206.53213500976562,370.7076721191406,223.2816925048828,189.04647827148438
392,player,69,622.5269775390625,433.7783508300781,557.2628173828125,544.639892578125
392,player,1,860.1236572265625,534.4359130859375,655.983642578125,842.99072265625
392,player,68,744.3631591796875,399.9027099609375,692.9717407226562,474.5262756347656
392,player,3,431.73272705078125,358.95574951171875,445.05584716796875,228.31333923339844
392,player,76,200.28567504882812,484.11798095703125,208.33035278320312,561.402587890625
392,player,55,293.8448791503906,486.68402099609375,274.1422119140625,603.3007202148438
392,player,36,971.0506591796875,591.78955078125,683.0659790039062,973.7565307617188
392,player,66,528.4078369140625,383.0697021484375,515.6473999023438,351.6961364746094
392,player,81,538.8135986328125,382.5672912597656,525.1425170898438,357.02789306640625
392,player,80,204.20541381835938,486.3736267089844,217.3035888671875,326.51544189453125
392,player,75,932.5848999023438,456.75909423828125,786.0952758789062,688.8695068359375
392,player,82,205.59912109375,369.1335144042969,222.1049041748047,194.1885528564453
392,player,67,997.6785888671875,453.52227783203125,827.0407104492188,719.9159545898438
392,player,73,941.666015625,463.918212890625,793.526123046875,663.9488525390625
393,player,69,625.2799682617188,434.83038330078125,558.4779052734375,546.6975708007812
393,player,68,743.02099609375,399.14288330078125,693.0044555664062,474.5135498046875
393,player,1,861.9376220703125,533.8318481445312,656.3775634765625,843.5517578125
393,player,55,293.9209899902344,486.6072692871094,274.3226013183594,603.9039306640625
393,player,82,203.2371368408203,375.12322998046875,220.98770141601562,202.54473876953125
393,player,36,967.3074951171875,590.5685424804688,682.176025390625,971.4417724609375
393,player,3,431.4902038574219,359.37548828125,444.74200439453125,228.8323974609375
393,player,81,540.1995849609375,382.89251708984375,526.4056396484375,356.8785705566406
393,player,76,197.30381774902344,488.25103759765625,205.67588806152344,569.6585693359375
393,player,73,938.0529174804688,462.15179443359375,788.883544921875,678.58544921875
393,player,79,417.050537109375,358.2562561035156,431.6519775390625,223.417724609375
394,player,69,628.72705078125,434.26287841796875,560.4078369140625,547.7899169921875
394,player,68,745.0714721679688,398.3311767578125,693.9620971679688,473.7927551269531
394,player,1,862.8604736328125,532.5303344726562,657.22119140625,843.095703125
394,player,36,964.8487548828125,588.4904174804688,681.6265869140625,968.5934448242188
394,player,76,192.70474243164062,492.35601806640625,202.60301208496094,578.3497314453125
394,player,81,540.6895141601562,382.1717224121094,527.5860595703125,355.9147644042969
394,player,55,293.89447021484375,486.4268798828125,274.4465637207031,604.1310424804688
394,player,82,199.58602905273438,370.1820068359375,219.2940216064453,200.44189453125
394,player,3,430.92437744140625,359.31060791015625,444.3616943359375,229.00875854492188
394,player,63,983.35888671875,464.47576904296875,824.3007202148438,702.3231811523438
394,player,75,937.44091796875,463.24041748046875,783.462158203125,695.6610107421875
394,player,73,956.226806640625,478.86627197265625,784.1370239257812,703.555908203125
395,player,69,631.5086669921875,434.8267822265625,562.300048828125,549.3402099609375
395,player,1,864.1652221679688,531.0241088867188,658.5089111328125,841.863525390625
395,player,68,745.5018310546875,397.51513671875,695.0335693359375,472.4356994628906
395,player,76,189.0021209716797,499.35296630859375,199.43746948242188,589.9166870117188
395,player,36,963.9779052734375,590.122802734375,680.6393432617188,967.6044311523438
395,player,55,293.4664001464844,486.8990478515625,274.37713623046875,604.6666870117188
395,player,3,430.22674560546875,359.01812744140625,443.9459228515625,228.616455078125
395,player,66,535.062744140625,381.39013671875,519.01708984375,350.9229431152344
395,player,81,538.2415771484375,383.380859375,527.23388671875,356.56207275390625
395,player,82,197.5924835205078,365.0869445800781,217.7767333984375,191.33953857421875
395,player,75,935.6636962890625,454.00787353515625,784.9644775390625,691.901123046875
396,player,69,633.2993774414062,435.67401123046875,563.8052978515625,551.3775634765625
396,player,1,862.896240234375,532.76123046875,658.5494995117188,842.1595458984375
396,player,76,187.12713623046875,501.73675537109375,196.82786560058594,599.3665771484375
396,player,68,747.613037109375,397.92816162109375,696.2092895507812,472.2460632324219
396,player,55,293.5113830566406,486.53289794921875,274.37188720703125,604.6887817382812
396,player,66,536.7342529296875,381.5233154296875,521.7039794921875,350.776123046875
396,player,3,429.2490539550781,358.730224609375,443.4110412597656,227.82725524902344
396,player,81,538.46923828125,383.2825927734375,527.1049194335938,356.8826904296875
396,player,36,960.112060546875,589.3255615234375,679.373779296875,966.24365234375
396,player,75,932.4854125976562,457.46630859375,783.69580078125,692.2080078125
396,player,82,197.77426147460938,362.560791015625,216.9817352294922,181.6615447998047
397,player,69,635.8826904296875,435.7763671875,565.4906616210938,553.0529174804688
397,player,1,861.3409423828125,532.8655395507812,658.177001953125,842.3035888671875
397,player,76,183.95509338378906,502.57403564453125,194.28268432617188,605.9684448242188
397,player,68,750.636962890625,397.25555419921875,698.1558227539062,471.66802978515625
397,player,55,293.05584716796875,486.5152587890625,274.24847412109375,604.647216796875
397,player,66,539.0151977539062,380.8791809082031,524.3609008789062,350.1048889160156
397,player,3,429.12310791015625,358.8729553222656,442.9878845214844,227.50677490234375
397,player,63,975.9892578125,478.04827880859375,812.56298828125,720.0123901367188
397,player,75,929.9779052734375,469.5872497558594,777.4783935546875,702.5390625
397,player,36,959.239013671875,587.4896240234375,678.8561401367188,964.2569580078125
397,player,73,953.3778686523438,483.824951171875,778.4539794921875,723.5020751953125
397,player,83,962.0459594726562,587.5206298828125,679.6160278320312,961.1752319335938
398,player,69,638.1417236328125,436.645263671875,566.986328125,555.2337646484375
398,player,1,862.4579467773438,533.133544921875,658.1241455078125,842.6671142578125
398,player,76,183.12789916992188,503.7677001953125,192.38473510742188,611.228271484375
398,player,63,983.9698486328125,471.48431396484375,809.6011962890625,726.865478515625
398,player,68,752.9889526367188,397.0830383300781,700.2037353515625,471.33978271484375
398,player,55,292.75726318359375,486.230224609375,274.11041259765625,604.336669921875
398,player,66,539.30615234375,379.773193359375,526.4949340820312,348.2742919921875
398,player,75,934.3966064453125,470.4219970703125,774.2758178710938,710.3350219726562
398,player,3,428.5705871582031,359.5255126953125,442.37628173828125,228.17982482910156
398,player,36,955.240234375,589.7584228515625,677.04150390625,963.9751586914062
398,player,83,952.5186157226562,590.6240234375,676.7147827148438,962.2727661132812
399,player,69,642.1143798828125,434.60028076171875,569.663818359375,554.9684448242188
399,player,1,864.1571044921875,531.3805541992188,658.9920654296875,841.8300170898438
399,player,76,182.43006896972656,503.5670166015625,190.9738311767578,614.4130249023438
399,player,63,985.620361328125,467.90692138671875,809.5579833984375,728.5093383789062
399,player,68,757.5665283203125,396.59417724609375,703.1204833984375,471.04345703125
399,player,55,292.3804931640625,484.70709228515625,274.0360412597656,602.722412109375
399,player,75,933.4020385742188,462.291748046875,775.08154296875,708.4453125
399,player,81,540.3616943359375,379.0430603027344,528.825439453125,351.851806640625
399,player,3,428.6322021484375,359.75396728515625,441.94732666015625,228.9554443359375
399,player,36,953.98779296875,590.5162963867188,675.388427734375,964.133544921875
399,player,66,540.8541870117188,377.12408447265625,529.1390380859375,343.81304931640625
400,player,69,645.3623046875,433.77410888671875,572.5657958984375,554.2706298828125
400,player,68,761.7349853515625,398.56475830078125,705.4937744140625,473.5340881347656
400,player,1,863.7721557617188,527.37158203125,660.61572265625,838.4761962890625
400,player,76,181.14999389648438,501.61962890625,189.7665252685547,614.673828125
400,player,63,982.9085693359375,470.68646240234375,807.693115234375,731.6409912109375
400,player,55,292.08477783203125,486.09930419921875,273.802978515625,602.9081420898438
400,player,66,541.1348266601562,378.4632568359375,530.5621337890625,342.6899108886719
400,player,3,428.1428527832031,359.1655578613281,441.6376037597656,228.54879760742188
400,player,36,952.100341796875,584.301025390625,675.5699462890625,960.5638427734375
400,player,75,932.189697265625,467.3636474609375,773.31201171875,711.42041015625
400,player,83,946.7184448242188,561.9539794921875,681.462890625,945.6749877929688
401,player,69,647.259521484375,431.77105712890625,575.5703125,551.9592895507812
401,player,68,761.0703125,397.806884765625,707.1377563476562,474.2212829589844
401,player,76,178.36581420898438,498.2164306640625,188.32586669921875,611.6046142578125
401,player,1,864.7378540039062,526.4960327148438,662.1560668945312,835.7596435546875
401,player,63,982.671630859375,474.662841796875,804.826904296875,736.9066162109375
401,player,55,291.2381896972656,486.2484436035156,273.4145812988281,603.089111328125
401,player,66,542.455322265625,380.2216796875,531.4063720703125,344.38275146484375
401,player,36,951.0324096679688,580.9284057617188,676.36962890625,956.21923828125
401,player,3,427.7439270019531,359.3768310546875,441.2530212402344,228.54373168945312
401,player,81,540.761474609375,381.919921875,529.2530517578125,352.3330078125
401,player,75,932.15185546875,463.3580322265625,773.7058715820312,709.9530029296875
401,player,83,952.2469482421875,537.6754150390625,693.0858154296875,919.7902221679688
402,player,69,650.1163940429688,430.8565673828125,578.6078491210938,549.7969360351562
402,player,68,761.005126953125,397.19793701171875,708.4303588867188,473.96600341796875
402,player,1,864.983642578125,526.1969604492188,663.3031005859375,833.8037109375
402,player,76,174.6192626953125,496.7852783203125,186.4317626953125,608.0126342773438
402,player,55,290.35894775390625,486.0167236328125,272.94512939453125,602.9199829101562
402,player,63,980.8863525390625,473.73040771484375,802.8722534179688,739.4176025390625
402,player,66,543.2733764648438,380.5968322753906,532.1094360351562,346.0570068359375
402,player,36,947.7236328125,581.6489868164062,675.966552734375,953.5810546875
402,player,81,538.8842163085938,380.5501708984375,529.319091796875,350.6787109375
402,player,3,428.0396728515625,359.17083740234375,441.1501770019531,228.27662658691406
402,player,75,931.021240234375,460.91497802734375,774.6197509765625,706.802490234375
402,player,73,955.5335693359375,467.29669189453125,781.6671142578125,723.1911010742188
403,player,69,651.5819702148438,430.88616943359375,580.9940795898438,548.563720703125
403,player,68,761.0455322265625,398.99188232421875,708.5663452148438,475.8472595214844
403,player,76,170.70713806152344,496.99853515625,184.1644287109375,605.5287475585938
403,player,55,289.6219787597656,486.51300048828125,272.406494140625,603.193603515625
403,player,1,866.10986328125,514.2015380859375,667.8778076171875,824.055419921875
403,player,81,539.64892578125,381.9432678222656,529.21240234375,351.4776611328125
403,player,63,974.511962890625,467.2252197265625,802.5498046875,735.1326904296875
403,player,3,427.7685546875,360.31243896484375,440.73138427734375,229.72366333007812
403,player,36,945.8244018554688,578.1953125,676.2265014648438,949.7180786132812
403,player,66,546.0159301757812,382.0169372558594,533.0355834960938,349.2699279785156
403,player,75,932.982666015625,466.08099365234375,773.7161865234375,709.33935546875
403,player,73,952.1439208984375,471.66900634765625,781.154296875,726.3319091796875
404,player,69,655.469970703125,428.9814453125,584.2232666015625,546.1806640625
404,player,68,763.3717041015625,397.3171081542969,710.029296875,475.4054260253906
404,player,36,943.0762939453125,577.1687622070312,676.0689697265625,946.4097290039062
404,player,76,165.03817749023438,497.19110107421875,181.19183349609375,603.5943603515625
404,player,55,288.84222412109375,486.80450439453125,271.8270263671875,603.5659790039062
404,player,66,545.9713134765625,382.98016357421875,533.34814453125,352.58245849609375
404,player,1,867.9710693359375,515.7611694335938,670.8345947265625,818.9998779296875
404,player,63,980.179443359375,468.05938720703125,803.4876708984375,733.5361938476562
404,player,3,424.64031982421875,360.2236022949219,439.4232177734375,230.1662139892578
404,player,75,935.51708984375,464.68682861328125,774.3399658203125,710.02880859375
404,player,73,967.3890991210938,461.35540771484375,788.9443359375,721.0459594726562
404,player,83,952.03076171875,468.05322265625,724.9596557617188,851.106201171875
405,player,68,765.5569458007812,396.9661865234375,711.7847290039062,474.9448547363281
405,player,36,940.705078125,576.3568725585938,675.6637573242188,943.6128540039062
405,player,69,659.7996826171875,427.9486083984375,587.8775634765625,543.9860229492188
405,player,76,160.88156127929688,496.6690673828125,178.16989135742188,601.5099487304688
405,player,55,286.91961669921875,486.02349853515625,270.99554443359375,602.933349609375
405,player,66,547.7860107421875,383.8368835449219,533.8836669921875,356.0235900878906
405,player,1,867.619140625,518.3909301757812,671.8810424804688,817.5819091796875
405,player,84,156.7206573486328,464.31658935546875,170.55307006835938,508.9267578125
405,player,63,981.7739868164062,468.38519287109375,804.3824462890625,732.9078369140625
405,player,3,423.082763671875,362.3201904296875,437.5795593261719,233.28762817382812
405,player,75,936.6729125976562,461.3578186035156,776.3600463867188,707.73388671875
405,player,73,971.5172119140625,460.1856689453125,795.5849609375,716.9749145507812
405,player,85,153.340576171875,422.2679443359375,169.3186798095703,377.0981140136719
405,player,83,942.1536865234375,573.203857421875,708.6300659179688,879.8992919921875
406,player,68,765.8956909179688,396.319580078125,713.290283203125,473.9408264160156
406,player,69,664.823486328125,426.7741394042969,592.057373046875,541.832275390625
406,player,76,158.37193298339844,497.39495849609375,175.53369140625,600.5859985351562
406,player,36,937.08544921875,577.6810302734375,674.2395629882812,942.318603515625
406,player,55,285.29681396484375,484.99139404296875,270.0972900390625,601.4434814453125
406,player,66,548.7598876953125,384.45166015625,534.365478515625,359.1456298828125
406,player,1,868.5538330078125,558.0520629882812,661.6367797851562,843.4720458984375
406,player,3,422.22802734375,362.21319580078125,436.11749267578125,235.062744140625
406,player,75,938.3668212890625,456.486572265625,780.0712890625,702.1692504882812
406,player,83,940.9237060546875,483.3077392578125,726.3817138671875,836.6630859375
406,player,63,981.1548461914062,467.20654296875,805.2813720703125,731.4650268554688
406,player,73,965.3006591796875,450.66278076171875,802.2275390625,705.4669799804688
407,player,68,765.7802734375,395.4132080078125,714.6016845703125,472.23565673828125
407,player,69,689.2216796875,424.47357177734375,602.5479736328125,540.4267578125
407,player,66,549.975830078125,384.8885498046875,534.9393310546875,361.85992431640625
407,player,76,153.33651733398438,497.708740234375,172.48812866210938,599.8289794921875
407,player,1,870.4510498046875,561.4664916992188,654.51220703125,862.5901489257812
407,player,36,933.8045654296875,580.0072021484375,671.9631958007812,942.60986328125
407,player,55,284.313720703125,485.46923828125,269.2161560058594,600.8221435546875
407,player,86,671.4376831054688,425.2510986328125,606.6202392578125,535.1527099609375
407,player,73,956.286376953125,455.58984375,802.0543212890625,701.515869140625
407,player,3,420.6983947753906,362.74407958984375,434.5360107421875,236.7971649169922
407,player,63,964.837646484375,447.59735107421875,809.7144775390625,712.1060791015625
407,player,75,942.0635986328125,452.16192626953125,785.240234375,695.0741577148438
407,player,83,938.36572265625,508.123779296875,728.5340576171875,827.271484375
408,player,68,765.8338623046875,395.83056640625,715.3008422851562,471.61248779296875
408,player,36,932.0762939453125,577.6431274414062,670.7373046875,941.289794921875
408,player,66,552.744384765625,385.0166320800781,536.1524047851562,364.0885009765625
408,player,69,688.9829711914062,424.024169921875,609.4418334960938,539.0210571289062
408,player,76,146.6986083984375,498.56494140625,168.75096130371094,599.5255126953125
408,player,86,673.9580688476562,423.65625,607.847412109375,533.73193359375
408,player,1,866.3597412109375,517.5848388671875,661.20654296875,845.2362060546875
408,player,55,281.4602355957031,484.96539306640625,267.91717529296875,599.708984375
408,player,75,938.0022583007812,450.11553955078125,788.3448486328125,688.2705688476562
408,player,73,954.468017578125,452.1536865234375,802.8799438476562,695.7618408203125
408,player,3,417.4241943359375,361.483154296875,432.68280029296875,235.72955322265625
408,player,63,964.4581298828125,447.81280517578125,812.400390625,699.681640625
408,player,87,290.1015625,481.9965515136719,272.7427062988281,592.081298828125
408,player,84,159.05145263671875,498.9124755859375,170.742919921875,541.81689453125
409,player,68,765.7811279296875,396.589111328125,715.4317626953125,472.0715026855469
409,player,36,932.0059814453125,574.953369140625,670.6521606445312,938.8361206054688
409,player,76,141.550048828125,495.92889404296875,164.97691345214844,596.5197143554688
409,player,66,554.4580078125,387.5865478515625,536.7466430664062,368.9449157714844
409,player,86,678.9556884765625,424.423828125,609.8536987304688,534.1028442382812
409,player,75,939.4165649414062,451.3778076171875,790.2255859375,685.103515625
409,player,1,867.2572021484375,510.2618408203125,667.9970092773438,828.6917724609375
409,player,55,281.1440124511719,484.8807373046875,266.99432373046875,598.8805541992188
409,player,73,952.811279296875,453.12017822265625,802.567626953125,692.7266235351562
409,player,84,151.59767150878906,499.47869873046875,168.8990936279297,563.0540771484375
409,player,63,962.28515625,448.5668029785156,813.2337646484375,692.0840454101562
409,player,3,415.01141357421875,361.64019775390625,430.631103515625,234.97735595703125
409,player,87,291.31536865234375,482.58966064453125,273.0233154296875,592.7322998046875
409,player,85,158.05337524414062,498.79736328125,169.67930603027344,455.9397888183594
410,player,36,928.3221435546875,575.283203125,669.6900634765625,937.175048828125
410,player,68,766.201416015625,397.57281494140625,715.2470092773438,473.53729248046875
410,player,66,556.2601318359375,388.582275390625,537.4158325195312,373.53521728515625
410,player,76,135.2200164794922,499.14892578125,160.84133911132812,596.9014892578125
410,player,86,680.3667602539062,425.01397705078125,611.380615234375,535.0979614257812
410,player,1,865.0401611328125,503.1763916015625,674.0596923828125,812.4700927734375
410,player,73,946.313720703125,448.1888427734375,802.6654052734375,685.77099609375
410,player,55,280.4991149902344,485.7726135253906,266.1591796875,599.0951538085938
410,player,3,414.0055236816406,361.75421142578125,428.93402099609375,234.5340576171875
410,player,63,962.806640625,446.6587829589844,814.734619140625,685.478759765625
410,player,87,290.537109375,482.4165344238281,273.0101318359375,592.927978515625
411,player,36,925.026611328125,574.4783935546875,668.5501098632812,935.38232421875
411,player,66,556.3650512695312,390.49200439453125,537.34130859375,378.89013671875
411,player,68,765.585693359375,398.228271484375,714.676513671875,475.17230224609375
411,player,76,132.28993225097656,497.72979736328125,157.38165283203125,595.6268920898438
411,player,73,949.8679809570312,449.39398193359375,803.1881713867188,682.6546630859375
411,player,86,685.1705932617188,425.08447265625,613.7409057617188,536.2886962890625
411,player,55,281.0223388671875,483.0067138671875,265.95233154296875,596.7606811523438
411,player,1,862.62890625,518.6505737304688,672.6881103515625,813.1286010742188
411,player,3,412.3006591796875,362.0279541015625,427.19793701171875,234.43894958496094
411,player,63,961.447265625,447.86346435546875,814.8239135742188,682.1453247070312
411,player,87,289.67950439453125,480.4707336425781,272.9189758300781,591.1908569335938
411,player,69,698.6965942382812,426.4112548828125,615.9615478515625,541.5352783203125
412,player,76,127.90556335449219,498.8685302734375,153.9761962890625,595.4374389648438
412,player,68,766.619140625,398.74951171875,714.408935546875,476.9342346191406
412,player,66,558.591552734375,389.7488098144531,538.2012329101562,381.69500732421875
412,player,86,687.0045166015625,423.32489013671875,616.3677978515625,535.4058837890625
412,player,36,921.89794921875,569.37939453125,668.4939575195312,930.932861328125
412,player,73,947.151611328125,448.53741455078125,803.150146484375,679.6139526367188
412,player,55,279.80804443359375,481.3529968261719,265.6094970703125,593.61669921875
412,player,3,410.658203125,362.1944885253906,425.4809875488281,234.42323303222656
412,player,63,959.7633056640625,445.69769287109375,815.352294921875,677.8721923828125
412,player,1,863.0690307617188,517.5416259765625,672.2333984375,812.7938232421875
413,player,66,559.2294921875,389.6954650878906,538.975341796875,383.5212097167969
413,player,69,695.4202880859375,425.4444885253906,619.566162109375,541.8496704101562
413,player,68,766.8158569335938,400.8971862792969,713.4354248046875,480.5253601074219
413,player,36,921.9619140625,572.2838134765625,667.68310546875,929.7947387695312
413,player,76,139.40234375,501.15771484375,154.78543090820312,598.3431396484375
413,player,55,279.20233154296875,481.62554931640625,265.2043762207031,591.7702026367188
413,player,73,947.4212646484375,449.53375244140625,802.78125,678.5555419921875
413,player,84,125.05936431884766,499.5072021484375,160.71360778808594,574.5889892578125
413,player,3,410.36297607421875,361.38763427734375,424.4373779296875,233.2161865234375
413,player,1,858.4067993164062,497.3125,677.0015869140625,797.114990234375
414,player,76,141.93411254882812,503.064208984375,155.96694946289062,602.1301879882812
414,player,36,919.5211791992188,566.3645629882812,668.2218017578125,925.296875
414,player,66,560.2542724609375,388.84521484375,540.0435791015625,383.7679138183594
414,player,69,696.427734375,419.38409423828125,624.1817626953125,535.7965698242188
414,player,68,765.9313354492188,398.90673828125,713.3311767578125,480.52069091796875
414,player,73,954.7252197265625,460.31585693359375,800.06298828125,687.9801025390625
414,player,55,278.60894775390625,480.12408447265625,264.8876647949219,589.1314086914062
414,player,1,856.6214599609375,495.07183837890625,680.363037109375,785.0402221679688
415,player,76,140.86012268066406,505.4412841796875,156.44393920898438,606.5797119140625
415,player,36,920.2420654296875,569.2700805664062,667.9395751953125,924.1920776367188
415,player,73,949.454833984375,453.4363708496094,799.701904296875,687.6453247070312
415,player,66,561.495361328125,387.3635559082031,541.5558471679688,382.22271728515625
415,player,55,278.7702941894531,478.4267578125,264.8461608886719,585.8551025390625
415,player,68,766.6700439453125,399.0362243652344,713.434814453125,480.7409973144531
415,player,69,701.9176025390625,420.17962646484375,628.5203857421875,533.2481689453125
415,player,83,951.1466674804688,456.458251953125,752.4193115234375,780.987060546875
415,player,3,407.8559265136719,362.792236328125,422.6174011230469,234.1572723388672
416,player,73,951.973388671875,453.2403564453125,800.2264404296875,687.4815063476562
416,player,76,138.61038208007812,509.0457763671875,156.15628051757812,612.4032592773438
416,player,55,278.3868408203125,478.5008850097656,264.710205078125,583.7601928710938
416,player,68,765.1239013671875,399.58526611328125,712.8152465820312,481.3455810546875
416,player,36,919.858642578125,565.9556274414062,668.5767822265625,921.4296875
416,player,66,562.5693359375,385.9224853515625,543.297119140625,379.534912109375
416,player,69,709.098876953125,416.0682067871094,634.830322265625,527.9295654296875
416,player,3,406.0794982910156,361.4801025390625,421.11181640625,232.67144775390625
417,player,73,952.6866455078125,455.99603271484375,799.6214599609375,689.85791015625
417,player,55,278.1741638183594,477.6065673828125,264.62799072265625,581.545654296875
417,player,36,919.9429931640625,561.99853515625,670.104248046875,917.205810546875
417,player,68,765.80859375,398.596435546875,713.015380859375,480.6890869140625
417,player,76,137.68798828125,512.8560791015625,155.71994018554688,619.3715209960938
417,player,66,563.2301635742188,385.26348876953125,544.8308715820312,377.03314208984375
417,player,69,716.49853515625,413.9349365234375,641.8472900390625,522.9180908203125
417,player,3,403.29730224609375,361.5553283691406,419.17901611328125,231.4860076904297
417,player,83,936.97412109375,478.9741516113281,755.4334106445312,768.5621337890625
417,player,1,845.6103515625,537.8530883789062,667.2463989257812,807.36865234375
418,player,73,954.0428466796875,463.5299072265625,796.532958984375,698.012939453125
418,player,55,277.44049072265625,475.27691650390625,264.54193115234375,577.8553466796875
418,player,68,768.3057250976562,401.2760925292969,712.8271484375,483.5452575683594
418,player,66,562.9405517578125,385.751220703125,545.5932006835938,375.98748779296875
418,player,76,134.51956176757812,515.4050903320312,154.61741638183594,625.7940063476562
418,player,36,916.8812255859375,560.7689208984375,670.7454833984375,913.474365234375
418,player,69,717.8876953125,412.22393798828125,647.4191284179688,517.9474487304688
418,player,3,400.95513916015625,365.1761779785156,416.39208984375,235.628662109375
418,player,1,846.0408935546875,550.2590942382812,655.500244140625,830.1581420898438
419,player,68,767.7061157226562,405.09478759765625,711.0154418945312,489.593505859375
419,player,73,951.736328125,462.2579650878906,794.4246826171875,702.02685546875
419,player,55,277.34417724609375,475.93377685546875,264.412841796875,576.06591796875
419,player,36,914.8074951171875,559.5711669921875,671.02490234375,910.1512451171875
419,player,66,563.2442626953125,387.0660095214844,545.80029296875,376.98455810546875
419,player,76,131.55606079101562,518.1548461914062,153.1409912109375,632.031005859375
419,player,69,726.2332763671875,411.11431884765625,653.9055786132812,514.350830078125
419,player,1,844.0484619140625,553.858642578125,646.466552734375,847.156005859375
420,player,68,768.1442260742188,407.888671875,708.878662109375,496.64019775390625
420,player,73,951.953369140625,459.978515625,794.0305786132812,702.700439453125
420,player,55,277.84332275390625,474.4842529296875,264.5686340332031,573.582275390625
420,player,76,130.2326202392578,525.4345092773438,151.84722900390625,641.9918212890625
420,player,36,909.8489990234375,561.7723388671875,669.4721069335938,908.9990234375
420,player,66,563.4884033203125,387.5274658203125,545.8773803710938,378.2338562011719
420,player,69,729.107421875,412.70050048828125,658.402587890625,514.0241088867188
420,player,1,843.7302856445312,554.1759033203125,640.4393310546875,858.3853759765625
420,player,3,399.42572021484375,367.6776123046875,413.56683349609375,241.68060302734375
421,player,68,769.9324951171875,409.308349609375,707.4700927734375,502.9483642578125
421,player,73,950.8545532226562,461.16473388671875,793.0035400390625,704.0601806640625
421,player,55,278.0592346191406,473.9192199707031,264.76947021484375,571.4532470703125
421,player,76,127.15220642089844,528.4082641601562,150.23480224609375,650.6315307617188
421,player,66,564.181640625,389.05975341796875,545.7003173828125,381.0211486816406
421,player,36,901.6383056640625,563.2705078125,666.1949462890625,908.5806274414062
421,player,3,395.6499938964844,368.63507080078125,410.2851257324219,246.5211639404297
421,player,69,729.6883544921875,412.1334228515625,661.7008056640625,513.256103515625
421,player,1,842.7803955078125,554.2415161132812,636.2860717773438,865.65625
422,player,68,770.2644653320312,407.950439453125,707.1798095703125,505.60321044921875
422,player,55,278.5807800292969,473.085693359375,265.10272216796875,569.32666015625
422,player,73,947.0946044921875,453.7625427246094,794.3434448242188,698.172607421875
422,player,36,888.4432373046875,553.9556274414062,663.5978393554688,901.484619140625
422,player,76,126.3863525390625,531.204833984375,149.0003204345703,658.4376220703125
422,player,66,565.5857543945312,390.808837890625,545.519287109375,385.137939453125
422,player,3,396.22503662109375,369.4101257324219,408.19122314453125,250.81857299804688
422,player,69,737.9749755859375,420.25921630859375,663.37939453125,522.242431640625
422,player,1,843.074462890625,552.2675170898438,634.1657104492188,869.1288452148438
423,player,36,890.7977294921875,551.71044921875,663.0700073242188,895.6085815429688
423,player,68,770.5159301757812,401.3845520019531,709.6556396484375,500.0887451171875
423,player,55,278.80010986328125,475.033935546875,265.23785400390625,569.806640625
423,player,76,125.64524841308594,533.5072021484375,148.0181884765625,665.2908935546875
423,player,66,568.3938598632812,391.6903076171875,546.023681640625,389.19439697265625
423,player,75,939.5362548828125,454.2303466796875,790.3125,685.5833740234375
423,player,3,393.6976318359375,368.41754150390625,406.18438720703125,251.9295654296875
423,player,69,739.0577392578125,419.819580078125,664.9407348632812,527.7293701171875
424,player,68,770.0152587890625,397.12432861328125,712.8306274414062,491.6337585449219
424,player,55,278.11138916015625,474.00274658203125,265.212646484375,569.0828247070312
424,player,36,876.9472045898438,549.3972778320312,660.1677856445312,889.262939453125
424,player,76,127.0166015625,535.991455078125,147.72552490234375,671.8251953125
424,player,3,392.96978759765625,369.2064208984375,404.4849853515625,253.67303466796875
424,player,75,938.5789184570312,456.05291748046875,789.3723754882812,687.410888671875
424,player,66,569.337890625,390.9053955078125,546.873779296875,390.972412109375
424,player,69,741.290283203125,413.169189453125,668.9989013671875,524.4490356445312
425,player,36,870.4755859375,549.86669921875,656.6566162109375,884.9595947265625
425,player,3,392.52545166015625,369.3727722167969,403.2007141113281,254.98760986328125
425,player,76,127.04960632324219,536.7421264648438,147.54478454589844,676.6669311523438
425,player,55,276.5304260253906,473.6507263183594,264.7904052734375,568.1361083984375
425,player,68,771.7105712890625,400.87255859375,713.8931884765625,490.55706787109375
425,player,75,932.3583984375,455.65057373046875,787.254150390625,687.6883544921875
425,player,66,571.358154296875,390.76690673828125,548.0977783203125,392.1756591796875
425,player,69,744.1500244140625,421.493408203125,669.4793701171875,531.4150390625
426,player,3,391.1998291015625,368.5709228515625,402.0802001953125,254.56536865234375
426,player,76,124.3877944946289,537.3600463867188,146.77005004882812,680.086669921875
426,player,36,865.22802734375,548.8298950195312,653.4407958984375,881.095703125
426,player,55,275.81475830078125,473.9808654785156,264.2972412109375,567.7686767578125
426,player,68,772.46484375,402.052001953125,714.3383178710938,491.2564697265625
426,player,75,934.7501220703125,454.765625,786.8765869140625,687.3050537109375
426,player,69,742.1392822265625,417.31732177734375,670.6967163085938,531.3588256835938
426,player,66,573.89013671875,391.97589111328125,549.3299560546875,394.7066955566406
426,player,63,947.5758056640625,453.03515625,809.299560546875,680.5517578125
426,player,73,946.4681396484375,453.15069580078125,795.2977294921875,693.749267578125
426,player,84,100.07225799560547,537.9080200195312,149.3174591064453,612.2169799804688
427,player,36,858.533203125,550.2587280273438,649.4168701171875,879.0137329101562
427,player,84,100.58650207519531,536.9302368164062,142.02513122558594,635.9442138671875
427,player,55,275.13677978515625,473.218017578125,263.84588623046875,566.745361328125
427,player,3,391.10986328125,369.025634765625,401.23443603515625,254.9180908203125
427,player,68,772.48486328125,405.54217529296875,713.2481689453125,495.58697509765625
427,player,66,574.854736328125,391.234375,550.6488647460938,395.55059814453125
427,player,69,742.6593627929688,416.28118896484375,672.0133056640625,530.2745361328125
427,player,63,947.53955078125,445.9240417480469,808.3301391601562,675.923095703125
427,player,75,936.8858642578125,452.0411376953125,788.3150024414062,684.83740234375
427,player,73,945.7498779296875,444.00982666015625,799.552978515625,682.5943603515625
428,player,36,852.050537109375,546.2820434570312,646.3610229492188,874.572021484375
428,player,55,274.0414733886719,473.268310546875,263.2498779296875,566.02880859375
428,player,68,774.9649658203125,405.7432861328125,713.1997680664062,498.8759765625
428,player,3,390.2893981933594,369.1053466796875,400.3968505859375,255.16409301757812
428,player,66,576.08154296875,390.12005615234375,552.218017578125,394.866455078125
428,player,84,99.80095672607422,536.7672119140625,137.0883026123047,651.1747436523438
428,player,69,743.27490234375,418.20782470703125,672.3557739257812,531.67138671875
428,player,63,948.6220703125,441.92254638671875,809.7059326171875,669.3575439453125
428,player,73,947.875,442.486083984375,803.55322265625,674.1431274414062
429,player,36,846.7430419921875,544.91552734375,643.5035400390625,870.382080078125
429,player,55,273.42169189453125,473.11968994140625,262.70367431640625,565.36572265625
429,player,68,775.45947265625,404.530029296875,713.7968139648438,499.7257080078125
429,player,66,581.3860473632812,388.74951171875,555.3077392578125,393.30792236328125
429,player,3,388.5428466796875,368.8371887207031,399.32330322265625,254.74598693847656
429,player,69,743.55908203125,417.0953369140625,673.0613403320312,531.4312744140625
429,player,84,91.8313217163086,535.980224609375,131.88992309570312,659.8087768554688
429,player,63,946.359375,425.6488037109375,817.1866455078125,649.4268798828125
429,player,75,930.900146484375,451.9000244140625,787.6900024414062,682.5667724609375
430,player,36,841.7070922851562,545.3071899414062,640.3671264648438,867.5380859375
430,player,68,776.1795654296875,406.2542724609375,713.71630859375,502.25146484375
430,player,55,272.65240478515625,472.830810546875,262.15869140625,564.5904541015625
430,player,69,744.4808349609375,417.6184387207031,673.600830078125,531.9203491210938
430,player,66,582.8526000976562,389.68505859375,557.4935913085938,393.6039733886719
430,player,3,387.930419921875,368.966064453125,398.3974609375,254.5840606689453
430,player,84,90.16079711914062,536.5728149414062,128.10580444335938,665.7570190429688
430,player,73,951.5592041015625,433.2750244140625,811.205810546875,660.387451171875
430,player,88,750.7979736328125,422.7574462890625,674.5866088867188,549.9647216796875
430,player,75,919.740966796875,447.00250244140625,786.2490844726562,675.6686401367188
431,player,36,839.526611328125,546.1771850585938,637.590087890625,866.1007080078125
431,player,66,585.6024169921875,390.7534484863281,559.4517211914062,395.400390625
431,player,55,272.5634765625,472.86590576171875,261.7776794433594,564.11181640625
431,player,3,387.7330017089844,368.95770263671875,397.73162841796875,254.44422912597656
431,player,68,777.0232543945312,412.8631591796875,711.334228515625,511.139892578125
431,player,69,744.5865478515625,416.9003601074219,674.2413940429688,531.488525390625
431,player,88,756.52490234375,422.4078674316406,676.3674926757812,550.1640625
431,player,75,927.6053466796875,457.60467529296875,783.16943359375,681.3416748046875
431,player,84,83.01585388183594,537.8399047851562,123.89684295654297,670.052978515625
431,player,73,942.38671875,453.01495361328125,805.2142333984375,668.701171875
431,player,89,768.847412109375,421.5087890625,690.7932739257812,551.3268432617188
432,player,36,836.80126953125,547.9592895507812,634.6831665039062,866.1363525390625
432,player,66,588.1014404296875,391.81439208984375,561.1834716796875,398.128662109375
432,player,55,272.138916015625,472.7937927246094,261.4190368652344,563.6936645507812
432,player,68,776.1500854492188,412.6173095703125,709.6239013671875,516.56689453125
432,player,69,746.98095703125,415.79974365234375,675.7578125,530.2770385742188
432,player,3,387.26336669921875,368.596923828125,397.211181640625,253.7926025390625
432,player,84,83.35713958740234,537.5731201171875,121.24044799804688,672.6614990234375
432,player,75,917.9938354492188,462.08880615234375,776.8492431640625,688.0620727539062
432,player,89,768.9591064453125,423.2750244140625,690.1776123046875,553.1605224609375
432,player,88,758.4449462890625,420.9578552246094,678.605224609375,548.9776611328125
432,player,73,946.6937255859375,437.3025817871094,809.153076171875,660.1941528320312
433,player,36,835.911865234375,544.146728515625,633.587646484375,863.570068359375
433,player,55,270.88189697265625,472.88812255859375,260.8358154296875,563.3976440429688
433,player,66,589.146484375,393.21771240234375,562.2115478515625,401.71405029296875
433,player,68,775.0633544921875,415.29925537109375,707.166259765625,522.8424682617188
433,player,3,386.2232666015625,367.82415771484375,396.67333984375,252.160888671875
433,player,75,923.1812744140625,463.88824462890625,773.4229736328125,694.4320068359375
433,player,84,82.58232879638672,538.6922607421875,119.34361267089844,675.1798095703125
433,player,69,749.2418212890625,417.05169677734375,676.9495849609375,531.0430908203125
433,player,89,766.763671875,419.6307373046875,690.4817504882812,550.3613891601562
433,player,88,757.3419799804688,417.836181640625,680.878662109375,544.8301391601562
433,player,73,940.8273315429688,443.3123779296875,807.5064697265625,659.6920776367188
434,player,55,266.6360168457031,472.9557800292969,259.2916259765625,562.8846435546875
434,player,36,828.6677856445312,532.0692749023438,634.4003295898438,853.1475830078125
434,player,66,591.1951293945312,394.6511535644531,563.084228515625,405.98870849609375
434,player,84,81.50787353515625,537.5848388671875,117.82257080078125,675.8546142578125
434,player,3,384.85125732421875,368.84539794921875,395.67413330078125,252.37791442871094
434,player,75,922.693115234375,462.51361083984375,771.5980224609375,697.3518676757812
434,player,88,756.4715576171875,414.80926513671875,683.2185668945312,538.8402709960938
434,player,68,775.1275634765625,414.78778076171875,705.782470703125,526.385498046875
434,player,1,853.42724609375,522.4115600585938,643.4256591796875,851.9171142578125
434,player,73,939.4918823242188,447.44647216796875,804.33056640625,663.0072021484375
434,player,90,811.8065795898438,624.853515625,563.1681518554688,990.514892578125
435,player,55,264.1903991699219,472.98974609375,257.61712646484375,562.36181640625
435,player,36,831.1151123046875,523.5656127929688,637.8612060546875,840.5947265625
435,player,84,84.85733795166016,538.72802734375,117.68566131591797,677.4660034179688
435,player,66,592.5123291015625,394.92303466796875,563.977294921875,409.2332763671875
435,player,88,755.8763427734375,413.41497802734375,685.0830078125,533.396728515625
435,player,75,922.38427734375,461.33978271484375,770.7855224609375,698.2122802734375
435,player,3,383.5031433105469,370.35205078125,394.2956237792969,254.47171020507812
435,player,68,774.8497924804688,413.0577392578125,705.4635009765625,526.817626953125
435,player,73,939.2264404296875,451.02838134765625,800.7086791992188,668.3536376953125
435,player,83,908.597412109375,461.62158203125,756.5010986328125,743.5197143554688
435,player,90,804.0736083984375,624.2196044921875,561.68310546875,989.67041015625
436,player,55,261.3557434082031,473.0791015625,255.74795532226562,561.8499755859375
436,player,36,824.9406127929688,519.19580078125,639.842041015625,828.8145751953125
436,player,66,593.0372314453125,395.5147705078125,564.5422973632812,412.10626220703125
436,player,88,756.8646240234375,413.18841552734375,686.670166015625,529.7144165039062
436,player,84,90.3659896850586,538.4520263671875,118.95494842529297,678.7374267578125
436,player,3,380.52978515625,376.92218017578125,391.2249450683594,264.53106689453125
436,player,75,923.6829833984375,461.27655029296875,770.6275634765625,698.8321533203125
436,player,91,582.79296875,402.08306884765625,551.1116333007812,436.5226745605469
436,player,89,770.3380737304688,416.46441650390625,692.9013671875,545.5716552734375
436,player,76,82.69805145263672,532.031982421875,135.83517456054688,674.700927734375
437,player,36,824.1533203125,516.9176025390625,641.58154296875,819.4424438476562
437,player,55,255.97608947753906,472.75421142578125,253.0819854736328,560.7194213867188
437,player,3,374.8852844238281,377.7121887207031,387.245849609375,271.50091552734375
437,player,66,594.614990234375,395.60211181640625,565.3704833984375,414.245361328125
437,player,88,759.79443359375,413.55206298828125,688.427490234375,528.0039672851562
437,player,84,91.85139465332031,535.9931640625,120.10844421386719,677.7363891601562
437,player,75,930.0823364257812,454.17596435546875,775.0513305664062,693.608642578125
437,player,89,769.6771240234375,415.31658935546875,694.7134399414062,541.1778564453125
437,player,91,583.3033447265625,401.247802734375,551.5067138671875,435.60015869140625
437,player,76,81.43167114257812,528.6709594726562,128.34153747558594,668.3704223632812
438,player,36,824.7356567382812,516.8661499023438,642.8690185546875,813.3594970703125
438,player,55,250.44696044921875,471.8306884765625,249.89028930664062,558.598388671875
438,player,3,375.02081298828125,377.0821228027344,384.8134460449219,275.192626953125
438,player,88,759.421630859375,413.98028564453125,689.2999877929688,527.31298828125
438,player,66,596.4847412109375,395.8165283203125,566.4212646484375,416.08984375
438,player,84,88.40392303466797,538.1131591796875,120.0383529663086,678.48828125
438,player,91,586.4696655273438,396.4825439453125,554.121826171875,429.7044982910156
438,player,75,930.50634765625,450.40411376953125,779.5718994140625,686.896240234375
438,player,89,769.8001708984375,416.318603515625,695.5496826171875,539.3948974609375
439,player,36,826.19189453125,516.1083374023438,644.277099609375,808.9693603515625
439,player,55,242.84701538085938,472.12451171875,245.71475219726562,556.8099975585938
439,player,76,79.4690170288086,540.5724487304688,123.22771453857422,673.6213989257812
439,player,88,759.28076171875,415.05926513671875,689.42333984375,528.0005493164062
439,player,66,597.499755859375,396.4854736328125,567.21533203125,418.193115234375
439,player,91,585.993896484375,395.30218505859375,556.0233154296875,424.41082763671875
439,player,3,372.6517333984375,377.49267578125,382.38690185546875,277.8807067871094
439,player,73,934.2220458984375,440.125244140625,801.5562744140625,661.4419555664062
439,player,75,917.0919189453125,457.33050537109375,776.1214599609375,687.4599609375
440,player,36,818.5667114257812,515.5032958984375,643.4990844726562,805.064453125
440,player,55,239.83029174804688,472.4664001464844,242.15487670898438,555.7010498046875
440,player,76,74.45368957519531,548.2559814453125,118.8379135131836,682.597412109375
440,player,66,599.0846557617188,397.66021728515625,567.8650512695312,421.12127685546875
440,player,88,760.3849487304688,426.0179748535156,685.828857421875,539.9720458984375
440,player,91,588.5692138671875,396.06781005859375,557.827880859375,422.15887451171875
440,player,3,367.59027099609375,377.43194580078125,379.1659240722656,278.97216796875
440,player,75,922.6685791015625,456.1468505859375,775.84130859375,687.287353515625
441,player,36,831.8236083984375,515.64794921875,646.1951904296875,803.6911010742188
441,player,55,235.97950744628906,472.55621337890625,238.78057861328125,554.7161865234375
441,player,76,73.96251678466797,553.3792724609375,115.97817993164062,692.28955078125
441,player,3,366.7922058105469,377.09619140625,376.8679504394531,279.1349792480469
441,player,66,599.9579467773438,397.75518798828125,568.527099609375,423.22900390625
441,player,88,758.84423828125,419.7828369140625,685.298828125,541.1671142578125
441,player,91,587.2705078125,396.40472412109375,558.50048828125,420.9595947265625
441,player,75,928.174072265625,447.31109619140625,780.720947265625,679.7881469726562
441,player,83,916.8504638671875,444.16021728515625,766.3507690429688,712.4242553710938
442,player,36,826.707275390625,516.7935791015625,646.369873046875,803.2254028320312
442,player,55,233.77713012695312,472.59320068359375,235.9815673828125,553.9111938476562
442,player,76,73.90062713623047,560.6154174804688,114.26162719726562,703.9815063476562
442,player,66,603.347900390625,398.27532958984375,569.841064453125,425.57025146484375
442,player,88,760.6907958984375,419.0409851074219,685.7626953125,541.3499755859375
442,player,91,589.311279296875,397.10308837890625,559.3601684570312,421.2273864746094
442,player,3,368.4624328613281,377.21734619140625,375.90008544921875,279.5948791503906
442,player,75,923.3863525390625,454.4617919921875,779.6944580078125,680.880126953125
442,player,83,938.825927734375,449.16143798828125,776.684814453125,698.7674560546875
443,player,76,74.02828979492188,561.906982421875,113.20403289794922,712.54150390625
443,player,55,229.96475219726562,472.31146240234375,233.13058471679688,552.7703857421875
443,player,66,598.8338623046875,398.89727783203125,569.123291015625,427.35028076171875
443,player,3,366.6217956542969,377.2485046386719,374.66375732421875,279.7274475097656
443,player,91,588.0367431640625,397.9828796386719,559.2674560546875,422.3110046386719
443,player,36,824.305908203125,515.8992919921875,646.1511840820312,802.0789794921875
443,player,83,940.3110961914062,419.8074951171875,796.6893310546875,662.1707153320312
443,player,75,897.6799926757812,456.8433837890625,771.1814575195312,681.3827514648438
443,player,88,764.8228759765625,415.68267822265625,688.5147705078125,538.3388671875
444,player,76,72.40034484863281,568.0941162109375,112.26264953613281,722.4822387695312
444,player,55,226.95529174804688,471.7576904296875,230.4779052734375,551.2216796875
444,player,36,823.0126342773438,514.6636352539062,646.04443359375,800.3258056640625
444,player,66,598.8272094726562,400.0719299316406,568.3037109375,429.8863525390625
444,player,73,928.0401611328125,427.71563720703125,805.7778930664062,644.5494995117188
444,player,92,770.8190307617188,524.2160034179688,602.13427734375,805.046142578125
444,player,3,365.85504150390625,376.9187927246094,373.66473388671875,279.2782287597656
444,player,91,589.3421630859375,399.2122802734375,559.2469482421875,424.6053466796875
444,player,75,887.5599365234375,456.4932861328125,763.0612182617188,680.4921875
444,player,83,918.3975219726562,426.9506530761719,800.2255249023438,643.3529052734375
444,player,93,912.4800415039062,444.4022521972656,780.9335327148438,654.1615600585938
445,player,76,72.19892883300781,570.8099365234375,111.66159057617188,730.87744140625
445,player,55,224.725341796875,472.3184814453125,228.11492919921875,550.5518798828125
445,player,92,767.543701171875,526.1788330078125,600.841796875,806.1956787109375
445,player,66,594.2991943359375,400.05426025390625,566.39111328125,431.03955078125
445,player,73,924.7138671875,425.7757568359375,808.442626953125,631.3507080078125
445,player,3,357.8552551269531,376.2690124511719,370.50177001953125,277.19073486328125
445,player,68,792.408935546875,463.63751220703125,692.3046264648438,577.8182373046875
445,player,75,880.01171875,456.02301025390625,755.9290161132812,678.8182373046875
445,player,91,587.483154296875,398.62603759765625,558.8350830078125,425.2093505859375
445,player,94,602.5257568359375,393.218994140625,575.9769897460938,412.4532775878906
445,player,36,809.3037109375,519.2753295898438,641.3339233398438,801.456298828125
446,player,55,223.07159423828125,472.43841552734375,226.11956787109375,550.0813598632812
446,player,92,762.2042236328125,526.919921875,598.5260009765625,807.0531005859375
446,player,76,70.731201171875,572.8421630859375,110.96990966796875,737.671630859375
446,player,75,877.65087890625,457.193359375,750.21875,678.5546875
446,player,68,789.5543212890625,457.405517578125,685.0306396484375,605.1641845703125
446,player,66,592.4031982421875,401.19696044921875,564.232421875,432.92822265625
446,player,3,357.64862060546875,372.390380859375,369.01483154296875,270.46160888671875
446,player,94,602.512939453125,396.32574462890625,575.0194702148438,416.16949462890625
446,player,73,925.6826171875,422.91912841796875,811.7294921875,620.0398559570312
446,player,83,921.7470703125,425.062744140625,804.308837890625,629.5855102539062
446,player,91,604.167724609375,319.98065185546875,592.1077880859375,316.9653625488281
446,player,36,812.8902587890625,517.7161865234375,639.5780639648438,801.3438110351562
447,player,55,221.81948852539062,472.636962890625,224.469970703125,549.8525390625
447,player,92,751.2576904296875,523.3574829101562,595.2630615234375,804.1865234375
447,player,75,875.5662841796875,456.47625732421875,746.2142333984375,677.5610961914062
447,player,76,62.76409912109375,574.2784423828125,108.68563079833984,742.5076904296875
447,player,66,596.921630859375,401.19903564453125,564.2080078125,434.63055419921875
447,player,3,355.46868896484375,374.54119873046875,366.97613525390625,268.815673828125
447,player,36,807.6255493164062,513.5910034179688,638.2996826171875,797.8248291015625
447,player,68,787.2002563476562,486.9727783203125,670.394775390625,648.0122680664062
447,player,83,919.5233154296875,415.62939453125,810.5935668945312,610.93603515625
447,player,94,606.8463134765625,358.5790100097656,588.323974609375,370.42791748046875
447,player,95,52.80398178100586,574.0621337890625,97.75725555419922,748.9121704101562
447,player,89,800.7425537109375,494.95428466796875,678.3229370117188,612.7813720703125
448,player,55,221.34654235839844,472.53643798828125,223.27244567871094,549.5640869140625
448,player,92,746.44775390625,523.1102905273438,592.035400390625,801.7635498046875
448,player,3,354.870849609375,375.06011962890625,365.3701171875,268.3920593261719
448,player,95,49.319801330566406,574.5040893554688,96.95317077636719,748.9640502929688
448,player,75,871.119873046875,456.56109619140625,742.3824462890625,676.5908203125
448,player,66,598.3079833984375,400.14581298828125,564.927978515625,434.65069580078125
448,player,36,805.2985229492188,514.3472900390625,636.68603515625,795.9088134765625
448,player,93,928.10009765625,435.8908996582031,788.819091796875,647.6757202148438
448,player,94,606.123291015625,374.80743408203125,591.0743408203125,362.48553466796875
448,player,88,767.2810668945312,380.39837646484375,705.2683715820312,496.4398193359375
448,player,91,607.13330078125,321.93341064453125,613.972412109375,250.24461364746094
449,player,92,739.5484008789062,523.7523803710938,588.1033935546875,800.1084594726562
449,player,55,219.60897827148438,472.249755859375,222.02972412109375,548.9421997070312
449,player,75,869.8196411132812,457.44818115234375,739.213134765625,676.62939453125
449,player,3,353.678466796875,375.026611328125,363.9393615722656,267.9344482421875
449,player,95,47.36073303222656,573.7943725585938,95.94991302490234,748.3461303710938
449,player,66,598.4728393554688,397.6993103027344,566.178466796875,431.8005065917969
449,player,93,925.0810546875,433.1121826171875,794.301513671875,640.5332641601562
449,player,91,607.294677734375,326.28240966796875,626.3946533203125,214.025390625
449,player,88,767.8794555664062,382.5289306640625,715.4249877929688,471.8660583496094
450,player,55,217.31277465820312,471.67254638671875,220.61599731445312,547.7716674804688
450,player,92,737.6705932617188,524.8775024414062,584.8175048828125,799.6985473632812
450,player,66,602.9075927734375,400.6900634765625,567.4518432617188,433.9291687011719
450,player,3,352.23443603515625,374.9366455078125,362.54864501953125,267.34820556640625
450,player,95,45.28047561645508,574.2671508789062,94.82421875,748.1242065429688
450,player,75,868.397705078125,458.92095947265625,736.2286376953125,677.826904296875
450,player,93,921.328369140625,442.41583251953125,792.873291015625,644.2880859375
450,player,88,769.1494140625,376.269775390625,725.1583251953125,448.3399963378906
450,player,68,792.4494018554688,473.83404541015625,666.2614135742188,665.4105834960938
450,ball,-1,1003.841552734375,366.987548828125,1171.1270751953125,199.80194091796875
451,player,55,215.70367431640625,471.4620361328125,219.26344299316406,546.6604614257812
451,player,92,735.4215087890625,525.8706665039062,581.8961791992188,799.9713134765625
451,player,66,604.9510498046875,402.439697265625,568.378662109375,437.5614318847656
451,player,3,350.10162353515625,375.2987976074219,360.8854064941406,267.2220153808594
451,player,95,43.58191680908203,577.0772705078125,93.78230285644531,749.8417358398438
451,player,75,880.0382080078125,454.49237060546875,739.0728759765625,675.72607421875
451,player,93,897.119384765625,452.4609375,781.2910766601562,653.6539306640625
451,ball,-1,1003.7396240234375,367.08270263671875,1171.1270751953125,199.80194091796875
452,player,55,214.82504272460938,471.84906005859375,218.12646484375,546.2320556640625
452,player,3,348.4580078125,376.18914794921875,359.1241760253906,268.1751403808594
452,player,66,605.800537109375,406.238525390625,568.1107788085938,444.3787841796875
452,player,92,736.424072265625,524.97265625,580.45751953125,799.5797729492188
452,player,75,873.80419921875,454.020751953125,739.414794921875,673.3759155273438
452,player,93,907.7568359375,438.86431884765625,782.1450805664062,648.246826171875
452,player,95,42.16607666015625,575.0532836914062,92.7099380493164,749.420654296875
452,ball,-1,1003.6810913085938,367.2497863769531,1171.1270751953125,199.80194091796875
453,player,55,213.36138916015625,471.6192626953125,216.99440002441406,545.597900390625
453,player,66,606.3630981445312,408.06097412109375,567.570556640625,450.9396057128906
453,player,3,348.0802001953125,376.6897888183594,357.77728271484375,269.43719482421875
453,player,92,729.1319580078125,524.7518310546875,577.8072509765625,798.58984375
453,player,93,907.069580078125,436.04742431640625,783.6842041015625,642.0070190429688
453,player,75,863.9412841796875,454.5144958496094,736.785400390625,671.3990478515625
453,player,89,786.500244140625,472.1905212402344,670.364013671875,640.59130859375
453,player,95,38.50334930419922,573.8902587890625,91.11592102050781,748.0446166992188
453,ball,-1,1003.5875244140625,367.15850830078125,1171.1270751953125,199.80194091796875
454,player,55,210.42117309570312,471.94378662109375,215.43692016601562,545.2311401367188
454,player,66,607.275146484375,408.8375549316406,567.26611328125,456.1756896972656
454,player,3,347.09564208984375,377.9770812988281,356.37982177734375,271.9018249511719
454,player,92,717.0125732421875,523.20947265625,573.5070190429688,795.8663330078125
454,player,93,905.99951171875,437.06927490234375,783.9595336914062,638.819580078125
454,player,68,778.4019775390625,485.8323974609375,656.26806640625,685.4969482421875
454,player,95,31.994686126708984,570.4479370117188,88.42786407470703,744.1912231445312
454,player,75,855.6959228515625,453.99749755859375,733.0359497070312,668.904541015625
454,player,89,789.7317504882812,382.49267578125,699.5748291015625,567.8790283203125
454,player,36,785.5772094726562,474.679931640625,642.2819213867188,761.6622314453125
454,ball,-1,1003.1756591796875,366.966064453125,1171.1270751953125,199.80194091796875
455,player,55,209.3123016357422,471.5004577636719,214.13687133789062,544.462646484375
455,player,92,728.0220947265625,520.8110961914062,573.97021484375,793.2159423828125
455,player,66,608.291748046875,407.7537841796875,567.692138671875,458.4576110839844
455,player,3,344.8653869628906,378.0462646484375,354.7313232421875,273.34515380859375
455,player,93,905.5947265625,443.03369140625,781.5674438476562,642.2918090820312
455,player,75,857.3944091796875,452.2574462890625,731.701904296875,665.8685302734375
455,player,68,779.39306640625,491.603759765625,648.340087890625,703.3011474609375
455,player,95,26.586265563964844,576.0185546875,85.61383819580078,745.2631225585938
456,player,55,207.97720336914062,471.924560546875,212.90818786621094,544.2515869140625
456,player,3,342.1952209472656,378.12420654296875,352.77447509765625,274.0867004394531
456,player,66,610.37451171875,404.9996337890625,569.4149780273438,457.0172119140625
456,player,92,727.50634765625,522.509033203125,573.73486328125,792.6944580078125
456,player,93,903.80810546875,442.77178955078125,779.6275634765625,644.1410522460938
456,player,95,34.06666564941406,573.9407958984375,85.4635238647461,745.044189453125
456,player,68,772.4364013671875,490.43817138671875,641.7457275390625,713.3531494140625
457,player,55,206.97616577148438,471.85772705078125,211.83673095703125,543.9584350585938
457,player,3,340.07489013671875,380.1045837402344,350.5146789550781,277.0137023925781
457,player,92,720.7723388671875,521.8447265625,572.100341796875,791.335205078125
457,player,66,614.161865234375,407.8367919921875,570.8305053710938,459.70135498046875
457,player,95,33.419097900390625,573.4551391601562,85.19664764404297,744.506591796875
457,player,93,903.0299682617188,445.07122802734375,777.2210693359375,647.3934936523438
457,player,75,852.5653686523438,455.57940673828125,728.3062744140625,666.4449462890625
457,player,68,771.1318359375,489.455078125,637.4083862304688,718.9844970703125
458,player,92,716.3333740234375,524.0349731445312,569.4375,791.698486328125
458,player,3,338.05816650390625,380.50677490234375,348.3298034667969,279.2315979003906
458,player,66,615.50390625,408.18914794921875,572.049072265625,461.98211669921875
458,player,95,29.293941497802734,573.332275390625,84.04915618896484,743.7584228515625
458,player,55,200.98883056640625,470.9598388671875,209.52415466308594,542.3499755859375
458,player,93,900.6656494140625,444.0791931152344,775.408203125,648.3761596679688
458,player,75,854.188720703125,456.9699401855469,726.0316162109375,668.2059936523438
458,player,68,767.3372192382812,486.2197570800781,634.5485229492188,719.6951293945312
458,player,36,830.5570678710938,458.91900634765625,663.060302734375,729.706298828125
459,player,66,618.0033569335938,407.97698974609375,573.6558837890625,463.48126220703125
459,player,92,710.0601196289062,524.6854248046875,566.0299072265625,791.9114379882812
459,player,55,196.94296264648438,471.85040283203125,206.87640380859375,541.799072265625
459,player,3,335.89361572265625,381.93634033203125,345.99853515625,282.35205078125
459,player,95,28.480802536010742,573.5940551757812,83.12181854248047,743.39794921875
459,player,93,902.41650390625,440.540771484375,776.1514282226562,645.8902587890625
459,player,75,853.9647216796875,456.45220947265625,724.6807861328125,668.86962890625
460,player,55,193.13079833984375,472.23028564453125,204.09408569335938,541.4610595703125
460,player,66,622.8002319335938,408.6595458984375,575.935546875,465.717041015625
460,player,95,34.24766540527344,573.1697387695312,83.8592529296875,743.2950439453125
460,player,3,335.32391357421875,381.9311218261719,344.2989807128906,284.30938720703125
460,player,93,902.90380859375,436.6219482421875,778.3880615234375,640.6298217773438
460,player,92,704.6419677734375,523.0557250976562,562.8751831054688,790.4317016601562
460,player,75,853.2437744140625,455.59295654296875,723.9208374023438,668.468994140625
460,player,36,832.102783203125,455.5458984375,678.1696166992188,706.061767578125
460,player,68,765.926025390625,488.78717041015625,631.5869140625,722.1263427734375
460,player,83,879.1629638671875,436.73760986328125,794.1126708984375,615.7919921875
461,player,55,187.8765411376953,471.4337158203125,200.8619384765625,539.9877319335938
461,player,95,31.923391342163086,572.0895385742188,83.75337219238281,742.279296875
461,player,66,621.517333984375,409.7098388671875,576.7166137695312,468.2190856933594
461,player,93,902.5784912109375,432.52825927734375,781.4673461914062,633.2666015625
461,player,3,335.24365234375,382.6223449707031,343.0692443847656,286.4982604980469
461,player,68,755.6025390625,490.66259765625,626.4839477539062,724.3507080078125
461,player,75,849.5719604492188,455.8536682128906,722.3405151367188,668.1104736328125
461,player,92,696.60498046875,522.5285034179688,558.9864501953125,788.4449462890625
461,player,89,789.9730834960938,454.3553466796875,690.8870849609375,595.9791870117188
461,player,88,780.8299560546875,406.57183837890625,722.3594970703125,469.6717529296875
462,player,95,29.234996795654297,573.7944946289062,83.11416625976562,742.636474609375
462,player,66,620.4445190429688,410.2732238769531,576.7344970703125,470.36700439453125
462,player,55,185.05079650878906,471.54034423828125,197.9791259765625,538.875244140625
462,player,93,900.884765625,431.40863037109375,783.466796875,627.2389526367188
462,player,68,746.6500244140625,502.5306396484375,617.6590576171875,734.4430541992188
462,player,3,335.21875,382.9837646484375,342.210205078125,288.401123046875
462,player,89,791.9922485351562,450.993896484375,686.9269409179688,611.3489990234375
462,player,75,839.8582153320312,455.17578125,718.931884765625,666.3930053710938
462,player,92,682.8538818359375,521.3071899414062,553.3758544921875,785.1587524414062
463,player,66,619.5750732421875,410.8541259765625,576.3129272460938,472.3238830566406
463,player,95,28.699167251586914,573.1943359375,82.55060577392578,742.3992919921875
463,player,3,333.710693359375,382.31329345703125,341.2583923339844,288.5724182128906
463,player,93,897.2793579101562,432.6190185546875,783.2435913085938,624.1484985351562
463,player,55,180.30035400390625,470.25634765625,194.82696533203125,536.4638671875
463,player,75,844.8858642578125,454.60150146484375,718.2838134765625,665.2152709960938
463,player,89,787.9046630859375,453.90850830078125,682.2529296875,623.6392211914062
463,player,68,741.536865234375,506.29107666015625,609.654052734375,743.4860229492188
464,player,66,617.872314453125,411.4877014160156,575.3423461914062,474.12921142578125
464,player,93,895.489990234375,434.8741455078125,781.6563110351562,624.1362915039062
464,player,3,334.37957763671875,382.8271789550781,340.7835693359375,289.4461975097656
464,player,95,27.185556411743164,572.3436889648438,81.79635620117188,741.521484375
464,player,55,175.2193603515625,467.778564453125,191.42813110351562,531.9918823242188
464,player,75,839.4608764648438,453.32781982421875,716.851806640625,662.8098754882812
464,player,68,739.9305419921875,510.5848388671875,602.9436645507812,752.505615234375
464,player,89,791.2239379882812,453.9771728515625,680.0951538085938,631.992431640625
465,player,66,615.3653564453125,411.5262145996094,573.9515991210938,475.09063720703125
465,player,93,896.88330078125,432.59637451171875,781.965087890625,622.0724487304688
465,player,3,334.9329528808594,382.50567626953125,340.70013427734375,289.64630126953125
465,player,55,167.0729217529297,468.87506103515625,186.93560791015625,529.416259765625
465,player,95,26.578500747680664,572.2513427734375,81.1596450805664,740.8387451171875
465,player,68,734.6636352539062,506.36895751953125,598.3521728515625,754.7240600585938
465,player,89,786.2176513671875,457.445068359375,676.1788330078125,640.1117553710938
465,player,75,830.287109375,451.11431884765625,714.2216186523438,658.3998413085938
466,player,55,163.93141174316406,465.69580078125,183.19656372070312,524.2969360351562
466,player,66,612.803955078125,409.59027099609375,572.8516845703125,473.2874755859375
466,player,3,333.9303894042969,383.222412109375,340.21905517578125,290.6216125488281
466,player,93,895.6618041992188,431.22552490234375,782.3986206054688,619.28955078125
466,player,95,24.81503677368164,573.5093383789062,80.3787841796875,741.1632690429688
466,player,68,736.582275390625,506.87646484375,595.7161865234375,756.7125244140625
466,player,75,829.7425537109375,449.83447265625,712.8239135742188,654.3116455078125
466,player,92,669.0382080078125,517.3389892578125,547.22216796875,778.9585571289062
466,player,89,783.5018920898438,454.2388916015625,673.9580688476562,642.2359619140625
467,player,66,612.4775390625,409.32354736328125,572.1175537109375,471.7821044921875
467,player,55,161.3395233154297,468.16925048828125,180.00511169433594,523.1883544921875
467,player,3,332.2782897949219,383.14849853515625,339.3817138671875,290.9720153808594
467,player,95,17.792348861694336,575.1558227539062,78.28706359863281,742.0209350585938
467,player,92,662.9542236328125,515.1026000976562,542.2152099609375,772.7503662109375
467,player,68,738.2003173828125,499.21759033203125,596.4097900390625,752.1904296875
467,player,93,896.2318115234375,431.09991455078125,782.8937377929688,617.4129638671875
467,player,89,781.60986328125,454.55511474609375,671.8948364257812,643.7330322265625
467,player,96,11.322425842285156,579.0444946289062,70.540283203125,750.1038818359375
467,ball,-1,1005.0343627929688,364.01080322265625,1171.1270751953125,199.80194091796875
468,player,3,331.19830322265625,383.84161376953125,338.3907470703125,292.00299072265625
468,player,66,612.2047119140625,409.6463623046875,571.46337890625,471.13873291015625
468,player,92,653.9571533203125,512.7901000976562,537.2385864257812,766.2252197265625
468,player,93,894.497802734375,431.013427734375,782.763916015625,615.9445190429688
468,player,68,739.1123046875,495.23095703125,598.156005859375,746.1705322265625
468,player,75,829.192626953125,447.40234375,712.6453857421875,649.3613891601562
468,player,96,13.67636775970459,576.714111328125,70.99188995361328,748.6314697265625
468,player,55,161.00543212890625,467.44805908203125,177.8486785888672,521.7220458984375
468,player,95,9.921799659729004,577.6923217773438,75.19058227539062,743.7897338867188
468,player,89,775.3607177734375,450.14337158203125,670.312744140625,640.07763671875
469,player,3,330.47637939453125,383.2333984375,337.59771728515625,291.7815246582031
469,player,75,824.3411865234375,451.0782470703125,709.87841796875,649.0825805664062
469,player,68,736.7698974609375,496.66162109375,598.312744140625,743.19970703125
469,player,66,612.803466796875,409.5815124511719,571.23681640625,470.7088623046875
469,player,83,880.9111328125,430.19097900390625,786.570556640625,612.797119140625
469,player,92,649.77294921875,513.2904052734375,532.8548583984375,762.026611328125
469,player,55,150.92813110351562,465.50396728515625,173.66156005859375,517.89599609375
469,player,89,771.9281616210938,437.7003479003906,672.56787109375,625.5614013671875
470,player,3,328.8079833984375,384.028564453125,336.4320983886719,292.510986328125
470,player,75,820.8541259765625,450.58111572265625,707.3046875,648.1273193359375
470,player,93,889.3831787109375,432.7253112792969,780.5262451171875,616.162109375
470,player,68,735.1109008789062,496.3797607421875,598.0684814453125,740.9063720703125
470,player,66,612.1103515625,410.59283447265625,570.5843505859375,471.49322509765625
470,player,55,148.4022216796875,466.874267578125,170.22216796875,516.544189453125
470,player,92,650.92333984375,509.17987060546875,531.1920776367188,756.227783203125
471,player,3,327.07904052734375,383.72760009765625,335.1563415527344,292.3909606933594
471,player,93,890.4639282226562,436.08233642578125,777.98779296875,619.6258544921875
471,player,75,814.917236328125,451.58856201171875,703.6552734375,647.8869018554688
471,player,68,735.6231689453125,496.10906982421875,598.1119995117188,739.2432861328125
471,player,55,147.4466552734375,463.6091003417969,167.74700927734375,512.300537109375
471,player,92,643.74951171875,508.34649658203125,528.49853515625,751.2236328125
471,player,66,642.9014892578125,425.530029296875,574.844482421875,491.26739501953125
472,player,3,318.65032958984375,383.18548583984375,331.6689453125,290.6451110839844
472,player,55,140.03860473632812,464.77374267578125,164.0546875,510.025146484375
472,player,68,731.2442626953125,496.80157470703125,596.8443603515625,738.3470458984375
472,player,93,888.3887939453125,436.09576416015625,775.75341796875,621.6951293945312
472,player,92,647.7702026367188,504.1201171875,528.6912841796875,744.9915161132812
472,player,75,807.4404296875,454.57220458984375,698.2120971679688,649.7674560546875
472,player,36,825.63720703125,441.6595458984375,691.2437744140625,677.2913818359375
472,player,66,633.7859497070312,411.59130859375,579.104248046875,488.1749267578125
473,player,3,319.9132080078125,384.529052734375,329.63470458984375,291.4449462890625
473,player,83,874.9474487304688,435.5670166015625,777.793212890625,615.4865112304688
473,player,68,729.3989868164062,498.56982421875,595.0875854492188,739.0111083984375
473,player,36,830.1170654296875,437.6701965332031,702.4796142578125,655.2059936523438
473,player,55,137.34970092773438,468.604248046875,160.89002990722656,512.126953125
473,player,92,627.1307373046875,508.16046142578125,522.746337890625,742.410888671875
473,player,89,771.2705078125,404.7060546875,686.064697265625,581.8380737304688
473,player,66,643.560791015625,496.5048828125,562.2308349609375,567.5731201171875
473,player,97,640.661376953125,415.52593994140625,589.423828125,496.78619384765625
473,player,93,859.8580322265625,435.63482666015625,766.5144653320312,619.9134521484375
474,player,83,876.3209228515625,433.48077392578125,773.3185424804688,615.3574829101562
474,player,55,137.62545776367188,466.222900390625,158.91722106933594,511.1431884765625
474,player,92,620.75048828125,509.46075439453125,517.009765625,741.224365234375
474,player,68,725.2435302734375,500.771240234375,592.3231811523438,740.8306884765625
474,player,3,318.2935791015625,384.93280029296875,327.7362060546875,292.3210144042969
474,player,97,639.102294921875,416.5946960449219,588.6394653320312,497.7933044433594
474,player,36,823.6839599609375,415.4354248046875,716.6680908203125,617.929443359375
474,player,75,793.1826171875,420.1891174316406,703.1546020507812,616.3355712890625
474,player,98,299.408935546875,392.38189697265625,304.311279296875,315.8824157714844
474,player,89,778.5167236328125,418.09619140625,691.799072265625,568.557373046875
474,player,93,858.7238159179688,434.62152099609375,760.5928344726562,617.6722412109375
475,player,92,616.9841918945312,510.0450439453125,512.2169799804688,740.5994262695312
475,player,83,879.3028564453125,433.48193359375,771.2462158203125,615.5568237304688
475,player,55,132.4041748046875,466.044677734375,156.17623901367188,509.83978271484375
475,player,97,638.9647827148438,408.07659912109375,590.704345703125,489.0189208984375
475,player,36,814.3411865234375,404.79718017578125,727.538818359375,581.3681030273438
475,player,68,719.0623168945312,499.5523681640625,589.2786865234375,740.5418701171875
475,player,3,313.023681640625,385.49761962890625,324.72784423828125,293.05303955078125
475,player,98,296.4599609375,387.38104248046875,303.9348449707031,309.0198974609375
475,player,75,788.6854858398438,411.23370361328125,708.5367431640625,584.7176513671875
476,player,92,615.2700805664062,509.18255615234375,508.85003662109375,739.3805541992188
476,player,83,881.1956787109375,433.78912353515625,770.3042602539062,616.1615600585938
476,player,68,716.172119140625,499.64837646484375,586.544189453125,740.1898803710938
476,player,55,122.86991882324219,465.036376953125,151.72412109375,507.09002685546875
476,player,97,636.19921875,408.34033203125,591.134765625,483.32891845703125
476,player,36,806.33154296875,403.09197998046875,732.9296875,554.9109497070312
476,player,66,627.362548828125,419.90216064453125,566.5278930664062,546.2071533203125
476,player,3,302.4139404296875,385.44342041015625,319.3518371582031,292.27386474609375
476,player,98,292.4085693359375,389.67437744140625,302.1318054199219,307.1280517578125
476,player,75,786.8197021484375,460.46746826171875,693.8362426757812,612.1461181640625
476,player,89,790.3157958984375,414.11456298828125,700.5031127929688,556.8992309570312
477,player,92,612.096435546875,510.9200439453125,505.51123046875,739.68115234375
477,player,55,119.57351684570312,469.2447509765625,147.93179321289062,509.213134765625
477,player,68,712.5717163085938,499.4962158203125,583.894775390625,739.5418090820312
477,player,83,880.40771484375,434.06884765625,769.3567504882812,616.74951171875
477,player,97,636.22998046875,407.25567626953125,591.7611083984375,478.41204833984375
477,player,3,300.3333740234375,384.8602294921875,315.2535400390625,290.7579040527344
477,player,36,806.664306640625,397.8203125,738.76123046875,531.8629150390625
477,player,89,795.477783203125,437.6761474609375,698.8038330078125,573.6946411132812
477,player,75,814.38671875,389.45648193359375,719.3560180664062,560.28173828125
478,player,92,609.3499145507812,509.60009765625,502.9219970703125,738.6239624023438
478,player,68,706.5489501953125,499.4605712890625,580.6572265625,738.591796875
478,player,83,879.4364013671875,433.40899658203125,768.73828125,616.4039306640625
478,player,55,111.11662292480469,464.10150146484375,143.0601806640625,504.63873291015625
478,player,97,638.0501098632812,408.064697265625,592.4627075195312,476.3140869140625
478,player,36,804.1664428710938,391.89666748046875,744.3497314453125,509.85369873046875
478,player,89,776.7987060546875,455.16632080078125,686.5348510742188,599.3009033203125
478,player,3,303.1759338378906,385.701904296875,313.4089660644531,291.2107849121094
479,player,92,604.9864501953125,508.75811767578125,500.31524658203125,736.9202270507812
479,player,83,878.4105224609375,433.02630615234375,768.2049560546875,615.7125244140625
479,player,55,106.96851348876953,464.0137939453125,138.72683715820312,501.188232421875
479,player,68,703.0011596679688,499.86090087890625,577.5545654296875,737.9959716796875
479,player,97,637.86328125,407.3041687011719,593.1000366210938,474.07470703125
479,player,89,773.405029296875,456.10015869140625,677.3330688476562,616.486328125
479,player,36,803.3978271484375,391.39971923828125,747.9640502929688,494.89141845703125
480,player,92,601.2481689453125,506.7633056640625,498.0836181640625,733.9364013671875
480,player,68,697.3480224609375,499.858154296875,574.107666015625,737.13671875
480,player,55,104.22041320800781,462.1668701171875,135.1114959716797,496.8034362792969
480,player,83,877.4842529296875,434.6806640625,766.924072265625,616.7700805664062
480,player,97,637.544677734375,407.943359375,593.2191162109375,473.30657958984375
480,player,89,772.2252197265625,457.02093505859375,670.733154296875,628.3849487304688
480,player,36,803.8762817382812,393.15057373046875,749.6976318359375,487.2384948730469
480,player,88,784.0283813476562,415.28778076171875,718.0714721679688,493.2402648925781
481,player,68,695.2257690429688,500.0748291015625,571.2765502929688,736.5733032226562
481,player,55,99.29130554199219,467.31329345703125,131.45599365234375,498.71551513671875
481,player,92,598.5662231445312,505.99249267578125,496.1123046875,731.1660766601562
481,player,83,877.7224731445312,435.7120361328125,765.739990234375,618.4691162109375
481,player,97,636.5431518554688,406.6219787597656,593.407958984375,471.2135925292969
481,player,89,769.4215087890625,456.440185546875,665.87060546875,635.3386840820312
481,player,36,801.5235595703125,391.3761901855469,750.876953125,479.9669189453125
482,player,92,593.69384765625,503.7694091796875,494.046142578125,727.1939697265625
482,player,68,691.642578125,500.193359375,568.5003051757812,736.003173828125
482,player,83,875.1640625,436.0616455078125,764.114501953125,619.667236328125
482,player,55,97.82284545898438,464.6371765136719,128.6231689453125,497.11614990234375
482,player,89,763.8897705078125,455.58624267578125,661.4825439453125,638.5798950195312
482,player,97,633.6533203125,406.46612548828125,592.7093505859375,469.379638671875
482,player,36,801.4307861328125,390.69000244140625,751.914306640625,474.43353271484375
482,player,98,289.10546875,387.43206787109375,300.14349365234375,302.58013916015625
482,player,88,772.712158203125,403.411376953125,716.5863037109375,494.54119873046875
482,ball,-1,1003.0421142578125,364.98968505859375,1171.1270751953125,199.80194091796875
483,player,89,758.6105346679688,456.1617431640625,657.0113525390625,640.73193359375
483,player,68,687.1956787109375,500.73785400390625,565.43798828125,735.6939697265625
483,player,55,94.9180908203125,463.5793762207031,125.94560241699219,494.7274169921875
483,player,92,587.814208984375,503.53009033203125,491.2609558105469,723.9322509765625
483,player,97,629.99951171875,403.53692626953125,592.0653686523438,464.47088623046875
483,player,83,872.9970703125,436.7757568359375,762.1660766601562,620.924560546875
483,player,98,288.1682434082031,386.2457275390625,298.677734375,297.945556640625
483,player,36,802.828125,391.60137939453125,752.6187744140625,472.0420227050781
483,player,88,762.1070556640625,417.62872314453125,707.032470703125,509.6999816894531
483,ball,-1,1002.426025390625,365.1614685058594,1171.1270751953125,199.80194091796875
484,player,89,755.255859375,455.0496826171875,653.5462036132812,640.810546875
484,player,55,91.52691650390625,465.35186767578125,123.28671264648438,494.6612243652344
484,player,92,584.263671875,502.58447265625,488.7369384765625,720.7584838867188
484,player,68,685.38134765625,501.65838623046875,562.7664794921875,736.0696411132812
484,player,36,801.0654296875,392.6861877441406,752.06689453125,471.55645751953125
484,player,97,627.8665771484375,407.84320068359375,589.6712036132812,465.9594421386719
484,player,83,871.0179443359375,435.7693786621094,760.7504272460938,620.5932006835938
484,player,98,285.0742492675781,387.935791015625,296.5458984375,296.83013916015625
484,player,88,788.9093017578125,400.94195556640625,715.2698974609375,504.1495361328125
484,player,66,639.1830444335938,404.0826416015625,577.6551513671875,515.9840698242188
484,ball,-1,1002.1431884765625,364.860107421875,1171.1270751953125,199.80194091796875
485,player,89,752.2825927734375,456.48931884765625,650.0299072265625,641.9061889648438
485,player,55,89.49822998046875,469.293212890625,121.0733871459961,498.4008483886719
485,player,92,577.9786376953125,503.56964111328125,485.30810546875,718.9629516601562
485,player,98,283.5852966308594,389.76422119140625,294.4898681640625,298.3480529785156
485,player,36,800.1988525390625,396.783203125,749.687255859375,475.8382568359375
485,player,83,869.0362548828125,433.75787353515625,760.084228515625,618.2551879882812
485,player,68,682.4732666015625,502.1651611328125,560.174072265625,736.472412109375
485,player,97,627.6541748046875,409.1159973144531,587.6627807617188,468.3374328613281
485,ball,-1,1001.2569580078125,363.6519775390625,1171.1270751953125,199.80194091796875
486,player,89,750.0323486328125,454.24029541015625,647.8410034179688,640.355712890625
486,player,55,87.83830261230469,469.82958984375,119.18385314941406,501.2142333984375
486,player,98,277.666748046875,393.053955078125,290.927734375,302.9725341796875
486,player,97,629.34326171875,407.458740234375,587.3712158203125,468.190185546875
486,player,36,800.1553344726562,394.942626953125,748.9127197265625,476.5203857421875
486,player,83,869.9622802734375,433.555908203125,759.99267578125,616.6279296875
486,player,68,680.0145263671875,501.96807861328125,557.9152221679688,736.3751220703125
486,player,92,569.5233154296875,503.110107421875,481.0216979980469,716.7229614257812
486,player,99,552.062255859375,501.73333740234375,461.10589599609375,705.2212524414062
487,player,97,629.4603271484375,408.966796875,586.7546997070312,469.8045654296875
487,player,55,89.29983520507812,466.83807373046875,118.29846954345703,500.17425537109375
487,player,98,272.59979248046875,393.65057373046875,286.9402770996094,306.19598388671875
487,player,89,746.6268310546875,458.1270751953125,644.2752685546875,642.5869140625
487,player,83,867.319580078125,434.311279296875,758.8875122070312,616.0496215820312
487,player,36,797.8493041992188,406.754638671875,742.7850341796875,489.9161376953125
487,player,99,545.4932861328125,500.56134033203125,459.64447021484375,703.7178955078125
487,player,68,678.0996704101562,501.666259765625,556.0349731445312,735.9148559570312
487,player,88,788.921142578125,438.62713623046875,706.2265625,539.7088012695312
488,player,97,628.9326171875,409.525390625,586.025390625,471.4264221191406
488,player,55,89.31531524658203,465.69268798828125,117.7025375366211,498.3408203125
488,player,83,866.032470703125,438.51690673828125,756.1358642578125,619.5775146484375
488,player,36,797.2921142578125,430.587646484375,729.38623046875,523.37744140625
488,player,89,743.5073852539062,454.3833923339844,642.275146484375,640.3347778320312
488,player,98,268.4688720703125,393.1972351074219,283.074462890625,307.25140380859375
488,player,68,676.267822265625,502.6591796875,554.114990234375,736.2471923828125
488,player,92,557.9835205078125,502.12957763671875,475.4860534667969,713.5133056640625
488,ball,-1,1000.8807373046875,363.1131591796875,1171.1270751953125,199.80194091796875
489,player,97,627.7816772460938,409.57904052734375,585.1904296875,472.4232177734375
489,player,55,87.7873764038086,464.4830322265625,116.85917663574219,495.77691650390625
489,player,36,796.0025024414062,429.67596435546875,720.6487426757812,544.095947265625
489,player,89,738.9507446289062,454.50445556640625,639.6939086914062,638.5667724609375
489,player,98,273.05804443359375,394.8194580078125,281.8704528808594,310.5358581542969
489,player,83,864.4361572265625,435.43658447265625,755.1229248046875,618.778076171875
489,player,92,554.3223876953125,501.234619140625,471.1215515136719,710.3954467773438
489,player,68,668.9563598632812,502.4166259765625,551.0780639648438,735.6663818359375
489,player,75,799.8284912109375,390.76898193359375,730.9002075195312,526.56103515625
489,player,66,639.6220703125,498.018310546875,559.9420166015625,586.541748046875
489,ball,-1,1001.0489501953125,363.29559326171875,1171.1270751953125,199.80194091796875
490,player,36,798.0196533203125,437.54998779296875,712.6561279296875,565.4901733398438
490,player,55,87.1126937866211,463.0888671875,116.08921813964844,492.6230773925781
490,player,97,630.790771484375,409.1895751953125,585.667724609375,472.94195556640625
490,player,89,735.7294311523438,457.6869201660156,636.1595458984375,640.0379638671875
490,player,98,269.0813903808594,395.5712890625,279.7550964355469,313.20391845703125
490,player,83,862.414306640625,434.6087646484375,754.22802734375,617.2706298828125
490,player,99,534.4384765625,499.94195556640625,455.9791259765625,701.306396484375
490,player,68,666.619384765625,504.52728271484375,548.025146484375,736.7566528320312
490,player,66,639.2989501953125,507.7879638671875,546.1917724609375,640.1272583007812
490,player,100,657.5892333984375,506.341064453125,534.6865234375,740.7117919921875
490,ball,-1,1000.9221801757812,363.049072265625,1171.1270751953125,199.80194091796875
491,player,36,795.2445068359375,433.51910400390625,708.14453125,575.2022094726562
491,player,55,85.27525329589844,464.01898193359375,115.09280395507812,491.351806640625
491,player,97,635.4192504882812,409.3618469238281,587.3111572265625,473.94482421875
491,player,89,722.8171997070312,462.3531494140625,628.9719848632812,644.0482177734375
491,player,98,263.544677734375,397.9544677734375,276.4136047363281,317.3843078613281
491,player,83,860.6893310546875,435.41033935546875,752.8445434570312,616.9000244140625
491,player,99,525.2691650390625,499.18310546875,451.38116455078125,698.344482421875
491,player,66,639.7601318359375,507.31182861328125,537.4732666015625,674.6239013671875
491,player,68,662.8929443359375,506.08984375,544.7455444335938,738.381103515625
491,ball,-1,506.3002014160156,366.47149658203125,1171.1270751953125,199.80194091796875
492,player,36,794.114013671875,437.11224365234375,703.59130859375,584.9165649414062
492,player,66,639.6705322265625,503.91748046875,532.52587890625,694.3715209960938
492,player,98,260.7359619140625,398.3321533203125,273.3220520019531,320.278076171875
492,player,83,857.6681518554688,437.72564697265625,750.1890869140625,618.5930786132812
492,player,55,74.67134857177734,465.95660400390625,111.51515197753906,491.5068359375
492,player,92,543.1669311523438,498.62640380859375,465.912353515625,705.3021850585938
492,player,89,709.99853515625,464.758544921875,620.1548461914062,647.65966796875
492,player,100,657.5415649414062,506.517333984375,534.634765625,740.845458984375
492,player,75,803.391357421875,410.05096435546875,731.379150390625,526.571044921875
493,player,83,854.6441650390625,439.76287841796875,746.8284912109375,621.3475341796875
493,player,36,792.3621826171875,438.87322998046875,699.5103759765625,592.7686157226562
493,player,98,257.2470703125,402.4306640625,269.873046875,326.95458984375
493,player,55,68.381591796875,466.63677978515625,107.4453125,491.7111511230469
493,player,66,640.2108154296875,508.47357177734375,528.4512329101562,710.8258056640625
493,player,89,705.119384765625,461.84619140625,613.942138671875,646.9556274414062
493,player,99,508.80389404296875,500.4534912109375,443.95538330078125,696.0780639648438
493,player,97,637.8463134765625,419.22796630859375,586.1063842773438,485.6679992675781
493,player,100,655.4457397460938,507.98614501953125,533.7459716796875,741.904296875
493,player,101,693.64599609375,468.791259765625,588.0482177734375,660.432861328125
493,player,75,805.1861572265625,410.11676025390625,732.193115234375,526.8287353515625
494,player,55,64.31657409667969,467.00677490234375,103.67202758789062,491.8401794433594
494,player,66,641.469482421875,510.33245849609375,525.71533203125,723.0662841796875
494,player,83,854.6713256835938,438.0728759765625,745.3076782226562,621.5339965820312
494,player,98,254.01681518554688,403.211669921875,266.5574035644531,331.92474365234375
494,player,36,792.4571533203125,434.9261779785156,698.3021850585938,594.0482177734375
494,player,89,705.4088134765625,466.9045104980469,608.5469970703125,651.048828125
494,player,99,505.7977294921875,500.4755859375,438.354736328125,694.3701782226562
494,ball,-1,291.7906494140625,366.542236328125,1171.1270751953125,199.80194091796875
495,player,55,61.248958587646484,467.19970703125,100.3659439086914,491.8337097167969
495,player,83,854.73486328125,438.65118408203125,744.1118774414062,622.2120361328125
495,player,99,502.3822021484375,499.7889404296875,433.95172119140625,692.4069213867188
495,player,36,793.599853515625,429.47454833984375,699.8353881835938,589.60009765625
495,player,66,641.355712890625,507.2135009765625,524.5855712890625,728.588623046875
495,player,89,698.4384765625,466.3205261230469,603.3366088867188,652.5700073242188
495,player,97,635.1209716796875,420.3239440917969,584.1986694335938,494.193603515625
495,player,98,250.0927276611328,405.2764587402344,263.01678466796875,337.30450439453125
495,player,88,770.7870483398438,414.0653381347656,704.1741333007812,536.147216796875
495,player,102,236.08995056152344,404.4041748046875,244.1396942138672,339.93206787109375
495,player,75,802.0941162109375,409.25946044921875,732.1572265625,525.76220703125
495,ball,-1,249.37380981445312,268.983154296875,1171.1270751953125,199.80194091796875
496,player,83,853.820068359375,439.7289123535156,742.6624755859375,623.5906372070312
496,player,55,55.68438720703125,465.71087646484375,96.59828186035156,489.794921875
496,player,99,500.6846618652344,499.88043212890625,430.63922119140625,691.063232421875
496,player,66,643.64306640625,508.60107421875,524.1220703125,733.447509765625
496,player,89,692.642822265625,462.36810302734375,599.4934692382812,649.496337890625
496,player,36,795.299560546875,431.79595947265625,700.4580688476562,589.179443359375
496,player,98,249.19227600097656,407.29766845703125,260.2825927734375,343.1997375488281
496,player,88,770.1705322265625,415.450439453125,702.1346435546875,535.2429809570312
496,player,97,635.9859619140625,433.7532958984375,579.3416748046875,513.843017578125
496,player,75,823.0511474609375,437.954345703125,726.9921875,556.3204345703125
496,player,102,233.25390625,407.2059326171875,243.07037353515625,343.10546875
496,ball,-1,476.16632080078125,368.811279296875,1171.1270751953125,199.80194091796875
497,player,83,853.68115234375,440.26251220703125,741.4757080078125,624.9790649414062
497,player,55,51.665977478027344,467.1417236328125,93.07749938964844,489.55169677734375
497,player,99,496.4970703125,500.54559326171875,427.3040466308594,690.3855590820312
497,player,88,769.578125,414.47235107421875,701.00537109375,533.5572509765625
497,player,66,643.4547729492188,509.1524658203125,523.6535034179688,737.0186767578125
497,player,36,795.6243896484375,431.67083740234375,701.0008544921875,588.813232421875
497,player,97,632.45947265625,416.408935546875,580.1806640625,508.0116882324219
497,player,98,246.04638671875,407.1001281738281,257.5436706542969,346.4554138183594
497,player,75,808.00244140625,435.18927001953125,720.44384765625,572.087890625
497,player,103,781.2652587890625,421.5130615234375,701.0494384765625,554.818359375
497,player,89,684.32177734375,457.24859619140625,596.1722412109375,642.07275390625
497,player,102,232.14303588867188,406.76788330078125,242.05833435058594,344.50933837890625
497,player,104,826.81982421875,437.67578125,720.7073974609375,613.3195190429688
497,ball,-1,276.1795959472656,362.13092041015625,1171.1270751953125,199.80194091796875
498,player,99,491.49530029296875,498.14105224609375,424.23797607421875,687.5328369140625
498,player,83,852.3007202148438,440.3997802734375,740.2681884765625,625.882568359375
498,player,55,47.171241760253906,469.2448425292969,89.61801147460938,491.10540771484375
498,player,97,631.8837890625,435.4241638183594,575.0938110351562,524.1255493164062
498,player,88,768.277099609375,413.15106201171875,700.390625,530.9213256835938
498,player,36,795.2193603515625,421.9870910644531,704.8680419921875,578.7693481445312
498,player,89,682.2410888671875,459.74127197265625,592.7516479492188,639.34716796875
498,player,102,227.8179473876953,407.585205078125,240.0047607421875,345.97210693359375
498,player,66,640.173583984375,506.605224609375,523.0811157226562,737.0845336914062
498,player,75,814.2535400390625,430.56976318359375,719.6822509765625,578.395751953125
498,player,98,238.18527221679688,406.66302490234375,253.35189819335938,347.1988220214844
498,player,103,784.4715576171875,412.8289794921875,705.3030395507812,546.01708984375
498,player,104,804.2052001953125,416.97021484375,722.227783203125,590.3814086914062
499,player,99,488.02642822265625,498.48345947265625,421.29730224609375,685.6697998046875
499,player,55,42.25672912597656,468.80804443359375,85.97486877441406,491.21697998046875
499,player,83,850.3947143554688,440.360595703125,738.96923828125,626.2548828125
499,player,97,627.8560791015625,427.93780517578125,572.72607421875,526.5220336914062
499,player,88,770.1976318359375,407.99664306640625,702.5403442382812,523.829345703125
499,player,36,797.2520141601562,423.998046875,707.2010498046875,574.4970092773438
499,player,66,640.78125,509.3629150390625,522.2623291015625,739.3271484375
499,player,103,783.6068725585938,414.50518798828125,707.16357421875,541.993896484375
499,player,98,225.2720489501953,406.2643127441406,246.63397216796875,345.81610107421875
499,player,104,805.7626953125,396.3465576171875,732.1633911132812,553.1571044921875
499,player,75,826.43994140625,433.7630615234375,721.4153442382812,586.795166015625
499,player,102,220.39907836914062,408.3039245605469,236.3240966796875,347.0226135253906
499,player,89,682.7005615234375,459.41229248046875,590.744384765625,637.3162231445312
500,player,99,483.092529296875,501.001220703125,417.7228698730469,686.1273193359375
500,player,55,37.017852783203125,469.60760498046875,82.17826843261719,491.61102294921875
500,player,83,849.8619384765625,440.7440185546875,737.8300170898438,626.809814453125
500,player,97,626.1900634765625,421.82861328125,572.4476318359375,521.4716796875
500,player,66,638.4183959960938,511.18896484375,520.746826171875,742.0046997070312
500,player,88,770.764892578125,403.91162109375,705.7095947265625,514.7803344726562
500,player,98,226.0872344970703,405.85882568359375,242.5458984375,344.50067138671875
500,player,102,219.13905334472656,408.0244140625,233.55621337890625,347.22747802734375
500,player,36,797.4111328125,417.9178466796875,711.1013793945312,565.4654541015625
500,player,100,640.2034912109375,512.16259765625,528.4476318359375,744.5753173828125
500,player,104,807.6202392578125,413.51312255859375,732.047119140625,547.9762573242188
501,player,99,478.3511657714844,498.34454345703125,414.5926513671875,683.822021484375
501,player,83,849.3544921875,440.74481201171875,736.9484252929688,627.1239013671875
501,player,55,32.94424819946289,471.36846923828125,78.65907287597656,493.2633972167969
501,player,102,217.70584106445312,406.30169677734375,231.40699768066406,345.075927734375
501,player,97,618.6422119140625,411.736572265625,572.986083984375,506.4306945800781
501,player,88,771.467041015625,407.8934326171875,706.414794921875,513.3535766601562
501,player,100,634.16259765625,515.0750732421875,522.8854370117188,748.0508422851562
501,player,66,618.5918579101562,472.4263000488281,523.3484497070312,710.0186767578125
501,player,104,808.119873046875,406.63153076171875,734.9219970703125,537.2694702148438
501,player,89,676.051025390625,469.4940185546875,584.913818359375,644.4672241210938
501,player,103,781.8233032226562,410.5504455566406,709.3875732421875,534.970947265625
502,player,99,474.1893310546875,497.50732421875,411.61370849609375,681.2720336914062
502,player,83,848.70703125,441.15826416015625,736.0377197265625,627.658203125
502,player,102,213.84979248046875,405.2578430175781,228.86325073242188,341.96612548828125
502,player,55,29.346879959106445,472.04559326171875,75.40325927734375,494.6843566894531
502,player,88,771.8990478515625,402.1375732421875,709.273193359375,506.1116943359375
502,player,89,674.0758666992188,467.13714599609375,581.22119140625,646.8474731445312
502,player,97,617.5169067382812,428.4840087890625,568.2154541015625,514.5797729492188
502,player,100,639.3346557617188,513.9359741210938,520.7939453125,749.8595581054688
502,player,36,801.86474609375,406.6490173339844,719.4431762695312,548.0223999023438
502,player,103,781.6917724609375,409.150390625,711.3441772460938,528.8792724609375
502,player,104,809.569091796875,378.8003234863281,749.4201049804688,498.3863220214844
503,player,99,468.82733154296875,499.17840576171875,408.041748046875,680.5548095703125
503,player,83,847.688720703125,441.3424072265625,735.0931396484375,628.0844116210938
503,player,66,617.5219116210938,463.61138916015625,526.8578491210938,681.2015380859375
503,player,89,671.1005249023438,465.9691162109375,578.3330078125,647.0849609375
503,player,102,204.35922241210938,405.3602294921875,224.23849487304688,339.0592041015625
503,player,88,771.5916748046875,402.65704345703125,710.831787109375,501.95281982421875
503,player,55,25.553878784179688,473.4210205078125,72.30352783203125,496.63433837890625
503,player,97,623.363525390625,517.797119140625,545.49951171875,599.74951171875
503,player,104,812.547119140625,404.13677978515625,748.5703125,502.75811767578125
503,player,36,794.1480712890625,384.8851318359375,731.7889404296875,511.055419921875
504,player,83,848.4847412109375,441.7569580078125,734.541748046875,628.8262939453125
504,player,99,463.57904052734375,499.4385986328125,404.33013916015625,679.8614501953125
504,player,89,666.5806274414062,465.3984069824219,575.3914794921875,646.3228759765625
504,player,97,621.234619140625,515.6343994140625,530.6478881835938,653.2937622070312
504,player,88,769.426513671875,400.857421875,711.912353515625,497.011962890625
504,player,102,203.00936889648438,405.769287109375,220.79150390625,337.53692626953125
504,player,55,20.97875213623047,474.28253173828125,69.06452178955078,498.33978271484375
504,player,103,779.1577758789062,403.9404296875,713.9315185546875,518.9532470703125
504,player,104,817.0242919921875,406.6676025390625,748.288818359375,508.8189392089844
505,player,83,848.37744140625,441.0502624511719,734.4232177734375,628.632080078125
505,player,99,455.1941223144531,496.381591796875,400.2010498046875,676.138427734375
505,player,89,661.66650390625,464.46551513671875,572.401611328125,644.5468139648438
505,player,88,768.518310546875,402.18927001953125,711.810791015625,495.199951171875
505,player,66,614.4090576171875,468.32574462890625,527.1691284179688,666.4655151367188
505,player,102,198.8626708984375,406.39056396484375,217.22833251953125,336.8805847167969
505,player,55,17.546628952026367,469.68994140625,65.74179077148438,494.514404296875
505,player,100,609.0155029296875,517.4042358398438,511.2069091796875,751.2255249023438
505,player,104,811.686279296875,406.62969970703125,746.5382080078125,512.1766357421875
505,player,105,19.472820281982422,430.03363037109375,54.14057159423828,364.10296630859375
505,player,103,779.897216796875,405.57525634765625,715.180908203125,514.3814697265625
506,player,83,848.7662353515625,441.5260314941406,734.2723388671875,628.990966796875
506,player,99,452.72991943359375,496.0684814453125,396.9243469238281,673.2445068359375
506,player,102,198.21063232421875,405.5848388671875,214.74337768554688,335.37786865234375
506,player,89,659.57763671875,464.935791015625,569.7718505859375,643.6292724609375
506,player,55,12.460835456848145,463.0068359375,61.74703598022461,484.68731689453125
506,player,97,627.0614013671875,518.6587524414062,521.8176879882812,690.86279296875
506,player,88,767.6533203125,402.3958435058594,711.4030151367188,494.1641845703125
506,player,66,611.7091674804688,467.42120361328125,526.8593139648438,655.8307495117188
506,player,104,813.020263671875,404.134521484375,746.839111328125,511.767578125
506,player,105,15.898460388183594,412.68536376953125,51.83102798461914,342.5584716796875
506,player,36,793.475341796875,401.29791259765625,732.5866088867188,505.89794921875
506,player,103,776.7625732421875,403.6798400878906,715.8131103515625,508.99578857421875
506,player,106,19.697620391845703,390.8126220703125,46.29410171508789,221.0809783935547
506,player,107,21.214279174804688,390.06292724609375,47.54816818237305,218.6012725830078
507,player,83,849.8064575195312,441.2847900390625,734.5546875,629.0936279296875
507,player,66,634.46044921875,467.45733642578125,532.7689819335938,650.9849853515625
507,player,99,448.97503662109375,495.33599853515625,393.9263610839844,670.423828125
507,player,102,195.64178466796875,403.14703369140625,212.42636108398438,331.05902099609375
507,player,97,617.5013427734375,518.05224609375,513.8411865234375,714.05419921875
507,player,55,7.315773010253906,469.9012145996094,58.132713317871094,484.90301513671875
507,player,88,768.9227294921875,403.8521728515625,710.9424438476562,495.243408203125
507,player,100,612.513671875,514.7764282226562,506.36700439453125,750.3900146484375
507,player,103,760.7040405273438,399.3680419921875,713.1123657226562,499.00775146484375
507,player,104,817.3612060546875,402.96856689453125,748.8225708007812,510.66180419921875
507,player,105,5.297574996948242,465.0715026855469,50.80851745605469,387.3820495605469
507,player,89,614.1904296875,466.726318359375,555.3843383789062,640.5814208984375
507,player,36,779.6109619140625,406.68701171875,726.7796020507812,507.0867919921875
507,player,107,16.058841705322266,383.4208984375,45.31450271606445,208.6575469970703
507,player,108,599.0755615234375,394.407958984375,571.881103515625,415.4867858886719
508,player,83,850.1095581054688,440.70465087890625,735.0443115234375,628.640869140625
508,player,99,441.07806396484375,498.4815673828125,389.49041748046875,670.5706176757812
508,player,97,623.4068603515625,516.962646484375,510.33697509765625,728.778564453125
508,player,66,649.9498291015625,474.917236328125,538.8975219726562,655.808837890625
508,player,102,191.31024169921875,405.74822998046875,209.45779418945312,331.061279296875
508,player,88,767.4508056640625,404.12396240234375,710.0953979492188,496.09600830078125
508,player,104,817.00048828125,404.23046875,749.4698486328125,511.2938232421875
508,player,105,5.453225612640381,463.97418212890625,50.115997314453125,415.39520263671875
508,player,89,597.1530151367188,468.1978759765625,541.1004028320312,638.405029296875
509,player,99,432.2795104980469,503.56146240234375,383.65679931640625,674.15380859375
509,player,83,850.2486572265625,440.9468688964844,735.308349609375,628.5883178710938
509,player,66,634.3623657226562,470.38446044921875,539.8479614257812,653.57763671875
509,player,88,763.4329223632812,402.2463073730469,709.0795288085938,494.1456298828125
509,player,97,619.04248046875,517.1334228515625,506.94488525390625,738.126708984375
509,player,104,817.0680541992188,400.1312561035156,751.65625,507.17803955078125
509,player,102,191.33084106445312,405.34783935546875,207.55014038085938,330.5630798339844
510,player,99,425.49755859375,505.2611083984375,377.907958984375,677.3154296875
510,player,66,632.06689453125,464.0635986328125,541.4083251953125,646.23779296875
510,player,83,851.2711181640625,440.8631591796875,735.795654296875,628.5704345703125
510,player,88,761.5616455078125,404.9122314453125,706.8148803710938,495.65435791015625
510,player,104,819.258544921875,399.7436218261719,753.90234375,504.2957763671875
510,player,97,616.6829833984375,515.6903076171875,504.44732666015625,742.9130859375
510,player,100,627.6595458984375,505.040771484375,509.0325622558594,743.5133056640625
510,player,75,840.3082275390625,434.7771301269531,726.051025390625,594.5545654296875
510,player,102,190.90625,406.18121337890625,206.14532470703125,331.23760986328125
511,player,99,419.457763671875,505.61517333984375,372.5826416015625,679.1559448242188
511,player,83,852.3929443359375,441.6543273925781,736.1199951171875,629.4093017578125
511,player,66,630.6279296875,466.27618408203125,541.486083984375,643.3429565429688
511,player,88,759.0137939453125,404.06414794921875,704.9102172851562,495.4331970214844
511,player,104,819.79150390625,400.45172119140625,755.21728515625,503.26641845703125
511,player,97,611.3944091796875,515.6162719726562,501.52691650390625,745.5391845703125
512,player,88,756.1304931640625,399.8504333496094,704.4529418945312,490.264892578125
512,player,83,854.6105346679688,442.8770446777344,736.4761962890625,631.3087158203125
512,player,99,414.70330810546875,505.37298583984375,367.93597412109375,679.7545166015625
512,player,104,818.45654296875,404.185791015625,754.0791625976562,506.58612060546875
512,player,66,638.50927734375,454.42022705078125,546.6892700195312,631.2485961914062
512,player,97,607.252197265625,516.350341796875,498.45526123046875,747.4716186523438
512,player,102,177.14022827148438,409.8670654296875,200.82073974609375,334.7935485839844
512,player,108,590.3516845703125,358.49652099609375,580.810302734375,367.9404602050781
512,player,109,389.4129638671875,504.3427734375,341.1451416015625,672.3616943359375
513,player,88,754.4603881835938,399.8130798339844,703.6658935546875,486.69036865234375
513,player,99,406.4053955078125,504.92193603515625,362.8473205566406,679.0751953125
513,player,83,855.9310302734375,443.7791748046875,736.7275390625,633.5091552734375
513,player,102,176.10565185546875,411.6950988769531,196.98690795898438,339.2455749511719
513,player,104,821.1527099609375,402.5189514160156,754.85302734375,507.185546875
513,player,97,602.218017578125,516.2344970703125,495.23321533203125,748.231689453125
513,player,66,630.877197265625,449.11395263671875,549.35107421875,617.6349487304688
513,player,109,383.47552490234375,505.020263671875,339.54620361328125,672.4254150390625
513,player,100,629.690185546875,428.126953125,530.2626342773438,669.500244140625
514,player,88,753.2833251953125,399.5287780761719,702.9102172851562,483.92279052734375
514,player,102,171.34719848632812,410.34979248046875,193.05657958984375,339.98187255859375
514,player,97,595.7691650390625,515.9329833984375,491.597412109375,747.972412109375
514,player,99,394.90032958984375,505.46099853515625,356.5302429199219,678.114013671875
514,player,83,857.7582397460938,444.14105224609375,737.2564697265625,635.4459228515625
514,player,104,823.41357421875,403.94989013671875,755.419677734375,509.3798828125
514,player,66,626.6107177734375,446.09759521484375,550.685302734375,605.4705810546875
514,player,89,602.8895263671875,446.5557861328125,538.5731201171875,617.1940307617188
514,player,75,844.2955322265625,439.0701904296875,728.5269775390625,604.096435546875
514,ball,-1,140.00762939453125,402.5108337402344,1171.1270751953125,199.80194091796875
515,player,97,591.3342895507812,516.6222534179688,488.0009460449219,747.972412109375
515,player,88,753.1279907226562,397.5723876953125,703.1426391601562,479.87994384765625
515,player,83,857.598388671875,447.6895751953125,736.208984375,639.9741821289062
515,player,104,828.1219482421875,394.86590576171875,761.162109375,501.1510314941406
515,player,99,381.105224609375,503.25592041015625,349.1324768066406,674.4945678710938
515,player,102,165.2943572998047,412.415771484375,188.5789794921875,342.36285400390625
515,player,66,620.3880615234375,447.8415222167969,549.361328125,598.6741333007812
515,player,89,596.56494140625,453.26678466796875,533.5213012695312,609.2936401367188
515,player,108,600.9735107421875,336.2088623046875,598.54638671875,305.46453857421875
515,player,100,632.8478393554688,441.5992431640625,541.2288818359375,635.3594970703125
515,player,110,606.3724365234375,394.649169921875,578.115234375,418.52667236328125
516,player,97,586.979248046875,516.40234375,484.62451171875,747.4512329101562
516,player,83,858.6754150390625,450.28466796875,734.84765625,645.3905029296875
516,player,104,829.9598388671875,387.793212890625,768.65576171875,487.8414611816406
516,player,99,373.31378173828125,504.54827880859375,342.1814270019531,672.564208984375
516,player,88,751.1708374023438,397.03082275390625,702.9134521484375,476.42822265625
516,player,102,160.92514038085938,414.97821044921875,184.2702178955078,346.5777587890625
516,player,66,611.7222290039062,439.5794677734375,548.2160034179688,585.3091430664062
516,player,100,626.5888671875,433.357666015625,548.8348999023438,604.291748046875
516,player,111,138.76348876953125,418.201171875,156.7270050048828,358.9346008300781
516,player,110,591.9517822265625,375.23883056640625,579.7323608398438,392.7272033691406
516,player,108,617.874267578125,416.2008056640625,588.4137573242188,370.8732604980469
517,player,97,582.4873046875,514.8471069335938,481.6077880859375,745.552001953125
517,player,99,369.4000549316406,505.00933837890625,336.6098327636719,671.3643798828125
517,player,83,860.219970703125,452.7823486328125,733.4517822265625,651.31494140625
517,player,66,611.7274169921875,434.0440979003906,548.9382934570312,571.0265502929688
517,player,88,750.5012817382812,398.0491638183594,702.159912109375,475.2799072265625
517,player,104,831.7119140625,389.041259765625,773.491943359375,480.8312683105469
517,player,102,153.17279052734375,419.31109619140625,179.025390625,353.7296142578125
517,player,89,599.9052734375,445.07080078125,533.182861328125,596.5369262695312
517,player,111,135.01824951171875,419.25146484375,155.57757568359375,359.8081359863281
517,ball,-1,1001.0488891601562,365.9455871582031,1171.1270751953125,199.80194091796875
518,player,97,578.51318359375,515.5634765625,478.5235595703125,744.546630859375
518,player,88,748.1289672851562,397.08251953125,701.3298950195312,473.1802978515625
518,player,83,860.095947265625,451.9342041015625,732.8262329101562,654.388427734375
518,player,99,364.39898681640625,505.79522705078125,331.62408447265625,670.8181762695312
518,player,111,133.75291442871094,419.9852294921875,154.44256591796875,361.1241455078125
518,player,104,835.187744140625,385.2728576660156,779.4502563476562,472.22802734375
518,player,66,607.48291015625,441.42364501953125,546.2632446289062,568.7745971679688
518,player,108,614.8864135742188,420.1002502441406,579.8270263671875,417.3227844238281
518,player,110,589.11669921875,401.5443115234375,571.7996826171875,408.08734130859375
518,ball,-1,1000.9676513671875,366.11248779296875,1171.1270751953125,199.80194091796875
519,player,97,576.00341796875,517.521484375,475.531982421875,745.1930541992188
519,player,99,351.4844970703125,503.03125,325.3381652832031,667.0617065429688
519,player,88,745.1316528320312,398.5931701660156,699.2899169921875,473.2313537597656
519,player,83,862.3345947265625,451.95477294921875,733.0201416015625,656.6082763671875
519,player,104,835.9832763671875,385.6834716796875,783.3768310546875,467.20501708984375
519,player,66,598.9987182617188,420.8333740234375,547.55908203125,545.1663208007812
519,player,111,129.50355529785156,419.77325439453125,152.4071502685547,361.2853088378906
519,player,102,125.76809692382812,421.65728759765625,167.25111389160156,358.34375
519,player,110,588.2684326171875,415.7999267578125,562.3696899414062,434.15618896484375
519,ball,-1,1001.1453857421875,366.4502258300781,1171.1270751953125,199.80194091796875
520,player,97,572.66162109375,516.67041015625,472.91497802734375,744.68994140625
520,player,88,743.3804931640625,398.18377685546875,697.5921020507812,472.61505126953125
520,player,99,340.00762939453125,506.09344482421875,318.01031494140625,666.2193603515625
520,player,83,861.8880615234375,451.72637939453125,733.1102294921875,657.803955078125
520,player,66,592.5257568359375,428.380126953125,544.487060546875,537.2061767578125
520,player,104,838.6131591796875,393.21844482421875,783.2608642578125,472.9555969238281
520,player,111,126.88999938964844,420.06982421875,150.2864227294922,361.47467041015625
520,player,102,123.54824829101562,421.505859375,158.9212188720703,360.933349609375
520,player,75,834.6603393554688,397.04852294921875,744.6878662109375,565.86328125
520,ball,-1,1000.6724853515625,366.354736328125,1171.1270751953125,199.80194091796875
521,player,99,330.70147705078125,506.38677978515625,310.8316650390625,665.1340942382812
521,player,97,570.005615234375,514.1857299804688,471.0101318359375,742.2298583984375
521,player,88,742.3113403320312,399.99853515625,695.4627685546875,474.1703186035156
521,player,83,860.8035888671875,449.41607666015625,733.73974609375,656.3822631835938
521,player,66,586.362060546875,422.33111572265625,542.293212890625,525.0025024414062
521,player,104,838.6193237304688,398.27288818359375,780.9127197265625,482.40386962890625
521,player,102,122.20311737060547,422.46112060546875,153.10240173339844,363.61468505859375
521,ball,-1,1000.8235473632812,365.85076904296875,1171.1270751953125,199.80194091796875
522,player,97,569.1625366210938,513.652099609375,469.659912109375,740.1480712890625
522,player,99,327.67120361328125,506.14764404296875,305.407958984375,663.9736328125
522,player,66,585.2442626953125,433.698486328125,537.5924682617188,528.915283203125
522,player,83,862.2144165039062,448.50390625,734.8784790039062,654.753173828125
522,player,88,742.856201171875,398.72332763671875,694.7361450195312,473.78692626953125
522,player,104,842.1253662109375,388.159912109375,785.061767578125,477.3721923828125
522,player,102,118.60646057128906,422.26531982421875,148.2249298095703,364.7539978027344
523,player,99,324.6839294433594,508.9683837890625,300.876953125,665.3190307617188
523,player,97,565.445556640625,515.7899780273438,467.46514892578125,740.1471557617188
523,player,66,580.3543701171875,417.23724365234375,537.4000244140625,513.4785766601562
523,player,83,861.5714111328125,448.23699951171875,735.5438232421875,653.3908081054688
523,player,88,742.1349487304688,398.04827880859375,694.306884765625,472.691650390625
523,player,104,844.45068359375,385.72393798828125,789.617919921875,471.49798583984375
523,player,109,339.932373046875,510.53216552734375,326.8235168457031,673.3782958984375
523,player,102,112.05450439453125,421.56494140625,143.0523681640625,363.9830627441406
523,ball,-1,1001.31591796875,365.465576171875,1171.1270751953125,199.80194091796875
524,player,99,323.2016906738281,509.667236328125,297.4944763183594,666.648681640625
524,player,97,561.9190673828125,514.6444091796875,465.3675537109375,738.9737548828125
524,player,66,576.2053833007812,405.4942626953125,539.234375,489.813232421875
524,player,88,739.829833984375,400.87921142578125,692.2398681640625,474.9613037109375
524,player,83,862.015625,448.7987060546875,735.8853759765625,653.0603637695312
524,player,104,845.9766235351562,390.3434753417969,790.883056640625,473.21990966796875
524,player,102,101.26411437988281,424.6636657714844,136.4559783935547,366.054443359375
524,ball,-1,1001.378662109375,364.82305908203125,1171.1270751953125,199.80194091796875
525,player,99,321.87237548828125,513.220703125,294.6645202636719,670.3267822265625
525,player,97,558.5830078125,515.5880126953125,463.0032958984375,738.6700439453125
525,player,83,863.6570434570312,446.8157043457031,737.3092651367188,651.17578125
525,player,66,577.31005859375,409.2273864746094,539.729248046875,478.8125
525,player,88,738.08984375,402.32952880859375,689.8198852539062,477.8934326171875
525,player,104,843.949462890625,387.5140380859375,792.40478515625,470.8427734375
525,player,75,841.0814819335938,421.85552978515625,746.5248413085938,568.1947631835938
525,ball,-1,1001.3646850585938,364.908935546875,1171.1270751953125,199.80194091796875
526,player,99,318.77490234375,515.7133178710938,291.83892822265625,674.4927978515625
526,player,97,554.373779296875,515.4606323242188,460.4407958984375,738.0316772460938
526,player,66,575.481689453125,399.45074462890625,542.2269897460938,460.15570068359375
526,player,83,864.4597778320312,447.6320495605469,738.1436767578125,650.7752685546875
526,player,88,733.4659423828125,402.59765625,686.75390625,479.62481689453125
526,player,104,844.823486328125,387.3564453125,793.7364501953125,469.206298828125
526,player,75,841.866943359375,421.43927001953125,748.1143798828125,569.3629150390625
526,ball,-1,1002.232177734375,365.2668151855469,1171.1270751953125,199.80194091796875
527,player,99,313.72064208984375,521.0498046875,288.3133544921875,681.0821533203125
527,player,83,864.4488525390625,448.7645568847656,738.2529296875,651.5516967773438
527,player,88,730.26953125,402.243408203125,683.931396484375,480.0218811035156
527,player,97,551.55419921875,517.3364868164062,457.74365234375,738.8360595703125
527,player,66,570.4725952148438,399.0402526855469,542.4288940429688,447.01629638671875
527,player,110,579.607177734375,398.63720703125,558.4426879882812,430.60137939453125
527,player,112,551.1138916015625,456.25946044921875,486.3242492675781,590.7883911132812
527,ball,-1,1002.2647094726562,364.8551940917969,1171.1270751953125,199.80194091796875
528,player,99,309.6004638671875,521.7365112304688,284.93695068359375,685.5764770507812
528,player,83,864.2510986328125,449.04656982421875,738.1630859375,652.2960205078125
528,player,66,569.448486328125,399.1450500488281,542.216064453125,438.491943359375
528,player,88,726.509521484375,400.0426025390625,681.7867431640625,477.39739990234375
528,player,97,542.9628295898438,519.8601684570312,453.4249267578125,740.6004638671875
528,player,112,551.5714111328125,489.17535400390625,479.73663330078125,620.3906860351562
528,ball,-1,1002.720947265625,364.56451416015625,1171.1270751953125,199.80194091796875
529,player,99,303.6819763183594,526.1318969726562,280.9450378417969,691.497802734375
529,player,83,863.8133544921875,451.78997802734375,736.9525146484375,655.2335815429688
529,player,66,567.9891357421875,396.442138671875,542.390869140625,429.578369140625
529,player,88,718.8890380859375,399.6151123046875,678.2442626953125,474.41302490234375
529,player,112,549.20263671875,470.9693603515625,478.433837890625,623.5011596679688
529,player,97,538.932861328125,520.6218872070312,449.49200439453125,742.0042724609375
529,player,102,94.02919006347656,420.13897705078125,129.87115478515625,361.2488098144531
529,ball,-1,1002.8414916992188,365.0356140136719,1171.1270751953125,199.80194091796875
530,player,99,295.3712463378906,534.0072021484375,275.7565612792969,700.801025390625
530,player,66,563.788818359375,406.60791015625,538.4122924804688,435.275146484375
530,player,83,863.5870361328125,451.63836669921875,736.1609497070312,656.9852905273438
530,player,97,537.5518798828125,527.0687866210938,445.52642822265625,747.677978515625
530,player,102,86.29658508300781,421.29840087890625,123.2548828125,358.71942138671875
530,player,112,548.7718505859375,470.40533447265625,477.5863037109375,624.9744873046875
530,player,88,713.9329223632812,397.8931884765625,675.0760498046875,469.98162841796875
530,ball,-1,1002.92138671875,365.9273681640625,1171.1270751953125,199.80194091796875
531,player,99,289.1993408203125,534.7030639648438,270.8219299316406,706.8899536132812
531,player,66,561.532958984375,404.3642578125,535.7470092773438,436.15155029296875
531,player,102,82.98845672607422,419.83563232421875,117.89971923828125,354.9667663574219
531,player,112,547.8922729492188,473.7593994140625,476.1195068359375,628.872314453125
531,player,83,862.86083984375,453.4755859375,734.7637939453125,659.7152099609375
531,player,88,706.2835693359375,399.3969421386719,670.1388549804688,468.03271484375
531,player,113,688.9611206054688,400.14581298828125,645.1791381835938,461.72100830078125
531,ball,-1,1003.3135375976562,365.71099853515625,1171.1270751953125,199.80194091796875
532,player,99,284.36572265625,536.5999755859375,266.31060791015625,711.9148559570312
532,player,66,557.132080078125,403.63153076171875,532.8721313476562,435.4106750488281
532,player,112,547.9298706054688,472.3600769042969,475.45855712890625,630.1542358398438
532,player,83,863.0260009765625,454.88519287109375,733.3775024414062,662.7686767578125
532,player,102,80.14170837402344,420.99951171875,113.58245849609375,353.63787841796875
532,player,113,682.0411376953125,400.82135009765625,642.8428344726562,461.77685546875
532,player,97,540.8528442382812,517.3411254882812,445.38916015625,744.24169921875
532,player,114,517.535400390625,530.2718505859375,422.73406982421875,760.4951171875
532,player,115,61.0218505859375,419.83282470703125,88.69307708740234,341.45233154296875
532,ball,-1,1003.1187744140625,365.12298583984375,1171.1270751953125,199.80194091796875
533,player,99,278.51409912109375,536.8381958007812,261.929931640625,714.8978271484375
533,player,66,554.7001953125,403.83331298828125,530.20849609375,434.910888671875
533,player,102,78.51899719238281,425.0928955078125,110.4110107421875,357.5027160644531
533,player,112,547.9735717773438,471.04449462890625,475.3075256347656,629.8057250976562
533,player,83,864.5891723632812,457.1015625,732.0806274414062,666.8682861328125
533,player,97,535.6677856445312,505.21002197265625,446.0956115722656,732.0254516601562
533,player,113,677.9216918945312,400.05523681640625,640.3394775390625,460.5046081542969
533,player,116,883.79833984375,401.26690673828125,811.3128662109375,522.65478515625
533,player,75,868.177978515625,415.30889892578125,759.3299560546875,566.4015502929688
533,player,110,561.9381103515625,395.7706298828125,551.256591796875,423.00146484375
533,player,115,63.78683090209961,424.9175109863281,89.75162506103516,347.8588562011719
533,player,117,56.46255111694336,422.2845458984375,85.01251983642578,348.5809020996094
533,ball,-1,1003.1748046875,365.07257080078125,1171.1270751953125,199.80194091796875
534,player,99,274.6529541015625,535.243896484375,258.2271728515625,715.3081665039062
534,player,66,554.2041015625,395.847900390625,530.489013671875,425.07373046875
534,player,102,76.85624694824219,427.85870361328125,107.93513488769531,363.109130859375
534,player,110,552.5104370117188,401.8563232421875,542.0181274414062,424.3023986816406
534,player,83,868.1571044921875,458.27392578125,731.765625,670.8903198242188
534,player,97,529.9183349609375,504.1580810546875,445.2781677246094,722.7581176757812
534,player,116,883.1719970703125,397.8865966796875,812.71240234375,518.8695068359375
534,player,114,511.08123779296875,523.1743774414062,422.2503662109375,754.640380859375
534,player,75,872.0042724609375,399.96875,774.6048583984375,548.459228515625
534,ball,-1,1003.181640625,365.2958984375,1171.1270751953125,199.80194091796875
535,player,102,73.42124938964844,429.720703125,105.35269927978516,368.5823974609375
535,player,66,551.3276977539062,396.69818115234375,529.5484619140625,419.39666748046875
535,player,99,270.7027282714844,534.8959350585938,254.86880493164062,714.9921875
535,player,83,867.663330078125,456.85028076171875,731.9530029296875,672.20068359375
535,player,97,528.01708984375,491.73883056640625,446.4549560546875,706.3197021484375
535,player,116,883.8231811523438,397.8504638671875,813.8345947265625,516.43603515625
535,ball,-1,1002.7557373046875,365.3680419921875,1171.1270751953125,199.80194091796875
536,player,99,260.71551513671875,535.5308227539062,250.19564819335938,714.4786376953125
536,player,66,548.4952392578125,394.8985595703125,528.550537109375,413.23553466796875
536,player,102,67.0439682006836,429.8660888671875,101.76042175292969,371.6614990234375
536,player,97,521.9173583984375,484.70977783203125,446.89910888671875,689.103271484375
536,player,116,886.962646484375,402.03997802734375,813.5336303710938,519.7786865234375
536,player,83,862.0684814453125,457.54119873046875,730.3151245117188,673.1624145507812
536,player,118,243.1350860595703,536.6533203125,229.01626586914062,711.98876953125
536,ball,-1,1003.286865234375,364.67572021484375,1171.1270751953125,199.80194091796875
537,player,102,63.14556121826172,430.485107421875,98.27701568603516,373.9888916015625
537,player,99,255.4512939453125,535.1281127929688,245.8834991455078,713.414306640625
537,player,66,545.1847534179688,395.33734130859375,526.755615234375,409.408935546875
537,player,116,889.1426391601562,399.6072998046875,815.130859375,519.5123901367188
537,player,83,861.686279296875,456.9173583984375,729.3760986328125,673.1997680664062
537,player,114,496.93084716796875,531.5173950195312,417.21026611328125,755.9835205078125
537,player,118,239.98484802246094,536.80419921875,228.23558044433594,711.8538818359375
537,player,97,507.1243896484375,513.373779296875,438.5135498046875,700.3256225585938
537,player,112,525.8858032226562,476.717041015625,468.18585205078125,632.703857421875
537,ball,-1,1003.5792236328125,364.73931884765625,1171.1270751953125,199.80194091796875
538,player,102,58.79902267456055,430.20782470703125,94.69384765625,374.73675537109375
538,player,66,545.114990234375,394.72003173828125,525.7342529296875,406.166748046875
538,player,116,890.12890625,397.887939453125,817.2803955078125,517.544189453125
538,player,99,249.22695922851562,534.8599243164062,241.5609893798828,712.01806640625
538,player,83,861.04248046875,458.65155029296875,727.9591674804688,674.7017822265625
538,player,97,505.18963623046875,532.1513061523438,429.69891357421875,721.8023681640625
539,player,102,57.70704650878906,432.5638427734375,92.13822174072266,377.8509521484375
539,player,66,545.3950805664062,394.157958984375,525.3099365234375,403.4070129394531
539,player,99,243.5032501220703,534.8173217773438,237.34307861328125,710.6199951171875
539,player,116,891.2046508789062,394.7230224609375,820.520263671875,512.8511962890625
539,player,83,860.5712280273438,458.4538269042969,726.9835815429688,675.4612426757812
539,player,97,503.1617431640625,532.9833984375,423.3531188964844,736.2176513671875
539,player,75,879.619384765625,397.88873291015625,787.784912109375,535.279052734375
539,player,114,493.4292907714844,532.1183471679688,412.994140625,757.0259399414062
540,player,102,55.24162292480469,435.6563720703125,89.87544250488281,383.1850280761719
540,player,66,544.43896484375,394.706787109375,524.5881958007812,402.1773376464844
540,player,116,892.2747192382812,390.50921630859375,825.0064697265625,505.1492614746094
540,player,99,237.22518920898438,533.8152465820312,233.09658813476562,708.4310913085938
540,player,83,859.8077392578125,458.87152099609375,725.9926147460938,676.2552490234375
540,player,114,493.0884704589844,534.1390380859375,409.88067626953125,759.1719970703125
540,player,117,32.061134338378906,434.29583740234375,78.25544738769531,360.2636413574219
540,player,75,875.5540161132812,398.393798828125,794.8953857421875,526.8536376953125
541,player,99,233.2451171875,532.11865234375,229.42315673828125,705.3651733398438
541,player,116,893.2901611328125,392.7027282714844,827.1547241210938,502.7381591796875
541,player,66,544.6553344726562,394.65020751953125,524.2015991210938,401.33251953125
541,player,83,859.0372924804688,460.13775634765625,724.6834106445312,677.8170776367188
541,player,102,52.51164245605469,435.36199951171875,87.57807922363281,386.0411376953125
541,player,114,491.97882080078125,533.2597045898438,407.7131652832031,759.829833984375
541,player,117,28.208864212036133,434.41015625,72.71762084960938,367.6011047363281
541,player,75,875.212890625,404.15191650390625,796.7579345703125,527.6494140625
541,player,119,10.889148712158203,430.41046142578125,46.80897521972656,362.8708190917969
541,player,97,499.87884521484375,496.180419921875,424.15087890625,716.39990234375
542,player,116,897.3291015625,394.4764404296875,828.9063720703125,503.5858154296875
542,player,99,228.39639282226562,532.9291381835938,225.802490234375,703.6162719726562
542,player,83,858.5281982421875,459.95513916015625,723.761962890625,678.6263427734375
542,player,66,542.2860107421875,396.49713134765625,522.718994140625,402.76324462890625
542,player,114,485.4753723144531,532.5051879882812,404.8292236328125,759.184326171875
542,player,119,7.966569423675537,431.33465576171875,45.99382019042969,363.6607360839844
542,player,117,8.990636825561523,437.365478515625,63.57371520996094,373.84149169921875
543,player,116,899.315673828125,394.66278076171875,830.5533447265625,504.55133056640625
543,player,66,541.7801513671875,394.64404296875,522.0950927734375,401.3990478515625
543,player,99,219.25233459472656,533.1688232421875,221.17724609375,701.93212890625
543,player,83,858.0337524414062,461.280029296875,722.5535888671875,680.2701416015625
543,player,117,7.075063705444336,437.2723388671875,57.05280303955078,377.5987243652344
543,player,114,483.0760803222656,533.973388671875,402.16552734375,759.6634521484375
543,player,97,478.12261962890625,486.85662841796875,420.523193359375,693.7158203125
543,player,102,19.830028533935547,432.993408203125,76.17739868164062,381.865966796875
543,player,119,12.729503631591797,438.93255615234375,47.423736572265625,373.4463806152344
544,player,99,215.02487182617188,533.0189819335938,217.12950134277344,700.38037109375
544,player,116,900.563720703125,395.19195556640625,831.74169921875,505.89947509765625
544,player,66,540.6837158203125,393.60430908203125,521.6282958984375,399.13037109375
544,player,83,857.1793212890625,458.6071472167969,722.5032958984375,678.9122314453125
544,player,114,481.42840576171875,534.1201782226562,400.01348876953125,759.9534912109375
544,player,113,649.7847900390625,402.92724609375,629.21240234375,460.0531311035156
544,player,102,16.932331085205078,438.52044677734375,68.26367950439453,385.22991943359375
545,player,99,211.86595153808594,531.4456176757812,213.76748657226562,697.8816528320312
545,player,116,901.225830078125,394.86468505859375,832.87353515625,506.47882080078125
545,player,83,856.6258544921875,457.6000061035156,722.6871337890625,677.08837890625
545,player,113,646.41015625,403.6044921875,620.739013671875,460.1850280761719
545,player,66,538.4140625,390.95849609375,521.330810546875,394.16748046875
545,player,97,477.19268798828125,467.571533203125,421.1219482421875,661.585693359375
545,player,114,473.4981689453125,535.5636596679688,396.49267578125,760.5833129882812
545,player,102,16.44283103942871,435.4755859375,62.772422790527344,383.874267578125
545,player,120,549.3253784179688,636.329833984375,401.72833251953125,958.6619262695312
546,player,99,204.3402099609375,531.8629760742188,209.70065307617188,695.9793090820312
546,player,83,856.4429321289062,457.270263671875,722.877197265625,675.59375
546,player,66,534.8032836914062,390.08929443359375,520.240478515625,389.4775390625
546,player,116,905.3427734375,394.4317626953125,835.06298828125,506.7977600097656
546,player,97,470.02362060546875,467.79400634765625,419.52471923828125,640.2600708007812
546,player,113,644.9168090820312,401.1842041015625,615.5616455078125,457.3358459472656
546,player,119,14.187408447265625,436.65216064453125,48.63227081298828,377.34326171875
546,player,114,468.81182861328125,533.5611572265625,393.33489990234375,759.1414794921875
546,player,120,543.275146484375,634.101318359375,400.7366943359375,957.060791015625
547,player,99,198.444580078125,535.0189208984375,205.50778198242188,696.7437133789062
547,player,119,13.365259170532227,437.0283203125,49.19828414916992,380.22576904296875
547,player,83,857.7529907226562,456.97637939453125,723.4605712890625,674.47900390625
547,player,116,906.7552490234375,397.334228515625,835.48876953125,510.37744140625
547,player,113,642.3262329101562,399.12518310546875,612.076904296875,452.82568359375
547,player,66,531.9592895507812,389.7771301269531,518.7228393554688,385.73455810546875
547,player,97,467.19525146484375,487.4151611328125,414.5570068359375,643.7621459960938
547,player,114,471.5115966796875,535.6437377929688,391.65911865234375,759.958251953125
547,player,120,542.9012451171875,636.03076171875,399.7823486328125,957.0382690429688
547,player,112,508.11431884765625,384.8503112792969,478.64837646484375,535.0374755859375
547,player,121,920.1077270507812,396.123291015625,849.4295043945312,517.1266479492188
548,player,99,194.65625,537.5523681640625,201.78208923339844,698.907958984375
548,player,83,857.72119140625,456.84674072265625,723.8784790039062,673.6362915039062
548,player,113,640.39599609375,406.1014404296875,606.989013671875,457.70782470703125
548,player,119,11.170997619628906,435.95587158203125,48.83769226074219,380.64508056640625
548,player,66,528.3079833984375,390.292724609375,516.45263671875,383.54644775390625
548,player,116,907.1851806640625,395.1217041015625,836.9783935546875,510.29296875
548,player,114,470.3131408691406,535.1567993164062,390.3443603515625,760.0355224609375
548,player,112,503.4124755859375,387.88470458984375,483.1857604980469,474.8836669921875
548,player,120,539.1617431640625,633.6619873046875,398.6651611328125,955.495849609375
549,player,99,189.15972900390625,544.238525390625,197.8548583984375,705.007080078125
549,player,66,525.8469848632812,390.8778076171875,514.0506591796875,382.5830383300781
549,player,83,858.5823364257812,457.34619140625,724.1998901367188,673.609619140625
549,player,116,917.060302734375,396.87603759765625,840.048583984375,513.2032470703125
549,player,119,8.889184951782227,436.9609375,47.992950439453125,381.84539794921875
549,player,113,628.473388671875,406.40972900390625,599.9943237304688,460.004150390625
549,player,102,11.505836486816406,433.53302001953125,57.59177017211914,380.24322509765625
549,player,112,501.0711975097656,388.1541748046875,485.32769775390625,435.8678894042969
549,player,114,464.34564208984375,537.3540649414062,387.75335693359375,761.2350463867188
549,player,120,537.6031494140625,634.436279296875,397.52117919921875,954.8106689453125
550,player,99,184.302490234375,547.4950561523438,194.0518341064453,711.050537109375
550,player,66,521.8359375,391.953857421875,510.9521484375,382.853515625
550,player,116,921.53759765625,396.31109619140625,843.66748046875,514.9315185546875
550,player,83,859.0552978515625,457.78350830078125,724.376708984375,674.0223999023438
550,player,114,459.52349853515625,539.1109619140625,384.6768493652344,762.92431640625
550,player,117,7.371680736541748,434.88421630859375,52.73099899291992,377.3158264160156
550,player,113,611.3462524414062,409.53497314453125,589.3587646484375,463.27008056640625
550,player,102,11.406774520874023,435.1819763183594,54.30998992919922,379.786376953125
550,player,97,444.65496826171875,541.794921875,398.1822509765625,687.3629150390625
550,player,120,535.126953125,635.8661499023438,396.092041015625,954.9760131835938
550,player,121,922.1546630859375,391.4408874511719,852.4027099609375,512.1068725585938
550,player,112,498.2242431640625,389.98291015625,485.3688659667969,412.4916076660156
551,player,99,177.55545043945312,553.1458129882812,189.84402465820312,718.6676025390625
551,player,66,517.821044921875,391.169189453125,507.8831787109375,381.62725830078125
551,player,116,924.970703125,402.0687255859375,844.2030029296875,522.6963500976562
551,player,83,858.916748046875,458.4989929199219,724.1942138671875,674.9112548828125
551,player,97,449.31915283203125,539.7921142578125,388.90765380859375,714.6074829101562
551,player,102,12.332684516906738,434.8288269042969,52.429325103759766,379.174072265625
551,player,119,12.236578941345215,433.39080810546875,48.194480895996094,378.83282470703125
551,player,112,496.48358154296875,390.0782775878906,484.8242492675781,397.2275085449219
551,player,113,606.697265625,412.37188720703125,580.2291259765625,468.09307861328125
551,player,117,7.584497928619385,436.8917236328125,50.1296501159668,379.4708251953125
552,player,97,448.03045654296875,540.4088745117188,382.4923095703125,732.6661987304688
552,player,66,513.1873779296875,387.94879150390625,505.260009765625,376.31207275390625
552,player,83,857.7457275390625,458.676513671875,723.6966552734375,675.5409545898438
552,player,99,172.65658569335938,552.7847900390625,185.9369354248047,722.9713134765625
552,player,116,928.012939453125,393.60400390625,849.6768798828125,518.7633056640625
552,player,113,603.8950805664062,414.342041015625,572.896484375,473.1290283203125
552,player,112,493.7995910644531,389.33367919921875,483.806396484375,386.0823974609375
552,player,102,10.554043769836426,433.5845031738281,50.586761474609375,377.1517028808594
552,player,119,11.346770286560059,432.802734375,48.01701354980469,376.09881591796875
552,player,117,7.178747177124023,434.22283935546875,48.125301361083984,377.74566650390625
553,player,66,510.6253662109375,387.41357421875,502.8831481933594,371.9048767089844
553,player,116,929.9364013671875,392.26348876953125,854.4986572265625,514.9061279296875
553,player,99,164.38319396972656,553.6812744140625,181.39523315429688,725.791015625
553,player,83,858.1968994140625,459.2275390625,723.2947998046875,676.476806640625
553,player,113,598.7677612304688,414.86895751953125,566.4578857421875,476.46612548828125
553,player,97,446.5619812011719,541.35400390625,377.8527526855469,744.978515625
553,player,114,437.96710205078125,542.03955078125,377.1220397949219,764.4754028320312
553,player,102,10.882795333862305,434.07757568359375,49.52246856689453,376.4438171386719
553,player,119,11.569538116455078,433.36614990234375,48.0081672668457,375.00128173828125
553,player,112,491.9837646484375,388.4015197753906,482.79864501953125,377.4688415527344
554,player,66,506.40960693359375,385.71630859375,500.4376525878906,366.43280029296875
554,player,99,156.4813232421875,558.5426635742188,176.49746704101562,730.5884399414062
554,player,116,933.859619140625,396.8515625,856.482666015625,517.9020385742188
554,player,83,858.494140625,459.88116455078125,722.8770141601562,677.6870727539062
554,player,113,594.8126220703125,415.074462890625,561.0405883789062,478.462646484375
554,player,114,442.0614013671875,541.1206665039062,373.3067932128906,765.1336669921875
554,player,102,10.443620681762695,432.86309814453125,48.61305618286133,374.52490234375
554,player,119,11.130422592163086,432.984619140625,47.843719482421875,373.79864501953125
554,player,122,613.4686889648438,413.95428466796875,567.7269897460938,484.02362060546875
555,player,99,149.8958740234375,556.8728637695312,171.7535400390625,731.9762573242188
555,player,66,501.95361328125,384.19610595703125,497.8191223144531,360.448974609375
555,player,83,858.2496337890625,461.6612854003906,721.8992919921875,680.01220703125
555,player,116,939.6982421875,395.1013488769531,860.4120483398438,518.519287109375
555,player,122,604.5662841796875,414.6968994140625,564.8685913085938,483.94354248046875
555,player,114,437.4319152832031,536.0179443359375,370.32281494140625,761.4471435546875
555,player,119,10.945959091186523,434.4310302734375,47.783260345458984,374.6810302734375
555,player,102,9.956585884094238,434.69097900390625,48.00532531738281,375.35467529296875
555,player,97,438.6021728515625,477.83380126953125,381.341064453125,700.847412109375
556,player,99,141.07461547851562,559.97314453125,166.54660034179688,734.469482421875
556,player,66,495.5792236328125,383.08984375,494.3636169433594,354.43719482421875
556,player,83,858.5098266601562,463.11724853515625,720.8121337890625,682.8153076171875
556,player,114,431.7281494140625,539.3739624023438,366.60198974609375,761.0797119140625
556,player,116,942.9266967773438,390.1834716796875,866.485595703125,513.760498046875
556,player,122,597.6173095703125,412.9256591796875,561.4444580078125,481.22515869140625
556,player,97,427.7561950683594,483.9072265625,379.8487548828125,676.6351928710938
557,player,66,491.713134765625,383.6429443359375,490.744873046875,350.814453125
557,player,99,135.740966796875,560.0655517578125,161.89047241210938,735.7481689453125
557,player,83,859.589111328125,463.8565673828125,720.1290893554688,685.3745727539062
557,player,97,407.9511413574219,486.9866027832031,373.2272033691406,661.8848876953125
557,player,122,591.1557006835938,414.950927734375,556.7296142578125,481.050048828125
557,player,116,948.06103515625,389.8390197753906,872.1712646484375,510.814697265625
557,player,114,443.14422607421875,541.7501220703125,366.65350341796875,763.4691162109375
557,player,123,425.56231689453125,488.5050048828125,373.61279296875,642.662109375
557,player,112,482.17425537109375,365.96087646484375,484.6260070800781,341.0651550292969
558,player,99,131.63119506835938,559.4363403320312,157.88417053222656,735.8038330078125
558,player,66,484.4024658203125,383.54669189453125,486.08197021484375,347.529296875
558,player,83,860.4127197265625,464.4954833984375,719.6764526367188,687.6640014648438
558,player,97,403.64044189453125,491.31475830078125,367.239990234375,655.7025146484375
558,player,116,948.83837890625,386.5982666015625,877.8255004882812,505.300048828125
558,player,122,586.3892822265625,411.576416015625,553.177490234375,476.6947937011719
558,player,123,425.65325927734375,483.864990234375,374.27386474609375,638.5932006835938
558,player,114,436.547119140625,540.9929809570312,365.1890563964844,763.9562377929688
559,player,99,129.08053588867188,561.1386108398438,154.6726837158203,736.886962890625
559,player,66,483.802978515625,382.3436279296875,483.15277099609375,343.7739562988281
559,player,83,860.5811767578125,464.50262451171875,719.4244384765625,689.1732177734375
559,player,123,420.3961181640625,540.8279418945312,366.2667541503906,681.4049072265625
559,player,116,952.71484375,385.68292236328125,883.1766357421875,501.07586669921875
559,player,122,583.1138916015625,415.30157470703125,548.870361328125,477.6802978515625
560,player,99,123.46268463134766,560.75244140625,151.2462615966797,736.8787841796875
560,player,66,483.64019775390625,378.95074462890625,482.03131103515625,336.8895263671875
560,player,83,860.322021484375,464.5601806640625,719.1712646484375,690.1810302734375
560,player,114,425.40643310546875,542.1565551757812,361.4188232421875,764.2528076171875
560,player,116,957.3721923828125,387.4974670410156,887.0975952148438,500.8922424316406
560,player,123,416.05902099609375,536.8189697265625,360.4622802734375,705.9343872070312
560,player,97,396.42193603515625,487.2568359375,361.95330810546875,647.5121459960938
560,player,122,578.95068359375,411.52386474609375,545.8565673828125,473.6868896484375
560,ball,-1,550.6141357421875,327.1332092285156,1171.1270751953125,199.80194091796875
561,player,66,480.8520202636719,379.91571044921875,480.16607666015625,333.3690490722656
561,player,99,123.7811279296875,560.6571044921875,149.09469604492188,736.8282470703125
561,player,83,860.3060913085938,465.28070068359375,718.746337890625,691.4566040039062
561,player,114,421.59442138671875,538.140869140625,358.504638671875,761.2003173828125
561,player,116,962.7969970703125,382.28558349609375,894.151123046875,495.3594055175781
561,player,97,396.07086181640625,500.67047119140625,356.80816650390625,653.700927734375
561,player,122,579.446533203125,412.52593994140625,543.7728881835938,472.26544189453125
562,player,66,478.29632568359375,380.40966796875,478.0107116699219,331.4422302246094
562,player,83,860.6900634765625,466.1251220703125,718.2724609375,693.04638671875
562,player,99,119.2065200805664,559.837158203125,146.6019287109375,735.8444213867188
562,player,123,410.29388427734375,506.5936279296875,358.7814025878906,697.7958984375
562,player,116,967.24951171875,387.0223388671875,897.49560546875,497.67340087890625
562,player,97,389.6059265136719,494.47357177734375,352.5145263671875,651.9024047851562
562,player,122,574.85302734375,412.91192626953125,540.9415283203125,471.3060302734375
562,player,114,418.55364990234375,539.6021728515625,355.7093200683594,760.0552368164062
563,player,123,409.0694580078125,536.552978515625,353.9277648925781,715.8399047851562
563,player,66,477.15301513671875,381.19805908203125,476.051513671875,331.09161376953125
563,player,83,859.718994140625,466.0020751953125,717.7506713867188,693.8883666992188
563,player,122,570.3839721679688,411.0986022949219,538.2505493164062,468.190185546875
563,player,99,114.17518615722656,556.8782348632812,143.76116943359375,732.6380004882812
563,player,116,971.0887451171875,385.39788818359375,901.731201171875,497.72967529296875
564,player,99,105.95945739746094,556.1121826171875,139.9357147216797,729.349853515625
564,player,83,858.7099609375,466.32965087890625,717.0283203125,694.6282958984375
564,player,66,474.00390625,380.8526306152344,473.84893798828125,330.0628967285156
564,player,122,563.5419311523438,409.92889404296875,534.7586059570312,464.1412353515625
564,player,123,406.397705078125,534.1338500976562,350.3868408203125,725.548583984375
564,player,116,975.00048828125,385.30279541015625,905.7312622070312,498.06988525390625
564,player,97,384.9278259277344,498.55462646484375,348.0355529785156,653.8204345703125
564,player,124,378.48687744140625,493.238525390625,336.6449890136719,642.7853393554688
565,player,99,100.36565399169922,557.2122192382812,136.11746215820312,727.59619140625
565,player,66,469.598388671875,380.50140380859375,471.0834655761719,328.4444885253906
565,player,83,859.591064453125,467.17218017578125,716.4949340820312,695.909423828125
565,player,122,562.241455078125,408.4246826171875,532.4971313476562,459.6634521484375
565,player,123,402.34686279296875,530.5258178710938,347.48748779296875,728.8111572265625
565,player,116,980.43359375,386.56939697265625,909.28564453125,500.30517578125
565,player,97,388.9010009765625,497.30718994140625,346.2983093261719,654.3451538085938
566,player,99,91.07501220703125,557.84033203125,131.41473388671875,726.2037353515625
566,player,83,859.44873046875,469.190673828125,715.4019775390625,698.4520263671875
566,player,66,467.89776611328125,379.7098388671875,468.9251403808594,326.1645202636719
566,player,122,562.115478515625,405.84735107421875,531.6790771484375,453.7811279296875
566,player,116,986.9603271484375,386.390625,913.68212890625,502.2406005859375
566,player,123,400.76312255859375,535.5380249023438,344.67486572265625,734.5864868164062
567,player,83,859.4447631835938,466.912841796875,715.490478515625,698.1597900390625
567,player,99,83.18305969238281,559.2288818359375,126.48934173583984,725.7172241210938
567,player,116,993.9505615234375,386.25372314453125,918.743896484375,504.0773010253906
567,player,66,465.0379638671875,378.3895263671875,466.91009521484375,322.6219482421875
567,player,123,402.53692626953125,541.1488037109375,342.6817626953125,742.6399536132812
567,player,122,558.9600830078125,408.9923095703125,529.3554077148438,453.2395324707031
567,player,124,366.59600830078125,526.0016479492188,330.1977233886719,668.6685180664062
567,player,97,392.0235900878906,524.6341552734375,342.9183349609375,677.1728515625
568,player,83,859.8740234375,468.92694091796875,714.9535522460938,699.7277221679688
568,player,122,553.0673828125,416.05596923828125,524.25537109375,460.2332763671875
568,player,123,399.1730651855469,540.1680297851562,340.67626953125,746.8895263671875
568,player,99,81.50909423828125,559.3048095703125,122.88832092285156,725.3280029296875
568,player,116,997.1123046875,387.50506591796875,922.2903442382812,507.0162658691406
568,player,66,461.32000732421875,377.3154296875,464.6484375,318.4774475097656
568,player,124,366.3648376464844,521.5123901367188,326.3847961425781,681.9588623046875
569,player,83,860.4124755859375,471.33221435546875,713.9070434570312,702.8319091796875
569,player,122,548.4391479492188,418.31414794921875,519.0006103515625,466.80902099609375
569,player,116,1001.3448486328125,390.36962890625,924.270751953125,512.5740356445312
569,player,99,75.84642028808594,561.137939453125,119.22930908203125,725.9910888671875
569,player,123,402.4317626953125,540.4300537109375,340.13311767578125,750.1000366210938
569,player,124,363.950439453125,512.3234252929688,324.2050476074219,683.0375366210938
569,player,66,458.3345947265625,373.5566711425781,463.08966064453125,310.4051208496094
570,player,83,860.22314453125,473.30072021484375,712.4954833984375,706.4882202148438
570,player,99,72.15274047851562,563.076904296875,116.01116943359375,727.5616455078125
570,player,122,544.6380615234375,420.631591796875,513.8914184570312,473.2433166503906
570,player,116,1004.2421875,390.5662841796875,926.3216552734375,516.7058715820312
570,player,66,458.51715087890625,376.17547607421875,461.52142333984375,308.7007141113281
570,player,123,406.0555114746094,536.533203125,341.0757141113281,749.585205078125
570,player,124,360.85101318359375,500.289306640625,323.20977783203125,673.481689453125
570,player,97,385.2545166015625,519.9754028320312,339.5311279296875,687.812744140625
570,player,125,522.307861328125,416.9150695800781,488.0350341796875,467.06353759765625
571,player,83,858.9368286132812,474.04986572265625,710.9835205078125,709.380126953125
571,player,97,386.00372314453125,548.80908203125,334.59405517578125,716.5218505859375
571,player,99,67.79153442382812,563.0289306640625,112.879150390625,728.213134765625
571,player,116,1007.4158935546875,392.15106201171875,927.7243041992188,521.4737548828125
571,player,122,539.517822265625,422.71307373046875,508.56048583984375,479.17962646484375
571,player,66,453.98931884765625,376.81500244140625,458.8823547363281,307.9368896484375
571,player,124,358.82855224609375,528.25244140625,319.329345703125,689.7398681640625
572,player,83,858.3052368164062,473.31390380859375,710.0885620117188,710.589111328125
572,player,97,379.3041687011719,538.173828125,330.8041687011719,726.8736572265625
572,player,116,1010.090087890625,392.0572509765625,929.49169921875,524.7457275390625
572,player,99,66.91344451904297,561.6427612304688,110.600830078125,727.55126953125
572,player,122,531.840576171875,422.01116943359375,503.0028076171875,481.5097961425781
572,player,66,443.18438720703125,374.17279052734375,454.24542236328125,302.66656494140625
572,player,123,400.91680908203125,537.8558349609375,340.2981872558594,749.8296508789062
572,player,125,513.50390625,420.5352783203125,484.58935546875,470.18359375
572,player,124,362.11920166015625,524.1416625976562,318.00860595703125,697.3763427734375
572,player,126,426.26483154296875,375.35235595703125,429.0982360839844,291.9522399902344
573,player,83,857.546142578125,475.0726318359375,708.7052612304688,712.77880859375
573,player,97,375.79986572265625,539.5309448242188,327.35906982421875,734.336181640625
573,player,99,65.37350463867188,559.0990600585938,108.68927001953125,725.1224365234375
573,player,123,392.8099365234375,539.0204467773438,337.70489501953125,750.2152099609375
573,player,116,1012.20751953125,392.57000732421875,930.9891967773438,527.6556396484375
573,player,126,412.10546875,375.69427490234375,424.40087890625,290.80926513671875
573,player,66,423.22869873046875,376.7563781738281,444.1585388183594,300.4657897949219
573,player,125,508.18280029296875,423.5381774902344,480.10986328125,474.9653015136719
574,player,83,856.7220458984375,472.82586669921875,708.3610229492188,712.251220703125
574,player,99,63.401649475097656,559.93994140625,106.99529266357422,724.014892578125
574,player,126,410.45159912109375,374.97113037109375,420.95208740234375,288.8976135253906
574,player,116,1014.8262329101562,395.3841552734375,931.177734375,532.8916015625
574,player,123,391.2586669921875,540.5183715820312,335.4909973144531,751.4517822265625
574,player,125,501.19927978515625,424.3448486328125,474.9687805175781,478.25518798828125
574,player,97,369.81793212890625,539.8611450195312,323.6380920410156,738.9620361328125
574,player,124,344.43939208984375,484.98162841796875,316.4276428222656,668.0297241210938
574,player,122,524.1268310546875,427.0257568359375,495.97198486328125,487.67218017578125
575,player,83,856.3125,471.12066650390625,708.6181030273438,710.43603515625
575,player,99,59.8913459777832,560.9427490234375,105.08010864257812,723.76611328125
575,player,126,409.490234375,374.79443359375,418.4310302734375,287.3055114746094
575,player,124,335.6827087402344,482.5457763671875,313.3048095703125,645.985595703125
575,player,123,387.60296630859375,545.7506713867188,332.6490478515625,755.8004150390625
575,player,125,495.57586669921875,426.33343505859375,469.552978515625,481.98895263671875
575,player,116,1018.2791748046875,403.9169921875,927.6593017578125,545.752197265625
576,player,83,855.2113037109375,470.67132568359375,708.651123046875,708.780029296875
576,player,99,54.31050109863281,561.6846313476562,102.5213623046875,723.7225952148438
576,player,126,410.82562255859375,374.7652587890625,417.235595703125,286.3828125
576,player,124,341.127685546875,491.20306396484375,311.8803405761719,639.8609619140625
576,player,125,489.378662109375,424.43450927734375,464.6122131347656,481.7413024902344
576,player,123,384.203857421875,545.0272216796875,330.056396484375,757.8370361328125
576,player,97,363.9993896484375,534.7713623046875,320.2757873535156,737.6966552734375
576,player,116,1022.445068359375,406.2321472167969,925.3486938476562,556.9439086914062
577,player,83,853.5693359375,470.8680114746094,708.1727294921875,707.7266845703125
577,player,116,1023.5177001953125,393.7871398925781,931.0003662109375,551.0821533203125
577,player,124,333.53875732421875,486.06341552734375,309.43951416015625,630.65771484375
577,player,99,50.942787170410156,562.5690307617188,100.07965087890625,724.0872192382812
577,player,126,412.6877746582031,374.3494873046875,417.1528015136719,285.4290771484375
577,player,123,382.6056823730469,532.396240234375,329.23272705078125,749.645751953125
577,player,125,484.55474853515625,426.39129638671875,459.5796813964844,483.2249450683594
578,player,83,852.2308959960938,471.3695068359375,707.3372192382812,707.349365234375
578,player,116,1024.392333984375,392.61553955078125,935.5979614257812,546.080810546875
578,player,126,410.49554443359375,374.709716796875,416.3078308105469,285.050048828125
578,player,99,47.96820068359375,561.4436645507812,97.74734497070312,723.265380859375
578,player,124,329.4608154296875,486.13775634765625,306.761962890625,624.3844604492188
578,player,125,491.37017822265625,423.8116760253906,458.8462829589844,482.0641784667969
578,player,97,381.00177001953125,551.5439453125,320.625,750.5214233398438
578,player,123,357.752197265625,537.6869506835938,322.12286376953125,746.341064453125
579,player,126,410.58099365234375,375.5085144042969,415.62603759765625,285.898193359375
579,player,83,850.4320068359375,471.69525146484375,706.209716796875,707.222412109375
579,player,99,42.018646240234375,561.194091796875,94.79959869384766,722.0882568359375
579,player,124,321.36981201171875,489.71630859375,302.55230712890625,622.7902221679688
579,player,116,1028.519775390625,389.0910949707031,941.8438720703125,539.3678588867188
579,player,125,482.5062255859375,423.121826171875,455.90069580078125,479.670166015625
579,player,97,378.1871337890625,536.8709106445312,321.57958984375,747.9122314453125
579,ball,-1,477.29296875,328.000732421875,1171.1270751953125,199.80194091796875
580,player,99,35.537071228027344,563.4483032226562,91.41214752197266,722.489501953125
580,player,83,848.6727294921875,472.84759521484375,704.6216430664062,707.9580078125
580,player,116,1031.0751953125,389.02032470703125,946.715576171875,535.19140625
580,player,124,316.497802734375,491.5938720703125,298.3669738769531,622.99072265625
580,player,126,406.76861572265625,376.13336181640625,413.81243896484375,286.86346435546875
580,player,97,363.2716064453125,522.9957885742188,319.86761474609375,734.3834228515625
580,player,125,480.70831298828125,421.86175537109375,453.714599609375,476.5489501953125
580,player,123,380.8607482910156,614.5264892578125,316.4041748046875,797.0457763671875
581,player,83,844.4967651367188,473.8961181640625,702.1400756835938,708.9542236328125
581,player,124,308.72113037109375,491.8685302734375,293.5736389160156,622.6882934570312
581,player,97,364.6885986328125,540.8040771484375,317.4388122558594,739.2896728515625
581,player,126,403.9779052734375,375.215087890625,411.90167236328125,285.9287109375
581,player,116,1032.7423095703125,385.78900146484375,952.2723388671875,529.03857421875
581,player,127,1047.385009765625,388.2095947265625,971.1771850585938,529.707763671875
581,player,99,25.524906158447266,561.5745849609375,86.74635314941406,720.5951538085938
581,player,125,477.7655029296875,420.2547607421875,451.75250244140625,472.44708251953125
582,player,97,362.44793701171875,541.26806640625,315.2756042480469,742.6467895507812
582,player,83,842.5328369140625,473.82891845703125,700.0354614257812,709.3748168945312
582,player,124,307.2387390136719,490.21771240234375,290.2015075683594,620.9014892578125
582,player,116,1034.787353515625,385.11346435546875,956.9034423828125,524.4927978515625
582,player,126,400.73895263671875,371.6338806152344,410.2990417480469,280.04278564453125
582,player,99,27.75796890258789,559.5017700195312,84.16783905029297,717.9932861328125
582,player,125,469.9028015136719,419.87530517578125,448.2191162109375,468.5667724609375
582,player,128,329.2674560546875,501.4630126953125,297.6778869628906,650.9135131835938
583,player,83,841.7884521484375,474.45452880859375,698.262451171875,710.1082763671875
583,player,97,360.572265625,539.1980590820312,313.60107421875,743.1436767578125
583,player,124,303.0848388671875,490.9100341796875,286.8561096191406,619.9926147460938
583,player,125,440.65484619140625,422.23175048828125,436.7870178222656,465.7200927734375
583,player,116,1038.4893798828125,389.5301513671875,958.4429931640625,526.8575439453125
583,player,126,399.8243103027344,378.55206298828125,407.6173400878906,285.5311584472656
583,player,99,14.002796173095703,558.9905395507812,79.1632080078125,714.8544921875
583,player,129,308.79248046875,297.14288330078125,353.5582275390625,-120.24288940429688
583,player,128,351.12384033203125,526.256591796875,301.007568359375,672.9013671875
584,player,83,841.210205078125,474.16058349609375,697.0573120117188,710.2884521484375
584,player,97,359.39190673828125,538.9738159179688,312.2460632324219,743.2064819335938
584,player,99,12.4573974609375,541.9003295898438,74.75086975097656,699.5219116210938
584,player,128,328.0895690917969,525.4833984375,297.51470947265625,684.7263793945312
584,player,125,436.5256652832031,422.7187805175781,428.04376220703125,463.995361328125
584,player,124,298.07098388671875,494.19866943359375,283.1045837402344,621.8671264648438
584,player,116,1039.2696533203125,390.5108337402344,959.1082153320312,529.5582275390625
585,player,83,840.5155029296875,474.5791015625,695.9520263671875,710.6961669921875
585,player,97,359.8858642578125,537.6251831054688,311.6065979003906,742.2777099609375
585,player,124,295.8952331542969,496.0157470703125,279.9579162597656,624.4873046875
585,player,127,1047.15576171875,396.20843505859375,966.45947265625,538.4200439453125
585,player,125,463.0733642578125,422.044189453125,430.3516845703125,464.79254150390625
585,player,99,8.743315696716309,552.1476440429688,71.4563980102539,697.248291015625
586,player,97,358.18011474609375,537.2067260742188,310.81304931640625,741.2254028320312
586,player,83,839.887451171875,474.90484619140625,694.9603881835938,711.179443359375
586,player,124,294.8948669433594,498.94287109375,277.4338073730469,628.64501953125
586,player,127,1050.092529296875,399.2803955078125,962.5145263671875,547.66064453125
586,player,125,461.3218994140625,420.72528076171875,431.5907287597656,463.67230224609375
586,player,99,7.252283096313477,519.6422119140625,67.31243133544922,669.355224609375
586,player,126,398.67974853515625,380.75177001953125,405.08660888671875,291.9067077636719
587,player,97,355.1849670410156,538.627197265625,309.44207763671875,741.3693237304688
587,player,83,839.047119140625,475.9561767578125,693.7460327148438,712.299072265625
587,player,124,293.638671875,499.8035888671875,275.4028625488281,631.9823608398438
587,player,127,1050.6881103515625,397.96826171875,960.8717041015625,552.3322143554688
587,player,126,424.9230041503906,424.62158203125,403.66986083984375,351.95880126953125
587,player,99,7.617790222167969,513.9871215820312,64.40989685058594,646.3851318359375
588,player,97,352.9305419921875,537.4933471679688,308.1016845703125,740.4354248046875
588,player,83,838.737548828125,476.46722412109375,692.7062377929688,713.4259033203125
588,player,126,378.43170166015625,365.4504699707031,398.7135925292969,311.6936340332031
588,player,124,292.75634765625,497.98040771484375,273.98565673828125,632.5006713867188
588,player,125,450.89776611328125,423.54547119140625,428.76751708984375,465.0192565917969
588,player,127,1051.929443359375,401.645751953125,958.0888671875,559.385009765625
588,player,99,5.190023422241211,470.45013427734375,59.303321838378906,590.3658447265625
588,player,130,5.99492883682251,518.1596069335938,58.46613693237305,613.6295166015625
588,player,131,12.143327713012695,540.7709350585938,66.18111419677734,668.4146728515625
589,player,97,351.13201904296875,536.17919921875,306.906494140625,738.697265625
589,player,83,837.7445678710938,476.622314453125,691.7200927734375,714.20166015625
589,player,126,378.65875244140625,368.562255859375,394.99261474609375,289.9584655761719
589,player,127,1053.4072265625,403.83270263671875,955.488525390625,566.4036254882812
589,player,124,288.8414611816406,498.15728759765625,272.0293884277344,632.655029296875
589,player,132,380.1196594238281,416.6861572265625,366.51025390625,424.9869079589844
590,player,83,837.537109375,477.556640625,690.71630859375,715.4642944335938
590,player,127,1054.82666015625,393.94061279296875,959.8524169921875,560.610595703125
590,player,97,347.41845703125,536.5784301757812,305.18853759765625,737.5744018554688
590,player,126,372.01025390625,368.263916015625,390.41339111328125,274.638427734375
590,player,124,279.93408203125,494.02056884765625,268.7109375,628.371826171875
590,player,125,444.1070861816406,429.23583984375,423.8907775878906,471.42578125
591,player,83,836.877685546875,478.3466796875,689.6321411132812,716.8826904296875
591,player,127,1054.969970703125,393.01513671875,963.2709350585938,555.8561401367188
591,player,97,341.5445556640625,557.3333740234375,300.96551513671875,751.5372314453125
591,player,125,439.66033935546875,429.456787109375,419.3809814453125,475.3891906738281
591,player,126,365.388427734375,367.9888916015625,385.2770080566406,263.5220947265625
591,player,124,283.12188720703125,500.20574951171875,266.9669494628906,631.2523193359375
592,player,126,364.521484375,368.04254150390625,381.63970947265625,256.2715759277344
592,player,83,836.6453857421875,478.1820068359375,688.921142578125,717.6483764648438
592,player,127,1058.241455078125,391.39892578125,967.4197998046875,551.3411865234375
592,player,125,435.26019287109375,431.6251220703125,414.7854919433594,479.86383056640625
592,player,124,282.803466796875,554.5523681640625,262.3713684082031,675.9496459960938
592,player,97,322.3114318847656,543.9751586914062,294.64007568359375,749.4697265625
592,player,128,314.52545166015625,545.87255859375,290.3810729980469,706.835693359375
593,player,127,1055.056640625,396.9725036621094,965.9237060546875,554.1053466796875
593,player,83,835.6539306640625,477.5108642578125,688.4218139648438,717.50439453125
593,player,126,360.8663024902344,373.10723876953125,377.198486328125,258.228759765625
593,player,97,331.49945068359375,541.29052734375,292.9567565917969,746.8526000976562
593,player,124,273.28094482421875,547.956787109375,257.4704284667969,699.4552001953125
593,player,125,428.94451904296875,435.79315185546875,409.25653076171875,486.5877990722656
593,ball,-1,420.83038330078125,328.7951354980469,1171.1270751953125,199.80194091796875
594,player,83,835.3828735351562,476.6998291015625,688.2938842773438,716.7132568359375
594,player,97,333.900146484375,532.9060668945312,293.11676025390625,739.0123291015625
594,player,127,1054.680908203125,407.77972412109375,958.7657470703125,567.1732177734375
594,player,124,272.9566345214844,549.1146850585938,254.1439208984375,715.5614013671875
594,player,126,354.87469482421875,371.800537109375,372.54669189453125,256.9954528808594
594,player,125,422.3847961425781,434.9886474609375,403.8968811035156,489.4671936035156
594,player,116,1069.431884765625,394.1500244140625,966.43408203125,538.382568359375
594,ball,-1,417.72576904296875,327.56591796875,1171.1270751953125,199.80194091796875
595,player,83,833.4940185546875,480.0294494628906,686.62890625,718.79248046875
595,player,116,1062.4178466796875,390.12139892578125,971.485107421875,539.0153198242188
595,player,125,416.2325134277344,436.216552734375,398.433349609375,492.03900146484375
595,player,124,273.39508056640625,542.7435913085938,252.4365234375,721.3333740234375
595,player,97,326.7694091796875,536.3896484375,291.1964111328125,736.0006713867188
595,player,126,343.84783935546875,370.48895263671875,366.0736999511719,253.08314514160156
595,player,132,353.13079833984375,372.35186767578125,364.9320068359375,365.9559326171875
595,player,128,289.670654296875,545.7684326171875,279.7554931640625,719.191162109375
596,player,83,831.7862548828125,480.022216796875,685.106201171875,719.9915771484375
596,player,116,1063.9815673828125,399.599609375,969.6958618164062,549.7891845703125
596,player,124,271.6829528808594,549.1898193359375,250.56161499023438,729.738525390625
596,player,125,409.4857177734375,435.586669921875,393.028564453125,492.38568115234375
596,player,97,320.7703552246094,545.2806396484375,287.82220458984375,740.2147216796875
596,player,128,282.3377685546875,547.442626953125,270.98065185546875,727.887939453125
596,player,126,343.2294921875,371.6712646484375,361.47607421875,252.12774658203125
596,player,132,352.5281982421875,374.396240234375,363.3771667480469,330.35076904296875
597,player,83,828.4105224609375,479.60980224609375,683.3743896484375,720.141357421875
597,player,116,1066.0389404296875,397.8428955078125,970.15234375,555.1395263671875
597,player,128,292.537353515625,546.6395263671875,267.7831726074219,733.74267578125
597,player,125,403.844482421875,434.4476318359375,388.0556335449219,490.847412109375
597,player,126,343.23382568359375,370.26531982421875,358.7086181640625,249.53326416015625
597,player,124,259.7183532714844,494.34796142578125,249.4139404296875,690.0137329101562
598,player,83,825.985595703125,481.12957763671875,681.1304931640625,721.2819213867188
598,player,116,1078.3662109375,385.84637451171875,981.2940063476562,546.8391723632812
598,player,128,293.7955322265625,545.8118896484375,266.05987548828125,737.0347900390625
598,player,125,388.2290344238281,434.8507080078125,380.22589111328125,488.74896240234375
598,player,126,344.0146179199219,369.99383544921875,357.2122802734375,247.55474853515625
598,player,124,257.7318420410156,498.73590087890625,247.8922119140625,667.8707885742188
599,player,83,825.7883911132812,477.1617431640625,680.902099609375,718.724853515625
599,player,128,294.98345947265625,545.1549072265625,265.2679748535156,738.781005859375
599,player,124,254.82275390625,493.51641845703125,246.43637084960938,648.638671875
599,player,116,1081.85009765625,384.1591796875,990.634521484375,539.9248657226562
599,player,126,344.4571533203125,368.70733642578125,356.5904846191406,244.5013427734375
599,player,125,383.0718078613281,435.48779296875,373.5469970703125,487.560791015625
600,player,124,256.5030517578125,494.04541015625,245.9029541015625,636.75244140625
600,player,83,825.5322265625,482.1026916503906,679.0947265625,721.1203002929688
600,player,116,1082.78076171875,383.8002624511719,997.2115478515625,535.1259765625
600,player,125,373.1273193359375,434.87109375,366.401123046875,485.15460205078125
600,player,97,306.8895568847656,544.6116943359375,282.32562255859375,741.3758544921875
600,player,132,359.33428955078125,416.76708984375,358.19610595703125,361.4375
600,player,126,339.627685546875,374.2833251953125,353.71942138671875,249.77218627929688
600,player,133,341.69317626953125,343.75958251953125,364.6147155761719,130.8980255126953
601,player,83,825.212890625,482.8819580078125,677.5889282226562,723.287109375
601,player,124,248.95111083984375,494.95440673828125,243.51614379882812,629.1759033203125
601,player,116,1083.95263671875,385.0047607421875,1001.0927734375,533.4761962890625
601,player,125,366.8707580566406,435.298583984375,359.878662109375,483.43572998046875
601,player,97,292.35443115234375,535.9759521484375,275.78533935546875,734.4893188476562
602,player,83,823.7158203125,484.8021545410156,675.615478515625,726.130859375
602,player,124,259.41046142578125,537.057373046875,242.4176025390625,659.766357421875
602,player,116,1083.8388671875,392.52490234375,998.9851684570312,540.6505126953125
602,player,134,245.11758422851562,499.63055419921875,235.5083770751953,625.8798828125
602,player,133,328.020751953125,345.9345703125,359.4272766113281,132.6389617919922
602,player,97,284.8790283203125,542.8682861328125,269.28387451171875,734.6322021484375
602,player,125,360.2873229980469,437.78955078125,353.4031066894531,484.3348388671875
602,player,132,362.82470703125,437.0085144042969,353.1455383300781,404.451904296875
602,player,126,327.1500244140625,420.038330078125,341.80877685546875,309.53729248046875
603,player,83,823.306884765625,484.7227783203125,674.2525024414062,727.880126953125
603,player,125,358.43353271484375,441.046630859375,348.24560546875,488.1821594238281
603,player,97,288.2589111328125,542.506591796875,265.9000244140625,734.7199096679688
603,player,124,256.341552734375,505.881591796875,242.58242797851562,654.239501953125
603,player,116,1081.091796875,390.59149169921875,997.960693359375,542.931640625
604,player,83,822.4483642578125,484.81341552734375,673.1170043945312,729.0177612304688
604,player,125,357.0151062011719,439.364501953125,344.6954345703125,488.77203369140625
604,player,124,254.54200744628906,532.664794921875,240.83303833007812,672.2777709960938
604,player,116,1082.5372314453125,392.2587890625,996.7210693359375,546.375
604,player,97,272.4166259765625,539.5082397460938,260.0193176269531,731.2694091796875
604,player,135,1097.093505859375,392.3984375,1006.5817260742188,557.4672241210938
604,player,134,234.9174346923828,496.73797607421875,232.97830200195312,622.46875
605,player,83,823.32763671875,484.8280029296875,672.6006469726562,729.84375
605,player,125,352.28997802734375,438.83807373046875,341.08758544921875,488.13836669921875
605,player,116,1084.568603515625,392.2894287109375,996.5031127929688,548.8548583984375
605,player,124,253.58538818359375,526.7557983398438,239.75375366210938,679.283935546875
605,player,134,233.5125732421875,495.37164306640625,231.02835083007812,618.9232788085938
605,player,97,284.279296875,537.0956420898438,259.23760986328125,728.1326904296875
605,player,135,1096.233154296875,392.63690185546875,1006.1800537109375,557.6361694335938
605,player,128,258.3369140625,537.9507446289062,256.2479248046875,731.60791015625
606,player,83,826.517822265625,483.96746826171875,673.3590087890625,729.9530029296875
606,player,125,350.003662109375,434.8624267578125,338.56982421875,483.2514343261719
606,player,124,253.57980346679688,536.7572021484375,238.55613708496094,691.6423950195312
606,player,116,1085.105224609375,390.67047119140625,997.501220703125,548.76416015625
606,player,135,1099.080322265625,390.09637451171875,1008.3258056640625,555.2871704101562
606,player,134,226.5848388671875,498.013916015625,227.82095336914062,618.3505249023438
606,player,128,272.0345153808594,538.0419311523438,253.73367309570312,728.10205078125
607,player,83,829.04931640625,483.429443359375,674.6759033203125,729.8017578125
607,player,125,349.1002502441406,433.3651123046875,336.85516357421875,478.3673400878906
607,player,124,251.97061157226562,538.1261596679688,237.31698608398438,700.5963134765625
607,player,116,1087.40380859375,390.1370544433594,999.1629638671875,548.3607177734375
607,player,128,272.156982421875,539.648193359375,252.0400390625,727.0533447265625
607,player,134,234.9291229248047,502.42376708984375,227.7188262939453,622.5359497070312
608,player,83,828.8912353515625,480.2845458984375,676.501220703125,727.1152954101562
608,player,125,346.676025390625,431.69927978515625,335.2369384765625,473.140625
608,player,128,256.76763916015625,540.0863037109375,247.15948486328125,725.4869384765625
608,player,97,281.13653564453125,540.9508056640625,257.73199462890625,728.7664794921875
608,player,116,1091.725830078125,393.175048828125,999.68896484375,551.8350219726562
608,player,134,231.14462280273438,504.14215087890625,226.59115600585938,626.4146728515625
609,player,83,829.7117309570312,477.7122497558594,678.73583984375,723.3128662109375
609,player,125,339.880126953125,431.9220275878906,332.16455078125,469.31378173828125
609,player,97,275.98260498046875,539.4019775390625,255.58660888671875,727.6011962890625
609,player,116,1092.01611328125,392.1461181640625,1000.7410278320312,553.0131225585938
609,player,124,252.41134643554688,538.8682861328125,236.58395385742188,707.01806640625
609,player,134,221.47447204589844,500.40380859375,223.49855041503906,624.8726806640625
610,player,83,829.6849365234375,483.1943054199219,678.4099731445312,725.348388671875
610,player,125,338.59124755859375,434.4709777832031,329.48797607421875,469.470703125
610,player,116,1092.744873046875,391.1009216308594,1002.2789916992188,552.7216186523438
610,player,124,253.67344665527344,540.1318359375,236.35531616210938,712.25390625
610,player,134,238.9710693359375,508.92083740234375,225.65194702148438,632.6668701171875
611,player,83,829.45849609375,481.9578857421875,678.5361938476562,725.642578125
611,player,116,1096.530517578125,390.6553039550781,1004.683349609375,552.4378051757812
611,player,124,254.47804260253906,540.2215576171875,236.3988037109375,715.7889404296875
611,player,125,332.949951171875,438.73333740234375,325.61676025390625,473.5977783203125
611,player,126,318.7132568359375,369.3553466796875,337.8841247558594,282.7156677246094
611,player,132,309.6009521484375,434.2696533203125,334.6727294921875,424.2351989746094
612,player,83,828.6026611328125,481.5155029296875,678.5391235351562,725.3983154296875
612,player,116,1099.824951171875,394.0921630859375,1005.1297607421875,556.2974243164062
612,player,126,314.9125671386719,356.3495178222656,335.8923645019531,245.783447265625
612,player,125,320.7587890625,440.0867919921875,319.423828125,476.53411865234375
612,player,124,259.5006103515625,539.2023315429688,237.70452880859375,717.7095947265625
613,player,116,1103.879150390625,394.5857849121094,1006.3232421875,559.7472534179688
613,player,83,828.2596435546875,482.68719482421875,678.0765380859375,726.1687622070312
613,player,124,249.41375732421875,538.2144775390625,236.13284301757812,717.404541015625
613,player,125,313.183837890625,440.5487060546875,313.1600646972656,478.197265625
613,player,134,221.23504638671875,501.10601806640625,222.797119140625,629.52783203125
613,ball,-1,837.765380859375,347.3974914550781,1171.1270751953125,199.80194091796875
614,player,116,1102.7384033203125,396.918212890625,1005.3499145507812,564.3518676757812
614,player,83,826.0403442382812,482.1436767578125,677.3764038085938,726.0357666015625
614,player,124,251.21609497070312,541.9222412109375,235.37771606445312,720.1671142578125
614,player,125,297.90338134765625,443.06597900390625,304.43536376953125,480.4637145996094
614,player,134,222.90997314453125,539.2191162109375,219.90753173828125,658.7509765625
614,player,135,1112.421875,389.83282470703125,1013.8766479492188,554.8486328125
615,player,116,1103.916015625,393.15740966796875,1007.3486938476562,563.4573974609375
615,player,83,824.5137939453125,480.3246765136719,677.1087646484375,724.3250732421875
615,player,128,259.6661682128906,542.855712890625,244.555419921875,726.7896728515625
615,player,125,297.48138427734375,443.3660888671875,298.615234375,482.212890625
615,player,134,207.15988159179688,502.0841064453125,215.35400390625,646.128173828125
615,ball,-1,837.4984130859375,342.25494384765625,1171.1270751953125,199.80194091796875
616,player,116,1106.800048828125,385.8559875488281,1014.0528564453125,555.2198486328125
616,player,83,824.3302001953125,480.938720703125,676.6903076171875,723.7027587890625
616,player,125,291.163818359375,443.8360595703125,292.97113037109375,483.2349853515625
616,player,124,246.546630859375,544.0463256835938,233.65408325195312,723.1953735351562
616,player,134,215.3810577392578,508.06463623046875,214.31536865234375,643.767333984375
616,player,132,294.82940673828125,444.6295471191406,317.392333984375,446.73858642578125
616,ball,-1,836.6544189453125,339.99554443359375,1171.1270751953125,199.80194091796875
617,player,83,824.2977294921875,480.7081298828125,676.4838256835938,723.1057739257812
617,player,116,1107.1181640625,389.0736999511719,1016.4852294921875,553.4315795898438
617,player,125,287.5922546386719,443.917724609375,288.2672119140625,483.640380859375
617,player,134,215.7330322265625,526.0645751953125,213.0843505859375,657.122314453125
617,player,128,233.5009765625,544.4269409179688,236.43600463867188,726.7613525390625
618,player,83,822.260009765625,481.05181884765625,675.7117919921875,722.8258666992188
618,player,125,289.02581787109375,441.9573974609375,285.79290771484375,481.9669494628906
618,player,116,1108.623046875,394.1774597167969,1015.3607788085938,557.9320068359375
618,player,134,202.86326599121094,502.6375732421875,209.78024291992188,645.18310546875
618,player,128,212.29530334472656,546.7354736328125,225.93304443359375,726.8131713867188
618,player,97,235.709228515625,544.7960815429688,244.12750244140625,727.7396240234375
618,player,124,224.63650512695312,545.4439697265625,227.16012573242188,724.4935302734375
618,player,132,299.95623779296875,442.47027587890625,307.8331604003906,459.58453369140625
619,player,83,820.27880859375,480.29266357421875,674.938720703125,721.8489990234375
619,player,116,1108.767333984375,385.9175720214844,1019.8151245117188,551.9011840820312
619,player,125,288.6636047363281,441.77398681640625,284.0959167480469,480.6490783691406
619,player,97,236.3489990234375,544.1736450195312,236.8597412109375,727.4120483398438
619,player,134,199.6612548828125,489.472900390625,207.20938110351562,625.4381103515625
619,ball,-1,855.5062255859375,281.64044189453125,1171.1270751953125,199.80194091796875
620,player,83,816.9697265625,480.79632568359375,673.4178466796875,721.3453979492188
620,player,116,1111.634033203125,396.3382263183594,1017.0980224609375,559.5400390625
620,player,125,286.4676513671875,441.23590087890625,282.4044189453125,479.00604248046875
620,player,134,192.05172729492188,491.18408203125,203.45944213867188,613.4896850585938
620,player,97,232.25106811523438,543.8875122070312,231.1514892578125,726.6615600585938
620,player,135,1123.835693359375,387.72540283203125,1022.2350463867188,553.4464721679688
621,player,83,816.7320556640625,479.89111328125,672.6551513671875,720.250732421875
621,player,125,277.50531005859375,441.9339599609375,278.6539306640625,477.8109130859375
621,player,116,1115.7962646484375,398.6044006347656,1015.183349609375,567.3114013671875
621,player,128,205.72647094726562,532.0443115234375,217.94692993164062,715.0393676757812
622,player,83,816.1903076171875,480.14837646484375,671.93701171875,719.7052001953125
622,player,125,276.1759948730469,439.9786071777344,275.98919677734375,474.8133544921875
622,player,116,1117.8233642578125,396.75457763671875,1015.6607055664062,570.62353515625
622,player,134,192.69073486328125,485.0732727050781,201.36843872070312,600.1834106445312
622,player,97,250.82296752929688,544.8291015625,231.90872192382812,728.3392333984375
622,player,128,203.09971618652344,487.47222900390625,213.5022735595703,669.321044921875
622,player,126,277.55224609375,359.3311767578125,321.3799743652344,221.7660675048828
622,ball,-1,836.1483154296875,313.54473876953125,1171.1270751953125,199.80194091796875
623,player,83,816.3389892578125,477.8734130859375,672.234130859375,717.4771728515625
623,player,125,273.2149963378906,440.9565734863281,273.3200988769531,473.6246032714844
623,player,128,198.2578125,487.3819274902344,209.32009887695312,639.0938720703125
623,player,116,1120.519775390625,389.9791259765625,1020.9739379882812,565.8097534179688
623,player,132,273.7049560546875,441.4866943359375,294.11871337890625,464.34039306640625
623,player,126,279.4351806640625,362.1296691894531,312.27099609375,210.5530548095703
623,player,97,246.82101440429688,542.7227783203125,231.52542114257812,727.5326538085938
623,ball,-1,831.683837890625,314.90673828125,1171.1270751953125,199.80194091796875
624,player,83,816.6168212890625,475.8362731933594,673.1544189453125,714.3512573242188
624,player,134,190.6453094482422,485.82232666015625,199.43804931640625,592.04541015625
624,player,116,1121.3262939453125,391.21710205078125,1023.890625,564.1012573242188
624,player,132,272.9017028808594,439.62933349609375,285.1182861328125,465.36236572265625
624,player,126,278.1270446777344,360.48419189453125,306.09136962890625,200.66122436523438
624,player,125,277.44573974609375,383.5926818847656,278.047607421875,404.37066650390625
625,player,83,816.78466796875,475.317626953125,673.9639282226562,711.8988037109375
625,player,116,1123.18359375,395.90069580078125,1023.4267578125,568.1785888671875
625,player,126,276.80426025390625,357.712158203125,301.9374084472656,189.90737915039062
625,player,134,191.75059509277344,480.2997131347656,198.64004516601562,581.7042846679688
625,player,124,235.14358520507812,439.41253662109375,230.62051391601562,630.53173828125
625,player,97,233.30557250976562,539.2769775390625,228.12493896484375,723.323486328125
625,player,132,270.4170837402344,438.44964599609375,278.63800048828125,464.5111083984375
625,player,128,218.99288940429688,534.368896484375,210.35711669921875,660.9085693359375
626,player,83,817.1209716796875,475.50946044921875,674.51611328125,710.494873046875
626,player,116,1125.594482421875,394.45989990234375,1024.7296142578125,569.5469360351562
626,player,134,191.91915893554688,479.7509765625,198.18316650390625,574.48046875
626,player,126,276.1311950683594,359.2998046875,298.82550048828125,185.22885131835938
626,player,124,227.36416625976562,443.12249755859375,230.4024200439453,572.6985473632812
626,player,97,232.8079833984375,537.0841064453125,225.88107299804688,718.8651123046875
626,player,132,267.2018737792969,436.70989990234375,273.62249755859375,461.75384521484375
627,player,116,1128.19189453125,388.91668701171875,1029.836181640625,564.7479858398438
627,player,83,817.1802978515625,475.92584228515625,674.756103515625,709.9366455078125
627,player,126,272.5376281738281,363.5522766113281,295.1054382324219,188.0860595703125
627,player,97,232.84912109375,537.6924438476562,224.40811157226562,716.4384765625
627,player,134,188.4556427001953,482.19024658203125,196.87841796875,571.7667846679688
627,player,124,221.74935913085938,447.7309265136719,228.40513610839844,539.4632568359375
627,player,128,203.61814880371094,516.74267578125,207.75912475585938,659.6738891601562
628,player,83,817.6006469726562,475.04876708984375,675.3055419921875,708.8741455078125
628,player,116,1129.29345703125,386.02288818359375,1035.3408203125,558.58154296875
628,player,126,272.8267822265625,360.27716064453125,293.1434326171875,185.11351013183594
628,player,97,235.72982788085938,539.2855834960938,224.09185791015625,716.3111572265625
628,player,134,184.567138671875,480.72552490234375,195.01629638671875,568.27978515625
628,player,132,256.96075439453125,428.11669921875,267.9891357421875,449.41400146484375
629,player,83,818.0581665039062,476.9361572265625,675.1727905273438,709.8041381835938
629,player,116,1131.221923828125,385.10760498046875,1040.091796875,553.7664794921875
629,player,97,236.23275756835938,541.9117431640625,223.90097045898438,718.2666625976562
629,player,126,271.11029052734375,354.3358154296875,291.9353332519531,173.9621124267578
629,player,134,183.61322021484375,483.593994140625,193.47511291503906,568.6152954101562
630,player,83,818.1339721679688,474.900390625,675.76416015625,708.7095947265625
630,player,126,271.95074462890625,360.40216064453125,290.7693176269531,176.0149688720703
630,player,116,1133.8465576171875,386.64013671875,1042.977783203125,552.5929565429688
630,player,97,234.01832580566406,543.2981567382812,223.181396484375,720.41162109375
630,player,128,234.310791015625,543.3356323242188,212.7588348388672,682.377685546875
630,player,134,183.82765197753906,482.8133544921875,192.55084228515625,568.123779296875
630,player,124,217.681884765625,459.115966796875,225.41433715820312,529.2319946289062
631,player,83,818.0311279296875,477.37890625,675.3214111328125,710.0641479492188
631,player,126,272.9686279296875,359.7417907714844,290.43255615234375,176.48236083984375
631,player,97,233.86032104492188,544.0822143554688,222.64390563964844,722.3844604492188
631,player,116,1138.05908203125,379.77703857421875,1050.634765625,544.6531982421875
631,player,134,188.61473083496094,484.12286376953125,193.2073974609375,569.4517211914062
631,player,125,255.9541778564453,359.76611328125,276.3253173828125,322.90679931640625
632,player,83,817.8740234375,479.64971923828125,674.265869140625,712.81640625
632,player,116,1139.1077880859375,381.31024169921875,1054.91015625,541.3222045898438
632,player,126,268.6824645996094,357.0306701660156,289.0366516113281,172.17672729492188
632,player,97,229.24655151367188,544.2827758789062,221.16578674316406,723.4552001953125
632,player,134,188.13568115234375,480.5699462890625,193.60202026367188,566.9485473632812
633,player,83,818.93359375,481.18902587890625,673.3648071289062,715.9656982421875
633,player,126,266.1853942871094,351.43682861328125,287.87127685546875,160.46009826660156
633,player,116,1143.1551513671875,382.435302734375,1058.169921875,540.83544921875
633,player,97,225.3873748779297,543.0042724609375,219.31417846679688,722.8822631835938
633,player,135,1117.9732666015625,377.83538818359375,1032.3076171875,540.884521484375
633,player,134,190.74679565429688,545.2658081054688,192.900634765625,620.1369018554688
634,player,83,817.6357421875,480.93182373046875,672.5244750976562,717.68994140625
634,player,126,268.4603271484375,345.94775390625,288.52630615234375,144.45523071289062
634,player,116,1145.8004150390625,385.4757080078125,1059.0814208984375,544.1520385742188
634,player,97,221.15884399414062,545.1880493164062,217.00442504882812,723.82470703125
634,player,134,199.0057373046875,545.9928588867188,194.4334716796875,655.9071044921875
635,player,116,1147.83837890625,385.33343505859375,1060.380615234375,546.3634033203125
635,player,83,816.99951171875,478.447265625,672.6044311523438,716.7013549804688
635,player,97,218.39244079589844,544.9765014648438,214.83868408203125,724.0609130859375
635,player,126,268.8450927734375,350.8984375,288.5289611816406,141.92767333984375
635,player,125,252.97052001953125,345.23516845703125,275.60882568359375,246.96331787109375
635,player,134,189.29547119140625,501.614013671875,194.14517211914062,642.3389892578125
636,player,116,1148.82275390625,384.61083984375,1061.9979248046875,547.109375
636,player,83,813.2897338867188,474.165283203125,673.063232421875,712.1527709960938
636,player,134,191.23379516601562,470.6263122558594,195.34475708007812,605.0794067382812
636,player,97,216.7549285888672,547.0235595703125,212.96556091308594,725.622802734375
636,player,125,249.19607543945312,347.5202331542969,273.57940673828125,200.79061889648438
636,player,126,261.7339172363281,352.6588134765625,285.8565368652344,142.15370178222656
637,player,116,1150.94384765625,385.106689453125,1063.3604736328125,548.3595581054688
637,player,83,814.4395751953125,473.83489990234375,673.7698974609375,709.0172729492188
637,player,97,212.74136352539062,547.7601928710938,210.75314331054688,726.875
637,player,126,270.8154602050781,356.41802978515625,286.8655090332031,149.189208984375
637,player,125,247.71347045898438,358.0910949707031,270.7442932128906,187.05320739746094
637,player,134,189.13946533203125,467.6528015136719,195.63296508789062,577.75244140625
638,player,83,816.8424072265625,472.63946533203125,675.2488403320312,706.1768798828125
638,player,134,190.3892822265625,494.8040771484375,195.39346313476562,585.608642578125
638,player,116,1152.4847412109375,383.470703125,1065.79541015625,547.53173828125
638,player,125,247.4267578125,358.34014892578125,268.77984619140625,178.467529296875
638,player,97,216.3707275390625,548.0298461914062,210.1839599609375,728.1737670898438
638,player,126,271.250732421875,356.89605712890625,287.6187744140625,154.54232788085938
639,player,83,818.8076171875,472.18768310546875,676.8746337890625,704.1188354492188
639,player,134,198.82830810546875,483.1927490234375,197.83645629882812,580.8613891601562
639,player,116,1145.9814453125,384.53265380859375,1064.712646484375,547.4869995117188
639,player,125,248.93673706054688,353.29144287109375,268.49554443359375,165.31878662109375
639,player,97,217.24127197265625,548.6619873046875,210.0035400390625,729.5570068359375
639,player,128,193.7735595703125,548.938720703125,205.99993896484375,698.1644287109375
640,player,83,819.8831176757812,472.69427490234375,678.0482177734375,703.304443359375
640,player,116,1154.836669921875,385.3854064941406,1066.11181640625,549.3148193359375
640,player,134,195.74380493164062,544.134521484375,196.89633178710938,628.7166748046875
640,player,97,215.0729217529297,546.6712646484375,209.4268798828125,728.7997436523438
640,player,124,196.086669921875,457.85064697265625,217.43304443359375,519.26513671875
640,player,125,247.96714782714844,353.3331604003906,267.9688720703125,156.71810913085938
640,player,128,216.09088134765625,546.1800537109375,207.0872344970703,708.1058959960938
641,player,83,821.0087890625,472.3847351074219,679.2084350585938,702.6109619140625
641,player,124,193.23834228515625,470.34918212890625,211.04368591308594,524.994873046875
641,player,116,1156.16015625,385.598388671875,1067.2783203125,550.873291015625
641,player,134,188.6820068359375,545.1513061523438,194.5423583984375,660.037109375
642,player,124,200.56300354003906,477.85296630859375,208.65560913085938,536.60205078125
642,player,83,822.7274169921875,472.4892578125,680.3800048828125,702.398681640625
642,player,134,187.6290283203125,546.3607177734375,192.72970581054688,681.2265625
642,player,116,1155.9871826171875,386.00994873046875,1067.7122802734375,552.318115234375
642,player,97,190.54373168945312,490.834228515625,204.50918579101562,680.2252807617188
642,player,128,192.83604431152344,520.0143432617188,202.80288696289062,692.1568603515625
643,player,83,823.7796630859375,473.57598876953125,681.060546875,703.2710571289062
643,player,124,204.06390380859375,477.2828369140625,208.07664489746094,543.9215087890625
643,player,116,1155.9619140625,382.27984619140625,1070.470947265625,549.1502685546875
643,player,128,189.3062744140625,544.02392578125,198.55892944335938,700.4674072265625
643,player,125,242.21002197265625,342.48583984375,266.6122741699219,133.12322998046875
644,player,83,825.4361572265625,474.330322265625,681.689453125,704.6175537109375
644,player,124,205.58322143554688,475.25970458984375,208.1879425048828,546.8890991210938
644,player,126,253.98074340820312,356.83624267578125,282.151611328125,155.83929443359375
644,player,128,185.4361114501953,542.391357421875,194.8917236328125,704.3196411132812
644,player,116,1154.79296875,382.71246337890625,1071.62060546875,547.4483032226562
645,player,83,829.3907470703125,474.1549987792969,683.19189453125,705.6887817382812
645,player,124,209.48504638671875,473.74517822265625,209.38540649414062,547.7208251953125
645,player,126,250.98825073242188,360.3711853027344,277.2315673828125,161.67507934570312
645,player,116,1141.376708984375,381.18341064453125,1069.323974609375,543.2354736328125
645,player,128,176.18243408203125,542.6634521484375,190.24118041992188,706.299560546875
645,player,97,184.08047485351562,489.30145263671875,199.62901306152344,646.688232421875
645,player,134,185.66880798339844,542.77685546875,191.15138244628906,692.1259765625
646,player,83,830.5568237304688,473.34564208984375,684.741943359375,705.8048706054688
646,player,124,211.30380249023438,472.22955322265625,210.72238159179688,546.9675903320312
646,player,134,190.31057739257812,542.5214233398438,191.26483154296875,699.382568359375
646,player,97,193.49964904785156,502.24114990234375,198.60354614257812,637.2545776367188
646,player,126,249.14022827148438,354.9010925292969,273.9080810546875,156.91897583007812
646,player,128,172.47727966308594,540.930908203125,186.34063720703125,705.9633178710938
647,player,83,833.7091064453125,473.1357116699219,686.646240234375,705.9776000976562
647,player,124,210.76202392578125,471.0855712890625,211.48782348632812,545.32177734375
647,player,126,249.73178100585938,341.3023376464844,273.2803955078125,132.26742553710938
647,player,97,190.36880493164062,511.0811767578125,196.88929748535156,638.45068359375
647,player,128,176.8207244873047,538.8334350585938,184.90769958496094,704.4707641601562
647,player,134,179.2369384765625,539.3516235351562,188.69271850585938,700.7865600585938
647,player,116,1142.27587890625,366.60369873046875,1078.1173095703125,523.789306640625
648,player,83,833.71044921875,473.133544921875,687.8850708007812,706.088134765625
648,player,124,210.76202392578125,471.0856018066406,211.98538208007812,544.2520751953125
648,player,126,249.73175048828125,341.3023376464844,272.87237548828125,116.24391174316406
648,player,97,190.3688201904297,511.08111572265625,195.7750244140625,639.22802734375
648,player,128,176.8207244873047,538.8334350585938,183.97628784179688,703.5006103515625
648,player,134,179.23696899414062,539.3516235351562,187.02085876464844,701.6991577148438
648,player,116,1142.275634765625,366.6014709472656,1083.83447265625,511.1466064453125
649,player,83,835.4254150390625,473.94940185546875,688.8679809570312,706.9959106445312
649,player,124,214.29168701171875,474.360595703125,213.14578247070312,547.0333862304688
649,player,126,251.16810607910156,350.656982421875,272.1888427734375,121.03280639648438
649,player,128,177.3831787109375,540.3743286132812,183.48109436035156,704.10498046875
649,player,97,190.3135986328125,495.2080078125,195.45484924316406,625.9224853515625
649,player,116,1142.8807373046875,374.18701171875,1082.450439453125,511.864501953125
650,player,83,836.5264892578125,472.44134521484375,690.2997436523438,706.4110107421875
650,player,124,213.54556274414062,473.15826416015625,213.74472045898438,547.6197509765625
650,player,126,253.58395385742188,356.28399658203125,272.0385437011719,133.16603088378906
650,player,128,176.14283752441406,538.9142456054688,182.880859375,703.2713623046875
650,player,97,198.24978637695312,480.1207580566406,197.8192596435547,604.1390380859375
650,player,116,1143.356201171875,370.88482666015625,1083.979736328125,508.5563049316406
650,player,134,165.07188415527344,480.0504150390625,183.329345703125,650.3472290039062
651,player,83,840.1165161132812,470.43817138671875,692.8505859375,704.646728515625
651,player,124,215.12167358398438,471.76434326171875,214.6243896484375,546.8008422851562
651,player,126,245.54559326171875,341.18170166015625,270.57659912109375,116.09843444824219
651,player,116,1144.0037841796875,375.97802734375,1081.6649169921875,512.353271484375
651,player,97,194.96109008789062,521.0110473632812,197.29031372070312,625.570556640625
651,player,128,176.26991271972656,535.7811279296875,182.57809448242188,700.3013916015625
652,player,83,840.923828125,468.60296630859375,695.346923828125,702.005615234375
652,player,124,214.2628936767578,471.2540283203125,214.9811248779297,545.696533203125
652,player,128,178.64736938476562,536.4552612304688,182.9560546875,699.0880126953125
652,player,126,250.01219177246094,338.79632568359375,271.469970703125,101.63089752197266
652,player,116,1144.05029296875,361.0638427734375,1090.670654296875,497.2491149902344
653,player,83,838.5152587890625,471.8990173339844,695.2158813476562,702.8822021484375
653,player,124,209.87789916992188,473.1422119140625,213.93212890625,546.401611328125
653,player,97,201.73666381835938,526.4921264648438,198.49879455566406,644.4964599609375
653,player,126,251.00210571289062,344.3193359375,271.8458251953125,101.40834045410156
653,player,134,141.07577514648438,443.13604736328125,174.58554077148438,577.1728515625
653,player,128,195.0509033203125,535.949951171875,187.26138305664062,699.218505859375
654,player,83,839.6082763671875,471.552978515625,695.5347900390625,703.2544555664062
654,player,124,208.80599975585938,475.2830810546875,212.87420654296875,548.8154907226562
654,player,134,145.5935821533203,441.81646728515625,170.2296142578125,528.609130859375
654,player,126,253.44676208496094,339.0376892089844,273.5073547363281,92.92176055908203
655,player,83,839.1383666992188,470.6593017578125,695.9207153320312,702.6973876953125
655,player,124,206.93492126464844,476.16864013671875,211.64215087890625,551.0599365234375
655,player,134,139.26185607910156,440.20941162109375,165.55462646484375,494.65179443359375
655,player,116,1151.179931640625,377.50555419921875,1087.16943359375,507.502197265625
655,player,125,239.57864379882812,338.5757141113281,265.1511535644531,110.99501037597656
656,player,124,205.73489379882812,476.3882751464844,210.5057373046875,552.6195068359375
656,player,83,840.3060302734375,469.03997802734375,697.030029296875,701.0579833984375
656,player,134,130.5060272216797,441.6444396972656,159.9479522705078,473.2991027832031
656,player,116,1154.5867919921875,377.1248779296875,1086.1949462890625,514.096435546875
656,player,125,244.095703125,337.2421569824219,265.9617614746094,94.96196746826172
657,player,124,206.35707092285156,473.01568603515625,210.0616455078125,550.459228515625
657,player,97,184.45877075195312,541.514892578125,194.632080078125,667.1903076171875
657,player,83,833.8062744140625,470.5578918457031,695.5222778320312,700.7171020507812
657,player,125,235.45599365234375,333.10357666015625,263.73797607421875,76.41031646728516
657,player,116,1153.1485595703125,379.6907958984375,1083.3760986328125,521.1235961914062
657,player,136,818.916259765625,472.07861328125,680.077880859375,700.0593872070312
657,player,134,130.2482147216797,439.51763916015625,156.2267608642578,457.04486083984375
658,player,124,207.23414611816406,473.52166748046875,209.99472045898438,549.6219482421875
658,player,83,832.369384765625,470.62432861328125,694.1412963867188,700.4263305664062
658,player,97,178.04830932617188,542.08935546875,190.53897094726562,681.8737182617188
658,player,125,233.238037109375,335.3907470703125,261.2755126953125,67.96136474609375
658,player,136,819.6961669921875,472.83056640625,680.0365600585938,700.7649536132812
659,player,124,204.18072509765625,469.62347412109375,209.25537109375,545.022216796875
659,player,97,166.16258239746094,547.0936279296875,184.90199279785156,694.2886962890625
659,player,136,818.537109375,468.9482727050781,680.9827880859375,697.8119506835938
659,player,116,1150.583984375,374.89886474609375,1084.03173828125,519.989013671875
659,player,134,142.57928466796875,547.0096435546875,156.8678436279297,546.2335815429688
659,player,125,231.38088989257812,349.42034912109375,257.8087158203125,85.24748229980469
660,player,124,205.22396850585938,466.8878173828125,209.1650390625,539.4454345703125
660,player,116,1151.840576171875,373.1388854980469,1086.0621337890625,517.3634033203125
660,player,97,162.77572631835938,547.1077270507812,180.4152069091797,702.1032104492188
660,player,136,820.1690673828125,468.02069091796875,682.3380737304688,695.2384643554688
660,player,134,138.5572967529297,537.6156005859375,156.33248901367188,596.64111328125
660,player,125,228.80113220214844,348.153564453125,254.74813842773438,94.14543151855469
660,player,126,222.8395538330078,342.47100830078125,263.28033447265625,89.17810821533203
661,player,116,1154.8115234375,375.91168212890625,1086.377197265625,519.1516723632812
661,player,124,201.06170654296875,471.25213623046875,207.79745483398438,539.7071533203125
661,player,83,830.5045166015625,466.51361083984375,694.1387939453125,696.5490112304688
661,player,97,159.30653381347656,546.6656494140625,176.6608123779297,706.575439453125
661,player,128,216.65963745117188,465.20550537109375,198.11520385742188,639.0689697265625
662,player,124,202.27496337890625,470.66302490234375,207.263671875,539.415771484375
662,player,83,831.86962890625,467.03863525390625,694.3209228515625,694.6022338867188
662,player,116,1157.516845703125,375.7606201171875,1087.51513671875,520.4296875
662,player,134,133.5508270263672,547.3167114257812,154.73947143554688,636.4945678710938
662,player,97,141.65042114257812,547.9884643554688,169.92013549804688,709.0977783203125
662,player,125,225.90652465820312,336.0057678222656,252.7119140625,79.5832290649414
663,player,83,829.1328735351562,468.21783447265625,693.3153076171875,694.1104736328125
663,player,116,1158.822265625,372.931396484375,1090.622802734375,518.158447265625
663,player,128,211.330810546875,468.18804931640625,203.56619262695312,602.4160766601562
663,player,97,141.08108520507812,547.8997192382812,165.40074157714844,710.6253662109375
663,player,125,222.56658935546875,326.88873291015625,250.91720581054688,53.89379119873047
664,player,124,200.76040649414062,466.4111328125,206.64794921875,534.9185791015625
664,player,83,827.9327392578125,468.2880859375,692.3203125,693.74560546875
664,player,116,1156.765625,377.0421142578125,1089.1624755859375,521.16015625
664,player,97,143.39279174804688,549.2952270507812,163.01821899414062,712.8541259765625
664,player,137,989.3081665039062,311.7471923828125,1065.1981201171875,220.5850372314453
665,player,116,1157.338623046875,380.6212158203125,1085.948486328125,527.1967163085938
665,player,83,825.804931640625,470.2733154296875,690.44677734375,695.0211791992188
665,player,124,200.00466918945312,463.74609375,206.13119506835938,529.2786865234375
665,player,97,137.54563903808594,547.6043701171875,160.0562286376953,712.5654296875
665,player,125,224.11227416992188,333.2637939453125,249.79315185546875,48.51289749145508
665,player,137,990.729736328125,312.85302734375,1064.840576171875,222.5167694091797
666,player,83,827.593994140625,470.312255859375,689.6878662109375,696.0401611328125
666,player,116,1155.95556640625,377.1571960449219,1085.797607421875,527.0795288085938
666,player,124,202.39678955078125,463.530517578125,206.47125244140625,525.6200561523438
666,player,97,124.66738891601562,549.9334716796875,155.0050048828125,713.130859375
666,player,125,223.26510620117188,332.9200744628906,248.78033447265625,44.31441116333008
667,player,124,204.31788635253906,462.071044921875,207.2838134765625,521.9603271484375
667,player,83,829.9442138671875,469.41656494140625,690.1148071289062,696.1436767578125
667,player,116,1147.230712890625,376.7848815917969,1083.285400390625,525.655517578125
667,player,97,138.6058807373047,549.5386962890625,155.10000610351562,714.2915649414062
667,player,125,223.7509765625,341.7833251953125,247.5882568359375,56.56743621826172
667,player,134,119.46148681640625,424.5582580566406,149.56570434570312,544.929443359375
668,player,83,831.3492431640625,471.2193603515625,690.1583862304688,697.8703002929688
668,player,124,205.8634490966797,462.35260009765625,208.23397827148438,520.0079345703125
668,player,116,1147.354736328125,380.3642578125,1079.2694091796875,528.781982421875
668,player,97,141.22259521484375,548.97998046875,155.79794311523438,714.829345703125
668,player,125,229.60208129882812,337.5185546875,249.27227783203125,58.18474578857422
669,player,83,832.2371826171875,470.89764404296875,690.5281982421875,698.796875
669,player,116,1152.1494140625,380.8167724609375,1077.81103515625,531.82421875
669,player,124,210.30421447753906,461.26129150390625,210.13890075683594,518.0582275390625
669,player,125,236.82034301757812,337.55499267578125,252.97744750976562,60.22486114501953
669,player,97,142.640869140625,548.01123046875,156.5997314453125,714.5578002929688
670,player,83,832.201171875,470.9278564453125,690.7490234375,699.421630859375
670,player,116,1151.758544921875,381.380859375,1076.365478515625,534.3897705078125
670,player,124,210.28536987304688,461.2862548828125,211.3708038330078,516.8142700195312
670,player,125,236.82188415527344,337.6041259765625,255.38185119628906,61.63349151611328
670,player,97,142.61117553710938,548.0236206054688,157.1136474609375,714.3883056640625
