frame,object_type,track_id,team_id,frame_x,frame_y,court_x,court_y
0,player,1,-1,984.597412109375,511.4832763671875,761.5439453125,827.3528442382812
0,player,2,-1,820.0399169921875,415.6431884765625,739.7427368164062,548.2918701171875
0,player,3,-1,549.8443603515625,524.2225952148438,448.133056640625,754.9158935546875
0,player,4,-1,683.1903076171875,353.9429931640625,691.0756225585938,292.5074157714844
0,player,5,-1,1053.11767578125,559.1517333984375,761.357421875,932.0468139648438
0,player,6,-1,498.1427917480469,544.8365478515625,403.24658203125,786.4362182617188
0,player,10,-1,847.3676147460938,413.31036376953125,765.2860717773438,549.04833984375
1,player,1,-1,984.6478271484375,510.9183044433594,761.755126953125,826.951904296875
1,player,2,-1,819.7449951171875,416.2349548339844,739.4173583984375,548.8818359375
1,player,3,-1,550.8829345703125,524.5130004882812,448.3386535644531,755.2174682617188
1,player,4,-1,683.5511474609375,353.7658386230469,691.271728515625,292.30157470703125
1,player,5,-1,1054.2110595703125,561.2640991210938,760.9180908203125,933.4039306640625
1,player,6,-1,498.27398681640625,544.5347900390625,403.3201904296875,786.2313232421875
1,player,14,-1,615.5013427734375,351.37994384765625,628.9658203125,259.2313232421875
2,player,1,-1,984.007080078125,509.9880065917969,762.064208984375,825.9715576171875
2,player,3,-1,552.1337890625,523.5319213867188,448.9474792480469,754.774658203125
2,player,2,-1,816.983642578125,416.72698974609375,738.2041015625,549.5061645507812
2,player,5,-1,1055.006591796875,560.9971313476562,760.8978271484375,934.1826171875
2,player,4,-1,683.4119873046875,353.7975158691406,691.3391723632812,292.1958312988281
2,player,6,-1,498.88677978515625,544.340576171875,403.5415954589844,786.0070190429688
2,player,15,-1,206.03750610351562,365.8925476074219,223.05157470703125,180.72085571289062
2,player,14,-1,613.0294189453125,350.94317626953125,628.2945556640625,258.30712890625
2,player,10,-1,848.892578125,413.1214599609375,765.811767578125,549.00146484375
3,player,1,-1,981.5283203125,508.6173095703125,762.1435546875,824.1468505859375
3,player,3,-1,552.9855346679688,522.07666015625,449.8034362792969,753.4549560546875
3,player,2,-1,815.5241088867188,416.15533447265625,737.2203369140625,549.170166015625
3,player,4,-1,683.1224365234375,353.82928466796875,691.2725830078125,292.1375732421875
3,player,5,-1,1055.345458984375,558.7289428710938,761.6988525390625,933.3401489257812
3,player,6,-1,499.70123291015625,545.4912719726562,403.7181091308594,786.7431030273438
3,player,15,-1,202.10812377929688,367.6694641113281,221.61941528320312,182.87796020507812
3,player,14,-1,610.3106689453125,351.481689453125,626.7342529296875,258.158935546875
3,player,10,-1,847.5538330078125,413.4843444824219,765.6082763671875,549.2191162109375
4,player,1,-1,978.8460083007812,507.2698669433594,762.0147705078125,821.7682495117188
4,player,3,-1,553.4351806640625,520.9776611328125,450.6610107421875,751.799072265625
4,player,2,-1,817.5534057617188,416.6410827636719,736.976318359375,549.6602172851562
4,player,6,-1,500.70745849609375,546.0025024414062,404.00067138671875,787.6619873046875
4,player,5,-1,1054.4029541015625,558.0609130859375,762.22509765625,932.3177490234375
4,player,4,-1,681.9630737304688,353.444091796875,691.0053100585938,291.4230041503906
4,player,15,-1,197.3488006591797,367.7041931152344,219.07359313964844,183.7689208984375
4,player,14,-1,609.004638671875,352.5744934082031,624.8690185546875,259.47802734375
4,player,10,-1,843.12890625,413.8196716308594,764.0426025390625,549.27294921875
4,ball,-1,-1,1066.99267578125,300.93914794921875,1171.1270751953125,199.80194091796875
5,player,1,-1,976.9074096679688,506.5885009765625,761.696533203125,819.5701904296875
5,player,3,-1,553.5805053710938,521.030517578125,451.2451171875,750.774658203125
5,player,2,-1,818.284423828125,417.4751281738281,736.695068359375,550.920166015625
5,player,6,-1,501.787353515625,544.9035034179688,404.5966796875,787.5618286132812
5,player,5,-1,1053.861083984375,556.9404296875,762.8114624023438,930.930419921875
5,player,4,-1,680.9336547851562,353.15087890625,690.611572265625,290.4252624511719
5,player,14,-1,607.9530029296875,352.9185791015625,623.1734008789062,260.7037048339844
5,player,15,-1,201.970947265625,368.1158447265625,218.96337890625,185.49880981445312
5,player,10,-1,839.95849609375,414.63787841796875,761.7568359375,549.8510131835938
6,player,1,-1,975.255126953125,506.99395751953125,760.9404296875,818.303955078125
6,player,3,-1,554.19775390625,522.1475219726562,451.58343505859375,751.0059814453125
6,player,2,-1,817.8734130859375,417.8827209472656,736.2294921875,552.122314453125
6,player,6,-1,502.4316711425781,544.0189208984375,405.26324462890625,786.916259765625
6,player,5,-1,1054.05712890625,556.2084350585938,763.4771728515625,929.5951538085938
6,player,4,-1,680.0001220703125,353.3106994628906,689.9749755859375,289.8915100097656
6,player,15,-1,206.3640899658203,368.1116638183594,220.37896728515625,187.13525390625
6,player,14,-1,607.0751953125,353.8688659667969,621.4229736328125,262.7545166015625
6,player,10,-1,840.033447265625,415.13800048828125,760.0841064453125,550.7572021484375
7,player,1,1,973.190673828125,508.20330810546875,759.5165405273438,818.1942138671875
7,player,3,1,554.8621826171875,523.2286376953125,451.7799072265625,752.0269775390625
7,player,2,1,819.246337890625,417.8098449707031,736.3544921875,552.96337890625
7,player,6,0,503.7730712890625,543.61865234375,406.0740051269531,786.3146362304688
7,player,4,1,678.626953125,353.2712097167969,689.1178588867188,289.32733154296875
7,player,5,0,1054.3275146484375,555.0106201171875,764.3656005859375,928.01220703125
7,player,14,-1,606.5855712890625,355.25799560546875,619.6089477539062,266.00494384765625
7,player,15,-1,208.51568603515625,367.6898498535156,222.0517578125,187.8338623046875
8,player,1,1,971.1514892578125,508.19842529296875,758.0928344726562,817.9557495117188
8,player,3,1,555.505126953125,524.4161376953125,451.86065673828125,753.6363525390625
8,player,6,0,505.2823791503906,543.4970092773438,406.97906494140625,785.9534301757812
8,player,4,1,678.86962890625,353.4942932128906,688.5475463867188,289.30279541015625
8,player,14,0,606.1672973632812,356.42425537109375,617.8628540039062,269.71746826171875
8,player,5,0,1053.856201171875,552.132568359375,765.7894287109375,925.172119140625
8,player,2,1,820.2813110351562,417.04412841796875,737.0443725585938,552.8156127929688
8,player,17,-1,835.26611328125,416.1659851074219,751.795166015625,554.156982421875
9,player,1,1,969.2467041015625,507.5614929199219,756.9232788085938,817.1846923828125
9,player,3,1,556.3938598632812,524.8570556640625,452.05523681640625,755.0845947265625
9,player,6,0,506.200927734375,543.361083984375,407.806396484375,785.692626953125
9,player,4,1,678.4547119140625,352.8273010253906,688.3204956054688,288.2994384765625
9,player,5,0,1053.875,549.3902587890625,767.6353759765625,921.6199951171875
9,player,14,0,605.7999267578125,356.92596435546875,616.4222412109375,272.79425048828125
9,player,17,-1,833.0977783203125,416.8805236816406,750.870849609375,554.6863403320312
9,player,28,-1,662.3919677734375,351.779541015625,673.7327880859375,276.7754211425781
9,player,24,-1,801.369873046875,367.2214050292969,784.555908203125,382.1644592285156
10,player,1,1,967.09521484375,507.43023681640625,755.6808471679688,816.4149780273438
10,player,3,1,557.1968994140625,524.34130859375,452.46795654296875,755.7028198242188
10,player,4,1,676.6945190429688,352.0016784667969,687.932373046875,286.2734375
10,player,6,0,506.75848388671875,543.52392578125,408.4539794921875,785.6824951171875
10,player,2,1,824.6070556640625,416.4411926269531,738.9945678710938,552.5184326171875
10,player,14,0,605.6661376953125,357.1106262207031,615.3739624023438,275.0382080078125
10,player,5,0,1054.41357421875,546.6536865234375,769.8809814453125,917.6326293945312
10,player,15,-1,196.701171875,364.0201721191406,219.31886291503906,181.4455108642578
11,player,1,1,965.1564331054688,507.7872314453125,754.2728271484375,816.018798828125
11,player,3,1,558.3204345703125,524.099365234375,453.05401611328125,756.0126342773438
11,player,4,1,675.7738037109375,350.73272705078125,687.9102172851562,283.04638671875
11,player,6,0,507.2890319824219,543.6827392578125,408.9787902832031,785.8302001953125
11,player,5,0,1055.105224609375,545.2734985351562,771.9680786132812,914.2201538085938
11,player,14,0,605.9381103515625,356.98284912109375,614.8300170898438,276.3489685058594
11,player,17,-1,833.0621337890625,417.1081848144531,750.1663208007812,555.263427734375
11,player,24,-1,799.565185546875,386.1424560546875,775.2330322265625,405.3229064941406
11,player,15,1,181.93060302734375,368.06170654296875,212.33421325683594,181.54248046875
12,player,3,1,559.0143432617188,523.3529052734375,453.73541259765625,755.7076416015625
12,player,1,1,963.83349609375,508.22784423828125,752.8797607421875,815.9755859375
12,player,4,1,675.008544921875,351.2532653808594,687.41650390625,281.5982971191406
12,player,6,0,507.6136779785156,545.7565307617188,409.0994567871094,787.4259033203125
12,player,5,0,1055.2254638671875,540.874267578125,774.8596801757812,909.20654296875
12,player,17,-1,832.6521606445312,418.3277587890625,749.0906982421875,556.8616943359375
12,player,14,0,606.1207885742188,356.9592590332031,614.546142578125,277.189208984375
12,player,15,1,176.16940307617188,369.7494812011719,205.78244018554688,183.40707397460938
12,player,24,-1,798.3674926757812,392.1478576660156,766.1749267578125,427.28363037109375
13,player,1,1,963.4605712890625,508.7453308105469,751.7032470703125,816.2935180664062
13,player,3,1,560.3759765625,522.7605590820312,454.6168212890625,755.1717529296875
13,player,4,1,672.3807373046875,351.8652648925781,685.9523315429688,281.21435546875
13,player,6,0,508.1568603515625,546.7605590820312,409.1634216308594,789.21533203125
13,player,5,0,1055.2451171875,538.8807373046875,777.4337158203125,904.66552734375
13,player,14,0,606.3001708984375,356.80621337890625,614.4773559570312,277.541015625
13,player,10,-1,832.33935546875,416.2398376464844,756.301513671875,551.7347412109375
13,player,15,1,175.21270751953125,369.5110168457031,201.20819091796875,184.15670776367188
13,player,24,-1,797.0239868164062,392.9685363769531,759.5230712890625,442.3651123046875
14,player,1,1,963.8092041015625,509.3175048828125,750.8258056640625,816.943115234375
14,player,3,1,561.728515625,522.22314453125,455.61712646484375,754.52587890625
14,player,4,1,669.859130859375,351.2886962890625,684.3948974609375,279.8476257324219
14,player,5,0,1056.003173828125,539.8086547851562,778.9610595703125,902.3693237304688
14,player,6,0,508.58087158203125,546.463134765625,409.348388671875,790.2008056640625
14,player,10,0,835.571044921875,416.4711608886719,754.6869506835938,552.9303588867188
14,player,14,0,606.828125,356.89599609375,614.5765991210938,277.9580383300781
14,player,15,1,173.69393920898438,369.70538330078125,197.71490478515625,184.750244140625
14,player,24,-1,797.8964233398438,398.1403503417969,753.2631225585938,458.1612548828125
14,player,42,-1,195.94342041015625,368.991943359375,212.80494689941406,190.35092163085938
15,player,1,1,964.6621704101562,509.15618896484375,750.5201416015625,817.3167724609375
15,player,3,1,564.19677734375,522.450927734375,456.83489990234375,754.4761962890625
15,player,5,0,1056.55517578125,541.5414428710938,779.48291015625,902.0308837890625
15,player,4,1,668.339599609375,350.72698974609375,683.1068725585938,277.97906494140625
15,player,6,0,509.04052734375,546.3585815429688,409.5929260253906,790.8027954101562
15,player,10,0,837.6915283203125,419.0824279785156,753.1788940429688,556.61865234375
15,player,14,0,608.1190185546875,355.3857421875,615.6266479492188,276.24896240234375
15,player,24,-1,797.7989501953125,401.05059814453125,747.94580078125,471.685302734375
15,player,42,-1,195.8438720703125,367.98052978515625,212.82049560546875,188.85516357421875
15,player,15,1,172.97962951660156,369.7220153808594,195.2021484375,185.07632446289062
16,player,3,1,565.1436767578125,522.9114990234375,457.7779235839844,754.8672485351562
16,player,1,1,965.3560791015625,509.2900390625,750.4449462890625,817.7122802734375
16,player,5,0,1056.48388671875,542.1557006835938,779.5941162109375,902.1986083984375
16,player,6,0,510.17657470703125,545.7843627929688,410.10479736328125,790.8751220703125
16,player,10,0,837.5902709960938,419.3721618652344,752.05078125,559.30419921875
16,player,4,1,668.236328125,350.6028137207031,682.2870483398438,276.5751037597656
16,player,24,-1,798.02294921875,405.3705139160156,742.7730712890625,485.2773742675781
16,player,15,1,165.48666381835938,370.48193359375,191.01425170898438,185.520263671875
16,player,14,0,609.0279541015625,354.0212707519531,617.1187133789062,273.3072204589844
17,player,3,1,566.2393798828125,523.6537475585938,458.52874755859375,755.7679443359375
17,player,1,1,966.331787109375,509.5358581542969,750.5496826171875,818.2254638671875
17,player,6,0,511.63079833984375,545.1437377929688,410.87646484375,790.5799560546875
17,player,10,0,837.0396728515625,419.0996398925781,751.2698974609375,560.7154541015625
17,player,5,0,1056.8040771484375,541.6617431640625,779.9105224609375,902.015625
17,player,4,1,668.1370849609375,350.7125549316406,681.674560546875,275.80731201171875
17,player,24,1,797.8359985351562,406.31744384765625,738.9683837890625,495.129638671875
17,player,14,0,609.5048828125,352.7606506347656,618.7183227539062,269.650634765625
17,player,15,1,168.27862548828125,370.20477294921875,189.24301147460938,185.73123168945312
17,player,42,-1,194.15968322753906,368.5866394042969,212.23114013671875,188.5745086669922
18,player,3,1,566.7391357421875,523.9757080078125,459.08251953125,756.63525390625
18,player,1,1,966.75830078125,509.6050109863281,750.6981201171875,818.643310546875
18,player,6,0,512.1572875976562,544.9302368164062,411.53448486328125,790.2772216796875
18,player,10,0,836.835205078125,419.07574462890625,750.7129516601562,561.5880737304688
18,player,5,0,1056.997802734375,541.400146484375,780.2512817382812,901.74365234375
18,player,4,1,668.07080078125,350.776611328125,681.2271118164062,275.3917236328125
18,player,24,1,797.6594848632812,405.8245544433594,736.6439208984375,500.9766845703125
18,player,14,0,609.6502685546875,352.26129150390625,619.9938354492188,266.57489013671875
18,player,15,1,171.4013214111328,369.876220703125,189.15692138671875,185.75430297851562
18,player,42,-1,195.50428771972656,368.6899719238281,212.298095703125,188.70211791992188
19,player,1,1,968.8165283203125,509.2953796386719,751.4058837890625,818.8555908203125
19,player,10,0,835.87646484375,418.2059020996094,750.4296875,561.163818359375
19,player,3,1,567.35888671875,524.2460327148438,459.5467224121094,757.451416015625
19,player,6,0,515.7340087890625,544.7958984375,412.83428955078125,790.2607421875
19,player,5,0,1058.6416015625,542.1941528320312,780.5791625976562,902.1979370117188
19,player,4,1,665.915283203125,351.6112976074219,679.8602905273438,276.0542297363281
19,player,24,1,794.129638671875,398.66387939453125,737.03466796875,496.4595642089844
19,player,14,0,611.071533203125,351.3109130859375,621.66064453125,263.37750244140625
19,player,15,1,162.9939727783203,370.0661315917969,186.25241088867188,185.05809020996094
19,player,42,-1,191.34243774414062,369.9902038574219,210.87469482421875,190.19700622558594
20,player,1,1,970.75927734375,509.0699462890625,752.4201049804688,818.9860229492188
20,player,3,1,568.583251953125,524.0466918945312,460.184326171875,757.93017578125
20,player,4,1,664.8489990234375,351.85137939453125,678.5128784179688,276.69964599609375
20,player,10,0,835.399169921875,417.36395263671875,750.4527587890625,559.9696044921875
20,player,6,0,519.1446533203125,544.7100219726562,414.504638671875,790.4520263671875
20,player,24,1,791.446533203125,395.9205322265625,737.6281127929688,490.1329345703125
20,player,5,0,1060.25048828125,542.3612670898438,781.1065673828125,902.7203369140625
20,player,14,0,612.27783203125,351.1841125488281,623.200439453125,261.2601623535156
20,player,15,1,157.63299560546875,369.512451171875,182.56155395507812,183.15956115722656
20,player,42,-1,188.2635498046875,368.95611572265625,208.95457458496094,189.29373168945312
21,player,1,1,972.5585327148438,508.90625,753.5770874023438,819.0964965820312
21,player,4,1,665.2589721679688,351.67108154296875,677.85009765625,276.9115905761719
21,player,10,0,834.98779296875,417.14227294921875,750.4395141601562,558.9228515625
21,player,3,1,569.733154296875,523.48291015625,460.9815673828125,757.909912109375
21,player,6,0,521.4697265625,544.2737426757812,416.20941162109375,790.446044921875
21,player,5,0,1061.1656494140625,541.6322021484375,781.9129638671875,902.66259765625
21,player,24,1,790.7689208984375,391.1919860839844,739.8179931640625,480.5009765625
21,player,14,0,613.6934204101562,350.9698486328125,624.7619018554688,259.7435607910156
21,player,42,-1,188.49273681640625,369.3417663574219,207.7674560546875,189.29873657226562
22,player,1,1,974.3350830078125,508.67938232421875,754.8436279296875,819.1464233398438
22,player,3,1,570.534912109375,522.9846801757812,461.7859191894531,757.586181640625
22,player,6,0,520.4525756835938,543.9556884765625,417.1222839355469,790.1376953125
22,player,5,0,1062.1683349609375,540.9847412109375,782.8937377929688,902.2857055664062
22,player,10,0,834.4531860351562,418.24395751953125,749.8240966796875,559.330810546875
22,player,4,1,665.7003173828125,351.73968505859375,677.539306640625,277.1990966796875
22,player,24,1,790.4405517578125,375.41864013671875,748.13525390625,455.2314758300781
22,player,42,1,192.78872680664062,368.37261962890625,208.49261474609375,188.38693237304688
22,player,14,0,616.2435302734375,351.7564392089844,626.3411865234375,260.194091796875
22,player,15,1,153.4754180908203,365.05694580078125,178.82838439941406,174.799560546875
23,player,1,1,975.8896484375,507.8716125488281,756.33203125,818.7176513671875
23,player,6,0,520.0513916015625,544.130859375,417.5939025878906,790.03076171875
23,player,10,0,832.7327880859375,421.93463134765625,747.4303588867188,563.2152709960938
23,player,3,1,570.9421997070312,522.6678466796875,462.4657287597656,757.1697387695312
23,player,24,1,790.11328125,377.89898681640625,752.3074951171875,441.8385009765625
23,player,4,1,666.5159912109375,351.5911560058594,677.673828125,277.27154541015625
23,player,5,0,1063.1805419921875,541.4793701171875,783.59375,902.4332275390625
23,player,14,0,618.0637817382812,352.6117858886719,627.6575317382812,261.9295959472656
23,player,42,1,196.0390167236328,355.87554931640625,210.6922149658203,169.3075408935547
23,player,15,1,150.54364013671875,368.5353698730469,175.34713745117188,174.21005249023438
24,player,1,1,977.4816284179688,507.1918640136719,757.9301147460938,818.0728759765625
24,player,3,1,570.4803466796875,521.4612426757812,463.0108337402344,755.9510498046875
24,player,24,1,790.329833984375,401.30511474609375,744.97607421875,460.59161376953125
24,player,6,0,522.518798828125,544.7998657226562,418.38897705078125,790.6262817382812
24,player,4,1,666.7796630859375,350.3356018066406,678.3764038085938,275.560546875
24,player,10,0,832.9671630859375,422.7764587402344,745.6036376953125,566.6195678710938
24,player,14,0,619.1689453125,352.3363952636719,628.990966796875,262.79461669921875
24,player,5,0,1063.7901611328125,541.6242065429688,784.1395263671875,902.6674194335938
24,player,42,1,196.308349609375,359.85540771484375,212.0111083984375,163.06405639648438
24,player,15,1,141.5770263671875,371.53472900390625,170.01327514648438,177.18899536132812
25,player,1,1,979.4068603515625,506.653076171875,759.6326293945312,817.4163818359375
25,player,24,1,790.9107666015625,412.9045104980469,735.7171020507812,485.494140625
25,player,3,1,570.7536010742188,520.4957275390625,463.606689453125,754.44921875
25,player,6,0,524.0932006835938,544.6238403320312,419.30718994140625,791.0099487304688
25,player,4,1,666.799560546875,349.8712158203125,679.0352783203125,273.7863464355469
25,player,10,0,832.6905517578125,424.2438049316406,743.7501220703125,570.2918701171875
25,player,5,0,1064.739990234375,544.1417236328125,783.842529296875,904.493408203125
25,player,14,0,620.1673583984375,351.7132873535156,630.4330444335938,262.5820007324219
25,player,15,1,140.3752899169922,374.1048583984375,166.12313842773438,182.7294921875
25,player,42,1,196.63638305664062,364.25030517578125,212.7587432861328,165.68165588378906
26,player,24,1,791.1048583984375,412.43267822265625,729.9415283203125,501.19683837890625
26,player,1,1,981.087158203125,506.3567810058594,761.2575073242188,816.908935546875
26,player,3,1,572.0894165039062,520.473876953125,464.32763671875,753.56396484375
26,player,4,1,666.657958984375,350.1000061035156,679.3193359375,272.94378662109375
26,player,10,0,832.0342407226562,425.5397644042969,741.8424682617188,573.921142578125
26,player,6,0,525.36328125,543.6448974609375,420.35406494140625,790.662353515625
26,player,5,0,1065.125732421875,545.73828125,783.1890869140625,906.7188110351562
26,player,42,1,198.41468811035156,367.3697204589844,213.69247436523438,172.22470092773438
26,player,14,0,621.7288818359375,351.4578857421875,631.996337890625,262.2626647949219
26,player,15,1,142.4248809814453,375.4182434082031,164.27235412597656,188.46669006347656
27,player,1,1,982.75634765625,506.62554931640625,762.6279296875,816.9093017578125
27,player,24,1,790.8675537109375,416.5136413574219,724.52294921875,515.7027587890625
27,player,3,1,573.5216064453125,520.9747924804688,465.0587463378906,753.4834594726562
27,player,10,0,830.86669921875,426.0602111816406,740.0631103515625,576.6900634765625
27,player,4,1,666.8661499023438,350.8345947265625,679.265625,273.4700927734375
27,player,5,0,1065.738525390625,544.134765625,783.457275390625,907.19677734375
27,player,6,0,526.0370483398438,543.61865234375,421.19927978515625,790.4697875976562
27,player,42,1,197.46603393554688,369.5624694824219,213.86819458007812,179.58203125
27,player,14,0,623.6878662109375,351.0934753417969,633.815673828125,261.7643127441406
27,player,15,1,148.0373992919922,372.54705810546875,164.98387145996094,188.69241333007812
28,player,1,1,985.3939208984375,507.55242919921875,763.8353271484375,817.7950439453125
28,player,3,1,575.20849609375,520.9114990234375,465.96148681640625,753.518798828125
28,player,24,1,790.5814819335938,420.939697265625,719.21728515625,529.71435546875
28,player,4,1,666.769287109375,351.2661437988281,679.0172119140625,274.41546630859375
28,player,10,0,830.313720703125,426.0945129394531,738.7351684570312,578.4708862304688
28,player,6,0,526.7216186523438,544.5487670898438,421.77142333984375,791.0576171875
28,player,5,0,1066.590087890625,543.14501953125,784.170166015625,906.942626953125
28,player,42,1,196.09848022460938,371.0550537109375,213.4483642578125,186.37579345703125
28,player,14,0,625.843017578125,350.3432312011719,636.0193481445312,260.6163330078125
28,player,15,1,154.65110778808594,368.17901611328125,167.7499237060547,183.19854736328125
29,player,1,1,987.1739501953125,507.67437744140625,765.012939453125,818.6021118164062
29,player,3,1,577.72265625,520.4844360351562,467.2464904785156,753.42041015625
29,player,4,1,667.463623046875,351.9681091308594,678.7958984375,276.10955810546875
29,player,10,0,830.5443115234375,426.7655029296875,737.67333984375,580.3231201171875
29,player,6,0,528.2777709960938,544.7857055664062,422.47821044921875,791.7274169921875
29,player,5,0,1067.285400390625,543.060546875,784.8233032226562,906.775634765625
29,player,24,1,792.773681640625,415.6294860839844,718.4522705078125,533.4977416992188
29,player,42,1,195.88577270507812,370.02276611328125,213.1536865234375,189.26593017578125
29,player,14,0,627.3782958984375,348.8944091796875,638.5401611328125,257.9566345214844
30,player,1,1,988.6644287109375,506.8289794921875,766.446533203125,818.6329345703125
30,player,3,1,580.00146484375,520.346923828125,468.6692810058594,753.435546875
30,player,10,0,829.7822875976562,429.0350646972656,735.8771362304688,583.7155151367188
30,player,4,1,668.8172607421875,351.8064270019531,679.175048828125,277.14154052734375
30,player,5,0,1068.474609375,542.7838745117188,785.6183471679688,906.5798950195312
30,player,6,0,529.7513427734375,544.3786010742188,423.35040283203125,791.988037109375
30,player,24,1,792.4642333984375,412.1197509765625,719.2424926757812,532.200927734375
30,player,14,0,629.151123046875,348.01824951171875,641.1278076171875,255.166015625
31,player,1,1,990.1531982421875,506.8278503417969,767.744140625,818.7717895507812
31,player,3,1,581.6885375976562,520.873779296875,469.912841796875,753.9799194335938
31,player,10,0,829.091552734375,431.4278564453125,733.5857543945312,588.21826171875
31,player,5,0,1069.747314453125,541.9893188476562,786.7057495117188,906.041748046875
31,player,24,1,790.31787109375,414.82879638671875,718.0630493164062,534.0244140625
31,player,4,1,670.4022216796875,352.001220703125,679.8728637695312,278.276123046875
31,player,6,0,530.4317626953125,543.3270874023438,424.23992919921875,791.463623046875
31,player,55,-1,649.6767578125,352.6800231933594,660.4552001953125,276.13031005859375
31,player,42,1,197.11224365234375,365.9854736328125,213.57659912109375,185.35350036621094
32,player,1,1,991.4074096679688,506.8954162597656,768.8709716796875,819.0119018554688
32,player,3,1,583.515380859375,521.97119140625,470.96820068359375,755.3086547851562
32,player,10,0,830.0780639648438,433.2768249511719,731.6630859375,593.05078125
32,player,5,0,1070.963623046875,541.2438354492188,787.954345703125,905.30712890625
32,player,24,1,789.0689697265625,417.4541931152344,715.9144897460938,537.8493041992188
32,player,6,0,531.1162719726562,542.4688720703125,425.11309814453125,790.5648193359375
32,player,4,1,671.7251586914062,352.18280029296875,680.6948852539062,279.4272155761719
32,player,42,1,199.453369140625,367.7006530761719,214.559326171875,185.62147521972656
32,player,55,-1,644.63671875,352.6294250488281,658.7796630859375,275.46209716796875
33,player,1,1,992.84423828125,506.9487609863281,769.936767578125,819.3221435546875
33,player,3,1,585.1055908203125,522.610107421875,471.927001953125,756.7803955078125
33,player,10,0,830.4761962890625,434.2135925292969,730.16650390625,597.1427001953125
33,player,5,0,1072.22119140625,541.196044921875,789.0735473632812,904.893310546875
33,player,24,1,788.32958984375,415.68499755859375,714.9857788085938,538.4026489257812
33,player,4,1,673.37548828125,352.3104248046875,681.72998046875,280.5510559082031
33,player,6,0,531.5467529296875,540.7360229492188,426.05059814453125,788.7755126953125
33,player,42,1,201.16909790039062,369.3746643066406,215.69143676757812,188.45108032226562
34,player,1,1,994.4773559570312,506.9445495605469,771.0316162109375,819.6519775390625
34,player,10,0,830.6114501953125,434.5809020996094,729.0912475585938,600.1722412109375
34,player,3,1,585.653076171875,522.86865234375,472.6368408203125,757.9749755859375
34,player,5,0,1073.2664794921875,541.7381591796875,789.8527221679688,905.048583984375
34,player,24,1,787.68408203125,415.4252014160156,714.294189453125,538.4239501953125
34,player,6,0,532.2939453125,539.7825317382812,426.98687744140625,786.9862670898438
34,player,4,1,674.3031616210938,352.5832214355469,682.5993041992188,281.7766418457031
34,player,55,-1,651.6566162109375,352.82012939453125,659.975341796875,276.12890625
34,player,42,1,202.89859008789062,370.6147766113281,216.9447021484375,192.29824829101562
35,player,1,1,997.6575927734375,507.01141357421875,772.4989624023438,820.1702880859375
35,player,10,0,831.4158935546875,435.35736083984375,728.32177734375,602.970703125
35,player,3,1,586.09033203125,522.9071655273438,473.198486328125,758.8154296875
35,player,5,0,1074.518798828125,541.5595703125,790.7113037109375,905.12939453125
35,player,24,1,785.5157470703125,415.1679382324219,713.310302734375,537.9503784179688
35,player,6,0,532.9144287109375,539.8654174804688,427.7314453125,785.9310302734375
35,player,4,1,675.1688232421875,352.6161193847656,683.4410400390625,282.7218933105469
35,player,42,1,204.1356201171875,370.36016845703125,218.18960571289062,194.57421875
36,player,1,1,998.6698608398438,507.0052795410156,773.703125,820.583984375
36,player,3,1,586.6241455078125,522.6525268554688,473.7419738769531,759.2132568359375
36,player,10,0,831.9514770507812,435.4033203125,727.954345703125,604.8848266601562
36,player,5,0,1075.6065673828125,540.3740844726562,791.938232421875,904.5059204101562
36,player,6,0,533.84375,539.5951538085938,428.48046875,785.1231689453125
36,player,24,1,783.895751953125,414.2565612792969,712.5491333007812,536.5154418945312
36,player,4,1,675.434326171875,352.64019775390625,684.067138671875,283.4016418457031
36,player,42,1,206.97979736328125,369.4811096191406,220.00640869140625,195.10848999023438
37,player,1,1,999.8211059570312,507.14019775390625,774.7191162109375,821.0430908203125
37,player,3,1,587.4774169921875,522.7574462890625,474.2853698730469,759.618896484375
37,player,5,0,1076.90234375,539.1631469726562,793.4642333984375,903.4215087890625
37,player,10,0,832.6080322265625,434.5528259277344,728.2251586914062,605.3665161132812
37,player,6,0,536.2077026367188,541.4290771484375,429.247802734375,786.095703125
37,player,24,1,781.957763671875,416.6313171386719,710.5739135742188,537.9004516601562
37,player,4,1,674.4117431640625,353.0375061035156,683.9634399414062,284.283203125
37,player,42,1,205.91665649414062,368.651611328125,220.87515258789062,194.11962890625
38,player,1,1,1000.8848876953125,506.9957580566406,775.6927490234375,821.322265625
38,player,3,1,588.57470703125,522.9701538085938,474.86846923828125,760.1299438476562
38,player,10,0,833.4507446289062,433.6521301269531,728.984130859375,604.8834228515625
38,player,5,0,1079.640869140625,539.4098510742188,795.003662109375,903.0806884765625
38,player,6,0,537.9635009765625,542.7439575195312,429.96112060546875,787.8008422851562
38,player,24,1,781.4111938476562,418.8992614746094,708.267578125,541.123046875
38,player,4,1,671.7434692382812,353.8157958984375,682.6755981445312,285.6372375488281
38,player,42,1,205.83544921875,368.95037841796875,221.3956298828125,193.90408325195312
39,player,1,1,1002.5062255859375,507.89935302734375,776.39453125,822.2871704101562
39,player,3,1,589.526123046875,522.9544067382812,475.48406982421875,760.5264282226562
39,player,10,0,833.319091796875,433.7455139160156,729.4044189453125,604.6478881835938
39,player,5,0,1081.534423828125,539.0360107421875,796.576416015625,902.7615966796875
39,player,24,1,779.727294921875,417.0446472167969,706.982666015625,541.109130859375
39,player,4,1,672.0826416015625,354.3384704589844,681.7340087890625,287.29083251953125
39,player,6,0,539.9326171875,544.0330810546875,430.69329833984375,789.975830078125
39,player,53,-1,205.69024658203125,369.8755798339844,222.0745086669922,197.30921936035156
40,player,1,1,1004.6114501953125,508.5356750488281,777.134765625,823.541748046875
40,player,3,1,590.6320190429688,523.5403442382812,476.04620361328125,761.3114624023438
40,player,24,1,776.976318359375,417.1592712402344,705.3018798828125,540.9480590820312
40,player,10,0,833.1957397460938,433.67059326171875,729.6717529296875,604.4100952148438
40,player,5,0,1082.05029296875,540.2102661132812,797.300537109375,903.3453369140625
40,player,6,0,541.1280517578125,544.6463623046875,431.35809326171875,791.915283203125
40,player,55,-1,661.804931640625,354.6956787109375,663.3934326171875,280.40386962890625
40,player,53,-1,206.2407989501953,369.5194091796875,222.28009033203125,196.85523986816406
41,player,1,1,1006.734375,508.181884765625,778.263671875,824.2723388671875
41,player,3,1,592.0943603515625,523.729736328125,476.73480224609375,762.0802001953125
41,player,24,1,775.094970703125,418.5013427734375,703.1549072265625,542.06494140625
41,player,10,0,833.445068359375,433.30645751953125,730.0559692382812,603.9241943359375
41,player,5,0,1081.7166748046875,541.1998291015625,797.3432006835938,904.3316650390625
41,player,6,0,541.4819946289062,544.7412109375,431.859619140625,793.2701416015625
41,player,53,-1,206.86099243164062,370.1170349121094,222.58914184570312,197.5025634765625
41,player,55,-1,663.19091796875,354.56402587890625,666.1328125,283.16070556640625
42,player,1,1,1009.2495727539062,507.4183349609375,779.8917846679688,824.3980712890625
42,player,24,1,773.346435546875,414.8868408203125,702.6156005859375,538.8078002929688
42,player,3,1,593.327880859375,523.2964477539062,477.56622314453125,762.3543090820312
42,player,5,0,1081.703857421875,541.0125732421875,797.434326171875,904.8524169921875
42,player,10,0,833.914794921875,433.8375549316406,730.2333374023438,604.1705322265625
42,player,6,0,542.384521484375,544.4457397460938,432.44671630859375,794.0115966796875
42,player,4,1,670.8356323242188,354.7571105957031,680.5308837890625,288.8056335449219
42,player,53,-1,207.539794921875,370.35986328125,223.00485229492188,198.35552978515625
42,player,14,0,647.715576171875,351.430419921875,647.7362060546875,260.49151611328125
43,player,1,1,1011.257568359375,506.9532165527344,781.6124267578125,824.3048706054688
43,player,24,1,771.2883911132812,412.70159912109375,702.4942626953125,534.1544189453125
43,player,3,1,594.5904541015625,523.2614135742188,478.42303466796875,762.607177734375
43,player,6,0,543.6761474609375,544.3002319335938,433.1586608886719,794.490234375
43,player,5,0,1082.1710205078125,540.4397583007812,797.8046875,904.860107421875
43,player,10,0,833.726806640625,435.06787109375,729.8233642578125,605.5076904296875
43,player,4,1,667.621826171875,354.98077392578125,678.5823364257812,289.72613525390625
43,player,53,-1,207.8887939453125,370.86627197265625,223.3636474609375,199.6849365234375
43,player,14,0,649.1546020507812,351.07672119140625,652.6605834960938,263.6184387207031
44,player,1,1,1012.0042724609375,505.41064453125,783.482666015625,823.1866455078125
44,player,24,1,769.882080078125,415.0020751953125,701.127685546875,533.4431762695312
44,player,3,1,595.8748779296875,523.55908203125,479.23883056640625,763.0967407226562
44,player,5,0,1082.0751953125,540.1709594726562,798.11865234375,904.6860961914062
44,player,6,0,544.5194091796875,543.7697143554688,433.9058837890625,794.4910888671875
44,player,10,0,830.8306274414062,436.5422058105469,728.1828002929688,607.5283813476562
44,player,55,-1,660.33935546875,354.3989562988281,667.0264892578125,284.3856506347656
44,player,53,-1,210.9974822998047,373.6392822265625,224.47848510742188,204.90069580078125
45,player,1,1,1012.7952880859375,503.2338562011719,785.7008056640625,820.9368896484375
45,player,24,1,768.629150390625,414.75567626953125,699.9654541015625,532.5941772460938
45,player,3,1,596.6385498046875,523.6337890625,479.94219970703125,763.53173828125
45,player,5,0,1081.7132568359375,539.79638671875,798.3720092773438,904.30615234375
45,player,6,0,545.4220581054688,542.6522216796875,434.7838134765625,793.7689208984375
45,player,10,0,828.314697265625,438.05084228515625,725.8430786132812,610.055908203125
45,player,53,-1,212.16578674316406,381.14996337890625,225.15365600585938,218.98492431640625
45,player,4,1,663.92822265625,354.3523864746094,676.339111328125,289.0097351074219
46,player,1,1,1013.680908203125,501.9610290527344,787.836669921875,818.61328125
46,player,53,1,212.7879638671875,387.4604797363281,225.43560791015625,236.81881713867188
46,player,5,0,1083.20703125,537.0415649414062,799.86767578125,902.39990234375
46,player,6,0,546.37060546875,541.5106201171875,435.76287841796875,792.5607299804688
46,player,3,1,596.7557373046875,523.6411743164062,480.4267578125,763.8294067382812
46,player,24,1,767.738525390625,411.14764404296875,700.3201293945312,528.0885009765625
46,player,10,0,826.9658203125,438.48516845703125,723.7825927734375,611.9884643554688
46,player,4,1,664.8406982421875,354.19818115234375,675.2499389648438,288.43475341796875
47,player,1,1,1014.098388671875,501.31646728515625,789.5699462890625,816.6629638671875
47,player,53,1,214.06948852539062,388.3896789550781,225.9812469482422,249.80178833007812
47,player,5,0,1084.327880859375,535.6153564453125,801.614501953125,900.3226318359375
47,player,10,0,823.9966430664062,438.5575866699219,721.5875244140625,613.03515625
47,player,6,0,546.735107421875,541.0969848632812,436.5525817871094,791.5086669921875
47,player,3,1,596.9739990234375,523.4490966796875,480.8315734863281,763.896728515625
47,player,24,1,766.8048706054688,410.65655517578125,700.4629516601562,524.5354614257812
47,player,4,1,668.2564086914062,354.2962341308594,675.644775390625,288.600341796875
48,player,1,1,1014.4902954101562,501.3132019042969,790.794677734375,815.4246215820312
48,player,10,0,819.65966796875,438.71209716796875,718.8927612304688,613.4563598632812
48,player,5,0,1084.531494140625,536.447021484375,802.4974365234375,899.5264282226562
48,player,6,0,547.2203369140625,540.1236572265625,437.33819580078125,790.1668701171875
48,player,3,1,597.39013671875,522.985595703125,481.2846374511719,763.6270751953125
48,player,24,1,765.5333251953125,409.307861328125,700.6969604492188,520.6353759765625
48,player,53,1,215.38900756835938,389.4000244140625,226.70437622070312,259.738525390625
48,player,4,1,670.0582275390625,354.389404296875,676.465576171875,289.0504150390625
49,player,1,1,1014.8272705078125,501.6318359375,791.5543212890625,814.88134765625
49,player,24,1,764.3077392578125,409.989501953125,700.2247924804688,518.7168579101562
49,player,5,0,1085.252685546875,537.2033081054688,802.9669189453125,899.5518188476562
49,player,10,0,814.6292724609375,440.0429992675781,715.2481079101562,614.5318603515625
49,player,3,1,597.89208984375,522.557861328125,481.78363037109375,763.1715087890625
49,player,6,0,547.676025390625,539.1233520507812,438.1192626953125,788.6131591796875
49,player,53,1,206.10403442382812,393.3852233886719,223.9717254638672,270.4463806152344
49,player,4,1,667.6749267578125,353.80859375,676.4422607421875,288.2469787597656
50,player,24,1,762.1378173828125,412.13580322265625,698.4608154296875,519.5703125
50,player,1,1,1014.999267578125,501.9778137207031,791.9607543945312,814.7963256835938
50,player,5,0,1085.472412109375,538.6077270507812,802.819091796875,900.4888916015625
50,player,3,1,598.3619995117188,521.7628173828125,482.375,762.3163452148438
50,player,6,0,547.6326293945312,538.39306640625,438.734619140625,787.074951171875
50,player,10,0,812.2047119140625,440.4739074707031,712.0465087890625,615.415283203125
50,player,14,0,651.913818359375,352.9521789550781,656.031005859375,268.64813232421875
50,player,53,1,200.6312713623047,397.792724609375,220.2364501953125,282.5498352050781
50,player,65,-1,217.9928436279297,396.8066711425781,229.2077178955078,306.7950439453125
51,player,24,1,759.8289794921875,416.0663757324219,695.164306640625,524.0921630859375
51,player,1,1,1015.15966796875,501.9084167480469,792.29052734375,814.703125
51,player,5,0,1086.138671875,538.6695556640625,802.85546875,901.1878051757812
51,player,6,0,548.662841796875,537.9156494140625,439.4595947265625,785.8115844726562
51,player,3,1,598.8878173828125,521.3377685546875,482.969970703125,761.4830322265625
51,player,10,0,812.376953125,440.4704284667969,710.0146484375,616.0023193359375
51,player,14,0,651.5819702148438,352.30230712890625,658.373291015625,270.9557189941406
51,player,65,-1,219.30149841308594,399.8509521484375,229.4462890625,310.84552001953125
51,player,53,1,198.0905303955078,400.4898376464844,216.88233947753906,293.6066589355469
52,player,24,1,757.9716796875,417.21820068359375,692.052978515625,528.0653076171875
52,player,5,0,1087.033203125,538.2513427734375,803.2366943359375,901.440673828125
52,player,1,1,1015.3052368164062,501.78460693359375,792.5873413085938,814.5633544921875
52,player,6,0,549.618408203125,537.2989501953125,440.26104736328125,784.6201782226562
52,player,3,1,598.7440185546875,519.0966796875,483.7517395019531,759.2374267578125
52,player,10,0,811.6884765625,441.0758056640625,708.2820434570312,616.8963623046875
52,player,14,0,650.770751953125,352.294189453125,659.6259765625,272.34808349609375
52,player,53,1,201.10614013671875,402.500244140625,215.56301879882812,303.6768798828125
52,player,65,-1,217.6086883544922,402.31768798828125,228.92733764648438,316.4266052246094
53,player,24,1,756.578369140625,417.2085876464844,689.6273193359375,530.49951171875
53,player,5,0,1087.3397216796875,538.4667358398438,803.4783935546875,901.7665405273438
53,player,1,1,1015.229248046875,501.7729187011719,792.765869140625,814.457763671875
53,player,6,0,549.7646484375,536.939208984375,440.87591552734375,783.5973510742188
53,player,3,1,598.4376220703125,517.9309692382812,484.4092102050781,756.8677978515625
53,player,10,0,811.0377197265625,441.2400817871094,706.915283203125,617.5730590820312
53,player,14,0,652.590576171875,352.4761657714844,660.9789428710938,273.7270812988281
53,player,65,-1,222.2344970703125,391.1124267578125,230.72247314453125,306.0783386230469
54,player,5,0,1087.6513671875,538.4876708984375,803.7002563476562,902.0152587890625
54,player,24,1,755.9894409179688,415.8214111328125,688.389404296875,530.5542602539062
54,player,1,1,1015.242919921875,501.7072448730469,792.909912109375,814.3419799804688
54,player,6,0,549.5966796875,536.7260131835938,441.26995849609375,782.7653198242188
54,player,3,1,598.26708984375,517.563232421875,484.865478515625,755.0337524414062
54,player,14,0,652.4749145507812,352.4396057128906,661.834228515625,274.55780029296875
54,player,10,0,811.5255126953125,441.4040832519531,706.1029663085938,618.2144775390625
54,player,76,-1,222.75643920898438,399.75787353515625,233.02230834960938,319.0967102050781
54,player,53,1,209.1009063720703,408.3594970703125,216.9262237548828,318.4024353027344
55,player,5,0,1088.555908203125,538.6162109375,804.0081787109375,902.3274536132812
55,player,1,1,1015.0731201171875,501.7938537597656,792.9291381835938,814.316650390625
55,player,6,0,549.44580078125,536.6201171875,441.507080078125,782.1361083984375
55,player,24,1,757.9707641601562,411.6732177734375,689.71337890625,526.3475952148438
55,player,3,1,598.0262451171875,517.0846557617188,485.195068359375,753.4572143554688
55,player,10,0,812.09375,441.95135498046875,705.534423828125,619.2042236328125
55,player,53,1,213.24130249023438,409.5493469238281,219.03631591796875,329.8764953613281
55,player,14,0,650.4447631835938,352.0445556640625,661.866943359375,274.295654296875
55,player,65,-1,235.27490234375,385.8414611816406,236.45785522460938,293.76605224609375
56,player,5,0,1089.698486328125,538.9654541015625,804.347900390625,902.8402709960938
56,player,1,1,1015.0457763671875,501.8536071777344,792.9124755859375,814.341796875
56,player,6,0,549.6365966796875,536.5293579101562,441.72198486328125,781.6763916015625
56,player,53,1,208.69375610351562,409.45733642578125,219.00352478027344,336.7412109375
56,player,24,1,758.546875,408.3258056640625,692.013427734375,520.0355224609375
56,player,3,1,597.6796264648438,516.7454223632812,485.38916015625,752.1453857421875
56,player,10,0,813.117919921875,442.61669921875,705.2080078125,620.5733642578125
56,player,14,0,649.717529296875,351.7185363769531,661.7752075195312,273.5745544433594
56,player,76,-1,227.10218811035156,396.9937438964844,234.56951904296875,316.0254211425781
57,player,5,0,1090.1339111328125,539.2283325195312,804.5751953125,903.3746948242188
57,player,6,0,550.0930786132812,536.6697387695312,441.94866943359375,781.5147705078125
57,player,1,1,1014.954833984375,501.81658935546875,792.89306640625,814.3236083984375
57,player,24,1,756.818603515625,404.47369384765625,694.4732666015625,511.511474609375
57,player,53,1,203.9008026123047,408.8115234375,217.5261993408203,339.901123046875
57,player,3,1,597.1480712890625,516.3482055664062,485.46051025390625,750.9459838867188
57,player,10,0,814.2032470703125,441.8109436035156,705.58935546875,620.801025390625
57,player,14,0,649.6871337890625,351.8932189941406,661.6345825195312,273.3512268066406
57,player,65,-1,240.96426391601562,393.0993957519531,241.48715209960938,296.0255126953125
57,player,76,-1,221.10546875,402.4677429199219,233.34738159179688,320.35882568359375
58,player,5,0,1090.498291015625,539.3215942382812,804.77392578125,903.8092041015625
58,player,6,0,550.8302001953125,536.678955078125,442.27203369140625,781.4739379882812
58,player,1,1,1014.5091552734375,501.9559631347656,792.7181396484375,814.3780517578125
58,player,24,1,754.5379638671875,399.39227294921875,697.367919921875,500.03167724609375
58,player,3,1,596.8985595703125,516.32861328125,485.44879150390625,750.1311645507812
58,player,53,1,200.67431640625,408.5799560546875,215.57437133789062,341.3274230957031
58,player,10,0,813.250244140625,441.33892822265625,705.744140625,620.4118041992188
58,player,14,0,649.3900146484375,351.9675598144531,661.4129638671875,273.2767333984375
58,player,65,-1,242.10574340820312,396.36383056640625,244.87840270996094,301.852294921875
59,player,5,0,1090.754150390625,539.2952270507812,804.9718627929688,904.093994140625
59,player,6,0,551.4075927734375,536.8822021484375,442.58795166015625,781.639404296875
59,player,1,1,1014.0087280273438,501.85882568359375,792.5172729492188,814.301513671875
59,player,24,1,753.3309936523438,397.347412109375,699.6907958984375,490.114501953125
59,player,3,1,596.8347778320312,516.8509521484375,485.3242492675781,749.9957275390625
59,player,4,1,663.2470703125,353.4671630859375,675.083984375,286.7222900390625
59,player,53,1,202.56552124023438,406.31976318359375,214.9959716796875,339.65081787109375
59,player,10,0,811.9275512695312,444.5576477050781,704.3153076171875,623.0778198242188
59,player,65,1,240.69151306152344,399.7363586425781,246.3895263671875,309.79949951171875
59,player,76,-1,224.12139892578125,403.9103698730469,233.4132080078125,325.3125305175781
60,player,6,0,552.1480712890625,537.172119140625,442.9239501953125,782.0140991210938
60,player,5,0,1090.9998779296875,539.3157958984375,805.1500854492188,904.3106689453125
60,player,1,1,1013.707763671875,501.6216735839844,792.4012451171875,814.0531005859375
60,player,53,1,202.85313415527344,405.1441345214844,214.7638397216797,337.12286376953125
60,player,4,1,664.3974609375,353.2777404785156,674.6651611328125,285.5996398925781
60,player,3,1,597.7042846679688,519.53076171875,484.94183349609375,752.0157470703125
60,player,65,1,239.81280517578125,402.530517578125,246.8965606689453,318.3995666503906
60,player,24,1,752.241455078125,391.0530090332031,703.3902587890625,476.2565002441406
60,player,10,0,809.0843505859375,448.14990234375,701.3256225585938,627.902099609375
60,player,82,-1,218.0177001953125,406.9356994628906,227.5928192138672,343.422607421875
61,player,6,0,553.49853515625,537.3248901367188,443.442138671875,782.4732055664062
61,player,5,0,1091.506591796875,539.1299438476562,805.4501953125,904.37060546875
61,player,1,1,1013.7046508789062,501.69964599609375,792.2958374023438,813.94873046875
61,player,4,1,664.1975708007812,353.3945007324219,674.2776489257812,285.0110778808594
61,player,24,1,751.215576171875,404.5707702636719,700.1536865234375,482.5897216796875
61,player,65,1,241.9398193359375,406.59039306640625,247.6036376953125,329.27142333984375
61,player,3,1,598.178955078125,520.5751953125,484.60992431640625,754.15625
61,player,53,1,205.29769897460938,405.1937561035156,215.3751983642578,335.8030700683594
61,player,10,0,807.73046875,449.9368896484375,698.3836059570312,632.5662841796875
62,player,6,0,554.2105712890625,537.2640380859375,443.96026611328125,782.7833251953125
62,player,5,0,1091.9725341796875,538.9615478515625,805.8138427734375,904.336669921875
62,player,1,1,1013.6802978515625,502.2814636230469,792.0032958984375,814.30615234375
62,player,4,1,663.6531982421875,353.29931640625,673.8824462890625,284.4300231933594
62,player,24,1,749.97119140625,416.3837890625,693.2635498046875,499.41107177734375
62,player,3,1,598.134033203125,520.0164794921875,484.490234375,755.1220703125
62,player,65,1,244.086669921875,410.04498291015625,248.4834747314453,340.7985534667969
62,player,10,0,806.3783569335938,451.3538513183594,695.6079711914062,636.7774047851562
62,player,53,1,209.23202514648438,403.56976318359375,217.08447265625,333.328125
62,player,87,-1,618.02294921875,343.6416320800781,640.0010375976562,227.71034240722656
63,player,6,0,554.5009765625,537.3256225585938,444.35675048828125,783.0518798828125
63,player,5,0,1092.28173828125,539.0104370117188,806.1043090820312,904.369140625
63,player,1,1,1013.8072509765625,503.00689697265625,791.5733642578125,815.080322265625
63,player,4,1,663.866943359375,353.0907897949219,673.7833251953125,283.78314208984375
63,player,24,1,749.5076904296875,421.422607421875,686.8296508789062,515.59326171875
63,player,10,0,805.82470703125,449.25445556640625,694.3836669921875,637.5302734375
63,player,3,1,597.949951171875,518.848876953125,484.59149169921875,754.8508911132812
63,player,65,1,245.49041748046875,411.5232849121094,249.38262939453125,350.2314453125
63,player,89,-1,211.05288696289062,402.6101989746094,222.0325164794922,325.833251953125
63,player,87,-1,617.6766357421875,344.046630859375,639.7218017578125,228.27139282226562
64,player,6,0,554.4962768554688,537.3320922851562,444.6123046875,783.2307739257812
64,player,1,1,1013.9981689453125,504.0074157714844,790.9678955078125,816.3299560546875
64,player,5,0,1092.3203125,539.2561645507812,806.2135620117188,904.5504760742188
64,player,4,1,661.5431518554688,353.13885498046875,672.9190673828125,283.1563720703125
64,player,24,1,749.477294921875,421.7204895019531,682.5323486328125,526.41845703125
64,player,10,0,804.8864135742188,447.8077087402344,693.837158203125,636.5919189453125
64,player,3,1,597.9449462890625,518.459716796875,484.7310791015625,754.3787841796875
64,player,65,1,246.32489013671875,412.1350402832031,250.17987060546875,357.1888427734375
64,player,89,-1,211.60435485839844,402.9696350097656,222.18702697753906,326.34619140625
65,player,6,0,554.604248046875,537.29296875,444.8108215332031,783.3272705078125
65,player,1,1,1014.0982666015625,505.02081298828125,790.222412109375,817.8882446289062
65,player,5,0,1092.039794921875,539.5709228515625,806.1064453125,904.8486328125
65,player,14,0,656.28369140625,352.1054382324219,663.534423828125,274.2411193847656
65,player,24,1,749.1943359375,427.3208923339844,677.679443359375,539.1846313476562
65,player,10,0,802.1856689453125,449.0774230957031,692.2965698242188,636.9117431640625
65,player,3,1,598.1929931640625,518.51953125,484.87158203125,754.1373291015625
65,player,76,-1,233.76890563964844,415.2484130859375,235.74127197265625,343.41741943359375
66,player,6,0,554.7769775390625,537.2700805664062,444.98516845703125,783.386962890625
66,player,1,1,1014.3580932617188,505.7236633300781,789.5411376953125,819.432373046875
66,player,5,0,1092.642578125,538.8114624023438,806.4498291015625,904.6015625
66,player,14,0,654.998046875,352.0881042480469,664.4876708984375,274.69110107421875
66,player,24,1,747.8734741210938,433.4775695800781,672.0252075195312,553.5443725585938
66,player,10,0,801.083984375,450.6872863769531,690.4352416992188,638.5050659179688
66,player,3,1,598.0631103515625,518.6389770507812,484.90777587890625,754.0606689453125
66,player,65,1,246.57766723632812,416.6029968261719,250.4570770263672,367.076171875
67,player,6,0,554.9810791015625,537.19677734375,445.15972900390625,783.3887939453125
67,player,1,1,1014.2842407226562,506.00433349609375,788.976318359375,820.6336059570312
67,player,5,0,1093.005126953125,538.3983764648438,806.9061279296875,904.2033081054688
67,player,14,0,653.8724365234375,352.1196594238281,664.7154541015625,274.8951721191406
67,player,24,1,745.859619140625,437.48089599609375,666.4306030273438,566.6351318359375
67,player,10,0,799.225341796875,451.7362060546875,688.3562622070312,640.3348999023438
67,player,3,1,598.132568359375,518.4117431640625,484.9923095703125,753.8438720703125
67,player,99,-1,174.75828552246094,408.6848449707031,188.91224670410156,336.4924621582031
67,player,98,-1,183.2484130859375,409.4919128417969,196.38436889648438,341.9209289550781
67,player,96,-1,254.7042236328125,418.68048095703125,257.59375,394.827880859375
68,player,6,0,555.27392578125,537.0397338867188,445.36962890625,783.299560546875
68,player,1,1,1015.00634765625,506.68206787109375,788.5357666015625,821.9628295898438
68,player,5,0,1093.197265625,538.5463256835938,807.19384765625,904.0538330078125
68,player,24,1,744.4063720703125,436.6770324707031,662.65380859375,574.2179565429688
68,player,10,0,798.1234741210938,452.07861328125,686.5867919921875,641.7377319335938
68,player,14,0,653.212646484375,352.388671875,664.5319213867188,275.33203125
68,player,3,1,598.84912109375,517.7269287109375,485.35687255859375,753.2398681640625
68,player,65,1,248.24240112304688,421.4176025390625,250.8023223876953,379.31988525390625
68,player,99,-1,176.37042236328125,408.1073913574219,189.4305877685547,335.9459228515625
68,player,98,-1,182.77017211914062,409.1971435546875,196.24545288085938,341.5058288574219
69,player,6,0,555.344482421875,536.8826293945312,445.54901123046875,783.1336669921875
69,player,1,1,1014.7387084960938,506.7424621582031,788.1615600585938,822.8489990234375
69,player,10,0,798.1129150390625,452.2095947265625,685.388916015625,642.7686157226562
69,player,5,0,1093.5517578125,538.7498168945312,807.3896484375,904.11376953125
69,player,24,1,744.0665283203125,431.6332092285156,661.8060913085938,574.1116333007812
69,player,14,0,653.4509887695312,352.83331298828125,664.312255859375,276.275146484375
69,player,3,1,599.7611083984375,517.5007934570312,485.86346435546875,752.7487182617188
69,player,65,1,244.5175323486328,421.4059143066406,249.90391540527344,386.88372802734375
69,player,76,-1,226.56085205078125,421.1432800292969,234.70782470703125,361.40234375
70,player,6,0,555.3450927734375,536.956787109375,445.65350341796875,783.0794677734375
70,player,1,1,1015.619140625,507.9524230957031,787.6878662109375,824.3681640625
70,player,24,1,743.3350830078125,431.74456787109375,661.0090942382812,574.0838012695312
70,player,10,0,798.3907470703125,452.5420837402344,684.5724487304688,643.7684936523438
70,player,5,0,1093.87255859375,539.057861328125,807.4801635742188,904.3741455078125
70,player,14,0,653.1287841796875,352.9085388183594,664.0305786132812,276.9566955566406
70,player,3,1,600.2083129882812,519.0028076171875,486.01220703125,753.60693359375
70,player,99,-1,173.67645263671875,404.8993225097656,189.0151824951172,331.2834777832031
70,player,98,-1,179.02749633789062,407.2584533691406,195.0509033203125,338.429443359375
70,player,87,-1,624.597412109375,349.7544250488281,639.6654052734375,237.8463134765625
71,player,1,1,1014.7571411132812,507.9097595214844,787.1848754882812,825.2559814453125
71,player,6,0,554.8834228515625,536.7088623046875,445.65130615234375,782.8291625976562
71,player,24,1,742.758544921875,431.1610412597656,660.5257568359375,573.4254760742188
71,player,10,0,797.7208251953125,452.7997741699219,683.7711181640625,644.593017578125
71,player,5,0,1094.7158203125,539.2606201171875,807.6612548828125,904.7364501953125
71,player,4,1,659.0823364257812,353.2637023925781,671.4801025390625,282.6350402832031
71,player,3,1,601.0626831054688,517.8519287109375,486.54327392578125,753.3597412109375
71,player,76,-1,233.04336547851562,419.1180725097656,236.11988830566406,371.3854064941406
71,player,98,-1,181.5358123779297,408.3776550292969,195.02127075195312,338.08978271484375
72,player,1,1,1016.4259643554688,508.4659118652344,787.061279296875,826.3665771484375
72,player,6,0,554.6058349609375,536.5209350585938,445.6141357421875,782.5089111328125
72,player,5,0,1097.1220703125,539.4132690429688,808.2813110351562,905.2501220703125
72,player,24,1,742.0467529296875,429.96551513671875,660.4168701171875,571.7264404296875
72,player,10,0,796.4383544921875,453.384765625,682.70166015625,645.5465087890625
72,player,4,1,658.7876586914062,353.3592834472656,670.40673828125,282.39642333984375
72,player,98,-1,180.5867919921875,408.7174072265625,194.6959228515625,338.1898193359375
72,player,76,1,238.058837890625,418.5173034667969,238.597900390625,377.6842956542969
72,player,3,1,602.2139892578125,516.3069458007812,487.4752197265625,752.114013671875
72,player,53,1,252.14614868164062,413.2984619140625,230.88693237304688,348.20843505859375
73,player,1,1,1018.517578125,508.681396484375,787.41259765625,827.4103393554688
73,player,6,0,555.0641479492188,536.4241943359375,445.71636962890625,782.2666625976562
73,player,5,0,1099.3447265625,539.4644775390625,809.1805419921875,905.783447265625
73,player,24,1,741.452392578125,427.97412109375,660.8594360351562,568.5488891601562
73,player,10,0,793.0614624023438,455.3498840332031,680.4248046875,647.6471557617188
73,player,14,0,656.5247802734375,353.5023193359375,664.746826171875,278.640625
73,player,98,-1,181.41490173339844,406.9942626953125,194.79714965820312,336.19866943359375
73,player,3,1,603.2330322265625,516.1985473632812,488.35498046875,751.3038940429688
73,player,82,-1,246.45675659179688,417.67694091796875,235.6630096435547,359.3846130371094
73,player,109,-1,174.2951202392578,402.10498046875,189.02120971679688,312.6847839355469
74,player,1,1,1021.7183837890625,508.5507507324219,788.4707641601562,828.2509765625
74,player,10,0,790.42724609375,455.30059814453125,678.2462768554688,648.72900390625
74,player,5,0,1101.570556640625,539.6681518554688,810.20654296875,906.4271240234375
74,player,6,0,556.562255859375,536.0562133789062,446.2048645019531,781.9600830078125
74,player,3,1,604.2794189453125,515.8482055664062,489.25537109375,750.5941162109375
74,player,24,1,740.5946044921875,428.644287109375,660.6712646484375,567.0806884765625
74,player,14,0,655.6661376953125,353.7872009277344,664.80859375,280.03607177734375
74,player,98,-1,183.69247436523438,406.1443786621094,195.60244750976562,334.08453369140625
74,player,82,-1,251.2567138671875,418.36474609375,242.31675720214844,371.0643310546875
74,player,109,-1,174.17727661132812,400.58056640625,189.02685546875,310.7205810546875
75,player,1,1,1024.3939208984375,508.5347595214844,789.8177490234375,828.999755859375
75,player,6,0,558.6485595703125,535.6524047851562,447.09271240234375,781.631591796875
75,player,5,0,1103.7523193359375,540.4592895507812,811.0911865234375,907.512939453125
75,player,10,0,788.773681640625,454.5986328125,676.6158447265625,648.6441650390625
75,player,14,0,655.9073486328125,353.6679382324219,664.9780883789062,280.8032531738281
75,player,24,1,739.7701416015625,433.20941162109375,658.7630615234375,570.6351928710938
75,player,3,1,605.5593872070312,514.7847290039062,490.36871337890625,749.4214477539062
75,player,98,0,185.843017578125,406.2860107421875,196.79327392578125,333.11724853515625
75,player,82,-1,254.3061065673828,418.33599853515625,247.56881713867188,378.93646240234375
75,player,109,-1,173.97116088867188,401.7272644042969,188.93319702148438,310.8906555175781
76,player,1,1,1025.64892578125,509.2787170410156,790.723876953125,830.1193237304688
76,player,6,0,559.9261474609375,535.1367797851562,448.06451416015625,781.1443481445312
76,player,10,0,786.83984375,454.0310974121094,675.2198486328125,647.89599609375
76,player,5,0,1106.744140625,541.0263061523438,812.1517333984375,908.802734375
76,player,14,0,655.794677734375,353.5108947753906,665.1142578125,281.06689453125
76,player,24,1,739.089599609375,433.98626708984375,657.06884765625,573.653564453125
76,player,3,1,606.172607421875,514.2626953125,491.3485412597656,748.3079223632812
76,player,90,-1,187.880126953125,405.775390625,200.8766632080078,330.11566162109375
76,player,82,-1,254.6339111328125,417.2971496582031,251.16018676757812,382.8650207519531
76,player,109,-1,173.77737426757812,402.5470886230469,188.7883758544922,312.0263977050781
77,player,1,1,1023.8421020507812,509.27593994140625,790.873291015625,830.7008056640625
77,player,6,0,560.39794921875,534.8976440429688,448.85028076171875,780.6910400390625
77,player,5,0,1111.635986328125,540.7044067382812,814.0877685546875,909.802734375
77,player,3,1,607.6044921875,513.5359497070312,492.4866943359375,747.14111328125
77,player,90,-1,188.6420440673828,407.6577453613281,201.0458221435547,332.5465393066406
77,player,24,1,738.123046875,425.61505126953125,658.5411376953125,567.0691528320312
77,player,10,0,784.7122802734375,453.68792724609375,673.8477783203125,646.9027099609375
77,player,14,0,655.764404296875,353.6687316894531,665.1284790039062,281.45758056640625
77,player,82,-1,256.375244140625,417.5632629394531,254.00347900390625,385.91180419921875
78,player,1,1,1023.9130249023438,509.5656433105469,790.8806762695312,831.2916259765625
78,player,6,0,560.5953979492188,534.7737426757812,449.4295959472656,780.3219604492188
78,player,3,1,610.4119873046875,512.0167236328125,494.2318420410156,745.4381713867188
78,player,5,0,1114.71044921875,539.7731323242188,816.3974609375,910.09130859375
78,player,90,-1,189.42861938476562,409.06414794921875,201.3488311767578,335.9535827636719
78,player,24,1,737.0521850585938,420.3267517089844,661.0335083007812,557.2006225585938
78,player,10,0,782.8583984375,452.95587158203125,672.6948852539062,645.4180297851562
78,player,14,0,656.0450439453125,353.98162841796875,665.1048583984375,282.1858825683594
78,player,82,-1,258.64862060546875,417.37713623046875,256.5564880371094,387.90765380859375
78,player,87,-1,608.36181640625,351.0746765136719,633.6181640625,244.04006958007812
79,player,1,1,1025.1962890625,509.5985107421875,791.1861572265625,831.801513671875
79,player,3,1,612.3082885742188,511.45220947265625,495.9541015625,744.048828125
79,player,6,0,560.8470458984375,534.6077880859375,449.8948974609375,779.9812622070312
79,player,5,0,1116.06396484375,539.6260375976562,818.2657470703125,910.2867431640625
79,player,14,0,656.6715087890625,353.7496643066406,665.3937377929688,282.4060363769531
79,player,10,0,780.5335693359375,452.66107177734375,671.4093627929688,643.9703369140625
79,player,24,1,736.8017578125,421.7415771484375,662.083984375,552.2398071289062
79,player,82,1,261.18939208984375,415.8376770019531,259.11016845703125,387.6499328613281
79,player,90,-1,189.772705078125,409.4266662597656,201.63925170898438,338.65234375
79,player,87,-1,607.6241455078125,352.1222839355469,629.0458374023438,249.48745727539062
80,player,1,1,1027.019287109375,509.88671875,791.7222900390625,832.4840087890625
80,player,3,1,613.4329833984375,510.5628356933594,497.53594970703125,742.5473022460938
80,player,6,0,560.9830322265625,534.63427734375,450.2257080078125,779.7896728515625
80,player,5,0,1116.786376953125,541.6007690429688,818.9228515625,911.7197265625
80,player,82,1,264.6407470703125,418.2599792480469,261.62396240234375,390.6919250488281
80,player,10,0,779.0230712890625,452.9282531738281,670.07275390625,643.13671875
80,player,14,0,656.59716796875,353.5772399902344,665.626708984375,282.2970275878906
80,player,87,-1,608.1829833984375,352.72882080078125,626.03662109375,253.9652557373047
80,player,90,-1,193.28634643554688,409.3379211425781,202.9220428466797,340.6689453125
80,player,24,1,736.953125,425.4441223144531,661.5232543945312,552.8607177734375
81,player,1,1,1030.051025390625,510.6479797363281,792.52685546875,833.711181640625
81,player,3,1,614.7742309570312,510.21893310546875,498.97015380859375,741.4136962890625
81,player,6,0,561.3823852539062,534.6431274414062,450.5356750488281,779.702880859375
81,player,5,0,1117.1263427734375,544.1743774414062,818.490478515625,914.2965087890625
81,player,82,1,265.3258972167969,418.9630432128906,263.4083557128906,393.562255859375
81,player,87,-1,607.61328125,351.94189453125,624.1814575195312,255.67813110351562
81,player,120,-1,204.36460876464844,407.778076171875,215.33123779296875,342.26068115234375
81,player,10,0,778.092529296875,453.3621826171875,668.8062744140625,642.907958984375
81,player,24,1,737.441162109375,430.1315612792969,659.6943359375,558.0829467773438
81,player,14,0,653.2830810546875,353.61419677734375,664.651123046875,281.8875732421875
82,player,3,1,616.012939453125,510.2965087890625,500.1964416503906,740.838623046875
82,player,1,1,1031.9461669921875,511.4967041015625,793.1962890625,835.2620849609375
82,player,6,0,561.7982177734375,534.8456420898438,450.80328369140625,779.8260498046875
82,player,5,0,1117.7811279296875,546.3649291992188,817.567138671875,917.3885498046875
82,player,82,1,267.18304443359375,418.2724304199219,265.187255859375,394.8111572265625
82,player,87,0,604.09033203125,350.2929992675781,622.397216796875,253.98931884765625
82,player,120,-1,200.13665771484375,408.4963073730469,213.9842529296875,342.7007751464844
82,player,10,0,776.590087890625,452.92669677734375,667.71728515625,642.2227783203125
82,player,24,1,737.25146484375,432.3336486816406,657.70751953125,563.6710815429688
82,player,14,0,644.86767578125,353.6823425292969,661.1646728515625,280.72503662109375
83,player,3,1,616.9278564453125,510.7580261230469,501.1274719238281,740.898193359375
83,player,1,1,1032.85693359375,511.6121826171875,793.809814453125,836.4243774414062
83,player,6,0,563.327392578125,534.9232788085938,451.3331604003906,780.0821533203125
83,player,5,0,1118.673095703125,547.2619018554688,816.8477783203125,920.02197265625
83,player,82,1,269.3516540527344,416.6199035644531,267.1397705078125,393.9053649902344
83,player,120,-1,198.11289978027344,408.28936767578125,212.4885711669922,342.51629638671875
83,player,87,0,599.072998046875,351.3221435546875,619.1537475585938,253.7826385498047
83,player,24,1,736.6192626953125,432.0301513671875,656.3384399414062,566.93896484375
83,player,14,0,641.9443969726562,353.2783203125,658.0767822265625,279.05181884765625
83,player,10,0,775.2806396484375,452.7853088378906,666.69873046875,641.5280151367188
84,player,3,1,617.8756103515625,511.33941650390625,501.84991455078125,741.4652099609375
84,player,1,1,1033.99755859375,511.62860107421875,794.4794921875,837.2821044921875
84,player,6,0,564.37646484375,534.9826049804688,451.920654296875,780.373779296875
84,player,5,0,1119.4715576171875,546.68603515625,816.770263671875,921.4349365234375
84,player,24,1,736.0934448242188,430.7566833496094,655.7281494140625,567.73388671875
84,player,82,1,271.62744140625,416.73480224609375,269.09075927734375,393.68695068359375
84,player,90,-1,188.71945190429688,407.4137268066406,202.40838623046875,339.11083984375
84,player,87,0,596.565673828125,352.7515563964844,615.674072265625,255.40994262695312
84,player,14,0,642.3621826171875,352.97442626953125,656.330810546875,277.582275390625
84,player,10,0,774.1243896484375,452.80987548828125,665.712890625,640.993408203125
85,player,3,1,617.794189453125,511.7190856933594,502.2211608886719,742.1209716796875
85,player,1,1,1034.4150390625,511.8633117675781,794.9290771484375,838.038818359375
85,player,6,0,564.7639770507812,534.8784790039062,452.4137268066406,780.5181884765625
85,player,24,1,735.6697998046875,429.5684814453125,655.6126708984375,567.0109252929688
85,player,5,0,1120.005859375,547.9262084960938,816.3951416015625,923.162353515625
85,player,82,1,273.6060791015625,416.66253662109375,270.96636962890625,393.66424560546875
85,player,14,0,646.3165893554688,353.53369140625,656.3023681640625,277.88720703125
85,player,120,-1,186.886474609375,407.33013916015625,208.05816650390625,340.01251220703125
85,player,87,0,596.8135375976562,352.40264892578125,613.6231079101562,255.9954071044922
85,player,10,0,772.4970703125,453.01434326171875,664.560546875,640.6852416992188
86,player,1,1,1034.4219970703125,511.71429443359375,795.2782592773438,838.42578125
86,player,24,1,735.1845703125,427.0816650390625,656.2456665039062,563.967041015625
86,player,3,1,617.3534545898438,511.6874694824219,502.35894775390625,742.48681640625
86,player,6,0,564.0606689453125,535.073974609375,452.53131103515625,780.69873046875
86,player,14,0,649.5336303710938,353.6904296875,657.3012084960938,278.68670654296875
86,player,5,0,1122.340087890625,549.9318237304688,815.96337890625,925.6949462890625
86,player,82,1,277.2486877441406,410.8544616699219,273.81671142578125,387.114501953125
86,player,87,0,591.9386596679688,354.5897216796875,609.855712890625,258.9316711425781
86,player,120,-1,187.44793701171875,407.5596008300781,205.3452606201172,338.73040771484375
86,player,10,0,770.7999267578125,454.1548767089844,662.9752197265625,641.3760375976562
87,player,1,1,1034.1429443359375,511.5079650878906,795.5140380859375,838.509033203125
87,player,3,1,617.2943115234375,511.4447021484375,502.48358154296875,742.5318603515625
87,player,6,0,563.6532592773438,535.2974853515625,452.4715576171875,780.9461669921875
87,player,24,1,734.6221313476562,426.16827392578125,656.8084106445312,560.9994506835938
87,player,82,1,278.7368469238281,411.994140625,276.02178955078125,384.3814697265625
87,player,14,0,646.5099487304688,353.2363586425781,657.1168823242188,278.2068176269531
87,player,5,0,1123.895751953125,550.912841796875,815.6853637695312,928.0579223632812
87,player,120,-1,188.47808837890625,408.0208740234375,203.88607788085938,338.5798645019531
87,player,127,-1,588.69091796875,354.8660583496094,599.4541015625,264.4137268066406
87,player,10,0,769.1393432617188,455.561767578125,661.035400390625,642.9585571289062
88,player,1,1,1033.9151611328125,510.8933410644531,795.840087890625,838.109130859375
88,player,14,0,640.195068359375,353.41790771484375,654.802490234375,277.4062805175781
88,player,3,1,617.3544921875,511.35052490234375,502.59893798828125,742.4931640625
88,player,6,0,564.669677734375,535.0777587890625,452.71514892578125,781.02734375
88,player,5,0,1125.06201171875,551.6624755859375,815.5015869140625,930.1383056640625
88,player,127,-1,586.8714599609375,355.0406188964844,598.7799072265625,264.4475402832031
88,player,24,1,734.1742553710938,438.4012451171875,652.9491577148438,571.275634765625
88,player,10,0,767.419677734375,456.0703125,659.1430053710938,644.2939453125
88,player,120,-1,191.23202514648438,408.8502502441406,203.76333618164062,339.8019104003906
88,player,82,1,279.911865234375,413.13909912109375,277.70953369140625,384.09576416015625
89,player,14,0,642.1099853515625,353.7695617675781,653.8024291992188,277.6102294921875
89,player,1,1,1033.5101318359375,510.17352294921875,796.22119140625,837.305419921875
89,player,3,1,617.061279296875,511.2994079589844,502.6112060546875,742.4044189453125
89,player,6,0,565.4302978515625,534.853759765625,453.09515380859375,780.977294921875
89,player,24,1,733.5469970703125,448.2135925292969,647.1159057617188,587.3209228515625
89,player,87,0,584.5012817382812,354.14691162109375,605.0574951171875,259.3268737792969
89,player,5,0,1125.674072265625,551.7229614257812,815.4993896484375,931.5724487304688
89,player,127,-1,584.8402099609375,354.1443176269531,597.9734497070312,262.94866943359375
89,player,10,0,766.50439453125,456.1163635253906,657.6495361328125,645.120849609375
89,player,120,0,195.44378662109375,410.4017028808594,204.9291534423828,342.95330810546875
90,player,14,0,644.2449951171875,353.7916564941406,653.8604736328125,278.02593994140625
90,player,3,1,616.9571533203125,511.9843444824219,502.45269775390625,742.8683471679688
90,player,24,1,733.0750732421875,446.97174072265625,643.5858154296875,596.53271484375
90,player,6,0,565.037841796875,534.845947265625,453.248779296875,780.9083251953125
90,player,87,0,581.8487548828125,354.5266418457031,600.910888671875,259.81304931640625
90,player,1,1,1032.750244140625,509.3606262207031,796.5867919921875,836.14306640625
90,player,10,0,765.8538818359375,457.07122802734375,656.1954956054688,646.4663696289062
90,player,5,0,1126.0794677734375,552.048828125,815.4735107421875,932.7333984375
90,player,82,1,284.5635986328125,415.9497375488281,279.96337890625,387.72265625
90,player,120,0,190.47409057617188,410.1926574707031,204.15550231933594,344.2200927734375
91,player,14,0,643.492919921875,353.7408752441406,653.6658935546875,278.1355895996094
91,player,3,1,617.0957641601562,513.281494140625,502.119140625,744.1817626953125
91,player,24,1,732.523193359375,445.586181640625,641.5774536132812,601.1527709960938
91,player,6,0,564.2957763671875,535.0203857421875,453.139892578125,780.931884765625
91,player,5,0,1126.489990234375,552.4027099609375,815.42333984375,933.7340087890625
91,player,1,1,1032.2730712890625,509.3462219238281,796.7135009765625,835.3392333984375
91,player,127,-1,579.0921630859375,355.7308044433594,594.9593505859375,263.5596923828125
91,player,10,0,764.7039794921875,457.9270935058594,654.6651611328125,648.01171875
91,player,120,0,187.84788513183594,411.1410827636719,202.8048095703125,345.9310302734375
91,player,82,1,286.5632629394531,418.0255432128906,281.8395080566406,392.719970703125
92,player,14,0,644.5316772460938,354.1722412109375,653.7168579101562,278.9390869140625
92,player,3,1,617.2132568359375,513.894775390625,501.80657958984375,745.5166625976562
92,player,24,1,731.8983764648438,437.904052734375,642.5714111328125,596.6729736328125
92,player,6,0,563.5267333984375,535.1073608398438,452.86883544921875,780.9500732421875
92,player,1,1,1032.08935546875,509.53997802734375,796.6788940429688,834.9403076171875
92,player,5,0,1126.891357421875,552.76123046875,815.3538208007812,934.63232421875
92,player,120,0,190.14639282226562,415.6129150390625,202.473876953125,352.7158508300781
92,player,10,0,763.7020874023438,459.78521728515625,652.809326171875,650.5999145507812
92,player,82,1,288.9914855957031,421.18682861328125,283.4928894042969,399.8829345703125
92,player,87,0,575.5733642578125,355.9064636230469,595.6248779296875,261.3563537597656
93,player,14,0,644.925048828125,354.1246643066406,653.90087890625,279.4405212402344
93,player,3,1,617.62109375,514.2609252929688,501.6302795410156,746.6985473632812
93,player,24,1,731.2818603515625,434.3954772949219,644.1962890625,590.2391357421875
93,player,87,0,573.3729858398438,353.31585693359375,592.3385009765625,258.3882141113281
93,player,6,0,563.6627197265625,533.4573364257812,453.006103515625,779.7734375
93,player,1,1,1031.33251953125,509.6322937011719,796.4376220703125,834.6865234375
93,player,5,0,1127.590576171875,553.220703125,815.30322265625,935.5470581054688
93,player,10,0,762.9697265625,461.41302490234375,650.8924560546875,653.6740112304688
93,player,120,0,192.2144775390625,416.7000732421875,202.85186767578125,358.6463623046875
93,player,82,1,291.1746826171875,421.7310791015625,285.1719970703125,405.38751220703125
94,player,14,0,645.4229736328125,353.8121032714844,654.3118286132812,279.3835144042969
94,player,3,1,618.1741943359375,514.7018432617188,501.56341552734375,747.849609375
94,player,6,0,563.337646484375,532.7078857421875,453.14459228515625,778.436279296875
94,player,24,1,730.5696411132812,441.7719421386719,642.6484375,593.2193603515625
94,player,1,1,1031.1971435546875,509.23846435546875,796.3944702148438,834.2296752929688
94,player,120,0,190.61190795898438,419.5289611816406,202.50479125976562,365.7046203613281
94,player,5,0,1129.4482421875,553.8053588867188,815.4822998046875,936.632568359375
94,player,10,0,762.4981689453125,462.691650390625,649.119140625,656.76904296875
94,player,82,1,293.567626953125,422.6593322753906,286.8921203613281,410.2732849121094
94,player,127,-1,574.1346435546875,350.3547058105469,593.1947631835938,255.6155548095703
95,player,14,0,645.0906372070312,353.678466796875,654.5205688476562,279.11822509765625
95,player,3,1,617.6895141601562,514.76220703125,501.3872985839844,748.604736328125
95,player,6,0,562.6387939453125,533.2110595703125,452.9796142578125,777.8795166015625
95,player,10,0,762.38818359375,464.85968017578125,647.26220703125,660.6906127929688
95,player,120,0,191.13165283203125,423.41265869140625,202.2970428466797,374.91058349609375
95,player,1,1,1031.3154296875,508.4822998046875,796.67724609375,833.4014282226562
95,player,24,1,730.395263671875,430.58795166015625,645.2613525390625,584.0974731445312
95,player,5,0,1131.761474609375,553.7183227539062,816.1529541015625,937.4541015625
95,player,127,-1,573.0205688476562,348.8014221191406,592.213623046875,248.04127502441406
95,player,82,1,295.5388488769531,423.380615234375,288.5305480957031,414.47308349609375
96,player,14,0,644.427490234375,353.6460876464844,654.4464111328125,278.82171630859375
96,player,3,1,616.7071533203125,514.2750244140625,501.1277160644531,748.642333984375
96,player,6,0,561.0469970703125,534.3929443359375,452.2869873046875,778.2532348632812
96,player,10,0,762.1911010742188,466.4193420410156,645.5204467773438,664.5938720703125
96,player,120,0,191.696533203125,423.99188232421875,202.31155395507812,381.6268310546875
96,player,24,1,729.5401611328125,422.2560729980469,649.548095703125,569.5452270507812
96,player,127,-1,571.8914794921875,350.3407287597656,590.6510620117188,245.2392120361328
96,player,1,1,1031.727294921875,508.68585205078125,796.8856201171875,833.0416870117188
96,player,5,0,1132.927001953125,553.61083984375,816.8909912109375,938.0078735351562
96,player,139,-1,626.607666015625,356.1180419921875,634.4959716796875,282.23974609375
97,player,14,0,643.9229736328125,353.4068603515625,654.3238525390625,278.23065185546875
97,player,6,0,560.2931518554688,534.7351684570312,451.59698486328125,778.6856689453125
97,player,3,1,616.0018310546875,513.4766235351562,500.9458312988281,747.99609375
97,player,120,0,191.19482421875,424.0788879394531,202.16664123535156,386.04241943359375
97,player,10,0,761.2808837890625,467.6871337890625,643.7561645507812,668.159912109375
97,player,1,1,1031.8095703125,507.704833984375,797.4080810546875,832.1113891601562
97,player,127,0,570.1707763671875,351.8052978515625,588.5419921875,245.34532165527344
97,player,5,0,1133.8707275390625,554.6421508789062,817.2154541015625,939.0614013671875
97,player,24,1,729.1568603515625,426.70611572265625,650.7002563476562,564.6447143554688
97,player,139,-1,625.568603515625,355.6269836425781,634.3348388671875,281.4266357421875
98,player,14,0,641.7401123046875,353.57080078125,653.4457397460938,277.82098388671875
98,player,6,0,559.629150390625,534.5803833007812,451.01422119140625,778.8023071289062
98,player,3,1,615.71728515625,512.464111328125,500.96295166015625,746.7724609375
98,player,127,0,567.8240966796875,350.92266845703125,586.6781005859375,243.84902954101562
98,player,120,0,192.6009063720703,424.6283264160156,202.4761199951172,389.6942138671875
98,player,10,0,760.3624877929688,468.2811584472656,642.183349609375,670.9149169921875
98,player,1,1,1031.6007080078125,507.23931884765625,797.87109375,831.1556396484375
98,player,24,1,728.419677734375,434.835205078125,648.5245971679688,569.5843505859375
98,player,5,0,1134.880126953125,555.5865478515625,817.3172607421875,940.3900146484375
98,player,139,-1,624.498291015625,355.0373229980469,634.095703125,279.9401550292969
99,player,14,0,640.4239501953125,353.6537780761719,652.4000244140625,277.516845703125
99,player,6,0,560.032958984375,534.9649658203125,450.66815185546875,779.1890258789062
99,player,127,0,563.6195068359375,350.197021484375,584.2841796875,241.31149291992188
99,player,3,1,615.7752075195312,512.0537719726562,501.072265625,745.664794921875
99,player,120,0,192.6107635498047,424.97772216796875,202.66748046875,392.4739990234375
99,player,10,0,760.30419921875,468.9482727050781,640.9420776367188,673.28125
99,player,24,1,725.9337158203125,439.70220947265625,644.8284912109375,577.3479614257812
99,player,1,1,1031.523681640625,506.86517333984375,798.293701171875,830.2590942382812
99,player,82,1,293.63092041015625,423.8641357421875,288.977783203125,417.5606689453125
99,player,5,0,1135.555419921875,555.6373901367188,817.5177001953125,941.3333740234375
100,player,6,0,560.05712890625,535.126708984375,450.42181396484375,779.5595703125
100,player,14,0,638.151123046875,353.4869689941406,651.022216796875,276.81427001953125
100,player,3,1,615.9822998046875,512.4864501953125,501.10662841796875,745.2959594726562
100,player,127,0,560.8624877929688,351.0484924316406,581.4984130859375,240.57684326171875
100,player,120,0,192.82583618164062,424.95111083984375,202.8575439453125,394.2719421386719
100,player,1,1,1031.78076171875,508.50933837890625,798.0152587890625,830.8770751953125
100,player,10,0,759.809814453125,468.885986328125,640.0228881835938,674.7215576171875
100,player,24,1,723.5001220703125,447.4952392578125,639.2852172851562,589.658203125
100,player,82,1,293.5890808105469,423.6493835449219,289.27667236328125,419.3186950683594
100,player,5,0,1135.4000244140625,555.8353271484375,817.5423583984375,942.0545654296875
101,player,6,0,559.8532104492188,534.2518920898438,450.3598327636719,779.1491088867188
101,player,14,0,635.6611328125,354.08892822265625,649.0542602539062,276.9165954589844
101,player,3,1,616.0152587890625,512.135986328125,501.208740234375,744.7882080078125
101,player,120,0,193.00086975097656,424.79705810546875,203.03939819335938,395.2798767089844
101,player,127,0,558.7080688476562,351.102294921875,578.9361572265625,239.9197998046875
101,player,82,1,293.1487121582031,422.9968566894531,289.4020080566406,419.6719970703125
101,player,1,1,1031.7301025390625,509.2926940917969,797.5296020507812,831.8347778320312
101,player,24,1,723.1734619140625,451.67279052734375,634.3038330078125,601.5584106445312
101,player,10,0,758.807861328125,466.7010498046875,639.8258666992188,673.6609497070312
101,player,5,0,1134.483642578125,555.347412109375,817.525634765625,942.1624755859375
102,player,6,0,559.14208984375,533.4849853515625,450.2770080566406,778.2679443359375
102,player,3,1,615.6051635742188,511.6376647949219,501.2746276855469,744.0392456054688
102,player,120,0,192.72216796875,424.4482727050781,203.08651733398438,395.501953125
102,player,14,0,634.572265625,354.7634582519531,647.1470336914062,277.80816650390625
102,player,10,0,758.1065063476562,465.2955322265625,639.9419555664062,671.6736450195312
102,player,1,1,1031.8150634765625,509.3731994628906,797.2046508789062,832.5215454101562
102,player,127,0,557.2388916015625,351.0567321777344,576.7859497070312,239.2501220703125
102,player,24,1,719.4878540039062,451.7320251464844,630.03564453125,609.0101928710938
102,player,82,1,293.03460693359375,423.1331481933594,289.4361877441406,420.0457763671875
102,player,5,0,1133.422119140625,555.1371459960938,817.35009765625,942.0284423828125
103,player,120,0,190.4892120361328,424.6923522949219,202.43601989746094,395.7019958496094
103,player,6,0,557.8135986328125,533.0385131835938,449.9769287109375,777.264892578125
103,player,3,1,615.167236328125,511.9169616699219,501.15106201171875,743.7327880859375
103,player,1,1,1032.144287109375,509.98602294921875,796.845458984375,833.43115234375
103,player,14,0,633.0916748046875,355.8330078125,644.99755859375,279.71990966796875
103,player,10,0,757.082763671875,465.95513916015625,639.5413818359375,670.8716430664062
103,player,24,1,717.1673583984375,454.1951904296875,625.8812866210938,615.931396484375
103,player,82,1,292.25872802734375,423.59454345703125,289.18182373046875,420.73663330078125
103,player,127,0,556.8516845703125,350.85302734375,575.3250122070312,238.47055053710938
103,player,5,0,1132.9013671875,556.1078491210938,816.7733154296875,942.4889526367188
103,ball,-1,-1,146.9043731689453,335.9639587402344,1171.1270751953125,199.80194091796875
104,player,120,0,189.03753662109375,424.77294921875,201.57337951660156,395.7776184082031
104,player,6,0,556.9954833984375,532.6096801757812,449.6559753417969,776.235107421875
104,player,3,1,614.9468994140625,512.0322265625,500.99224853515625,743.6047973632812
104,player,1,1,1032.309326171875,510.36676025390625,796.5106201171875,834.3065795898438
104,player,14,0,632.2286987304688,357.1072998046875,642.8226318359375,282.6470642089844
104,player,82,1,291.4246826171875,422.7688293457031,288.8456115722656,420.1578369140625
104,player,24,1,715.367431640625,454.33502197265625,622.6467895507812,620.3951416015625
104,player,10,0,756.8045654296875,466.3072204589844,639.0989379882812,670.6351318359375
104,player,127,0,557.70458984375,350.61553955078125,574.74609375,237.71856689453125
104,player,5,0,1133.5880126953125,557.0648193359375,816.213623046875,943.41357421875
104,ball,-1,-1,146.6732940673828,336.84210205078125,1171.1270751953125,199.80194091796875
105,player,120,0,189.438720703125,424.6380310058594,201.1381072998047,395.7110595703125
105,player,14,0,630.6408081054688,356.7778015136719,641.0048828125,283.9029235839844
105,player,6,0,556.5303955078125,532.2152709960938,449.40106201171875,775.2403564453125
105,player,3,1,614.826416015625,512.0101928710938,500.86346435546875,743.4947509765625
105,player,82,1,290.8647155761719,422.1220703125,288.52081298828125,418.98358154296875
105,player,1,1,1032.4605712890625,510.3115539550781,796.3502807617188,834.848388671875
105,player,127,0,557.314697265625,350.4986572265625,574.2763671875,237.01177978515625
105,player,24,1,714.6594848632812,457.0612487792969,619.540283203125,625.743408203125
105,player,10,0,756.01611328125,466.80078125,638.4503173828125,670.8446655273438
105,player,5,0,1134.788330078125,557.36181640625,816.0146484375,944.27978515625
105,ball,-1,-1,143.11334228515625,337.25970458984375,1171.1270751953125,199.80194091796875
106,player,82,1,290.97967529296875,422.0992431640625,288.34637451171875,418.20587158203125
106,player,14,0,628.121826171875,355.9110107421875,639.312255859375,283.20751953125
106,player,6,0,556.08251953125,531.3416748046875,449.2740478515625,773.91748046875
106,player,3,1,614.9295654296875,512.614501953125,500.682373046875,743.8984375
106,player,120,0,190.79953002929688,424.28326416015625,201.27749633789062,395.39447021484375
106,player,1,1,1032.357177734375,510.4937744140625,796.1531982421875,835.3218994140625
106,player,24,1,714.6250610351562,460.7288818359375,616.43408203125,632.556396484375
106,player,127,0,555.8944702148438,350.43560791015625,573.508056640625,236.2894744873047
106,player,10,0,753.9912109375,467.4121398925781,637.302978515625,671.337158203125
106,player,5,0,1136.14453125,557.4314575195312,816.1656494140625,944.98291015625
106,ball,-1,-1,143.24099731445312,336.608154296875,1171.1270751953125,199.80194091796875
107,player,24,1,712.6748046875,457.4750061035156,614.8399658203125,633.8470458984375
107,player,14,0,625.885986328125,354.40960693359375,638.0363159179688,280.3731689453125
107,player,82,1,292.01385498046875,422.63787841796875,288.4917297363281,418.42279052734375
107,player,127,0,554.3687744140625,350.9906005859375,572.3024291992188,236.44970703125
107,player,6,0,555.574951171875,530.1961059570312,449.2616882324219,772.1741943359375
107,player,3,1,615.3253173828125,513.378662109375,500.50787353515625,744.7821044921875
107,player,1,1,1032.764404296875,511.0213928222656,795.9283447265625,836.0369873046875
107,player,10,0,751.2191162109375,467.3812255859375,635.8277587890625,671.3845825195312
107,player,120,0,188.0242919921875,424.46356201171875,200.5257568359375,395.1151123046875
107,player,5,0,1138.014892578125,558.5020141601562,816.3045654296875,946.2158813476562
107,ball,-1,-1,143.10812377929688,335.8191833496094,1171.1270751953125,199.80194091796875
108,player,24,1,710.990966796875,454.2217712402344,614.3065185546875,631.5352783203125
108,player,82,1,292.32818603515625,422.7159118652344,288.6729431152344,418.68505859375
108,player,127,0,553.5447998046875,351.1964416503906,571.16943359375,236.756103515625
108,player,6,0,555.4276123046875,529.0713500976562,449.408447265625,770.1982421875
108,player,14,0,623.62939453125,352.8938903808594,637.0284423828125,276.1090087890625
108,player,3,1,615.5308837890625,513.8160400390625,500.3567810058594,745.7095947265625
108,player,1,1,1033.17041015625,511.3224182128906,795.7691650390625,836.74755859375
108,player,120,0,187.66781616210938,424.34234619140625,199.93382263183594,394.7562255859375
108,player,10,0,749.420654296875,467.01519775390625,634.4998168945312,670.9349975585938
108,player,5,0,1140.0836181640625,559.4181518554688,816.53466796875,947.7130126953125
108,ball,-1,-1,142.8232879638672,335.2263488769531,1171.1270751953125,199.80194091796875
109,player,24,1,710.5140380859375,452.2148132324219,614.42724609375,628.12158203125
109,player,127,0,552.87109375,350.74957275390625,570.3526000976562,236.22055053710938
109,player,6,0,554.4749755859375,528.7138671875,449.332275390625,768.5736083984375
109,player,1,1,1033.22021484375,511.55517578125,795.591552734375,837.3783569335938
109,player,3,1,615.329833984375,513.8311767578125,500.20550537109375,746.3077392578125
109,player,120,0,187.6802215576172,423.9407653808594,199.5663299560547,394.056884765625
109,player,82,1,294.39129638671875,422.4510192871094,289.4349365234375,418.7619323730469
109,player,14,0,621.8692626953125,353.0384521484375,635.724853515625,273.33502197265625
109,player,10,0,748.6878662109375,466.9010314941406,633.4755859375,670.4775390625
109,player,142,-1,306.1808776855469,422.5290222167969,300.9234619140625,422.58099365234375
109,ball,-1,-1,142.83627319335938,334.5782470703125,1171.1270751953125,199.80194091796875
110,player,3,1,615.0734252929688,513.451171875,500.1204833984375,746.3834228515625
110,player,127,0,552.9352416992188,350.9398193359375,569.780029296875,236.15870666503906
110,player,1,1,1033.121826171875,511.6494140625,795.417236328125,837.8472900390625
110,player,6,0,553.841796875,528.524169921875,449.1604919433594,767.32666015625
110,player,142,-1,305.54925537109375,421.9400329589844,300.7955017089844,421.843505859375
110,player,120,0,188.3868408203125,422.8002014160156,199.5795440673828,392.3433532714844
110,player,24,1,710.1641845703125,452.34197998046875,614.3716430664062,625.9892578125
110,player,10,0,747.6397705078125,467.0247802734375,632.4929809570312,670.1959228515625
110,player,14,0,620.1390380859375,354.2156982421875,633.847412109375,273.0027770996094
110,player,5,0,1142.860595703125,559.9159545898438,817.1302490234375,949.1825561523438
110,ball,-1,-1,143.05393981933594,333.7884521484375,1171.1270751953125,199.80194091796875
111,player,142,-1,307.102783203125,421.5397644042969,301.2203369140625,421.063720703125
111,player,3,1,614.9323120117188,512.9741821289062,500.126953125,746.0537109375
111,player,6,0,554.0645751953125,528.5660400390625,449.0960693359375,766.56494140625
111,player,127,0,552.728759765625,350.962646484375,569.3299560546875,236.12716674804688
111,player,120,0,189.94447326660156,421.6217346191406,200.10044860839844,390.00775146484375
111,player,1,1,1032.9630126953125,511.5688781738281,795.2952270507812,838.08251953125
111,player,10,0,746.2471923828125,466.7113037109375,631.576904296875,669.6138916015625
111,player,24,1,709.7955322265625,451.77923583984375,614.4024658203125,624.04345703125
111,player,139,-1,616.3052978515625,352.2938537597656,632.2250366210938,274.1004943847656
111,player,5,0,1142.507080078125,557.4118041992188,818.3284301757812,948.618896484375
112,player,3,1,614.9814453125,512.635009765625,500.21240234375,745.5819091796875
112,player,120,0,190.98175048828125,421.2889709472656,200.76519775390625,388.20501708984375
112,player,142,-1,306.4554443359375,422.0186767578125,301.25201416015625,421.03936767578125
112,player,1,1,1032.990966796875,511.44012451171875,795.2704467773438,838.1463623046875
112,player,127,0,551.6611328125,350.66162109375,568.7738037109375,235.53762817382812
112,player,6,0,555.683349609375,528.359619140625,449.4841613769531,766.0450439453125
112,player,10,0,745.0444946289062,466.7936096191406,630.6356811523438,669.201171875
112,player,24,1,709.2559814453125,454.77716064453125,613.383056640625,625.518798828125
112,player,139,-1,616.4669189453125,353.14666748046875,630.7408447265625,271.5439453125
112,player,5,0,1141.85205078125,553.251953125,820.4530029296875,945.6985473632812
112,ball,-1,-1,143.11595153808594,333.33001708984375,1171.1270751953125,199.80194091796875
113,player,3,1,615.0076904296875,512.3063354492188,500.3414306640625,745.0235595703125
113,player,120,0,191.7682342529297,423.1694030761719,201.3672332763672,389.317138671875
113,player,1,1,1033.113037109375,511.4984130859375,795.2623901367188,838.2388916015625
113,player,6,0,556.2559814453125,528.508544921875,449.8507385253906,765.863037109375
113,player,82,1,298.6998596191406,422.5592041015625,291.21124267578125,419.37347412109375
113,player,127,0,551.2196655273438,350.6805419921875,568.2554931640625,235.1291961669922
113,player,24,1,708.6524658203125,455.94012451171875,612.2127075195312,627.4967651367188
113,player,10,0,744.2523803710938,468.3323059082031,629.35302734375,670.2119140625
113,player,5,0,1141.64794921875,552.5421752929688,822.0443725585938,943.3546142578125
114,player,3,1,614.8541259765625,511.70477294921875,500.5096740722656,744.182861328125
114,player,120,0,192.359375,424.54400634765625,201.88687133789062,391.7003173828125
114,player,6,0,558.40966796875,528.8609008789062,450.553955078125,766.176513671875
114,player,1,1,1033.024658203125,511.5182800292969,795.228271484375,838.3060913085938
114,player,82,1,296.07452392578125,423.153564453125,291.52056884765625,420.1834716796875
114,player,14,0,615.8924560546875,356.6225280761719,630.3001708984375,275.6872253417969
114,player,127,0,550.692626953125,350.5871887207031,567.7698974609375,234.66354370117188
114,player,10,0,743.5723876953125,470.3100891113281,627.7520141601562,672.532470703125
114,player,24,1,707.8631591796875,453.1171875,612.0700073242188,626.0948486328125
114,player,5,0,1142.511962890625,555.1280517578125,822.3414916992188,943.4591674804688
115,player,3,1,614.997314453125,511.2723083496094,500.7431335449219,743.3131103515625
115,player,6,0,561.7333374023438,528.941162109375,451.80718994140625,766.7030029296875
115,player,1,1,1032.9757080078125,511.2385559082031,795.2979736328125,838.1475830078125
115,player,120,0,190.52203369140625,428.00494384765625,201.55001831054688,397.053466796875
115,player,82,1,293.706787109375,424.1591796875,290.9155578613281,421.61590576171875
115,player,14,0,615.9990234375,357.57012939453125,627.6787109375,278.77392578125
115,player,10,0,742.809326171875,471.4862976074219,626.16259765625,674.9932250976562
115,player,24,1,707.0218505859375,450.73760986328125,612.454833984375,622.8800048828125
115,player,5,0,1143.8076171875,557.3953857421875,822.0140380859375,944.9830322265625
115,player,127,0,550.281982421875,350.3491516113281,567.393310546875,233.96218872070312
116,player,1,1,1032.81396484375,511.5910949707031,795.17333984375,838.2816162109375
116,player,3,1,614.9979248046875,511.0475769042969,500.9410095214844,742.573486328125
116,player,6,0,563.4306640625,528.1373291015625,453.174560546875,766.5845336914062
116,player,120,0,189.24371337890625,428.4691162109375,200.9329071044922,400.9350891113281
116,player,82,1,294.3559265136719,424.3513488769531,290.69775390625,422.8311462402344
116,player,24,1,706.2813720703125,447.720947265625,613.40673828125,617.870849609375
116,player,14,0,616.2423095703125,358.4497375488281,625.73095703125,282.03759765625
116,player,10,0,742.065185546875,472.36968994140625,624.673583984375,677.2904052734375
116,player,5,0,1144.99609375,559.0772094726562,821.46826171875,947.0633544921875
116,player,127,0,551.3118896484375,350.7541809082031,567.3651123046875,234.2241668701172
117,player,6,0,563.9714965820312,527.710205078125,454.26947021484375,766.233642578125
117,player,3,1,615.1243896484375,510.7100524902344,501.17034912109375,741.8411254882812
117,player,1,1,1032.5638427734375,511.90374755859375,794.9158935546875,838.5702514648438
117,player,24,1,704.51318359375,447.5009460449219,613.60205078125,614.2415161132812
117,player,120,0,190.50497436523438,425.44110107421875,201.01455688476562,400.1027526855469
117,player,14,0,616.39013671875,355.90179443359375,625.45947265625,280.603515625
117,player,10,0,743.083251953125,476.24603271484375,622.846923828125,682.1924438476562
117,player,82,1,294.774658203125,424.49505615234375,290.6673583984375,423.82666015625
117,player,127,0,551.9942626953125,350.9635925292969,567.5097045898438,234.78302001953125
117,player,5,0,1145.3509521484375,555.73388671875,822.3892822265625,946.4409790039062
117,ball,-1,-1,158.0852508544922,323.45281982421875,1171.1270751953125,199.80194091796875
118,player,6,0,564.04345703125,528.015869140625,454.94561767578125,766.238037109375
118,player,3,1,615.5962524414062,510.3586120605469,501.509521484375,741.130615234375
118,player,24,1,703.103759765625,447.0700988769531,613.468017578125,611.341064453125
118,player,1,1,1032.115966796875,511.8026428222656,794.67724609375,838.6506958007812
118,player,120,0,191.21437072753906,427.2628479003906,201.2162628173828,401.73388671875
118,player,14,0,615.5604248046875,354.3328857421875,625.5914916992188,277.35302734375
118,player,10,0,743.328125,478.1624755859375,621.1716918945312,687.0245361328125
118,player,82,1,295.5144958496094,424.935546875,290.8257751464844,425.0483093261719
118,player,127,0,551.003173828125,350.52935791015625,567.4102783203125,234.3909912109375
118,player,5,0,1145.771240234375,554.332763671875,823.587890625,945.2225952148438
119,player,6,0,563.84521484375,527.8818359375,455.3600158691406,766.125732421875
119,player,24,1,702.9010009765625,447.271240234375,613.26416015625,609.628662109375
119,player,3,1,615.8101806640625,509.9962158203125,501.8580322265625,740.4043579101562
119,player,120,0,191.75831604003906,429.3575439453125,201.4359130859375,405.24505615234375
119,player,1,1,1031.80126953125,511.5966796875,794.5217895507812,838.5321044921875
119,player,14,0,614.22509765625,354.0930480957031,625.318115234375,274.74151611328125
119,player,82,1,295.08099365234375,425.15386962890625,290.77825927734375,426.0460205078125
119,player,127,0,550.0810546875,350.5697021484375,567.017822265625,234.08462524414062
119,player,5,0,1146.48193359375,554.4511108398438,824.484619140625,944.5538330078125
119,player,10,0,742.426025390625,477.2563781738281,620.10693359375,689.3203735351562
120,player,6,0,563.709228515625,528.169677734375,455.5462646484375,766.25537109375
120,player,24,1,702.30126953125,448.2947692871094,612.6585083007812,609.433349609375
120,player,120,0,191.80447387695312,430.2171630859375,201.56207275390625,408.5094299316406
120,player,3,1,615.913818359375,509.5442810058594,502.2035217285156,739.5887451171875
120,player,1,1,1031.36376953125,511.489501953125,794.3541870117188,838.3443603515625
120,player,82,1,294.48736572265625,425.47845458984375,290.5390625,427.0020446777344
120,player,14,0,614.1536865234375,353.65521240234375,625.280517578125,272.41217041015625
120,player,127,0,549.81591796875,350.7978210449219,566.5966186523438,234.18817138671875
120,player,5,0,1147.437744140625,554.07470703125,825.41943359375,943.9615478515625
120,player,10,0,741.9927368164062,478.86639404296875,618.839599609375,692.1360473632812
121,player,6,0,563.7536010742188,528.3760375976562,455.642333984375,766.49609375
121,player,24,1,701.51318359375,448.7700500488281,611.90478515625,609.6841430664062
121,player,120,0,192.36651611328125,430.0080261230469,201.81887817382812,410.4503173828125
121,player,3,1,616.0140380859375,509.9083557128906,502.37823486328125,739.3504638671875
121,player,1,1,1030.5318603515625,511.5164794921875,794.033203125,838.1754150390625
121,player,82,1,292.7596740722656,425.6923828125,289.84814453125,427.691162109375
121,player,14,0,614.3980712890625,353.20452880859375,625.5076904296875,270.28399658203125
121,player,127,0,550.9464111328125,351.3261413574219,566.5328369140625,235.16436767578125
121,player,10,0,741.1066284179688,479.40692138671875,617.6300048828125,694.3448486328125
121,player,5,0,1149.42578125,551.6803588867188,827.3479614257812,942.2701416015625
122,player,24,1,700.66650390625,449.0863037109375,611.0865478515625,610.068359375
122,player,6,0,563.7000732421875,528.3120727539062,455.70281982421875,766.6009521484375
122,player,3,1,616.2061767578125,510.3926696777344,502.44024658203125,739.5880737304688
122,player,82,1,291.0996398925781,425.5051574707031,288.92193603515625,427.7597961425781
122,player,120,0,192.5275115966797,427.8409118652344,202.11151123046875,409.2558288574219
122,player,14,0,614.7530517578125,353.4347229003906,625.6884765625,269.27130126953125
122,player,1,1,1030.1934814453125,511.51153564453125,793.7442016601562,838.03515625
122,player,127,0,551.1856689453125,351.7368469238281,566.436767578125,236.4273223876953
122,player,5,0,1153.846923828125,554.9176635742188,828.4212646484375,943.4517822265625
122,player,10,0,740.8822021484375,476.6866455078125,617.563720703125,693.4609985351562
123,player,24,1,700.3734130859375,449.8529357910156,610.2459716796875,611.015869140625
123,player,3,1,616.307861328125,510.75811767578125,502.430908203125,740.0347290039062
123,player,6,0,563.8519287109375,527.8329467773438,455.8623352050781,766.3258666992188
123,player,120,0,192.53225708007812,426.4999084472656,202.35159301757812,406.9394836425781
123,player,82,1,290.11798095703125,425.7968444824219,287.9998779296875,428.03546142578125
123,player,14,0,614.96630859375,353.98321533203125,625.6716918945312,269.41973876953125
123,player,1,1,1029.839599609375,511.7787780761719,793.3717651367188,838.1053466796875
123,player,10,0,739.756591796875,477.2210693359375,617.0718994140625,693.2423706054688
123,player,127,0,550.4564819335938,351.2974853515625,566.2716064453125,236.5192108154297
123,player,5,0,1155.3837890625,557.9237060546875,828.3765869140625,946.131591796875
124,player,3,1,616.3427124023438,510.9605712890625,502.3919677734375,740.4849853515625
124,player,24,1,700.0805053710938,451.2543640136719,609.2044067382812,612.924560546875
124,player,6,0,563.8846435546875,527.3995361328125,456.04937744140625,765.827880859375
124,player,82,1,289.79022216796875,425.6557922363281,287.3160095214844,428.02197265625
124,player,120,0,192.9185791015625,426.49114990234375,202.6238250732422,405.46295166015625
124,player,14,0,615.0086669921875,354.4263000488281,625.5089111328125,270.1510925292969
124,player,1,1,1029.892578125,512.0336303710938,793.048583984375,838.3355712890625
124,player,10,0,735.9490356445312,478.3418884277344,615.4349975585938,693.7191772460938
124,player,5,0,1155.3345947265625,555.8546142578125,829.0848388671875,946.6326904296875
124,player,127,0,550.214111328125,350.9134521484375,566.208984375,235.9878692626953
125,player,82,1,289.0821838378906,425.2827453613281,286.6951599121094,427.51922607421875
125,player,3,1,616.003662109375,510.7656555175781,502.32196044921875,740.5986328125
125,player,6,0,564.0519409179688,527.2225952148438,456.24261474609375,765.385986328125
125,player,120,0,193.62059020996094,425.69403076171875,203.04074096679688,403.6551208496094
125,player,24,1,699.6080322265625,451.03009033203125,608.46337890625,613.910888671875
125,player,10,0,733.8350219726562,478.1593322753906,613.869140625,693.69140625
125,player,14,0,615.330810546875,354.6453857421875,625.4293212890625,270.9754638671875
125,player,1,1,1029.8355712890625,512.1702880859375,792.7742919921875,838.5774536132812
125,player,5,0,1156.45703125,556.3474731445312,829.6190185546875,947.335205078125
125,player,127,0,552.13623046875,351.85821533203125,566.50927734375,237.25332641601562
126,player,3,1,615.987548828125,510.2388916015625,502.380615234375,740.2619018554688
126,player,82,1,287.65447998046875,425.01025390625,285.89080810546875,426.7391052246094
126,player,6,0,564.0606689453125,527.212646484375,456.3720703125,765.092041015625
126,player,120,0,194.38604736328125,425.2636413574219,203.5577850341797,402.06036376953125
126,player,24,1,699.11328125,454.270263671875,606.8963012695312,617.5352172851562
126,player,10,0,733.1093139648438,478.31243896484375,612.6179809570312,693.739990234375
126,player,1,1,1029.668212890625,512.469482421875,792.4452514648438,838.9329833984375
126,player,5,0,1158.32421875,558.06201171875,829.7650756835938,948.9508056640625
126,player,14,0,614.9299926757812,354.4844665527344,625.3031616210938,271.235595703125
126,player,127,0,552.6614379882812,351.7554931640625,566.9171752929688,237.9889373779297
127,player,3,1,616.2529907226562,509.9167175292969,502.55145263671875,739.8140869140625
127,player,82,1,286.9543151855469,424.92919921875,285.1663818359375,426.0692138671875
127,player,6,0,564.275390625,527.0615844726562,456.5350341796875,764.8056640625
127,player,120,0,195.12457275390625,425.1031188964844,204.12197875976562,400.91314697265625
127,player,24,1,698.4057006835938,456.7560729980469,604.9641723632812,622.1260375976562
127,player,10,0,732.6038818359375,478.8633117675781,611.5170288085938,694.1935424804688
127,player,5,0,1160.455322265625,559.0965576171875,829.9642333984375,950.7697143554688
127,player,1,1,1029.111328125,512.7822265625,791.9813232421875,839.3409423828125
127,player,14,0,614.284912109375,354.7883605957031,624.8907470703125,271.759765625
127,player,127,0,554.2001953125,352.6052551269531,567.4229125976562,239.88760375976562
128,player,82,1,286.16204833984375,424.3189697265625,284.514892578125,424.8597412109375
128,player,3,1,616.3101806640625,509.8675231933594,502.68695068359375,739.4893798828125
128,player,6,0,564.47314453125,526.43505859375,456.7986755371094,764.1688232421875
128,player,5,0,1162.26904296875,559.6723022460938,830.2919311523438,952.4240112304688
128,player,10,0,732.394287109375,478.8377990722656,610.7537841796875,694.4486694335938
128,player,24,1,698.0531005859375,459.12335205078125,602.9332275390625,627.2488403320312
128,player,120,0,195.06192016601562,423.0313415527344,204.54873657226562,397.753173828125
128,player,1,1,1028.7652587890625,512.9095458984375,791.5491333007812,839.6685791015625
128,player,14,0,612.978759765625,354.43487548828125,624.315673828125,271.444580078125
128,player,127,0,554.9697265625,352.4323425292969,568.0703125,240.96240234375
129,player,3,1,616.372802734375,509.6241760253906,502.8408508300781,739.0938720703125
129,player,6,0,564.4235229492188,525.8978271484375,457.0518798828125,763.3502197265625
129,player,82,1,285.060302734375,423.5838623046875,283.8291320800781,423.1236572265625
129,player,120,0,195.3304443359375,421.29248046875,204.97421264648438,393.69049072265625
129,player,24,1,698.1895751953125,460.20184326171875,601.3427124023438,631.5738525390625
129,player,5,0,1163.2889404296875,559.2515869140625,830.88525390625,953.3236083984375
129,player,10,0,732.1522216796875,479.0751647949219,610.1275634765625,694.7940063476562
129,player,1,1,1028.5164794921875,513.1610107421875,791.1156005859375,840.039306640625
129,player,14,0,611.53759765625,354.2204895019531,623.537109375,270.7646789550781
129,player,127,0,555.6663818359375,352.9016418457031,568.5713500976562,242.42529296875
130,player,82,1,283.8829650878906,422.98675537109375,283.0850830078125,421.19281005859375
130,player,6,0,564.306884765625,525.5743408203125,457.2445373535156,762.567138671875
130,player,3,1,616.3055419921875,509.57208251953125,502.93475341796875,738.7907104492188
130,player,120,0,195.55072021484375,419.9527893066406,205.36959838867188,389.4940185546875
130,player,24,1,698.714111328125,458.814208984375,600.84716796875,633.1674194335938
130,player,5,0,1164.4764404296875,559.0826416015625,831.5980224609375,953.893798828125
130,player,10,0,732.166015625,478.7550048828125,609.814208984375,694.749267578125
130,player,1,1,1028.4208984375,513.418212890625,790.7164306640625,840.4541015625
130,player,14,0,610.454345703125,353.9352111816406,622.7726440429688,269.7885437011719
130,player,127,0,556.713134765625,353.4118347167969,569.08203125,244.23959350585938
131,player,82,1,282.89691162109375,422.3538513183594,282.3630676269531,419.11175537109375
131,player,3,1,616.717041015625,509.18316650390625,503.17919921875,738.3240966796875
131,player,6,0,564.0999755859375,525.6062622070312,457.3134765625,762.0655517578125
131,player,24,1,699.0015869140625,457.3550109863281,601.0220947265625,632.89208984375
131,player,120,0,195.68930053710938,416.9131164550781,205.78822326660156,383.1680908203125
131,player,5,0,1165.7777099609375,559.006591796875,832.3803100585938,954.313232421875
131,player,10,0,732.1749267578125,478.60888671875,609.6539916992188,694.597412109375
131,player,1,1,1028.2431640625,513.6134643554688,790.3424072265625,840.8472900390625
131,player,14,0,609.189697265625,354.0270080566406,621.81591796875,269.13525390625
131,player,127,0,557.5142822265625,353.4921875,569.6585693359375,245.6304168701172
132,player,3,1,617.3251953125,508.5934143066406,503.61260986328125,737.6100463867188
132,player,82,1,282.330810546875,422.3440246582031,281.72467041015625,417.6901550292969
132,player,6,0,563.8780517578125,525.7866821289062,457.27239990234375,761.8565673828125
132,player,24,1,699.323974609375,457.909912109375,601.0639038085938,633.2517700195312
132,player,120,0,196.90167236328125,416.1258544921875,206.46261596679688,378.23956298828125
132,player,5,0,1167.599853515625,559.6173706054688,833.0750732421875,955.078857421875
132,player,10,0,731.6204833984375,478.8162841796875,609.346435546875,694.6259765625
132,player,14,0,608.1234130859375,354.14288330078125,620.792236328125,268.74957275390625
132,player,1,1,1028.244140625,513.8648071289062,790.007568359375,841.2799072265625
132,player,142,-1,303.90753173828125,421.47705078125,300.564453125,420.1439208984375
133,player,82,1,281.82708740234375,422.0273132324219,281.18701171875,416.3508605957031
133,player,3,1,617.22119140625,508.2840881347656,503.932373046875,736.8953857421875
133,player,6,0,563.6900634765625,526.150146484375,457.13616943359375,761.9771118164062
133,player,24,1,699.0721435546875,458.7591247558594,600.7789916992188,634.2401733398438
133,player,5,0,1170.3349609375,560.5900268554688,833.7854614257812,956.3475952148438
133,player,10,0,730.2095947265625,478.86553955078125,608.763427734375,694.56396484375
133,player,120,0,198.98509216308594,416.96075439453125,207.50381469726562,376.2518310546875
133,player,1,1,1028.30322265625,513.9469604492188,789.774169921875,841.62353515625
133,player,14,0,607.2298583984375,354.13726806640625,619.828125,268.3852233886719
133,player,127,0,556.709228515625,352.9537048339844,569.9400024414062,245.65927124023438
134,player,3,1,617.25390625,507.94464111328125,504.21893310546875,736.1677856445312
134,player,6,0,563.477294921875,526.490478515625,456.9361572265625,762.2922973632812
134,player,82,1,281.4102478027344,421.95465087890625,280.71881103515625,415.3542785644531
134,player,5,0,1172.013671875,561.4613037109375,834.3062744140625,957.8056640625
134,player,1,1,1028.6337890625,513.87939453125,789.7271728515625,841.8255615234375
134,player,24,1,698.345458984375,460.0660705566406,600.0233154296875,636.0088500976562
134,player,10,0,729.0357666015625,478.996826171875,608.0405883789062,694.532958984375
134,player,120,0,201.0709228515625,420.1314697265625,208.68276977539062,378.9384765625
134,player,14,0,606.633544921875,353.9864501953125,619.056396484375,267.8629150390625
134,player,142,-1,303.3645324707031,420.77581787109375,300.02685546875,418.7010498046875
135,player,3,1,617.0965576171875,507.484619140625,504.46124267578125,735.3211669921875
135,player,6,0,563.3221435546875,526.8786010742188,456.7005920410156,762.77392578125
135,player,82,1,280.8987121582031,422.1046142578125,280.2473449707031,414.826904296875
135,player,120,0,202.2891387939453,422.1048278808594,209.73423767089844,383.127197265625
135,player,5,0,1172.3505859375,561.41845703125,834.7354736328125,958.75244140625
135,player,24,1,697.6531982421875,462.4986877441406,598.6557006835938,639.2999877929688
135,player,1,1,1028.9759521484375,513.8159790039062,789.8026123046875,841.9392700195312
135,player,142,-1,302.9847717285156,420.3108215332031,299.61126708984375,417.1889953613281
135,player,10,0,727.9867553710938,478.93243408203125,607.314208984375,694.3675537109375
135,player,127,0,556.4271850585938,353.76141357421875,569.7586669921875,246.81280517578125
136,player,120,0,203.33316040039062,424.3058166503906,210.63833618164062,388.51910400390625
136,player,6,0,563.018310546875,527.1092529296875,456.43310546875,763.2344970703125
136,player,3,1,616.37451171875,507.3232421875,504.47076416015625,734.584716796875
136,player,82,1,279.251708984375,421.08941650390625,279.5361633300781,413.1462097167969
136,player,1,1,1029.0931396484375,513.7853393554688,789.8912963867188,842.0008544921875
136,player,24,1,696.9866943359375,460.4952697753906,598.153076171875,639.5653076171875
136,player,142,1,302.43634033203125,418.5672302246094,299.356201171875,414.13323974609375
136,player,10,0,727.658447265625,478.9248046875,606.75830078125,694.2251586914062
136,player,5,0,1172.4530029296875,561.1681518554688,835.1280517578125,959.22802734375
136,player,127,0,556.339599609375,354.07708740234375,569.5064697265625,248.0076446533203
137,player,6,0,562.7548217773438,527.6425170898438,456.102294921875,763.9093017578125
137,player,3,1,615.3673706054688,507.3607482910156,504.2159423828125,734.0525512695312
137,player,120,0,204.5081329345703,424.48284912109375,211.5718994140625,392.3486633300781
137,player,24,1,696.3232421875,459.5191345214844,597.9237670898438,638.7890625
137,player,1,1,1029.31201171875,513.76025390625,790.0111083984375,842.04052734375
137,player,127,0,556.1795654296875,354.343017578125,569.2003784179688,249.14849853515625
137,player,142,1,301.36181640625,417.3250732421875,298.99420166015625,410.59100341796875
137,player,10,0,727.034912109375,479.4158935546875,606.0968017578125,694.4934692382812
137,player,5,0,1172.921630859375,561.5372924804688,835.3539428710938,959.7877197265625
137,player,82,1,278.3154296875,419.9142150878906,278.89605712890625,410.597412109375
138,player,6,0,562.5078125,528.1663818359375,455.73626708984375,764.7169189453125
138,player,3,1,615.3103637695312,507.4865417480469,504.0099182128906,733.80078125
138,player,24,1,695.4794311523438,458.87957763671875,597.7275390625,637.6239624023438
138,player,1,1,1029.48583984375,513.7907104492188,790.119873046875,842.1015625
138,player,120,0,205.2361602783203,426.3280944824219,212.31671142578125,397.0406799316406
138,player,10,0,726.302978515625,478.96295166015625,605.6016235351562,694.221923828125
138,player,127,0,556.193359375,354.4291076660156,568.9776000976562,250.01565551757812
138,player,82,1,274.6200256347656,419.9039611816406,277.36553955078125,408.55035400390625
138,player,5,0,1173.77001953125,561.4617919921875,835.7174072265625,960.1680908203125
138,player,14,0,607.0443115234375,353.8340759277344,618.7493896484375,267.354736328125
139,player,6,0,562.2425537109375,528.3843994140625,455.39593505859375,765.3824462890625
139,player,3,1,615.0357666015625,507.6921081542969,503.764404296875,733.7758178710938
139,player,120,0,206.34295654296875,425.72479248046875,213.15939331054688,399.50860595703125
139,player,1,1,1029.5625,513.935546875,790.1560668945312,842.2491455078125
139,player,24,1,694.5328979492188,458.1108703613281,597.5615234375,636.0768432617188
139,player,10,0,725.21533203125,477.2290954589844,605.47900390625,692.4803466796875
139,player,82,1,272.60302734375,420.7398986816406,275.6905517578125,407.98297119140625
139,player,127,0,556.023681640625,354.5447082519531,568.7372436523438,250.72555541992188
139,player,5,0,1174.34521484375,561.7620239257812,835.9730224609375,960.6329345703125
139,player,142,1,299.36529541015625,418.93768310546875,297.9898681640625,409.9596252441406
140,player,6,0,562.0022583007812,528.7151489257812,455.05902099609375,766.0408935546875
140,player,3,1,614.62158203125,507.745849609375,503.4896240234375,733.7676391601562
140,player,1,1,1029.450439453125,514.0956420898438,790.0938720703125,842.4488525390625
140,player,24,1,693.2988891601562,458.2524108886719,597.07763671875,635.0889892578125
140,player,120,0,210.18365478515625,424.16510009765625,214.9325408935547,399.7020568847656
140,player,82,1,273.676025390625,422.2716979980469,274.7943420410156,409.49224853515625
140,player,10,0,722.9190673828125,477.2746276855469,604.7837524414062,691.1875
140,player,127,0,555.6286010742188,354.61102294921875,568.4255981445312,251.23550415039062
140,player,142,1,298.7132263183594,420.6720275878906,296.9651184082031,411.4873352050781
140,player,14,0,607.078369140625,352.7708740234375,618.955322265625,265.50811767578125
141,player,182,-1,208.17269897460938,425.36077880859375,216.34034729003906,403.4243469238281
141,player,3,1,614.3933715820312,507.78997802734375,503.24456787109375,733.7781982421875
141,player,6,0,561.7059326171875,528.8751220703125,454.740234375,766.5638427734375
141,player,24,1,692.2554931640625,460.07208251953125,595.96484375,636.015625
141,player,1,1,1029.5904541015625,514.0864868164062,790.0906982421875,842.5833129882812
141,player,10,0,723.0337524414062,476.28485107421875,604.6385498046875,689.51318359375
141,player,82,1,274.0351257324219,422.3552551269531,274.3125915527344,410.6059875488281
141,player,127,0,555.3646850585938,354.4696350097656,568.1805419921875,251.33218383789062
141,player,142,1,297.77716064453125,420.8080139160156,296.0038146972656,412.54150390625
141,player,14,0,606.9600830078125,352.50628662109375,619.1475219726562,263.914306640625
142,player,6,0,560.4521484375,529.1223754882812,454.18499755859375,766.9873046875
142,player,3,1,614.0133056640625,507.87530517578125,502.9721374511719,733.8206787109375
142,player,182,-1,207.8229217529297,427.46173095703125,216.1402587890625,405.801513671875
142,player,24,1,691.615478515625,462.1678771972656,594.4802856445312,638.4625854492188
142,player,10,0,720.7919921875,477.1268005371094,603.7200927734375,688.947998046875
142,player,120,0,221.06051635742188,423.0516052246094,219.41610717773438,399.64630126953125
142,player,1,1,1029.593505859375,514.2715454101562,790.0216674804688,842.801025390625
142,player,127,0,555.9378051757812,354.3905334472656,568.2410888671875,251.34918212890625
142,player,82,1,273.59814453125,422.5083923339844,273.8551330566406,411.4615783691406
142,player,14,0,607.140869140625,352.5485534667969,619.3178100585938,262.96044921875
143,player,6,0,559.5635375976562,528.92529296875,453.64141845703125,767.04638671875
143,player,3,1,613.9419555664062,507.9740295410156,502.75677490234375,733.9198608398438
143,player,10,0,718.8767700195312,478.02764892578125,602.3707275390625,689.1806640625
143,player,182,-1,208.110107421875,428.6063537597656,216.04443359375,408.68170166015625
143,player,24,1,690.76416015625,462.2428894042969,593.264404296875,640.0443115234375
143,player,120,0,221.56887817382812,423.0393371582031,222.4842529296875,399.647705078125
143,player,127,0,555.987548828125,354.26959228515625,568.3372802734375,251.19192504882812
143,player,1,1,1029.3228759765625,514.4243774414062,789.8554077148438,843.028564453125
143,player,14,0,607.3811645507812,352.579833984375,619.498046875,262.4138488769531
143,player,142,1,295.10546875,421.7485046386719,294.4829406738281,414.03582763671875
144,player,6,0,559.207275390625,528.7449951171875,453.232177734375,766.923095703125
144,player,3,1,614.2788696289062,508.0705261230469,502.6815185546875,734.087646484375
144,player,182,-1,209.20883178710938,429.6533508300781,216.26220703125,411.85382080078125
144,player,24,1,689.636962890625,461.250244140625,592.4463500976562,640.071533203125
144,player,10,0,717.7532958984375,478.0890197753906,601.1820678710938,689.2864990234375
144,player,120,0,220.05386352539062,423.5299377441406,223.99603271484375,400.0628662109375
144,player,1,1,1028.826171875,514.3043823242188,789.671142578125,843.052978515625
144,player,127,0,555.1561279296875,354.1025390625,568.173828125,250.75015258789062
144,player,14,0,607.8958740234375,352.72039794921875,619.7366943359375,262.3212585449219
144,player,142,1,294.28826904296875,422.6296081542969,293.16314697265625,415.93389892578125
145,player,6,0,558.9639282226562,528.82666015625,452.892822265625,766.8841552734375
145,player,3,1,614.6461791992188,508.2646179199219,502.6847839355469,734.3789672851562
145,player,182,-1,209.47756958007812,429.8067321777344,216.4767608642578,414.11651611328125
145,player,10,0,717.0039672851562,478.0429992675781,600.2255859375,689.2510986328125
145,player,24,1,688.416015625,461.72552490234375,591.4517822265625,640.4103393554688
145,player,1,1,1028.5535888671875,514.1585083007812,789.5386962890625,842.9447021484375
145,player,14,0,608.5548095703125,352.78240966796875,620.0911865234375,262.42816162109375
145,player,127,0,554.437255859375,354.2486877441406,567.7762451171875,250.5883026123047
145,player,142,1,293.3092041015625,422.6692810058594,292.0079345703125,417.11358642578125
145,player,5,0,1175.012451171875,562.5089721679688,836.0172729492188,961.420654296875
146,player,6,0,558.717529296875,528.8328857421875,452.61114501953125,766.8438720703125
146,player,3,1,615.0682373046875,508.4142761230469,502.761962890625,734.72021484375
146,player,24,1,687.6255493164062,461.62109375,590.62060546875,640.464599609375
146,player,10,0,716.1634521484375,478.1776123046875,599.3463745117188,689.26953125
146,player,1,1,1027.855224609375,513.8777465820312,789.3862915039062,842.62158203125
146,player,120,0,219.4490966796875,423.8359375,224.78050231933594,400.6253662109375
146,player,182,-1,209.16207885742188,429.3812255859375,216.54165649414062,415.0731201171875
146,player,14,0,609.1063232421875,352.81072998046875,620.4972534179688,262.6036682128906
146,player,127,0,554.35302734375,353.90234375,567.6036376953125,249.97348022460938
146,player,5,0,1175.22802734375,563.3157348632812,835.8023071289062,962.4197387695312
147,player,6,0,558.574462890625,528.8443603515625,452.3912353515625,766.8148803710938
147,player,3,1,615.677734375,508.4995422363281,502.94744873046875,735.0587768554688
147,player,182,-1,210.8161163330078,428.4418640136719,217.12020874023438,414.7938232421875
147,player,10,0,715.9681396484375,479.19549560546875,598.4443969726562,690.1279296875
147,player,1,1,1027.1956787109375,513.6981811523438,789.1932373046875,842.23291015625
147,player,14,0,609.4832763671875,353.00537109375,620.8157958984375,263.0411376953125
147,player,24,1,686.9278564453125,462.3574523925781,589.6874389648438,641.10400390625
147,player,127,0,553.2748413085938,354.2557373046875,567.01025390625,249.95553588867188
147,player,5,0,1175.854248046875,563.8868408203125,835.595703125,963.4470825195312
147,player,82,1,273.1075439453125,424.1541748046875,273.2713623046875,413.8542785644531
148,player,6,0,558.4447021484375,528.6131591796875,452.2562255859375,766.614501953125
148,player,182,0,212.72317504882812,428.2052307128906,218.0764923095703,414.53509521484375
148,player,3,1,615.3469848632812,508.3822021484375,503.00927734375,735.1598510742188
148,player,14,0,609.410888671875,353.0782775878906,620.9712524414062,263.4212341308594
148,player,1,1,1026.1126708984375,513.6648559570312,788.8176879882812,841.87109375
148,player,10,0,713.81884765625,478.9197082519531,597.3707275390625,690.2659301757812
148,player,24,1,686.286865234375,465.44000244140625,588.0596923828125,644.2354736328125
148,player,127,0,551.7581176757812,355.1440124511719,565.821044921875,251.04220581054688
148,player,5,0,1176.095947265625,564.3724365234375,835.340087890625,964.4149169921875
148,player,82,1,273.2174987792969,424.0878601074219,272.930419921875,415.34490966796875
149,player,6,0,558.1856689453125,528.0789184570312,452.19677734375,766.0675048828125
149,player,182,0,214.27294921875,427.7651062011719,219.18203735351562,414.02166748046875
149,player,3,1,614.849365234375,508.48046875,502.904296875,735.2615966796875
149,player,14,0,609.054443359375,352.72637939453125,621.0831909179688,263.1221618652344
149,player,24,1,686.0407104492188,469.3869323730469,585.8638916015625,649.755859375
149,player,10,0,713.19970703125,476.8834228515625,597.068359375,688.5689697265625
149,player,1,1,1026.0870361328125,513.6460571289062,788.5742797851562,841.6206665039062
149,player,127,0,550.568115234375,355.207763671875,564.6256103515625,251.69908142089844
149,player,82,1,271.828857421875,424.1620788574219,272.28680419921875,416.2578430175781
149,player,5,0,1176.138427734375,563.9861450195312,835.3225708007812,964.8221435546875
150,player,6,0,558.09716796875,527.6849975585938,452.2041015625,765.412353515625
150,player,182,0,215.6265869140625,427.7166748046875,220.30731201171875,413.7693786621094
150,player,3,1,615.4053955078125,508.43408203125,502.98516845703125,735.3370971679688
150,player,14,0,609.259765625,352.8349609375,621.184814453125,263.1076965332031
150,player,24,1,685.30322265625,470.4485168457031,583.9544677734375,654.2136840820312
150,player,10,0,712.01513671875,477.640869140625,596.3528442382812,688.009033203125
150,player,1,1,1026.4583740234375,513.6458129882812,788.5059814453125,841.487060546875
150,player,127,0,548.4256591796875,355.3036804199219,563.09423828125,252.00994873046875
150,player,82,1,271.496826171875,424.40325927734375,271.74896240234375,417.09307861328125
150,player,142,1,286.5452880859375,421.9016418457031,289.300048828125,416.3120422363281
151,player,6,0,558.10107421875,527.4639282226562,452.24774169921875,764.822509765625
151,player,3,1,614.7579345703125,510.06658935546875,502.539306640625,736.607177734375
151,player,182,0,216.98922729492188,427.06182861328125,221.47872924804688,412.99530029296875
151,player,14,0,609.7920532226562,353.4347839355469,621.206787109375,264.0192565917969
151,player,24,1,684.477294921875,469.8169860839844,582.6627197265625,656.4823608398438
151,player,10,0,711.6387939453125,479.90185546875,595.1732177734375,689.5313720703125
151,player,1,1,1026.929443359375,512.4031372070312,789.0308837890625,840.5601196289062
151,player,82,1,268.7539367675781,424.36083984375,270.58184814453125,417.3095703125
151,player,127,0,547.2963256835938,355.10162353515625,561.7828979492188,251.78770446777344
151,player,142,1,286.80145263671875,423.722900390625,287.4479675292969,417.9029235839844
152,player,6,0,558.0532836914062,527.2890014648438,452.29449462890625,764.30517578125
152,player,14,0,610.410400390625,353.851806640625,621.274169921875,265.27996826171875
152,player,82,1,268.11279296875,424.6214294433594,269.6101379394531,417.68292236328125
152,player,3,1,615.0454711914062,509.8735046386719,502.36114501953125,737.305908203125
152,player,182,0,218.5098876953125,426.0314636230469,222.74789428710938,411.46600341796875
152,player,1,1,1027.31103515625,511.7854309082031,789.691650390625,839.5504760742188
152,player,24,1,683.3329467773438,469.13250732421875,581.7014770507812,657.2515869140625
152,player,10,0,710.8070068359375,479.4266662597656,594.3176879882812,690.0468139648438
152,player,127,0,546.715087890625,355.3951416015625,560.6395874023438,251.99624633789062
152,player,5,0,1176.937744140625,563.2791748046875,835.7442626953125,964.731689453125
153,player,6,0,558.0451049804688,527.3064575195312,452.31988525390625,763.981201171875
153,player,82,1,268.28326416015625,424.34332275390625,269.0521240234375,417.6252136230469
153,player,182,0,219.26010131835938,425.0168762207031,223.8505096435547,409.38165283203125
153,player,14,0,610.8143310546875,353.9903869628906,621.40234375,266.34466552734375
153,player,3,1,615.296875,509.1948547363281,502.44793701171875,737.2515869140625
153,player,24,1,682.363037109375,469.47198486328125,580.7267456054688,657.96533203125
153,player,1,1,1027.5059814453125,511.89703369140625,790.12744140625,838.98876953125
153,player,10,0,706.82275390625,478.1259765625,593.06982421875,688.931640625
153,player,127,0,546.5060424804688,356.31878662109375,559.5289306640625,253.43115234375
153,player,5,0,1177.703857421875,563.2238159179688,836.2088623046875,964.6953125
154,player,6,0,558.0238037109375,527.3002319335938,452.3322448730469,763.7642822265625
154,player,182,0,219.8757781982422,423.97991943359375,224.80667114257812,406.8926086425781
154,player,14,0,611.0487060546875,354.5673828125,621.3500366210938,267.8851013183594
154,player,3,1,614.947265625,509.1856384277344,502.41864013671875,737.1803588867188
154,player,1,1,1027.53955078125,511.9841003417969,790.3868408203125,838.68798828125
154,player,82,1,268.0789794921875,423.62042236328125,268.6870422363281,416.7396240234375
154,player,10,0,704.7672729492188,479.06854248046875,591.4652709960938,688.829833984375
154,player,24,1,682.2711181640625,468.9391784667969,580.21142578125,657.950439453125
154,player,127,0,546.7166748046875,356.2875671386719,558.8880004882812,254.34405517578125
154,player,5,0,1177.90185546875,563.9036865234375,836.3089599609375,965.0823974609375
155,player,6,0,557.8671875,527.203369140625,452.31866455078125,763.5387573242188
155,player,182,0,220.2477569580078,421.87432861328125,225.65225219726562,402.86761474609375
155,player,14,0,611.3411865234375,354.60968017578125,621.3986206054688,268.9809875488281
155,player,3,1,614.7359619140625,509.5071716308594,502.2804870605469,737.3676147460938
155,player,1,1,1027.1038818359375,511.962890625,790.4573974609375,838.44287109375
155,player,82,1,270.11944580078125,423.0645446777344,269.1074523925781,415.73358154296875
155,player,10,0,703.859375,480.2691650390625,589.8626708984375,689.702392578125
155,player,127,0,546.7838134765625,355.7696838378906,558.6604614257812,254.20355224609375
155,player,24,1,682.1014404296875,468.516845703125,579.9444580078125,657.5518798828125
155,player,142,1,286.0211181640625,422.0459289550781,286.1652526855469,416.93756103515625
156,player,6,0,557.8323974609375,527.0997314453125,452.3191223144531,763.312255859375
156,player,14,0,611.515869140625,354.44366455078125,621.5506591796875,269.47808837890625
156,player,3,1,614.8538208007812,509.8926086425781,502.1409912109375,737.7994384765625
156,player,120,0,222.12478637695312,423.6581726074219,226.10498046875,401.05792236328125
156,player,1,1,1027.013427734375,512.0097045898438,790.4641723632812,838.3095703125
156,player,10,0,702.7182006835938,478.9963684082031,588.8629760742188,689.091796875
156,player,142,1,286.0628967285156,422.4735412597656,285.3044738769531,416.8052062988281
156,player,82,1,273.6229553222656,422.69110107421875,270.46368408203125,415.00701904296875
156,player,127,0,546.2257690429688,354.97998046875,558.57861328125,252.91156005859375
156,player,24,1,682.0451049804688,467.7753601074219,579.955322265625,656.630126953125
157,player,6,0,557.7392578125,527.2151489257812,452.27685546875,763.2435302734375
157,player,14,0,611.1185302734375,354.29522705078125,621.571044921875,269.5432434082031
157,player,120,0,222.59080505371094,422.31280517578125,227.17965698242188,399.82550048828125
157,player,3,1,614.6709594726562,510.17333984375,501.9469299316406,738.2836303710938
157,player,1,1,1026.2325439453125,512.02587890625,790.2730712890625,838.17236328125
157,player,127,0,545.762451171875,354.7981872558594,558.427490234375,251.75498962402344
157,player,82,1,277.3138732910156,423.0803527832031,272.4193420410156,415.3568115234375
157,player,24,1,681.1724243164062,467.7475280761719,579.7362060546875,655.9286499023438
157,player,10,0,702.32763671875,477.9135437011719,588.4014892578125,687.7391357421875
157,player,5,0,1179.4659423828125,561.5242309570312,837.585693359375,964.0550537109375
158,player,6,0,557.6122436523438,527.1785888671875,452.224609375,763.1614990234375
158,player,14,0,610.87744140625,353.97686767578125,621.6216430664062,269.10400390625
158,player,120,0,223.2042236328125,423.26898193359375,228.01060485839844,400.1973571777344
158,player,3,1,613.1490478515625,503.8731384277344,502.74176025390625,733.5177612304688
158,player,82,1,278.092041015625,423.18365478515625,273.91485595703125,415.7816162109375
158,player,1,1,1025.80322265625,511.9725341796875,790.064208984375,838.0112915039062
158,player,127,0,545.8543701171875,354.95623779296875,558.309326171875,251.2417449951172
158,player,10,0,700.3768310546875,477.38995361328125,587.7296142578125,686.2430419921875
158,player,24,1,680.03076171875,468.720703125,579.0274658203125,656.234375
158,player,5,0,1179.69189453125,561.6433715820312,838.4224853515625,963.4733276367188
159,player,6,0,557.62646484375,527.2265014648438,452.1858825683594,763.14501953125
159,player,14,0,611.11962890625,353.6322937011719,621.864501953125,268.3559875488281
159,player,3,1,612.2891845703125,500.7364807128906,503.6982727050781,727.84130859375
159,player,120,0,222.79627990722656,424.06878662109375,228.38418579101562,401.32293701171875
159,player,1,1,1024.412841796875,512.689453125,789.3283081054688,838.3038330078125
159,player,82,1,277.16259765625,422.3672180175781,274.6793212890625,415.0262145996094
159,player,24,1,678.3771362304688,468.7603454589844,578.1141967773438,656.3213500976562
159,player,10,0,697.2042236328125,476.623046875,586.6638793945312,684.33740234375
159,player,127,0,545.8389282226562,354.9552917480469,558.2276611328125,250.90493774414062
159,player,5,0,1179.648681640625,561.0267944335938,839.1817016601562,962.7302856445312
160,player,6,0,557.8663330078125,528.6564331054688,451.97430419921875,764.21533203125
160,player,14,0,611.0306396484375,353.43548583984375,622.0657958984375,267.578369140625
160,player,1,1,1023.526123046875,512.9865112304688,788.5264282226562,838.6336669921875
160,player,3,1,612.5391235351562,500.4751281738281,504.43865966796875,723.96240234375
160,player,120,0,222.712646484375,424.71502685546875,228.56671142578125,402.791748046875
160,player,142,1,283.2919921875,421.0345153808594,284.04443359375,414.7811584472656
160,player,10,0,693.9945068359375,476.2625427246094,585.2220458984375,682.5090942382812
160,player,24,1,677.554931640625,468.4447937011719,577.3848266601562,656.025146484375
160,player,5,0,1179.63037109375,559.9317626953125,840.071533203125,961.6016845703125
161,player,6,0,558.0006103515625,529.5482788085938,451.71722412109375,765.5814819335938
161,player,120,0,223.30694580078125,426.4470520019531,228.76934814453125,405.79583740234375
161,player,1,1,1023.0030517578125,512.9805908203125,787.880615234375,838.802490234375
161,player,14,0,610.7874755859375,353.42523193359375,622.1185302734375,267.02947998046875
161,player,3,1,614.2528076171875,506.9159851074219,504.00689697265625,726.7066650390625
161,player,142,1,283.5126953125,420.7232971191406,283.3203125,413.128662109375
161,player,10,0,692.4990234375,476.07440185546875,583.9407958984375,681.0283203125
161,player,24,1,676.9449462890625,469.6669006347656,576.4229125976562,656.8599853515625
161,player,5,0,1179.5428466796875,558.3373413085938,841.2156982421875,959.9198608398438
162,player,6,0,558.1259765625,529.883056640625,451.5235900878906,766.7265625
162,player,120,0,224.3535614013672,427.2405090332031,229.17068481445312,408.7608642578125
162,player,1,1,1022.4767456054688,512.9891967773438,787.330078125,838.8765869140625
162,player,14,0,610.2907104492188,353.5569152832031,621.936279296875,266.8018493652344
162,player,3,1,614.9712524414062,509.8039245605469,503.310791015625,730.810302734375
162,player,82,1,283.03094482421875,422.4166259765625,276.9338684082031,415.18914794921875
162,player,10,0,692.309814453125,476.13470458984375,583.0419921875,680.1011962890625
162,player,24,1,676.68212890625,471.4111633300781,575.2667846679688,658.9150390625
162,player,127,0,543.984130859375,354.5840148925781,557.6669921875,249.93077087402344
162,player,5,0,1179.0914306640625,557.19873046875,842.2779541015625,958.1185302734375
163,player,6,0,558.2525634765625,530.1522216796875,451.3826904296875,767.679443359375
163,player,120,0,225.24755859375,427.0126953125,229.71121215820312,410.5185241699219
163,player,1,1,1021.7158813476562,512.9581298828125,786.7990112304688,838.8424682617188
163,player,82,1,284.4697265625,422.24163818359375,278.8471984863281,415.2405090332031
163,player,14,0,609.470458984375,353.7572937011719,621.4669799804688,266.8426513671875
163,player,3,1,614.3404541015625,509.86236572265625,502.6883544921875,733.4714965820312
163,player,10,0,690.908203125,476.0971984863281,582.0982666015625,679.3438720703125
163,player,127,0,543.255615234375,355.8795471191406,556.6417236328125,251.0749053955078
164,player,6,0,558.08740234375,530.0853271484375,451.2623291015625,768.2363891601562
164,player,120,0,225.996337890625,426.5536193847656,230.31198120117188,411.2123107910156
164,player,1,1,1020.9625244140625,512.6739501953125,786.3746337890625,838.5595092773438
164,player,14,0,609.2493896484375,353.7228698730469,621.1002197265625,266.7939453125
164,player,82,1,286.20013427734375,419.7196350097656,280.8450927734375,412.54022216796875
164,player,3,1,612.8963012695312,509.9390563964844,501.90643310546875,735.1427001953125
164,player,10,0,689.7886962890625,475.7041015625,581.2938232421875,678.4151611328125
165,player,6,0,557.989990234375,530.0293579101562,451.169921875,768.5494384765625
165,player,1,1,1019.5916748046875,511.7654113769531,786.0972900390625,837.6226806640625
165,player,120,0,226.39944458007812,426.53778076171875,230.8239288330078,411.6859436035156
165,player,14,0,609.1497802734375,353.56298828125,620.8876953125,266.5223083496094
165,player,10,0,689.7071533203125,476.0999755859375,580.64453125,678.1453857421875
165,player,3,1,612.7952880859375,509.7628173828125,501.408935546875,736.0833740234375
165,player,82,1,287.51055908203125,416.95220947265625,282.8014831542969,407.69342041015625
165,player,127,0,541.0648193359375,356.3659973144531,555.0820922851562,252.25665283203125
165,player,5,0,1179.0194091796875,556.9877319335938,843.0301513671875,956.8170166015625
166,player,6,0,557.7789306640625,530.04296875,451.0561828613281,768.7462768554688
166,player,1,1,1018.8431396484375,511.2021179199219,785.9407958984375,836.5538330078125
166,player,120,0,226.3656768798828,426.5230712890625,231.14743041992188,411.97357177734375
166,player,14,0,608.4274291992188,353.66119384765625,620.4697265625,266.400390625
166,player,3,1,611.94775390625,509.611572265625,500.9041748046875,736.5073852539062
166,player,82,1,284.3029479980469,419.6809387207031,282.84649658203125,407.3955078125
166,player,10,0,689.7562255859375,476.8745422363281,580.0304565429688,678.64013671875
166,player,127,0,539.4892578125,357.6290588378906,553.1400146484375,254.64285278320312
166,player,5,0,1178.9951171875,557.0694580078125,843.4835205078125,956.017822265625
166,ball,-1,-1,386.4665222167969,342.0188903808594,1171.1270751953125,199.80194091796875
167,player,6,0,557.4686279296875,529.425537109375,451.0118408203125,768.393798828125
167,player,1,1,1018.4633178710938,510.9521179199219,785.8380126953125,835.65087890625
167,player,120,0,225.92562866210938,427.3268127441406,231.18124389648438,413.0335693359375
167,player,127,0,537.751953125,355.1075134277344,552.0859985351562,252.37533569335938
167,player,14,0,607.0457153320312,355.0177917480469,619.2321166992188,268.0883483886719
167,player,3,1,611.6622314453125,509.6003112792969,500.5068359375,736.7508544921875
167,player,82,1,284.78515625,422.393310546875,282.7712097167969,410.380859375
167,player,10,0,689.8956298828125,477.3686218261719,579.5375366210938,679.3976440429688
167,player,5,0,1179.2598876953125,558.1971435546875,843.4217529296875,956.1868896484375
167,ball,-1,-1,394.2635803222656,347.1410217285156,1171.1270751953125,199.80194091796875
168,player,1,1,1018.4805908203125,511.2070007324219,785.6822509765625,835.246826171875
168,player,6,0,557.309326171875,528.4802856445312,451.10546875,767.4522705078125
168,player,120,0,225.65487670898438,428.2024841308594,231.07382202148438,414.69171142578125
168,player,14,0,603.9681396484375,356.3552551269531,616.9063110351562,270.7158508300781
168,player,127,0,535.7341918945312,353.11932373046875,551.3468017578125,247.78201293945312
168,player,3,1,612.628662109375,508.6058044433594,500.694580078125,736.2113037109375
168,player,82,1,287.0836486816406,423.1786804199219,283.339111328125,413.4546203613281
168,player,10,0,690.04296875,477.0717468261719,579.3342895507812,679.6483764648438
168,player,5,0,1179.809814453125,559.8424072265625,842.900390625,957.3087768554688
169,player,6,0,557.1712036132812,527.9348754882812,451.2258605957031,766.424560546875
169,player,1,1,1018.3553466796875,510.4745788574219,785.818359375,834.452392578125
169,player,14,0,602.6357421875,356.753662109375,614.8038330078125,272.8291015625
169,player,127,0,532.282470703125,352.41387939453125,549.9163818359375,243.35531616210938
169,player,120,0,225.3240203857422,428.66204833984375,230.88003540039062,416.25775146484375
169,player,3,1,611.7249755859375,508.7594909667969,500.5583190917969,735.9066162109375
169,player,82,1,290.79656982421875,422.94610595703125,284.8426818847656,415.56353759765625
169,player,10,0,689.72412109375,476.6484680175781,579.2301025390625,679.420166015625
169,player,5,0,1181.0048828125,559.587646484375,842.922119140625,957.9737548828125
169,ball,-1,-1,407.0911560058594,346.3912353515625,1171.1270751953125,199.80194091796875
170,player,1,1,1017.5631713867188,509.8706970214844,785.9349365234375,833.4417114257812
170,player,6,0,556.9122314453125,528.118408203125,451.20953369140625,765.872314453125
170,player,120,0,225.07281494140625,429.44476318359375,230.6363525390625,418.13671875
170,player,14,0,602.0274658203125,355.5683288574219,613.662841796875,272.4560546875
170,player,127,0,529.8212890625,353.2674560546875,547.8818359375,241.4287567138672
170,player,10,0,691.3276977539062,479.3693542480469,578.8667602539062,681.7373657226562
170,player,82,1,295.36383056640625,420.6725769042969,287.4116516113281,414.7886962890625
170,player,3,1,610.1582641601562,508.6790771484375,500.093017578125,735.5169677734375
170,player,5,0,1185.527099609375,560.944091796875,843.4481201171875,959.5291137695312
170,ball,-1,-1,411.39501953125,339.40643310546875,1171.1270751953125,199.80194091796875
171,player,1,1,1016.1956176757812,509.1745300292969,785.9324340820312,832.1773681640625
171,player,6,0,556.5545654296875,527.833740234375,451.1602783203125,765.2735595703125
171,player,10,0,692.6583251953125,480.6724853515625,578.63720703125,684.4646606445312
171,player,14,0,600.6737060546875,354.7021179199219,612.7809448242188,270.8237609863281
171,player,3,1,608.6483764648438,507.9245300292969,499.5654602050781,734.548095703125
171,player,127,0,527.881103515625,355.0959777832031,545.3336791992188,242.5974884033203
171,player,120,0,224.92877197265625,428.99267578125,230.45982360839844,418.83197021484375
171,player,82,1,295.9560241699219,419.55914306640625,289.3701171875,413.0591735839844
171,ball,-1,-1,415.60211181640625,334.29962158203125,1171.1270751953125,199.80194091796875
172,player,1,1,1014.6600341796875,508.521240234375,785.7954711914062,830.7639770507812
172,player,6,0,556.3740844726562,527.2879638671875,451.177490234375,764.4640502929688
172,player,10,0,692.5214233398438,480.89569091796875,578.3937377929688,686.4144287109375
172,player,14,0,600.3209228515625,355.2037658691406,611.906982421875,270.4342041015625
172,player,120,0,224.7220916748047,428.737548828125,230.2974853515625,418.9739990234375
172,player,127,0,526.3348388671875,354.9191589355469,543.2086181640625,242.91781616210938
172,player,3,1,607.354736328125,506.9533386230469,499.0954895019531,733.048095703125
172,player,142,1,292.85955810546875,419.3544616699219,285.7968444824219,411.4259948730469
172,player,248,-1,1178.607666015625,566.792724609375,833.970947265625,970.732421875
172,ball,-1,-1,419.13140869140625,328.3045654296875,1171.1270751953125,199.80194091796875
173,player,1,1,1013.6621704101562,507.7572326660156,785.7430419921875,829.2156982421875
173,player,6,0,555.3994140625,524.901123046875,451.359619140625,762.0762329101562
173,player,142,1,292.864013671875,420.8081970214844,287.26641845703125,412.0005187988281
173,player,120,0,225.00823974609375,428.9749450683594,230.26419067382812,419.3641357421875
173,player,127,0,525.5581665039062,353.7983703613281,541.9094848632812,241.408203125
173,player,10,0,695.01708984375,480.7202453613281,578.93408203125,687.7491455078125
173,player,14,0,600.01611328125,356.5964050292969,610.7337036132812,272.1164855957031
173,player,3,1,607.2294921875,501.4643859863281,499.8898620605469,727.698486328125
173,player,24,1,682.7645263671875,472.06695556640625,575.9591064453125,661.3619384765625
173,player,248,-1,1179.4576416015625,567.0083618164062,834.0816650390625,970.9172973632812
173,ball,-1,-1,422.7462158203125,320.422607421875,1171.1270751953125,199.80194091796875
174,player,1,1,1011.8988037109375,507.15576171875,785.4984130859375,827.6340942382812
174,player,6,0,555.07177734375,523.3574829101562,451.6636962890625,759.336669921875
174,player,10,0,695.8929443359375,481.08624267578125,579.41796875,689.0018310546875
174,player,142,1,294.85052490234375,420.2936706542969,288.8699035644531,411.983154296875
174,player,14,0,599.3604736328125,358.5865783691406,609.0392456054688,275.92938232421875
174,player,127,0,524.6926879882812,352.1144714355469,541.2919311523438,237.865478515625
174,player,120,0,225.63436889648438,429.05975341796875,230.42428588867188,419.7767028808594
174,player,3,1,606.752197265625,498.1962890625,500.96795654296875,721.5440063476562
174,player,214,-1,670.498046875,470.6788024902344,568.9629516601562,659.3294067382812
174,player,248,-1,1181.62158203125,567.0,834.63525390625,971.1863403320312
174,ball,-1,-1,425.53643798828125,316.264404296875,1171.1270751953125,199.80194091796875
175,player,1,1,1009.6620483398438,506.4104919433594,785.065185546875,825.8875122070312
175,player,6,0,555.385498046875,522.86328125,452.0240478515625,757.2080078125
175,player,14,0,599.022216796875,359.32269287109375,607.5633544921875,279.3963623046875
175,player,10,0,695.3285522460938,480.286865234375,579.79541015625,689.091064453125
175,player,142,1,297.937744140625,419.60357666015625,290.91107177734375,411.4897766113281
175,player,120,0,226.00253295898438,429.7401123046875,230.60031127929688,420.8511047363281
175,player,127,0,524.2037963867188,352.1148376464844,540.723876953125,235.504638671875
175,player,214,-1,675.047119140625,471.5980529785156,569.9336547851562,660.5397338867188
175,player,3,1,605.6976318359375,495.7149963378906,501.921875,715.4324951171875
175,player,248,-1,1180.02294921875,567.6182861328125,834.419921875,971.6040649414062
176,player,1,1,1007.1131591796875,505.06005859375,784.654541015625,823.5665283203125
176,player,6,0,555.7621459960938,522.5399169921875,452.4071044921875,755.6102294921875
176,player,14,0,598.9700927734375,359.6167297363281,606.482421875,282.0535888671875
176,player,142,1,301.05322265625,419.5268859863281,293.1848449707031,411.39910888671875
176,player,127,0,523.094970703125,352.2347412109375,539.9397583007812,234.012939453125
176,player,10,0,694.7005615234375,479.59710693359375,580.0582275390625,688.509521484375
176,player,3,1,604.8536376953125,493.9767150878906,502.6934814453125,709.9613037109375
176,player,214,-1,671.138671875,472.37640380859375,569.3221435546875,661.6638793945312
176,player,120,0,233.95449829101562,429.59539794921875,233.08633422851562,422.1844482421875
176,player,5,0,1184.890380859375,568.4932250976562,840.9094848632812,964.8749389648438
177,player,1,1,1005.1920166015625,503.0605773925781,784.6524658203125,820.442138671875
177,player,6,0,556.1160888671875,521.977294921875,452.841064453125,754.1742553710938
177,player,14,0,599.2908935546875,359.92919921875,605.77587890625,284.2529602050781
177,player,142,1,302.5317687988281,419.2313232421875,295.1390380859375,411.1494445800781
177,player,10,0,693.6318359375,477.7644348144531,580.4334716796875,686.4768676757812
177,player,127,0,521.79052734375,353.0969543457031,538.7206420898438,234.14828491210938
177,player,214,-1,669.6248779296875,473.4775390625,568.237548828125,663.2238159179688
177,player,120,0,232.5831298828125,429.3668518066406,234.3082275390625,422.655517578125
177,player,3,1,603.93017578125,494.3627014160156,502.87567138671875,706.6446533203125
177,player,5,0,1184.397705078125,569.3938598632812,838.8281860351562,968.8308715820312
178,player,1,1,1004.171630859375,501.77899169921875,784.8740234375,817.386962890625
178,player,142,1,304.1437683105469,419.4127502441406,296.87646484375,411.362060546875
178,player,6,0,556.9149169921875,521.7030639648438,453.36785888671875,753.0972290039062
178,player,10,0,691.2572631835938,475.5455322265625,580.6414184570312,683.0433349609375
178,player,14,0,598.2301025390625,358.52581787109375,605.461181640625,283.6009521484375
178,player,5,0,1183.537353515625,568.8319702148438,837.4866943359375,971.01953125
178,player,120,0,231.54489135742188,429.68023681640625,234.77545166015625,423.21112060546875
178,player,127,0,521.6167602539062,354.04229736328125,537.579833984375,235.59271240234375
178,player,214,-1,672.0307006835938,474.7406311035156,567.843994140625,665.5485229492188
178,player,3,1,603.11474609375,493.4310302734375,502.98162841796875,703.6519775390625
179,player,1,1,1002.982177734375,499.84130859375,785.4443969726562,813.8726806640625
179,player,142,1,304.7708435058594,420.25787353515625,298.1064758300781,412.5399475097656
179,player,6,0,557.5665893554688,520.237060546875,454.12774658203125,751.335693359375
179,player,10,0,691.357421875,474.6769714355469,581.0345458984375,680.0703125
179,player,14,0,596.8922119140625,356.360107421875,605.581787109375,279.97381591796875
179,player,127,0,521.275634765625,354.7329406738281,536.51220703125,237.49343872070312
179,player,120,0,231.52728271484375,430.3494873046875,235.03488159179688,424.3244323730469
179,player,5,0,1182.120849609375,566.3942260742188,837.1768188476562,970.9386596679688
179,player,24,1,677.393798828125,477.23529052734375,573.6348876953125,666.9625854492188
179,player,3,1,602.8541259765625,492.3419494628906,503.214599609375,700.7838745117188
180,player,1,1,1001.8766479492188,497.91400146484375,786.2613525390625,810.064453125
180,player,142,1,303.0876159667969,420.5795593261719,298.3661804199219,413.50439453125
180,player,6,0,558.072998046875,518.7584838867188,455.00738525390625,749.102783203125
180,player,10,0,690.1172485351562,473.9796447753906,581.1483764648438,677.4251708984375
180,player,127,0,520.3958740234375,354.5079040527344,535.5885009765625,238.2978515625
180,player,14,0,594.7744140625,354.0958251953125,605.7612915039062,274.14801025390625
180,player,120,0,233.66195678710938,431.0484619140625,235.79542541503906,426.0469665527344
180,player,5,0,1176.52783203125,564.1561279296875,836.5416870117188,969.1893920898438
180,player,3,1,602.4741821289062,493.1597595214844,503.09442138671875,699.5640869140625
180,player,24,1,675.3802490234375,476.1696472167969,571.8684692382812,669.5091552734375
181,player,1,1,999.85546875,496.1806640625,786.93994140625,806.1257934570312
181,player,6,0,558.2684326171875,518.4745483398438,455.67779541015625,747.4497680664062
181,player,127,0,518.6536865234375,354.1392517089844,534.509033203125,238.07765197753906
181,player,142,1,301.4393005371094,420.8695068359375,298.009521484375,414.29681396484375
181,player,10,0,690.5060424804688,471.4608459472656,582.0015258789062,673.5460815429688
181,player,120,0,236.39785766601562,431.0096130371094,237.10272216796875,427.39666748046875
181,player,24,1,677.2009887695312,475.2102966308594,571.4498291015625,670.494384765625
181,player,3,1,602.4794921875,493.0965576171875,503.03106689453125,698.719482421875
181,player,5,0,1171.557861328125,563.2923583984375,835.335205078125,967.1931762695312
181,player,14,0,591.1619873046875,351.82000732421875,605.4779052734375,266.6619873046875
182,player,142,1,302.581787109375,420.2519226074219,298.18475341796875,414.2171630859375
182,player,6,0,558.6824340820312,518.6320190429688,456.18829345703125,746.5294189453125
182,player,1,1,997.6630859375,494.29107666015625,787.545654296875,801.9613037109375
182,player,127,0,516.18994140625,354.9320068359375,532.7329711914062,238.7921142578125
182,player,10,0,693.552001953125,470.1246337890625,583.7286987304688,670.1222534179688
182,player,120,0,237.7600555419922,430.983154296875,238.35765075683594,428.38055419921875
182,player,251,-1,666.4051513671875,475.99456787109375,561.9452514648438,671.5631103515625
182,player,24,1,681.72900390625,474.5399169921875,572.5503540039062,670.9508056640625
182,player,14,0,588.344482421875,352.98272705078125,603.922607421875,263.13690185546875
182,player,3,1,601.0113525390625,492.8456726074219,502.66455078125,697.83837890625
183,player,142,1,303.7037048339844,419.0826416015625,298.7579345703125,412.9289855957031
183,player,1,1,996.0694580078125,493.4841613769531,787.8452758789062,798.5118408203125
183,player,6,0,559.107666015625,518.6281127929688,456.62615966796875,745.9625244140625
183,player,127,0,515.1813354492188,354.2232971191406,531.44921875,238.10720825195312
183,player,10,0,693.572998046875,469.2694091796875,585.0902709960938,667.1461181640625
183,player,120,0,239.1072998046875,431.2846984863281,239.55361938476562,429.49249267578125
183,player,251,-1,665.2906494140625,475.935791015625,561.665771484375,671.4146118164062
183,player,3,1,599.534423828125,491.9522399902344,502.23419189453125,696.3995971679688
183,player,5,0,1172.2685546875,565.5238037109375,833.907958984375,967.2459716796875
183,player,14,0,588.4554443359375,350.3315124511719,603.90185546875,257.022705078125
184,player,142,1,303.8048095703125,418.7613525390625,299.19451904296875,411.729736328125
184,player,127,0,514.60595703125,354.0303955078125,530.4773559570312,237.31263732910156
184,player,6,0,559.6492919921875,518.85888671875,457.00408935546875,745.8143310546875
184,player,1,1,994.21337890625,492.8207702636719,787.825439453125,795.612548828125
184,player,251,-1,662.2527465820312,476.6736145019531,560.4952392578125,671.6905517578125
184,player,120,0,242.1716766357422,432.1199645996094,241.18460083007812,431.4541015625
184,player,10,0,693.2908935546875,469.6424865722656,585.7982177734375,665.5152587890625
184,player,14,0,587.4181518554688,352.6216125488281,602.7138671875,256.2413635253906
184,player,262,-1,585.682861328125,416.3125915527344,542.26611328125,483.4385986328125
184,player,3,1,598.9765014648438,490.8374328613281,502.0463562011719,694.4893798828125
185,player,142,1,304.04327392578125,418.9103088378906,299.5346984863281,411.1473083496094
185,player,127,0,514.1240234375,354.2362976074219,529.620361328125,237.03839111328125
185,player,6,0,560.097900390625,519.02490234375,457.33135986328125,745.8812255859375
185,player,251,-1,658.6675415039062,478.8561096191406,558.243896484375,673.4366455078125
185,player,10,0,693.719482421875,469.8129577636719,586.3261108398438,664.64306640625
185,player,120,0,244.36801147460938,432.9734191894531,242.83811950683594,433.8974914550781
185,player,1,1,992.58984375,490.7074890136719,788.2059326171875,791.9801025390625
185,player,262,-1,581.4178466796875,444.512939453125,533.8118896484375,512.439208984375
185,player,14,0,586.379638671875,350.47509765625,602.358642578125,252.50106811523438
185,player,24,1,675.0457153320312,473.98876953125,571.6404418945312,670.1822509765625
186,player,142,1,304.3621826171875,418.7916259765625,299.8644714355469,410.663818359375
186,player,127,0,513.6511840820312,354.3290100097656,528.8751220703125,236.93862915039062
186,player,6,0,561.386474609375,518.7560424804688,457.9109802246094,745.8232421875
186,player,1,1,991.259521484375,487.1595458984375,789.473876953125,786.7723388671875
186,player,251,-1,656.8612060546875,480.3121337890625,555.9459228515625,675.6611328125
186,player,120,0,245.43728637695312,433.68359375,244.1817626953125,436.3795166015625
186,player,10,0,693.4127197265625,469.6921081542969,586.6204833984375,663.9426879882812
186,player,262,-1,577.942626953125,451.719482421875,525.63525390625,537.9949951171875
186,player,14,0,585.7874145507812,344.7584533691406,604.0071411132812,241.56805419921875
186,player,5,0,1171.8505859375,568.5048828125,831.8260498046875,968.9732666015625
187,player,127,0,513.2821655273438,354.1365051269531,528.322998046875,236.54965209960938
187,player,1,1,989.957763671875,484.52716064453125,790.9832763671875,781.22607421875
187,player,142,1,306.01190185546875,418.9739990234375,300.55743408203125,410.7298278808594
187,player,6,0,562.9951171875,518.692626953125,458.69744873046875,745.8670654296875
187,player,120,0,247.3555450439453,431.037353515625,245.7969970703125,435.2392883300781
187,player,251,-1,655.970947265625,480.6071472167969,554.1461181640625,677.28173828125
187,player,14,0,584.823974609375,342.1343994140625,605.718505859375,230.39859008789062
187,player,262,-1,585.8836059570312,446.08636474609375,523.875,549.871337890625
187,player,10,0,691.7347412109375,470.425048828125,586.1654052734375,663.9832153320312
187,player,5,0,1170.4456787109375,567.9144287109375,830.371826171875,969.65625
188,player,1,1,988.9523315429688,484.16351318359375,791.8492431640625,777.25146484375
188,player,127,0,512.375244140625,354.1214904785156,527.66064453125,236.16677856445312
188,player,142,1,307.41119384765625,419.37225341796875,301.3875732421875,411.376708984375
188,player,6,0,565.0704956054688,518.36181640625,459.7820739746094,745.8101806640625
188,player,120,0,249.75588989257812,429.7712707519531,247.64437866210938,433.31939697265625
188,player,251,-1,654.7447509765625,480.602294921875,552.6558837890625,678.224609375
188,player,24,1,670.7470703125,477.69805908203125,568.95849609375,672.513916015625
188,player,262,-1,588.5361328125,439.9911193847656,524.9767456054688,551.791259765625
188,player,14,0,583.060302734375,340.8419189453125,606.700927734375,220.9601287841797
188,player,5,0,1169.6715087890625,565.6715698242188,830.0530395507812,968.7476806640625
189,player,1,1,987.9599609375,483.6481628417969,792.3590087890625,774.1798095703125
189,player,127,0,510.83941650390625,354.7384033203125,526.5255737304688,236.63218688964844
189,player,142,1,310.21368408203125,419.8130187988281,302.7241516113281,412.5924987792969
189,player,6,0,566.0814819335938,518.2896728515625,460.7505798339844,745.7998046875
189,player,120,0,251.32077026367188,428.4951171875,249.39874267578125,430.791748046875
189,player,251,0,652.8466796875,480.9140625,551.1132202148438,678.9389038085938
189,player,24,1,670.49072265625,476.9709777832031,567.3331909179688,673.3814697265625
189,player,262,-1,583.6665649414062,411.57281494140625,531.7242431640625,522.3949584960938
189,player,14,0,580.322021484375,334.6190185546875,608.731689453125,204.8675079345703
189,player,5,0,1167.290771484375,563.4611206054688,830.1075439453125,966.6993408203125
190,player,142,1,311.67498779296875,420.3774719238281,303.9715881347656,414.1820068359375
190,player,1,1,986.7352294921875,483.4137878417969,792.4688720703125,771.895751953125
190,player,127,0,509.4107666015625,355.75469970703125,525.00390625,238.23806762695312
190,player,6,0,565.712646484375,517.4263916015625,461.4443359375,745.1016845703125
190,player,24,1,665.2501220703125,478.9129638671875,564.4052124023438,675.1572875976562
190,player,120,0,252.49929809570312,428.6629638671875,250.87762451171875,429.4565124511719
190,player,14,0,577.035888671875,332.2112731933594,609.8116455078125,190.19351196289062
190,player,5,0,1165.6280517578125,563.034423828125,829.92578125,964.999267578125
191,player,142,1,312.1116943359375,420.70855712890625,304.8777770996094,415.64019775390625
191,player,1,1,985.5294189453125,483.7077941894531,792.1190795898438,770.540771484375
191,player,127,0,507.8778076171875,356.7548828125,523.2039794921875,240.54391479492188
191,player,6,0,564.6824951171875,515.967041015625,461.90313720703125,743.441650390625
191,player,24,1,659.564453125,480.1542663574219,560.6990966796875,676.87939453125
191,player,120,0,252.94911193847656,428.6378173828125,251.97439575195312,428.60546875
191,player,14,0,575.8223876953125,336.9798278808594,608.2777709960938,187.99160766601562
191,player,262,-1,578.6505126953125,391.2696228027344,540.3787841796875,478.9984436035156
191,player,5,0,1164.494384765625,562.52734375,829.7369384765625,963.5157470703125
192,player,142,1,312.9287109375,419.7279052734375,305.8194274902344,415.54296875
192,player,6,0,564.0452880859375,515.3740234375,462.15008544921875,741.8529052734375
192,player,1,1,984.1019287109375,484.46661376953125,791.2352905273438,770.1358032226562
192,player,120,0,254.89707946777344,428.3886413574219,253.2843017578125,427.96697998046875
192,player,127,0,506.7037353515625,356.8721618652344,521.6034545898438,242.07260131835938
192,player,269,-1,668.8062133789062,476.57623291015625,563.3331909179688,673.5994873046875
192,player,14,0,574.5445556640625,339.90057373046875,605.7493286132812,190.9075164794922
192,player,251,0,648.5704345703125,482.0167541503906,548.7227783203125,679.9721069335938
192,player,5,0,1163.586181640625,563.6288452148438,829.017822265625,963.131591796875
192,player,262,1,577.7586669921875,417.8529052734375,538.27880859375,481.4471130371094
192,ball,-1,-1,1036.1129150390625,348.27728271484375,1160.1619873046875,214.8580780029297
193,player,142,1,313.8851318359375,418.8030090332031,306.82135009765625,414.5094909667969
193,player,6,0,562.517578125,515.524169921875,461.9031066894531,740.8120727539062
193,player,1,1,982.937255859375,485.57415771484375,789.939208984375,770.6419677734375
193,player,120,0,256.43670654296875,428.5018310546875,254.58523559570312,427.83428955078125
193,player,24,1,660.000732421875,479.65875244140625,558.5275268554688,677.613037109375
193,player,127,0,506.02764892578125,356.0618591308594,520.570068359375,241.81683349609375
193,player,14,0,573.216064453125,345.3849182128906,601.6544189453125,200.9390869140625
193,player,5,0,1162.3062744140625,566.5309448242188,827.2352294921875,964.4805908203125
193,ball,-1,-1,1035.6513671875,348.1231689453125,1150.06396484375,228.65097045898438
194,player,142,1,314.5132141113281,420.1505126953125,307.51312255859375,415.45648193359375
194,player,6,0,562.2899780273438,514.7598266601562,461.8238525390625,739.525634765625
194,player,1,1,981.0243530273438,485.966064453125,788.4608154296875,771.11669921875
194,player,24,1,661.4027099609375,479.4510498046875,557.535888671875,678.0340576171875
194,player,120,0,259.0816650390625,431.54620361328125,255.990966796875,431.423095703125
194,player,127,0,505.18548583984375,355.19580078125,519.8653564453125,240.2958526611328
194,player,14,0,571.6266479492188,338.84814453125,600.81298828125,197.3450469970703
194,player,5,0,1158.75390625,569.397216796875,824.2836303710938,966.7608642578125
194,player,265,-1,599.5265502929688,474.76654052734375,512.1326293945312,651.7125244140625
194,ball,-1,-1,1033.909423828125,347.6497802734375,1140.7181396484375,241.15109252929688
195,player,6,0,562.6492919921875,514.5401611328125,461.9016418457031,738.5484619140625
195,player,142,1,315.47119140625,421.0226745605469,308.1544494628906,417.1712646484375
195,player,1,1,979.546875,485.59002685546875,787.2678833007812,771.0074462890625
195,player,120,0,260.5016784667969,433.1174621582031,257.20733642578125,435.6407470703125
195,player,14,0,569.0909423828125,337.0464172363281,600.0413208007812,191.90472412109375
195,player,127,0,504.7218322753906,354.5090026855469,519.4503173828125,238.2533721923828
195,player,24,1,661.6668701171875,479.412353515625,556.9703369140625,678.2974853515625
195,player,5,0,1157.528564453125,570.1663208007812,821.8265380859375,968.598388671875
195,player,265,-1,597.993408203125,477.83197021484375,511.0420837402344,654.2664184570312
195,player,287,-1,303.20062255859375,395.8503112792969,306.62164306640625,329.77960205078125
195,ball,-1,-1,1032.91015625,347.323486328125,1132.0966796875,252.52578735351562
196,player,6,0,562.8390502929688,513.94580078125,462.10723876953125,737.467529296875
196,player,1,1,977.5225830078125,484.4884338378906,786.39794921875,769.9029541015625
196,player,14,0,567.3688354492188,334.19171142578125,599.9910888671875,183.68301391601562
196,player,127,0,503.9145202636719,353.89813232421875,519.084716796875,235.93846130371094
196,player,142,1,316.3631591796875,420.2708740234375,308.9225769042969,417.5137939453125
196,player,120,0,261.6788024902344,433.4814453125,258.3174133300781,438.9013671875
196,player,24,1,662.33935546875,478.66473388671875,556.9661865234375,677.8865356445312
196,player,5,0,1157.579345703125,570.5288696289062,820.114501953125,970.00439453125
196,player,3,1,626.1448974609375,495.7223815917969,507.8626708984375,699.5767211914062
196,player,265,-1,600.2239990234375,485.607666015625,509.216552734375,662.81103515625
197,player,6,0,563.7470092773438,513.3818969726562,462.57012939453125,736.400634765625
197,player,1,1,976.3226318359375,484.6113586425781,785.4798583984375,769.1806030273438
197,player,120,0,262.6739501953125,434.390869140625,259.263427734375,442.1217956542969
197,player,14,0,566.0059814453125,343.7215270996094,596.0164794921875,192.86660766601562
197,player,127,0,502.57281494140625,353.4781188964844,518.5133056640625,233.65924072265625
197,player,142,1,317.96771240234375,419.8624572753906,309.9500732421875,417.43035888671875
197,player,5,0,1156.6077880859375,570.83056640625,818.6827392578125,971.0225830078125
197,player,24,1,661.6995239257812,478.14007568359375,556.9263916015625,677.113037109375
197,player,3,1,631.3272705078125,494.025390625,513.3492431640625,701.934326171875
198,player,6,0,565.6744384765625,513.4691772460938,463.3365478515625,735.932373046875
198,player,120,0,263.8538513183594,434.9698181152344,260.18115234375,444.96795654296875
198,player,1,1,975.8426513671875,485.58941650390625,784.3886108398438,769.4375610351562
198,player,14,0,564.9713134765625,351.8871154785156,590.2359619140625,210.8009033203125
198,player,127,0,501.9521484375,355.1168212890625,517.4552001953125,234.49380493164062
198,player,142,1,318.3377685546875,420.2699279785156,310.6834411621094,417.8824768066406
198,player,5,0,1154.7958984375,570.6224975585938,817.4251098632812,971.43701171875
198,player,24,1,663.7408447265625,477.36083984375,557.634033203125,676.1175537109375
198,player,251,0,641.438232421875,484.0813293457031,544.8121948242188,681.7787475585938
199,player,6,0,568.2664794921875,513.7977294921875,464.421630859375,736.0947265625
199,player,120,0,265.02703857421875,435.1949768066406,261.10467529296875,447.18084716796875
199,player,1,1,974.4822998046875,486.8169860839844,782.8685302734375,770.4495849609375
199,player,127,0,501.37713623046875,356.1393127441406,516.2779541015625,236.45054626464844
199,player,142,1,317.95196533203125,421.31463623046875,310.9272155761719,419.3349914550781
199,player,5,0,1152.70458984375,569.4383544921875,816.5574340820312,970.8775024414062
199,player,14,0,563.0108642578125,356.1967468261719,584.3626708984375,228.4293212890625
199,player,24,1,666.0186157226562,476.59332275390625,558.8887939453125,675.00732421875
199,player,3,1,634.554931640625,488.40289306640625,519.0228271484375,699.0935668945312
199,player,251,0,647.5934448242188,479.8331604003906,544.8988037109375,679.8687133789062
200,player,6,0,571.0382080078125,513.2326049804688,465.9232177734375,735.9874267578125
200,player,120,0,266.2294616699219,434.80157470703125,262.0877685546875,448.30657958984375
200,player,142,1,318.49481201171875,422.4085998535156,311.1261901855469,421.5833740234375
200,player,127,0,500.69525146484375,356.9209899902344,515.0582275390625,238.7705535888672
200,player,1,1,973.4652709960938,486.5380554199219,781.7276611328125,770.8045654296875
200,player,5,0,1151.5791015625,567.8267211914062,816.3056640625,969.503173828125
200,player,14,0,560.0712890625,355.5248718261719,579.7786865234375,238.58059692382812
200,player,251,0,650.11669921875,478.3779602050781,545.9735107421875,677.5964965820312
201,player,6,0,572.5037841796875,512.9545288085938,467.31695556640625,735.8211669921875
201,player,120,0,267.69451904296875,434.1355895996094,263.2084655761719,448.4514465332031
201,player,142,1,321.48834228515625,422.9552307128906,312.089599609375,423.9700927734375
201,player,127,0,500.01483154296875,357.2271423339844,513.9482421875,240.63914489746094
201,player,1,1,972.5413818359375,486.9596252441406,780.592529296875,771.2867431640625
201,player,14,0,557.911865234375,354.7222900390625,576.3369750976562,243.77210998535156
201,player,5,0,1151.223876953125,567.4960327148438,816.1787109375,968.39306640625
201,player,24,1,658.8634643554688,476.8983459472656,557.7392578125,673.9237670898438
201,player,3,1,639.1622314453125,486.6188659667969,524.3191528320312,696.149169921875
202,player,6,0,573.399169921875,512.693359375,468.49530029296875,735.5830078125
202,player,120,0,268.99432373046875,434.83941650390625,264.263427734375,449.44732666015625
202,player,1,1,971.6942138671875,487.9826965332031,779.2552490234375,772.32568359375
202,player,127,0,499.0692138671875,356.7055358886719,513.055908203125,240.9895477294922
202,player,142,1,323.488525390625,424.5660095214844,313.1302795410156,427.54742431640625
202,player,269,-1,667.1023559570312,477.24664306640625,562.71337890625,674.02880859375
202,player,14,0,556.5802612304688,356.20458984375,573.1616821289062,249.11245727539062
202,player,5,0,1151.171630859375,567.71142578125,816.0094604492188,967.7925415039062
202,player,3,1,638.5797119140625,490.23626708984375,526.7734375,697.20068359375
203,player,6,0,574.80126953125,512.5089111328125,469.64617919921875,735.399169921875
203,player,120,0,270.72601318359375,435.9590148925781,265.3683776855469,451.4906921386719
203,player,1,1,970.40380859375,487.8730163574219,778.10009765625,772.807861328125
203,player,14,0,556.2568359375,357.0494079589844,570.712158203125,253.74969482421875
203,player,127,0,498.3720703125,356.1319885253906,512.403564453125,240.30532836914062
203,player,142,1,324.4713134765625,425.5782470703125,313.9842834472656,431.11151123046875
203,player,3,1,628.321533203125,499.3538513183594,523.6943969726562,704.462646484375
203,player,5,0,1150.97265625,567.9092407226562,815.7864990234375,967.502685546875
203,player,269,-1,665.65380859375,477.3817138671875,561.8944702148438,674.2977294921875
204,player,6,0,576.00390625,511.88623046875,470.8118896484375,734.892822265625
204,player,120,0,271.6326904296875,436.3200988769531,266.3232116699219,453.30206298828125
204,player,1,1,969.1746826171875,487.5310974121094,777.165771484375,772.75244140625
204,player,14,0,555.563232421875,359.77313232421875,568.003173828125,260.53424072265625
204,player,142,1,329.34600830078125,427.25787353515625,315.7935791015625,435.7977294921875
204,player,3,1,621.7042846679688,503.9341125488281,519.02783203125,712.2918090820312
204,player,127,0,497.0464172363281,355.394775390625,511.7406005859375,238.63369750976562
204,player,5,0,1150.2236328125,567.8271484375,815.5044555664062,967.2134399414062
205,player,6,0,577.900146484375,510.42864990234375,472.3200378417969,733.5796508789062
205,player,1,1,968.3062133789062,487.0292663574219,776.5262451171875,772.2525634765625
205,player,120,0,271.650634765625,435.5137023925781,267.0133056640625,453.6009521484375
205,player,14,0,554.920654296875,361.6814880371094,565.415771484375,267.54052734375
205,player,142,1,332.6373291015625,429.3565368652344,317.69879150390625,441.50244140625
205,player,24,1,655.4246826171875,476.8259582519531,556.1024780273438,672.8562622070312
205,player,302,-1,315.4117431640625,431.1337890625,306.1693115234375,452.802734375
205,player,5,0,1148.991455078125,567.951904296875,815.0050048828125,967.0101318359375
205,player,3,1,611.3660278320312,505.79681396484375,512.9943237304688,718.0001220703125
205,player,127,0,495.68951416015625,354.3812255859375,511.1380615234375,235.90899658203125
206,player,6,0,581.7362060546875,510.52947998046875,474.2430114746094,733.1197509765625
206,player,120,0,271.9806823730469,435.10833740234375,267.5909423828125,453.3843078613281
206,player,142,1,334.5776062011719,429.4743347167969,319.49560546875,445.533935546875
206,player,1,1,966.4910278320312,487.3488464355469,775.5302124023438,772.02490234375
206,player,24,1,655.699462890625,476.49578857421875,555.1932373046875,671.9006958007812
206,player,14,0,553.0835571289062,362.1714782714844,562.9672241210938,272.5634765625
206,player,127,0,495.18890380859375,353.5899658203125,510.8020935058594,232.9205322265625
206,player,251,0,638.5890502929688,495.2309265136719,539.712646484375,689.2443237304688
206,player,5,0,1147.6854248046875,568.0321044921875,814.3634643554688,966.8316040039062
207,player,120,0,272.04345703125,435.6488952636719,267.94158935546875,453.8409423828125
207,player,142,1,337.3184814453125,431.96783447265625,321.17572021484375,451.16595458984375
207,player,1,1,964.9715576171875,487.6351013183594,774.3905029296875,771.972900390625
207,player,14,0,551.3499145507812,361.5733642578125,560.9886474609375,274.7931823730469
207,player,127,0,494.98590087890625,353.2406005859375,510.61456298828125,230.4412841796875
207,player,6,0,585.1090087890625,509.8921203613281,476.4613037109375,732.598388671875
207,player,265,-1,620.3534545898438,505.7838439941406,508.88519287109375,686.5697021484375
207,player,5,0,1146.7215576171875,568.8231201171875,813.4591064453125,967.1046142578125
207,player,251,0,636.8482666015625,500.1777038574219,534.0921020507812,700.66455078125
207,player,24,1,657.56591796875,477.12347412109375,554.9385375976562,671.9855346679688
208,player,120,0,273.0088806152344,435.4183349609375,268.470703125,453.98101806640625
208,player,142,1,339.6724853515625,434.5233154296875,322.6546936035156,457.837646484375
208,player,14,0,550.5386962890625,362.9836730957031,558.9879760742188,278.1107177734375
208,player,1,1,964.0338134765625,487.78948974609375,773.3543701171875,771.98095703125
208,player,127,0,494.521484375,353.4114990234375,510.2855224609375,229.02496337890625
208,player,251,0,633.3411865234375,507.4259033203125,527.9722900390625,713.5345458984375
208,player,6,0,579.692138671875,508.1809387207031,476.8714294433594,730.4683837890625
208,player,5,0,1146.381103515625,568.9617309570312,812.748046875,967.3380737304688
208,player,24,1,664.3203735351562,475.4167785644531,556.9866943359375,671.1544189453125
209,player,142,1,342.69415283203125,437.4385986328125,324.1502685546875,465.6051330566406
209,player,120,0,273.3668518066406,435.68414306640625,268.8980407714844,454.3978271484375
209,player,6,0,580.304443359375,506.7391052246094,477.5699768066406,727.9940185546875
209,player,14,0,549.6261596679688,363.907470703125,557.0955810546875,281.4405517578125
209,player,1,1,963.3073120117188,487.5190734863281,772.5972290039062,771.7146606445312
209,player,251,0,632.7755126953125,510.2586669921875,523.2476196289062,724.0592041015625
209,player,127,0,493.10125732421875,353.2618408203125,509.63043212890625,227.714599609375
209,player,24,1,667.5858764648438,474.17047119140625,559.5006103515625,669.8174438476562
209,player,5,0,1146.3121337890625,568.8052368164062,812.32470703125,967.3944702148438
210,player,6,0,575.043212890625,505.5865783691406,476.91693115234375,725.0343017578125
210,player,120,0,274.66461181640625,436.9577941894531,269.45233154296875,456.18402099609375
210,player,14,0,549.724365234375,364.46087646484375,555.725341796875,284.380126953125
210,player,142,1,345.4241943359375,439.3031005859375,325.69146728515625,472.90533447265625
210,player,1,1,963.5143432617188,487.48193359375,772.1714477539062,771.5299072265625
210,player,24,1,667.6281127929688,473.8221435546875,561.2352905273438,668.6486206054688
210,player,251,0,633.2101440429688,509.18145751953125,520.5147094726562,730.0995483398438
210,player,5,0,1146.303466796875,568.280029296875,812.2294921875,967.1267700195312
210,player,127,0,492.3266296386719,353.2030029296875,508.9573669433594,226.68362426757812
211,player,14,0,549.973388671875,365.85797119140625,554.4827880859375,288.2395324707031
211,player,3,1,586.545166015625,506.68072509765625,502.6353759765625,720.3590087890625
211,player,142,1,345.99163818359375,439.55267333984375,326.8274841308594,477.9702453613281
211,player,1,1,963.4434814453125,487.2211608886719,771.9738159179688,771.200439453125
211,player,120,0,275.8849792480469,438.38726806640625,270.05255126953125,459.0135498046875
211,player,24,1,664.559326171875,474.4732971191406,561.3828735351562,668.1865234375
211,player,127,0,491.168212890625,353.8301086425781,507.947509765625,226.79495239257812
211,player,5,0,1146.347412109375,566.91943359375,812.64990234375,966.1666870117188
211,player,265,-1,611.6636962890625,508.22955322265625,505.9754638671875,703.2196655273438
212,player,14,0,549.707763671875,365.5733947753906,553.6757202148438,290.32745361328125
212,player,6,0,570.378173828125,503.128662109375,475.781005859375,720.7554321289062
212,player,1,1,962.5999755859375,486.7447509765625,771.8087158203125,770.54345703125
212,player,142,1,344.2098693847656,438.78350830078125,327.1422119140625,480.27276611328125
212,player,120,0,277.7091064453125,439.4915466308594,270.8832092285156,462.221435546875
212,player,265,-1,617.501708984375,507.54266357421875,505.6927490234375,713.9837646484375
212,player,127,0,488.88848876953125,353.05126953125,506.73406982421875,225.45068359375
212,player,24,1,666.290771484375,474.3752746582031,561.9625244140625,667.952880859375
212,player,5,0,1146.31591796875,566.0620727539062,813.21484375,965.0413818359375
213,player,14,0,548.742431640625,366.02227783203125,552.6937866210938,292.188720703125
213,player,142,1,342.9370422363281,438.3092346191406,327.0344543457031,481.14068603515625
213,player,6,0,571.2484741210938,501.7465515136719,475.52923583984375,716.932861328125
213,player,1,1,961.41796875,486.888427734375,771.34765625,770.1296997070312
213,player,127,0,487.3748779296875,352.37322998046875,505.61962890625,223.39584350585938
213,player,24,1,669.7711181640625,473.42523193359375,563.506103515625,667.2788696289062
213,player,5,0,1146.185546875,566.0567626953125,813.554931640625,964.297607421875
213,player,120,0,281.6005859375,438.50872802734375,272.6363220214844,463.6287841796875
213,player,313,-1,461.555908203125,351.4559631347656,479.00408935546875,206.80487060546875
214,player,142,1,342.903564453125,438.710205078125,326.90728759765625,482.12841796875
214,player,3,1,597.2483520507812,505.20855712890625,498.89605712890625,721.610107421875
214,player,1,1,960.5511474609375,487.44830322265625,770.6197509765625,770.2254638671875
214,player,14,0,547.257568359375,366.4685363769531,551.4287109375,293.83843994140625
214,player,120,0,281.28662109375,437.8369140625,273.7411193847656,463.78729248046875
214,player,127,0,487.3687744140625,354.3978271484375,504.32574462890625,225.03494262695312
214,player,6,0,573.415771484375,499.2165222167969,476.408935546875,712.5775756835938
214,player,5,0,1145.9774169921875,566.573974609375,813.549560546875,964.1004638671875
214,player,24,1,667.793212890625,472.9718933105469,564.1014404296875,666.2706298828125
214,player,313,-1,460.9884033203125,351.2351379394531,478.8673095703125,206.40676879882812
215,player,142,1,342.9608154296875,438.50689697265625,326.865234375,482.5596923828125
215,player,3,1,600.2251586914062,504.4030456542969,497.38079833984375,722.0297241210938
215,player,1,1,960.1469116210938,487.864501953125,769.8897705078125,770.5784301757812
215,player,127,0,485.6747741699219,355.7445983886719,502.53570556640625,227.86297607421875
215,player,24,1,668.20849609375,472.49188232421875,564.72265625,665.2317504882812
215,player,313,-1,456.68603515625,351.135009765625,477.3267822265625,205.47830200195312
215,player,14,0,547.0245971679688,364.36712646484375,551.177734375,291.9975280761719
215,player,5,0,1145.97705078125,567.533447265625,813.21240234375,964.52978515625
215,player,120,0,287.37939453125,437.8468017578125,276.23321533203125,464.49835205078125
215,player,6,0,564.5863037109375,479.95660400390625,478.53466796875,692.7584228515625
216,player,142,1,347.728759765625,436.9384460449219,328.40869140625,481.63165283203125
216,player,1,1,960.023681640625,488.077880859375,769.3050537109375,770.9637451171875
216,player,3,1,603.6773071289062,504.4261169433594,497.2641906738281,722.6070556640625
216,player,127,0,484.13873291015625,355.7105407714844,500.86053466796875,229.46878051757812
216,player,120,0,303.01702880859375,440.2615051269531,282.172607421875,469.07928466796875
216,player,5,0,1146.553955078125,567.6853637695312,813.0682373046875,964.93798828125
216,player,6,0,561.282958984375,469.65606689453125,481.17376708984375,670.431396484375
216,player,14,0,546.3990478515625,361.42401123046875,551.72412109375,286.6400451660156
216,player,313,-1,452.414794921875,351.5009460449219,474.76397705078125,204.905517578125
216,player,24,1,672.5956420898438,471.61187744140625,566.5216064453125,664.1719970703125
217,player,142,1,351.2579040527344,436.8769836425781,330.44415283203125,481.3077087402344
217,player,1,1,959.5196533203125,488.9504699707031,768.4749145507812,771.8507080078125
217,player,3,1,606.9241943359375,503.9861755371094,498.09991455078125,722.901611328125
217,player,127,0,483.7234802246094,355.28216552734375,499.74853515625,229.83901977539062
217,player,120,0,312.1034240722656,442.02825927734375,288.4861145019531,474.815185546875
217,player,5,0,1147.29541015625,568.3931274414062,812.8930053710938,965.6658935546875
217,player,14,0,545.2488403320312,361.8133850097656,551.574462890625,283.5677795410156
217,player,315,-1,547.268798828125,422.9985046386719,504.9695739746094,493.29180908203125
217,player,24,1,672.8643798828125,470.8773498535156,567.9547119140625,662.8612670898438
217,player,313,-1,450.8343505859375,351.4749450683594,472.5619812011719,204.3033447265625
218,player,142,1,352.73529052734375,437.2842102050781,332.1455078125,481.6764831542969
218,player,1,1,959.3324584960938,490.4444885253906,767.3385009765625,773.5689086914062
218,player,3,1,606.9609375,503.52362060546875,498.74786376953125,722.727783203125
218,player,24,1,675.778564453125,472.76959228515625,569.165771484375,663.9256591796875
218,player,315,-1,545.98681640625,407.17852783203125,508.5475158691406,475.5052490234375
218,player,6,0,549.1425170898438,467.8670654296875,479.98797607421875,653.2041015625
218,player,127,0,483.84625244140625,354.868896484375,499.1812744140625,229.4910888671875
218,player,5,0,1147.917236328125,568.9922485351562,812.708984375,966.529541015625
218,player,120,0,310.9393615722656,443.8802185058594,292.0710144042969,480.38226318359375
218,player,313,-1,450.4212951660156,350.68560791015625,471.1898193359375,202.67962646484375
219,player,142,1,352.90380859375,436.4851989746094,333.39971923828125,481.07861328125
219,player,1,1,959.3604736328125,491.355224609375,766.2733154296875,775.390625
219,player,319,-1,585.994140625,480.5871276855469,498.248779296875,662.85693359375
219,player,24,1,676.85791015625,474.4067077636719,569.8115234375,666.1383056640625
219,player,318,-1,545.9832763671875,455.9127197265625,482.4913024902344,588.4925537109375
219,player,6,0,545.731689453125,466.9476013183594,478.48382568359375,640.8580932617188
219,player,14,0,545.6451416015625,359.5011291503906,552.3350830078125,278.3720397949219
219,player,120,0,307.26971435546875,445.8170471191406,293.1600341796875,485.6746826171875
219,player,127,0,483.7528076171875,354.55523681640625,498.8673095703125,228.79519653320312
219,player,5,0,1148.53466796875,569.6007080078125,812.51513671875,967.4857177734375
220,player,3,1,596.6741943359375,498.3079833984375,497.6274719238281,717.5577392578125
220,player,1,1,959.0413208007812,491.7911376953125,765.3412475585938,776.8837890625
220,player,142,1,354.059814453125,434.75067138671875,334.7688903808594,478.9405822753906
220,player,323,-1,663.73974609375,482.97796630859375,554.9434204101562,687.9635009765625
220,player,14,0,544.8702392578125,367.85272216796875,549.9874877929688,286.470947265625
220,player,127,0,482.92333984375,354.40997314453125,498.421142578125,228.0311279296875
220,player,318,-1,543.6900024414062,447.1731872558594,483.7467041015625,579.7967529296875
220,player,6,0,542.4813842773438,459.1548156738281,478.23590087890625,625.286376953125
220,player,5,0,1148.974365234375,569.664306640625,812.4642333984375,968.175048828125
220,player,313,-1,448.0772705078125,351.47607421875,469.29132080078125,202.52490234375
221,player,3,1,594.5819702148438,498.9045715332031,496.2424011230469,714.5062255859375
221,player,142,1,355.88555908203125,433.3053283691406,336.375244140625,476.16925048828125
221,player,1,1,958.9692993164062,491.9493408203125,764.6595458984375,777.9700317382812
221,player,6,0,539.3626708984375,455.19921875,478.0469970703125,611.11474609375
221,player,120,0,307.80535888671875,444.80322265625,294.1190185546875,488.106689453125
221,player,323,-1,658.3004150390625,493.8382873535156,550.9159545898438,696.510498046875
221,player,318,-1,540.8428955078125,445.5346374511719,484.1222229003906,572.2540283203125
221,player,313,0,445.9525146484375,351.2502746582031,467.3838195800781,201.82928466796875
221,player,5,0,1149.3038330078125,569.2383422851562,812.6513671875,968.40087890625
222,player,316,-1,361.09161376953125,430.6228942871094,344.7117614746094,464.1540222167969
222,player,1,1,958.770751953125,492.3731689453125,764.0119018554688,778.9852294921875
222,player,6,0,535.6046142578125,456.3162841796875,476.65130615234375,602.6253051757812
222,player,319,-1,582.4178466796875,487.42486572265625,495.8717346191406,668.402587890625
222,player,323,-1,657.6905517578125,504.123046875,545.7633056640625,710.2503662109375
222,player,313,0,444.12445068359375,351.3380432128906,465.49346923828125,201.28746032714844
222,player,14,0,539.935791015625,379.6950988769531,543.376220703125,306.8811340332031
222,player,120,0,312.09661865234375,444.73541259765625,295.98028564453125,490.0296630859375
222,player,24,1,675.4437255859375,476.4858093261719,569.318359375,669.251708984375
222,player,142,1,341.12005615234375,436.8139343261719,332.6854248046875,476.69818115234375
223,player,316,-1,364.44732666015625,433.334716796875,345.335205078125,467.43316650390625
223,player,319,-1,579.301025390625,485.0983581542969,493.9953308105469,669.7607421875
223,player,1,1,957.5601806640625,489.4251403808594,764.36376953125,777.2696533203125
223,player,323,-1,657.9991455078125,507.6902770996094,541.685546875,721.9969482421875
223,player,6,0,532.3543701171875,457.63482666015625,474.5745849609375,598.0650024414062
223,player,313,0,443.0016174316406,351.264404296875,463.89697265625,200.68902587890625
223,player,120,0,316.8208312988281,445.0092468261719,298.51751708984375,492.0204162597656
223,player,14,0,539.4012451171875,363.6188659667969,543.64794921875,298.5578308105469
223,player,318,-1,538.724365234375,449.6792907714844,482.87158203125,571.23828125
224,player,316,-1,366.104736328125,434.6139831542969,346.05389404296875,471.10662841796875
224,player,1,1,956.5594482421875,487.778564453125,764.9451293945312,774.7899780273438
224,player,319,-1,574.822509765625,483.2861633300781,491.97723388671875,668.7026977539062
224,player,323,-1,657.1666259765625,506.8299255371094,539.0196533203125,728.8939208984375
224,player,120,0,316.75,446.02496337890625,300.0437316894531,494.3662414550781
224,player,313,0,442.13189697265625,351.4043884277344,462.525390625,200.40463256835938
224,player,14,0,538.7749633789062,359.53753662109375,544.8726196289062,287.3619384765625
224,player,6,0,528.5040283203125,457.98040771484375,472.0932312011719,595.0755615234375
224,player,318,-1,538.1013793945312,457.4517822265625,480.2392578125,578.017822265625
225,player,316,-1,368.32366943359375,435.5683898925781,347.0394287109375,474.7359619140625
225,player,1,1,955.4765625,487.6388854980469,765.0997314453125,772.978515625
225,player,142,1,326.1802062988281,447.3671875,324.8081359863281,486.7012634277344
225,player,313,0,442.02703857421875,351.3899230957031,461.60137939453125,200.18539428710938
225,player,323,-1,654.922119140625,505.9788818359375,536.9144897460938,732.5274658203125
225,player,319,-1,569.801513671875,481.6982421875,489.67266845703125,666.208251953125
225,player,6,0,527.196533203125,460.3440246582031,469.6427917480469,595.2510986328125
225,player,14,0,537.0139770507812,362.38275146484375,544.2049560546875,283.8735656738281
225,player,24,1,675.7713623046875,476.83502197265625,568.994140625,671.60498046875
226,player,1,1,954.365966796875,487.5808410644531,764.939697265625,771.6627807617188
226,player,323,-1,653.9072265625,505.53765869140625,535.39013671875,734.4600830078125
226,player,316,-1,371.2203063964844,434.531494140625,348.66241455078125,476.2668762207031
226,player,6,0,524.1578369140625,463.17962646484375,466.65325927734375,597.7495727539062
226,player,313,0,441.7213439941406,350.95318603515625,461.00396728515625,199.35067749023438
226,player,142,1,325.69354248046875,446.9571533203125,319.59228515625,492.7328186035156
226,player,319,-1,567.1212158203125,480.2589416503906,487.7637634277344,663.1033935546875
226,player,14,0,536.1281127929688,363.3575439453125,543.179931640625,282.8606262207031
227,player,1,1,953.699951171875,487.50811767578125,764.6934204101562,770.6949462890625
227,player,323,0,656.2841796875,504.7974853515625,535.164306640625,735.3316650390625
227,player,316,-1,374.44012451171875,432.7291564941406,350.9036560058594,475.63623046875
227,player,142,1,321.06292724609375,446.5137634277344,314.92572021484375,495.7506103515625
227,player,319,-1,566.0416870117188,480.2216796875,486.24554443359375,660.9584350585938
227,player,313,0,441.366455078125,350.2857666015625,460.65911865234375,197.76116943359375
227,player,14,0,535.6023559570312,367.5809631347656,541.0714111328125,287.95648193359375
227,player,6,0,521.104736328125,463.252197265625,463.8623046875,599.163818359375
228,player,323,0,660.8515625,503.6309814453125,536.4338989257812,735.3580322265625
228,player,1,1,952.965576171875,487.0721740722656,764.50732421875,769.6634521484375
228,player,316,-1,377.18597412109375,431.0761413574219,353.39483642578125,473.70513916015625
228,player,14,0,535.5467529296875,369.3866271972656,539.1478271484375,293.7158508300781
228,player,142,1,320.71551513671875,446.3803405761719,311.806884765625,497.5404357910156
228,player,6,0,518.692138671875,463.00396728515625,461.4378356933594,599.631591796875
228,player,313,0,441.2035217285156,349.47100830078125,460.58160400390625,195.4783935546875
228,player,319,0,567.448486328125,481.3135681152344,485.4060363769531,660.6361083984375
229,player,1,1,952.316162109375,487.02484130859375,764.23876953125,768.9014892578125
229,player,323,0,665.802490234375,501.6617736816406,538.9639892578125,734.2298583984375
229,player,316,1,380.5002136230469,430.1341247558594,356.1197814941406,471.752197265625
229,player,14,0,535.156494140625,369.6295166015625,537.697998046875,297.7434997558594
229,player,142,1,325.32745361328125,445.098876953125,311.23297119140625,497.813720703125
229,player,313,0,440.39312744140625,349.1527404785156,460.33050537109375,193.41424560546875
229,player,319,0,569.165771484375,482.9960632324219,484.9679260253906,662.0309448242188
229,player,6,0,516.4556274414062,462.98406982421875,459.25469970703125,599.7135009765625
230,player,1,1,951.631103515625,487.423583984375,763.7435302734375,768.6607666015625
230,player,323,0,671.2861328125,499.0945129394531,542.6009521484375,731.91162109375
230,player,316,1,385.31842041015625,430.218505859375,359.29217529296875,471.05206298828125
230,player,14,0,534.2978515625,366.4724426269531,537.4083862304688,295.96441650390625
230,player,142,1,329.96392822265625,445.83428955078125,312.1081237792969,499.2012939453125
230,player,319,0,565.3865966796875,484.18194580078125,483.4498291015625,663.63037109375
230,player,313,0,439.33892822265625,349.15655517578125,459.8019714355469,191.94992065429688
230,player,6,0,516.2705078125,464.4234313964844,457.5068359375,601.0940551757812
231,player,1,1,950.906982421875,487.7734375,763.1094360351562,768.7171020507812
231,player,323,0,677.3707275390625,495.2919006347656,547.42626953125,727.8614501953125
231,player,14,0,533.6024780273438,369.7249755859375,536.0302734375,299.15692138671875
231,player,316,1,388.4166564941406,430.19024658203125,362.26690673828125,470.873046875
231,player,319,0,561.89794921875,483.6876525878906,481.64691162109375,663.9423217773438
231,player,142,1,329.37255859375,445.08343505859375,312.5888671875,499.2658386230469
231,player,313,0,438.5436096191406,349.6787414550781,459.0543518066406,191.69158935546875
231,player,6,0,526.5845336914062,467.5684814453125,458.56201171875,605.8329467773438
231,player,5,0,1151.455810546875,571.1530151367188,812.5853881835938,969.801025390625
232,player,1,1,950.2999267578125,487.98052978515625,762.46728515625,768.8646240234375
232,player,316,1,392.3023986816406,429.1027526855469,365.503173828125,469.9561462402344
232,player,319,0,559.582763671875,483.4222106933594,479.91998291015625,663.7153930664062
232,player,14,0,533.421875,366.82000732421875,535.9321899414062,297.2586669921875
232,player,323,0,682.34521484375,495.5675048828125,551.7657470703125,725.8689575195312
232,player,142,1,328.96282958984375,444.7393798828125,312.8211669921875,498.90997314453125
232,player,6,0,532.7037963867188,472.4368896484375,459.94659423828125,613.8927001953125
232,player,313,0,437.8811340332031,349.954345703125,458.271728515625,191.85952758789062
233,player,1,1,949.646484375,488.22430419921875,761.7949829101562,769.0960693359375
233,player,14,0,532.5366821289062,364.1368103027344,536.3760986328125,292.2261657714844
233,player,323,0,690.4404296875,492.9076843261719,557.314453125,723.1036987304688
233,player,316,1,395.6810302734375,428.0552978515625,368.7591857910156,468.5499267578125
233,player,142,1,329.4431457519531,445.2450256347656,313.05511474609375,499.25146484375
233,player,6,0,543.3486328125,480.1134948730469,462.186767578125,626.8926391601562
233,player,313,0,437.57684326171875,349.717529296875,457.71630859375,191.57388305664062
233,player,265,-1,643.8831787109375,494.0583801269531,515.1541748046875,712.3863525390625
233,player,5,0,1151.0103759765625,570.92724609375,812.5223388671875,970.5501708984375
234,player,1,1,949.097412109375,488.6629943847656,761.05859375,769.5426025390625
234,player,323,0,695.7998046875,492.8338928222656,562.312744140625,721.6984252929688
234,player,142,1,331.04144287109375,446.6489562988281,313.5122375488281,501.08331298828125
234,player,14,0,531.65478515625,364.6329040527344,536.2240600585938,289.5398864746094
234,player,319,0,552.1123046875,482.9249572753906,476.9315490722656,662.4891967773438
234,player,316,1,401.1871643066406,428.20111083984375,372.47265625,468.3429870605469
234,player,313,0,437.86151123046875,349.5765075683594,457.48834228515625,191.2095947265625
234,player,5,0,1154.5838623046875,567.2562255859375,814.54736328125,969.173583984375
235,player,323,0,700.59423828125,493.6034851074219,566.5938720703125,721.81201171875
235,player,1,1,948.4051513671875,489.1740417480469,760.2183837890625,770.1728515625
235,player,319,0,553.9083251953125,483.0483703613281,475.4372863769531,661.955078125
235,player,142,1,333.93829345703125,445.4581604003906,314.7673034667969,501.3171691894531
235,player,316,1,406.54791259765625,428.6054992675781,376.39801025390625,469.18267822265625
235,player,14,0,530.9545288085938,371.8798522949219,533.7682495117188,297.5804443359375
235,player,341,-1,387.0447998046875,428.3537902832031,367.4165344238281,464.41900634765625
235,player,5,0,1156.5712890625,565.9845581054688,816.7507934570312,967.6820678710938
235,player,313,0,437.91644287109375,349.23480224609375,457.4434814453125,190.46218872070312
236,player,1,1,947.2939453125,489.6484375,759.218505859375,770.8585815429688
236,player,323,0,701.8463134765625,492.85308837890625,569.8880615234375,721.3841552734375
236,player,142,1,341.44012451171875,442.8243713378906,318.031005859375,499.44378662109375
236,player,316,1,412.5537414550781,431.9456787109375,380.1739807128906,473.9400329589844
236,player,6,0,543.8092651367188,485.2243957519531,462.7772216796875,639.817626953125
236,player,14,0,531.0746459960938,364.00738525390625,534.5234375,292.0865173339844
236,player,341,-1,385.5044250488281,430.8134765625,366.602783203125,466.95111083984375
236,player,5,0,1149.77099609375,569.411376953125,815.4808349609375,968.21337890625
237,player,1,1,946.3870849609375,490.3040771484375,758.1016845703125,771.7374267578125
237,player,142,1,351.18719482421875,441.5307312011719,323.1082763671875,497.8106689453125
237,player,323,0,702.13671875,491.53546142578125,572.4407958984375,720.0609130859375
237,player,6,0,547.0743408203125,485.489990234375,463.96600341796875,648.7296752929688
237,player,14,0,531.1560668945312,356.23236083984375,537.406005859375,277.5503234863281
237,player,316,1,415.25054931640625,433.695556640625,383.1326904296875,479.1722412109375
237,player,341,-1,387.73883056640625,432.80194091796875,366.43695068359375,470.9691162109375
237,player,313,0,438.36895751953125,349.0938720703125,457.60565185546875,189.81793212890625
237,player,5,0,1146.104736328125,571.606689453125,813.090087890625,969.5611572265625
238,player,1,1,946.5997924804688,492.5601501464844,756.61669921875,774.0685424804688
238,player,142,1,356.1875,440.4482116699219,327.9818115234375,496.0943603515625
238,player,323,0,702.7678833007812,490.3096923828125,574.577392578125,718.2548828125
238,player,6,0,544.1171875,483.3569030761719,464.37353515625,652.42724609375
238,player,316,1,415.3282775878906,435.0368347167969,384.86334228515625,484.0090637207031
238,player,14,0,530.599853515625,358.1307067871094,538.5078735351562,270.75115966796875
238,player,5,0,1145.735107421875,572.0809326171875,811.292236328125,970.6827392578125
238,player,351,-1,1129.696533203125,570.154296875,799.7288818359375,966.3590087890625
238,player,265,-1,657.9041748046875,481.75994873046875,527.85498046875,702.3021850585938
239,player,1,1,946.5482177734375,494.0218505859375,755.115234375,776.7010498046875
239,player,319,0,553.4673461914062,479.6433410644531,475.0260009765625,658.607421875
239,player,142,1,356.44189453125,439.3504333496094,331.36016845703125,493.84442138671875
239,player,323,0,704.4932861328125,488.6884460449219,576.830078125,715.8994750976562
239,player,316,1,416.846923828125,433.90203857421875,386.6113586425781,486.09381103515625
239,player,265,-1,658.6786499023438,471.5952453613281,538.8571166992188,687.0235595703125
239,player,14,0,529.4197998046875,368.7950439453125,535.6452026367188,281.0302429199219
239,player,351,-1,1129.78076171875,568.4063720703125,800.3421630859375,965.3526611328125
239,player,5,0,1145.05029296875,571.8316650390625,810.0582275390625,971.220703125
240,player,1,1,945.802490234375,494.2927551269531,753.855224609375,778.557861328125
240,player,323,0,707.3643798828125,488.4151306152344,579.1058959960938,714.3880615234375
240,player,6,0,538.1986083984375,481.69512939453125,463.39788818359375,652.8717651367188
240,player,265,-1,658.7338256835938,467.34942626953125,547.1134033203125,673.3305053710938
240,player,142,1,356.5863037109375,438.70562744140625,333.6787109375,491.71295166015625
240,player,316,1,418.56689453125,430.92047119140625,388.7342834472656,484.420654296875
240,player,14,0,528.4583740234375,371.68902587890625,532.6326904296875,291.5101318359375
240,player,351,-1,1129.642578125,568.2021484375,800.7799072265625,964.5700073242188
240,player,5,0,1143.9678955078125,572.2437133789062,808.8770751953125,971.7298583984375
240,player,341,-1,388.63201904296875,434.4512023925781,366.34893798828125,475.44012451171875
241,player,323,0,711.182861328125,488.9072570800781,581.4403076171875,714.1339111328125
241,player,1,1,945.10595703125,494.59423828125,752.75390625,779.937744140625
241,player,142,1,355.6217041015625,438.139892578125,334.9776611328125,489.63287353515625
241,player,6,0,542.1578369140625,482.0163269042969,463.7467041015625,653.7857666015625
241,player,316,1,425.2522888183594,425.6903991699219,392.9544677734375,478.3028564453125
241,player,265,-1,657.316650390625,465.92047119140625,552.4693603515625,663.0225219726562
241,player,14,0,527.7605590820312,370.2492980957031,530.8607788085938,296.3043212890625
241,player,351,-1,1129.117431640625,569.1028442382812,800.6412353515625,964.546630859375
241,player,5,0,1143.309814453125,572.5786743164062,807.8501586914062,972.2060546875
241,player,313,0,435.48602294921875,356.6877136230469,454.8831481933594,200.36898803710938
242,player,323,0,713.5416259765625,489.45703125,583.42041015625,714.6188354492188
242,player,1,1,944.328369140625,493.58734130859375,752.201416015625,779.99951171875
242,player,142,1,355.4146423339844,438.0504455566406,335.7732238769531,488.16552734375
242,player,313,0,436.74530029296875,372.59307861328125,449.888671875,229.8671875
242,player,265,-1,655.5506591796875,467.55859375,555.0532836914062,657.6329345703125
242,player,351,-1,1128.5888671875,569.5603637695312,800.27880859375,964.7589111328125
242,player,6,0,540.3446044921875,480.32080078125,463.8218078613281,652.7417602539062
242,player,316,1,427.8125,423.42529296875,396.8460693359375,472.0828552246094
242,player,350,-1,528.1533203125,402.52423095703125,503.0683898925781,421.67645263671875
242,player,5,0,1142.2593994140625,573.0165405273438,806.8025512695312,972.6917724609375
243,player,323,0,719.0162353515625,488.3939514160156,586.3987426757812,714.5286865234375
243,player,1,1,943.4713134765625,493.404541015625,751.69189453125,779.8284301757812
243,player,142,1,358.03765869140625,437.98931884765625,337.0576171875,487.4023742675781
243,player,316,1,432.6318359375,426.45489501953125,400.2686767578125,471.8570556640625
243,player,313,0,438.2509460449219,368.81048583984375,447.98614501953125,244.00872802734375
243,player,351,-1,1129.1258544921875,569.607666015625,800.1458129882812,964.96240234375
243,player,265,-1,656.115966796875,469.5586853027344,556.3717041015625,655.9613037109375
243,player,6,0,534.9661865234375,477.6931457519531,462.9510192871094,649.278564453125
243,player,341,-1,375.10565185546875,437.264892578125,361.9696044921875,480.0245666503906
243,player,5,0,1141.3536376953125,573.0585327148438,805.908203125,972.9676513671875
244,player,323,0,722.99658203125,487.1872253417969,589.6845703125,713.818115234375
244,player,1,1,941.9368286132812,491.866455078125,751.5234985351562,778.4061279296875
244,player,142,1,362.36053466796875,438.5095520019531,339.0768737792969,487.8795166015625
244,player,316,1,436.1446533203125,429.334228515625,403.019775390625,475.189697265625
244,player,313,0,438.374755859375,372.6007995605469,445.9388122558594,258.4294738769531
244,player,265,-1,659.539794921875,469.28997802734375,558.2130737304688,654.9403076171875
244,player,351,-1,1128.65771484375,568.8104858398438,800.2269287109375,964.5994873046875
244,player,6,0,534.0332641601562,478.7148132324219,461.9410400390625,647.8477172851562
244,player,5,0,1141.5087890625,573.383544921875,805.25048828125,973.3434448242188
244,player,350,-1,527.5326538085938,411.28717041015625,500.7127990722656,431.7590026855469
245,player,323,0,727.3821411132812,485.28533935546875,593.4700317382812,712.162109375
245,player,1,1,940.5162963867188,490.9795227050781,751.373046875,776.6777954101562
245,player,344,-1,428.58001708984375,430.9497375488281,401.0164489746094,484.2234802246094
245,player,341,-1,372.2244873046875,438.9710388183594,358.05908203125,484.5310363769531
245,player,265,-1,662.90478515625,465.3828125,561.3282470703125,651.085693359375
245,player,5,0,1140.783935546875,572.0899658203125,805.1038818359375,972.796875
245,player,351,0,1127.4261474609375,567.7666625976562,800.3624267578125,963.66943359375
245,player,14,0,525.776123046875,382.4513854980469,525.64794921875,315.25518798828125
245,player,319,0,555.333984375,461.09259033203125,479.09912109375,639.818115234375
245,player,6,0,535.8089599609375,478.39361572265625,461.817626953125,646.7904052734375
246,player,344,-1,431.5025634765625,432.6744384765625,401.5744934082031,486.359619140625
246,player,323,0,732.7510375976562,484.5283203125,597.529052734375,710.91845703125
246,player,1,1,940.6473999023438,492.23236083984375,750.8603515625,776.533447265625
246,player,341,-1,371.50054931640625,440.18841552734375,355.1458740234375,488.6726379394531
246,player,14,0,524.1107177734375,381.14837646484375,522.0826416015625,325.7137145996094
246,player,265,-1,666.7981567382812,462.33453369140625,565.2113647460938,646.1741943359375
246,player,5,0,1140.3414306640625,569.5526733398438,805.779052734375,970.9508666992188
247,player,323,0,736.564697265625,484.4937438964844,601.1650390625,710.4077758789062
247,player,1,1,940.0467529296875,492.0599365234375,750.4371337890625,776.2567138671875
247,player,344,-1,432.078857421875,430.1873779296875,402.53143310546875,485.13580322265625
247,player,341,1,378.6236877441406,440.5581359863281,355.2530517578125,492.442138671875
247,player,6,0,532.246337890625,483.8997802734375,459.75079345703125,650.6050415039062
247,player,14,0,521.6322021484375,368.48760986328125,522.4991455078125,315.44622802734375
247,player,5,0,1139.86376953125,567.2653198242188,806.9000244140625,968.3917236328125
248,player,323,0,739.4552001953125,484.2885437011719,604.3345336914062,710.1533203125
248,player,341,1,386.46929931640625,441.9815979003906,357.37908935546875,497.13629150390625
248,player,1,1,937.611083984375,489.21966552734375,750.5630493164062,773.6710205078125
248,player,344,-1,432.795166015625,428.6669006347656,403.62615966796875,482.7669677734375
248,player,5,0,1139.1529541015625,566.3771362304688,807.7782592773438,966.1605224609375
248,player,14,0,521.3280029296875,364.40643310546875,523.8480224609375,303.12396240234375
248,player,6,0,523.4645385742188,488.2047119140625,455.313720703125,656.0285034179688
249,player,323,0,742.6678466796875,484.877197265625,607.0618896484375,710.7491455078125
249,player,341,1,390.9383239746094,444.8363342285156,359.6372985839844,503.57012939453125
249,player,1,1,937.01953125,487.0265197753906,751.2852783203125,770.224609375
249,player,5,0,1138.415283203125,567.090576171875,807.9388427734375,965.0732421875
249,player,344,-1,436.24822998046875,426.5633239746094,405.720703125,479.28021240234375
249,player,14,0,520.7845458984375,363.0365295410156,524.9442138671875,293.14422607421875
249,player,6,0,515.962646484375,488.1571960449219,450.4772644042969,658.8665161132812
250,player,323,0,747.5350952148438,484.4541320800781,610.2135009765625,711.2031860351562
250,player,6,0,509.801025390625,487.47613525390625,445.841064453125,659.59521484375
250,player,341,1,392.7372741699219,446.7582092285156,361.3459777832031,509.89306640625
250,player,1,1,936.18408203125,488.33795166015625,751.0693359375,768.9423828125
250,player,5,0,1137.0146484375,567.832763671875,807.47705078125,964.6982421875
250,player,14,0,520.883056640625,359.1402282714844,526.8401489257812,281.18023681640625
250,player,265,-1,669.3571166992188,472.9117736816406,565.640625,652.6377563476562
251,player,323,0,750.5753173828125,482.9034118652344,613.4908447265625,710.47509765625
251,player,6,0,506.49859619140625,486.0492858886719,442.2104187011719,658.553466796875
251,player,1,1,934.288330078125,489.3258972167969,750.09375,768.721923828125
251,player,341,1,394.09368896484375,447.64007568359375,362.71710205078125,515.030517578125
251,player,5,0,1135.494873046875,568.1229248046875,806.7406005859375,964.514892578125
251,player,14,0,521.8402099609375,358.52191162109375,528.5784912109375,272.6365051269531
251,player,319,0,569.4715576171875,402.8401794433594,500.0279846191406,568.15771484375
252,player,323,0,752.1403198242188,479.3025207519531,617.0648803710938,707.1309204101562
252,player,1,1,932.3685302734375,486.604736328125,749.94873046875,766.285400390625
252,player,14,0,521.1480102539062,360.0224304199219,529.0288696289062,269.13238525390625
252,player,5,0,1134.1861572265625,568.5330810546875,805.83154296875,964.5405883789062
252,player,341,1,395.5751953125,447.62249755859375,364.03094482421875,518.4927978515625
252,player,6,0,500.7489013671875,485.08447265625,438.50616455078125,656.5416259765625
252,player,376,-1,561.258056640625,407.26708984375,528.3306274414062,447.2715759277344
252,player,142,1,406.6064758300781,449.0011291503906,351.58807373046875,503.2873840332031
252,player,265,-1,676.9091796875,465.1558532714844,569.985107421875,650.6389770507812
252,player,344,-1,431.08477783203125,449.5897216796875,401.7235412597656,500.60284423828125
253,player,323,0,753.5579833984375,475.9573669433594,620.7359619140625,702.254638671875
253,player,14,0,520.1171875,356.41839599609375,530.0523681640625,261.59051513671875
253,player,376,-1,562.6533203125,409.97174072265625,528.0320434570312,450.50164794921875
253,player,1,1,930.9908447265625,489.24871826171875,748.5570068359375,766.6591796875
253,player,6,0,472.5806884765625,485.16943359375,428.6656494140625,652.858642578125
253,player,341,1,398.6097412109375,448.34722900390625,365.64129638671875,521.7670288085938
253,player,5,0,1133.055908203125,567.9981079101562,805.1737060546875,964.1663818359375
253,player,265,1,679.9710083007812,462.3898010253906,574.3856201171875,647.1204833984375
254,player,323,0,756.28125,473.5084533691406,624.5633544921875,697.2338256835938
254,player,6,0,460.9421081542969,484.64764404296875,419.28033447265625,648.9942626953125
254,player,376,-1,563.1931762695312,440.1148376464844,520.460205078125,484.908447265625
254,player,1,1,930.2342529296875,489.5708312988281,747.3458862304688,767.0902099609375
254,player,14,0,519.1822509765625,354.4548034667969,530.9942626953125,253.73934936523438
254,player,265,1,693.09765625,436.57867431640625,588.36865234375,621.5578002929688
254,player,5,0,1132.78466796875,567.9965209960938,804.6866455078125,963.9029541015625
254,player,341,1,401.20098876953125,443.8703308105469,368.07464599609375,519.568359375
255,player,323,0,759.5733642578125,470.4881896972656,628.8277587890625,691.65966796875
255,player,376,-1,564.8141479492188,451.450927734375,513.3714599609375,518.6207275390625
255,player,1,1,929.3504638671875,489.7862548828125,746.2581787109375,767.4645385742188
255,player,14,0,519.365478515625,356.4117431640625,531.078125,251.48641967773438
255,player,341,1,403.5867004394531,441.42486572265625,370.70172119140625,515.83837890625
255,player,5,0,1132.4189453125,565.5675659179688,805.1236572265625,962.2891845703125
255,player,380,-1,534.90673828125,365.4801940917969,538.2919311523438,288.9652099609375
255,player,265,1,702.38427734375,429.038330078125,602.476806640625,598.2391357421875
255,player,6,0,458.6671142578125,484.94122314453125,412.53411865234375,646.5414428710938
256,player,323,0,762.4380493164062,469.01800537109375,632.8064575195312,687.0142822265625
256,player,376,-1,567.7640380859375,450.2651062011719,509.85516357421875,539.659912109375
256,player,1,1,928.601318359375,492.3274230957031,744.4637451171875,769.6177978515625
256,player,14,0,519.7640991210938,358.671142578125,530.5911865234375,253.30372619628906
256,player,5,0,1131.446533203125,563.4542236328125,805.922119140625,959.9295654296875
256,player,265,1,700.4413452148438,448.25762939453125,605.14306640625,601.8223876953125
256,player,6,0,456.34234619140625,484.9918212890625,407.52764892578125,644.788818359375
256,player,344,-1,436.2598876953125,454.602294921875,399.7774963378906,519.9198608398438
257,player,323,0,760.6668701171875,467.7388916015625,635.312744140625,682.7240600585938
257,player,1,1,927.5670166015625,493.08331298828125,742.771240234375,771.5150146484375
257,player,14,0,519.4208984375,359.9128112792969,529.7911376953125,256.2083740234375
257,player,6,0,455.0410461425781,477.7297668457031,405.04315185546875,637.0863037109375
257,player,376,-1,570.02294921875,447.60247802734375,508.81561279296875,550.950927734375
257,player,5,0,1129.6605224609375,564.4772338867188,805.689208984375,958.8697509765625
257,player,265,1,697.4368896484375,458.80450439453125,602.9732666015625,613.704345703125
257,player,319,0,592.5047607421875,409.8193359375,518.6461791992188,531.9629516601562
258,player,1,1,926.8250732421875,489.91064453125,742.6007690429688,770.2267456054688
258,player,323,0,760.9737548828125,467.2594909667969,637.1704711914062,679.5435791015625
258,player,265,1,696.730224609375,460.78375244140625,600.8082885742188,623.1669921875
258,player,14,0,518.8126220703125,359.8365783691406,529.08984375,257.9169921875
258,player,6,0,455.90594482421875,484.3594055175781,402.639404296875,638.0498657226562
258,player,319,0,594.3912353515625,410.6330871582031,531.08349609375,509.5454406738281
258,player,5,0,1126.9530029296875,565.9093627929688,804.4429321289062,958.8272094726562
258,player,344,1,427.0837097167969,454.3058166503906,395.9967346191406,531.3280029296875
258,player,376,-1,577.0775146484375,436.7820129394531,512.7247924804688,548.1513671875
259,player,265,1,698.463623046875,462.2245178222656,599.4620971679688,630.7782592773438
259,player,1,1,927.038330078125,485.7397766113281,744.0308227539062,766.1326293945312
259,player,6,0,456.1911315917969,488.8329772949219,400.47674560546875,642.6009521484375
259,player,323,0,762.9642333984375,466.977294921875,638.9950561523438,677.4057006835938
259,player,14,0,517.801513671875,359.71075439453125,528.332275390625,258.7305603027344
259,player,376,1,583.3525390625,417.9755554199219,521.9251708984375,527.0926513671875
259,player,5,0,1123.89111328125,567.4714965820312,802.419677734375,959.4937744140625
260,player,6,0,455.4500732421875,489.6748962402344,398.7509460449219,646.222412109375
260,player,265,1,700.1256103515625,461.18804931640625,599.3300170898438,634.9378662109375
260,player,1,1,926.9783935546875,484.1582336425781,745.514404296875,762.21240234375
260,player,323,0,764.4037475585938,464.03118896484375,641.4786376953125,673.5523681640625
260,player,14,0,517.56689453125,360.888427734375,527.4150390625,260.89788818359375
260,player,319,0,595.6429443359375,410.4772033691406,539.5870361328125,494.9266662597656
260,player,5,0,1122.26806640625,568.664306640625,800.340087890625,960.505859375
261,player,265,1,702.604736328125,459.9432678222656,600.2709350585938,636.7354736328125
261,player,323,0,765.336669921875,461.58856201171875,644.109130859375,668.9619750976562
261,player,142,1,455.91424560546875,440.8739318847656,375.05487060546875,509.7198486328125
261,player,1,1,926.6334228515625,482.9382629394531,746.8316650390625,758.6630249023438
261,player,14,0,517.0576782226562,361.1831970214844,526.5623779296875,262.66278076171875
261,player,319,0,596.5337524414062,407.503662109375,546.2320556640625,482.153076171875
261,player,5,0,1121.998046875,568.0728149414062,799.12890625,960.8004150390625
261,player,389,-1,518.9611206054688,325.5722351074219,559.2626342773438,110.88982391357422
262,player,265,1,705.1593017578125,460.1868591308594,601.504638671875,638.3560791015625
262,player,1,1,926.2734375,483.995849609375,747.2132568359375,757.16845703125
262,player,142,1,457.38531494140625,431.8620300292969,392.3699645996094,504.6048278808594
262,player,323,0,766.1607055664062,461.8862609863281,645.9467163085938,666.3173828125
262,player,14,0,516.0206298828125,362.4454345703125,525.2945556640625,265.4630126953125
262,player,319,0,597.1566772460938,405.84344482421875,551.2191772460938,472.0196533203125
262,player,5,0,1121.3802490234375,565.6069946289062,799.043212890625,959.5067138671875
263,player,265,1,707.068359375,460.12371826171875,602.8417358398438,639.5244750976562
263,player,1,1,925.8834228515625,483.60614013671875,747.5021362304688,755.853759765625
263,player,14,0,515.6890869140625,365.0569152832031,523.607666015625,270.88427734375
263,player,142,1,465.43023681640625,427.09796142578125,406.87506103515625,496.95501708984375
263,player,323,0,767.1099853515625,460.6702880859375,647.7809448242188,663.59814453125
263,player,319,0,600.46826171875,406.2950134277344,555.3302612304688,466.29119873046875
263,player,6,0,444.48486328125,483.0733947753906,395.718994140625,641.8558349609375
263,player,5,0,1120.226806640625,564.3556518554688,799.1583251953125,957.84765625
264,player,265,1,708.2338256835938,459.7933349609375,604.1221923828125,640.0890502929688
264,player,14,0,515.7448120117188,363.9532165527344,522.8466186523438,272.88140869140625
264,player,1,1,925.5037231445312,482.2723693847656,748.0753173828125,753.9017944335938
264,player,142,1,476.3741149902344,426.91644287109375,419.5467834472656,492.8709716796875
264,player,6,0,436.947021484375,483.2704162597656,391.7210388183594,638.5316772460938
264,player,319,0,602.5106201171875,408.2532043457031,558.0481567382812,465.00494384765625
264,player,323,0,769.3990478515625,460.20147705078125,649.739013671875,661.61669921875
264,player,5,0,1118.99755859375,562.9216918945312,799.4503784179688,955.8345947265625
265,player,1,1,923.6793212890625,478.7525329589844,749.2613525390625,749.6422119140625
265,player,14,0,515.1038818359375,363.0040588378906,522.412353515625,272.7805480957031
265,player,319,0,604.8240966796875,411.11346435546875,559.6806030273438,467.62567138671875
265,player,323,0,770.5794067382812,459.450439453125,651.5699462890625,659.761474609375
265,player,6,0,430.7515869140625,480.3982238769531,387.88653564453125,633.2684936523438
265,player,265,1,709.02294921875,456.8099060058594,606.0386962890625,637.8014526367188
265,player,5,0,1118.1785888671875,563.4946899414062,799.2609252929688,954.80615234375
265,player,142,1,475.08416748046875,429.27178955078125,426.93914794921875,492.6250915527344
266,player,1,1,921.4691162109375,479.1393127441406,749.3204345703125,746.998046875
266,player,323,0,773.67919921875,460.2403259277344,653.3429565429688,659.5421752929688
266,player,14,0,515.7103271484375,361.97882080078125,522.6289672851562,271.3486022949219
266,player,6,0,425.47601318359375,477.76263427734375,384.35821533203125,627.0078125
266,player,5,0,1117.4166259765625,565.8218994140625,798.17431640625,955.4531860351562
266,player,319,0,607.0936889648438,414.3012390136719,560.502197265625,473.103515625
266,player,265,1,711.962890625,454.4812927246094,608.7744140625,634.4349365234375
266,player,142,1,480.8161315917969,429.26019287109375,433.41839599609375,493.0177001953125
267,player,6,0,419.18414306640625,476.32421875,380.5782165527344,621.0731201171875
267,player,323,0,776.4191284179688,462.7750549316406,654.42138671875,661.9015502929688
267,player,1,1,920.3751220703125,481.00244140625,748.399658203125,746.6905517578125
267,player,14,0,514.70947265625,361.6688232421875,522.525634765625,269.865234375
267,player,5,0,1116.6240234375,565.7406616210938,797.3193359375,955.7694702148438
267,player,265,1,715.2432861328125,452.68572998046875,611.9880981445312,630.879638671875
267,player,319,0,609.8695068359375,415.4371032714844,561.5347900390625,478.19561767578125
268,player,323,0,778.0368041992188,467.4280090332031,654.0808715820312,667.666015625
268,player,1,1,919.393310546875,481.0654602050781,747.5257568359375,746.4578857421875
268,player,6,0,413.86480712890625,476.97979736328125,376.6020202636719,617.339111328125
268,player,5,0,1115.099365234375,564.5609741210938,796.8251953125,955.172119140625
268,player,14,0,513.3133544921875,362.1485290527344,521.8538818359375,269.4124450683594
268,player,405,-1,425.15704345703125,390.5332946777344,419.2060241699219,348.3715515136719
268,player,265,1,719.3049926757812,452.2756652832031,615.3151245117188,628.559326171875
268,player,319,0,613.1173095703125,415.1053161621094,563.264404296875,481.46826171875
269,player,1,1,918.4646606445312,481.0909118652344,746.709716796875,746.2481079101562
269,player,323,0,780.5028076171875,470.6651306152344,653.499755859375,674.4324951171875
269,player,14,0,512.4822998046875,362.0565185546875,521.16650390625,268.89190673828125
269,player,5,0,1113.326416015625,561.3579711914062,797.2022705078125,952.759521484375
269,player,319,0,617.0426635742188,412.87835693359375,566.2036743164062,481.5341491699219
269,player,376,1,628.52392578125,412.8745422363281,542.7513427734375,512.3490600585938
269,player,406,-1,736.37548828125,452.7935791015625,634.4080810546875,630.096435546875
269,player,142,1,491.14324951171875,428.8077087402344,440.73358154296875,493.80609130859375
269,player,341,1,436.648681640625,442.9677429199219,381.6178894042969,518.1820678710938
269,player,405,-1,426.1417541503906,426.3262634277344,412.9141845703125,390.657470703125
270,player,1,1,917.298095703125,484.9154357910156,744.5089721679688,749.0718994140625
270,player,407,-1,431.9178161621094,442.4519348144531,398.2779846191406,519.7255249023438
270,player,323,0,783.1171875,463.2554626464844,656.1646728515625,672.60302734375
270,player,319,0,617.1456909179688,412.6589660644531,568.2092895507812,481.34417724609375
270,player,14,0,512.6232299804688,362.49298095703125,520.64111328125,269.1827697753906
270,player,6,0,393.07843017578125,479.6197509765625,368.0993957519531,615.4632568359375
270,player,5,0,1111.498046875,560.5584106445312,797.3121337890625,950.5828247070312
270,player,376,1,629.4078979492188,412.5158996582031,556.6593017578125,502.4586181640625
270,player,406,-1,739.5115966796875,451.9501037597656,635.53076171875,629.6011962890625
270,player,142,1,491.66534423828125,424.9559326171875,446.442626953125,490.2171325683594
271,player,1,1,916.4864501953125,490.6348876953125,740.8572998046875,755.3403930664062
271,player,407,-1,430.02410888671875,447.6988220214844,396.888671875,524.8909301757812
271,player,323,0,785.720703125,459.93145751953125,659.673583984375,668.6947021484375
271,player,319,0,616.5107421875,413.83343505859375,568.9797973632812,482.4561767578125
271,player,6,0,391.7320556640625,482.9440612792969,361.8004150390625,617.1173095703125
271,player,5,0,1110.326904296875,557.6520385742188,798.1219482421875,947.3405151367188
271,player,14,0,512.3679809570312,362.8265380859375,520.1188354492188,269.8095703125
271,player,142,1,490.3420104980469,426.09893798828125,449.5263671875,488.99188232421875
271,player,376,1,631.22412109375,413.1861267089844,566.0377197265625,496.95440673828125
272,player,1,1,915.5115966796875,493.9193420410156,737.0994873046875,761.879638671875
272,player,323,0,787.82470703125,460.50128173828125,662.3345947265625,666.8514404296875
272,player,407,-1,430.2290954589844,449.6883239746094,395.7259521484375,530.267822265625
272,player,6,0,379.773193359375,482.3018798828125,354.597412109375,616.5634765625
272,player,5,0,1108.6258544921875,556.2835693359375,798.73876953125,944.2833251953125
272,player,319,0,616.6571044921875,414.19158935546875,569.4195556640625,483.58892822265625
272,player,14,0,511.6903076171875,362.5032958984375,519.646240234375,269.68499755859375
272,player,376,1,634.4573974609375,413.9967956542969,572.8490600585938,494.5961608886719
272,player,142,1,486.9834899902344,427.5705261230469,450.24346923828125,489.45086669921875
273,player,407,-1,433.36669921875,455.07440185546875,394.99713134765625,539.3958129882812
273,player,1,1,914.2147827148438,495.03411865234375,733.9476928710938,766.880615234375
273,player,5,0,1105.972900390625,559.1100463867188,797.5675048828125,943.8070068359375
273,player,6,0,372.705322265625,482.0060729980469,348.06402587890625,615.3138427734375
273,player,323,0,790.5972900390625,465.16217041015625,663.2926025390625,670.017578125
273,player,14,0,510.67010498046875,361.495361328125,519.287841796875,268.0677185058594
273,player,376,1,636.22216796875,413.5549011230469,577.9342041015625,492.7555236816406
273,player,319,0,618.8246459960938,414.385009765625,570.2924194335938,484.75732421875
273,player,142,1,486.4239501953125,428.07586669921875,450.44256591796875,490.2373352050781
274,player,6,0,368.2662353515625,483.35174560546875,342.48089599609375,615.3211669921875
274,player,1,1,913.1754150390625,495.3291931152344,731.5368041992188,770.2719116210938
274,player,5,0,1103.874267578125,563.6525268554688,794.7904663085938,946.0546875
274,player,407,-1,436.24359130859375,457.1861267089844,394.99127197265625,547.6593627929688
274,player,323,0,792.9567260742188,458.88531494140625,666.6013793945312,666.7291259765625
274,player,142,1,488.13836669921875,429.3546447753906,450.8110046386719,492.28778076171875
274,player,14,0,510.33111572265625,361.8399658203125,518.8427734375,267.46221923828125
274,player,376,1,638.098876953125,413.833984375,581.7116088867188,492.0555725097656
274,player,406,-1,741.8746948242188,445.5619201660156,638.9432983398438,623.4942626953125
275,player,6,0,360.6436767578125,482.3175964355469,336.93304443359375,613.7229614257812
275,player,1,1,912.2217407226562,495.6860656738281,729.6082763671875,772.6712646484375
275,player,142,1,485.6624755859375,433.1912536621094,449.55633544921875,497.4488220214844
275,player,5,0,1099.5677490234375,560.9193725585938,792.9462890625,945.579345703125
275,player,323,0,794.4530029296875,449.4725036621094,672.3358154296875,656.156494140625
275,player,14,0,509.3018493652344,361.8758544921875,518.1995849609375,266.99896240234375
275,player,376,1,635.5966796875,412.8760986328125,583.7154541015625,490.29278564453125
275,player,406,-1,743.172119140625,447.07940673828125,641.032470703125,621.0836181640625
275,player,407,-1,439.4381408691406,453.362060546875,396.48834228515625,549.5828857421875
275,player,413,-1,436.1064453125,353.7344970703125,452.4467468261719,207.73056030273438
276,player,1,1,911.3812255859375,495.9703063964844,728.046875,774.3792724609375
276,player,5,0,1096.3502197265625,561.3716430664062,790.8732299804688,945.308349609375
276,player,142,1,484.510009765625,434.91265869140625,448.06549072265625,502.4990234375
276,player,6,0,354.04248046875,481.6520080566406,331.63427734375,611.4990234375
276,player,319,0,629.5501098632812,411.6157531738281,574.875,483.54034423828125
276,player,14,0,508.83746337890625,361.636962890625,517.6947021484375,266.30718994140625
276,player,323,0,795.700439453125,446.1058349609375,677.57177734375,646.261962890625
276,player,406,-1,747.5512084960938,443.20587158203125,644.8626708984375,616.2388305664062
276,player,407,-1,442.3690185546875,445.2287292480469,399.6280212402344,542.9700927734375
277,player,1,1,910.5267944335938,496.8468933105469,726.5198364257812,776.0897216796875
277,player,5,0,1094.22998046875,568.41259765625,786.7044677734375,949.142822265625
277,player,265,1,749.1585693359375,448.0263671875,627.0225219726562,625.82275390625
277,player,323,0,796.70263671875,444.4140319824219,681.8441772460938,638.3323364257812
277,player,6,0,350.0577087402344,481.673095703125,327.1219177246094,609.72021484375
277,player,142,1,486.1898193359375,433.58831787109375,447.84490966796875,504.5555419921875
277,player,319,0,632.569091796875,402.54034423828125,581.565185546875,472.7965087890625
277,player,14,0,508.2055358886719,361.4430847167969,517.2108154296875,265.5103759765625
277,player,407,0,443.24468994140625,439.7743835449219,402.84661865234375,533.1582641601562
277,player,413,-1,437.153076171875,351.421142578125,453.36639404296875,204.40423583984375
278,player,6,0,347.34796142578125,480.3604431152344,323.59930419921875,607.1304931640625
278,player,323,0,800.728759765625,443.7408752441406,685.973388671875,632.916748046875
278,player,1,1,909.768310546875,498.03729248046875,724.934814453125,778.046875
278,player,5,0,1093.0751953125,574.3788452148438,781.791259765625,955.013671875
278,player,319,0,635.174560546875,399.6347351074219,587.6312255859375,462.72039794921875
278,player,409,-1,467.34136962890625,437.71343994140625,429.6385803222656,515.470458984375
278,player,14,0,507.86761474609375,362.0186767578125,516.6192626953125,265.7638244628906
278,player,406,-1,759.2203369140625,423.4127197265625,657.4635620117188,594.54345703125
278,player,413,-1,437.022216796875,352.18963623046875,453.7320556640625,203.37716674804688
279,player,323,0,806.4249267578125,444.51123046875,689.9600219726562,630.6519775390625
279,player,6,0,345.347900390625,479.3943176269531,320.872314453125,604.3870849609375
279,player,1,1,909.4305419921875,498.8392333984375,723.550048828125,779.90087890625
279,player,5,0,1091.77734375,577.0858764648438,777.4411010742188,960.2886962890625
279,player,409,-1,467.25079345703125,438.20623779296875,429.5207214355469,515.9735107421875
279,player,319,0,638.1875,402.9184265136719,591.4411010742188,460.28125
279,player,14,0,507.9761962890625,361.87451171875,516.3120727539062,265.73834228515625
279,player,406,-1,762.4844970703125,425.8423156738281,665.7206420898438,583.2498168945312
279,player,413,-1,435.89398193359375,352.7837829589844,453.4385986328125,203.4605712890625
280,player,323,0,809.9970703125,443.38922119140625,693.941162109375,628.4541625976562
280,player,5,0,1090.34423828125,576.9312133789062,774.3489379882812,963.528564453125
280,player,6,0,343.5222473144531,478.9715270996094,318.65234375,602.0543212890625
280,player,1,1,908.4923095703125,499.17999267578125,722.3010864257812,781.2874755859375
280,player,14,0,507.5292663574219,361.3981018066406,516.098876953125,264.9980773925781
280,player,409,-1,472.583740234375,437.23089599609375,431.1591491699219,515.802734375
280,player,319,0,642.1202392578125,404.1647033691406,594.710693359375,460.529541015625
280,player,413,-1,435.2919616699219,353.5495300292969,452.85711669921875,204.58230590820312
281,player,323,0,814.498291015625,442.3067626953125,698.1676025390625,626.4210815429688
281,player,5,0,1089.564697265625,577.6345825195312,771.9432983398438,965.98095703125
281,player,1,1,907.775634765625,499.2221984863281,721.2960815429688,782.1620483398438
281,player,6,0,340.57470703125,480.1522521972656,316.2978515625,601.3565063476562
281,player,14,0,507.5201110839844,361.8088684082031,515.8402099609375,265.09490966796875
281,player,319,0,645.1507568359375,405.7629699707031,597.2406005859375,462.821044921875
281,player,142,1,486.830322265625,433.9529724121094,447.813720703125,506.337890625
281,player,413,-1,434.4756164550781,354.9199523925781,451.872314453125,207.244140625
282,player,323,0,820.4674072265625,441.9488830566406,702.701416015625,625.3169555664062
282,player,1,1,906.855712890625,498.8611145019531,720.533935546875,782.3809204101562
282,player,5,0,1087.61279296875,577.8232421875,769.8920288085938,967.5455932617188
282,player,6,0,335.38018798828125,479.20440673828125,313.4656677246094,599.5733642578125
282,player,14,0,507.544921875,363.1957702636719,515.286865234375,267.1081237792969
282,player,319,0,647.7569580078125,406.2480163574219,599.5148315429688,465.12750244140625
282,player,142,1,483.3560791015625,434.1700744628906,446.7467041015625,507.3861083984375
282,player,409,-1,460.4041748046875,439.6419982910156,428.2822265625,517.0159301757812
282,player,413,-1,434.261962890625,355.51580810546875,451.01763916015625,209.82785034179688
282,player,406,1,776.38525390625,428.2230224609375,674.20947265625,579.66796875
283,player,323,0,826.6419067382812,441.3492431640625,707.5831298828125,624.60693359375
283,player,6,0,329.5755615234375,476.87371826171875,310.2864074707031,595.7474365234375
283,player,1,1,906.808837890625,496.85467529296875,720.7014770507812,780.990234375
283,player,319,0,652.2750854492188,414.77020263671875,599.650390625,476.5514221191406
283,player,5,0,1085.1947021484375,578.8067626953125,767.7171630859375,968.952880859375
283,player,14,0,508.3021240234375,362.86151123046875,515.2741088867188,268.03662109375
283,player,409,-1,464.74847412109375,438.8824768066406,427.7959899902344,517.4375
283,player,406,1,778.5316772460938,434.47100830078125,678.0938720703125,583.7632446289062
283,player,265,1,765.065673828125,449.8166809082031,638.4279174804688,627.1861572265625
284,player,323,0,830.838134765625,440.0387878417969,712.4107055664062,623.29296875
284,player,14,0,508.0555419921875,362.7931213378906,515.2030029296875,268.51556396484375
284,player,1,1,906.9031982421875,495.3570251464844,721.3406372070312,778.9459228515625
284,player,319,0,657.1390991210938,418.62738037109375,599.9732666015625,488.63946533203125
284,player,409,-1,467.841796875,438.9205627441406,428.359619140625,518.0491943359375
284,player,5,0,1082.700439453125,578.0764770507812,765.989013671875,969.2771606445312
284,player,6,0,326.7821960449219,469.0145568847656,308.22137451171875,585.6222534179688
284,player,265,1,766.1161499023438,445.00048828125,647.7301635742188,623.6456909179688
284,player,413,0,432.28741455078125,356.0555419921875,449.66180419921875,212.06561279296875
285,player,323,0,833.9267578125,437.3982238769531,717.40576171875,620.2042236328125
285,player,319,0,661.4195556640625,419.02044677734375,601.3167114257812,497.3444519042969
285,player,14,0,508.00799560546875,362.61016845703125,515.19287109375,268.564697265625
285,player,265,1,766.9047241210938,446.06414794921875,653.6388549804688,622.4234619140625
285,player,1,1,906.1946411132812,495.793701171875,721.4300537109375,777.8939208984375
285,player,5,0,1079.464111328125,574.9525756835938,765.1478271484375,967.47119140625
285,player,409,-1,467.35003662109375,439.2903137207031,428.51641845703125,518.78173828125
285,player,6,0,323.844482421875,465.2103271484375,306.44219970703125,575.1188354492188
285,player,413,0,433.05804443359375,355.87030029296875,449.08660888671875,213.33978271484375
286,player,323,0,836.3115844726562,436.9669189453125,721.4835205078125,618.0064697265625
286,player,1,1,905.9830322265625,496.3064880371094,721.26171875,777.5859375
286,player,6,0,318.78985595703125,459.5145568847656,304.4368591308594,562.2539672851562
286,player,14,0,508.2913513183594,362.3157653808594,515.364501953125,268.21630859375
286,player,409,1,466.59100341796875,437.9602355957031,428.6476745605469,517.8067016601562
286,player,319,0,665.49267578125,418.4400634765625,603.56640625,502.7862548828125
286,player,5,0,1077.016845703125,573.7601928710938,764.4423828125,965.4368896484375
286,player,265,1,770.3579711914062,447.4648742675781,657.9647216796875,623.2666015625
287,player,323,0,835.32470703125,433.45001220703125,725.2073974609375,613.080322265625
287,player,1,1,905.8658447265625,495.502197265625,721.394775390625,776.7589111328125
287,player,14,0,508.6480712890625,361.84710693359375,515.7286376953125,267.372314453125
287,player,409,1,464.67236328125,437.77294921875,428.21661376953125,516.7927856445312
287,player,5,0,1076.181884765625,572.7216186523438,764.13134765625,963.4542846679688
287,player,319,0,669.4208984375,419.1293029785156,605.9630737304688,507.4522705078125
287,player,6,0,314.83209228515625,453.54217529296875,302.6024169921875,547.5474853515625
287,player,265,1,773.2701416015625,440.4826354980469,663.9544677734375,617.4522705078125
288,player,323,0,837.2826538085938,431.363037109375,728.990478515625,608.0230712890625
288,player,319,0,673.2467041015625,418.8423767089844,608.7328491210938,510.55902099609375
288,player,409,1,463.87945556640625,437.5693664550781,427.7462158203125,515.84521484375
288,player,1,1,905.3131103515625,494.9627380371094,721.5250244140625,775.7607421875
288,player,5,0,1074.91064453125,572.6244506835938,763.6795654296875,962.0192260742188
288,player,14,0,508.48675537109375,363.037353515625,515.5728149414062,268.4761962890625
288,player,6,0,311.49530029296875,451.0689392089844,300.7052001953125,535.1578369140625
288,player,265,1,774.1578369140625,434.0436706542969,670.3445434570312,607.486083984375
288,player,413,0,434.28973388671875,355.77728271484375,449.1543884277344,214.17837524414062
289,player,323,0,838.574462890625,431.04754638671875,731.9378662109375,604.5491943359375
289,player,5,0,1072.747314453125,573.6941528320312,762.56787109375,961.5531005859375
289,player,409,1,462.0578918457031,438.99365234375,426.6557922363281,516.5321655273438
289,player,1,1,905.257568359375,494.6146240234375,721.7137451171875,774.8392333984375
289,player,319,0,677.453125,416.85137939453125,612.4070434570312,510.862060546875
289,player,14,0,507.44171142578125,362.4673767089844,515.2849731445312,268.27264404296875
289,player,6,0,307.34912109375,451.4584045410156,298.2596435546875,527.109130859375
289,player,265,1,775.4292602539062,433.0444030761719,675.2119140625,600.1425170898438
289,player,413,0,434.68389892578125,355.95831298828125,449.289794921875,215.03689575195312
290,player,5,0,1070.8070068359375,574.4146118164062,761.1893310546875,961.529541015625
290,player,409,1,460.16827392578125,439.3645324707031,425.33782958984375,517.180419921875
290,player,319,0,682.042236328125,415.93048095703125,616.4452514648438,510.52545166015625
290,player,323,0,838.972412109375,431.6153259277344,733.7440185546875,602.886474609375
290,player,1,1,905.188232421875,494.4770812988281,721.8656005859375,774.12841796875
290,player,14,0,508.0230407714844,362.0989685058594,515.396484375,267.6903991699219
290,player,265,1,782.0880126953125,437.0745544433594,678.8236694335938,599.9549560546875
290,player,6,0,304.3786315917969,450.6354675292969,295.90411376953125,520.7534790039062
290,player,413,0,433.64459228515625,356.22296142578125,448.9613342285156,215.85968017578125
291,player,319,0,686.473876953125,418.4178771972656,619.55859375,513.4187622070312
291,player,5,0,1069.8499755859375,573.6765747070312,760.3159790039062,961.0198364257812
291,player,409,1,458.4989013671875,439.23065185546875,424.0269775390625,517.3023071289062
291,player,323,0,840.9793090820312,431.65362548828125,735.4697265625,602.0344848632812
291,player,14,0,508.0189208984375,362.1148376464844,515.4630737304688,267.3337707519531
291,player,6,0,300.354248046875,449.0699462890625,293.372314453125,514.6289672851562
291,player,1,1,906.1344604492188,495.3983459472656,721.8900146484375,774.4539794921875
291,player,265,1,790.4978637695312,437.6890869140625,683.3120727539062,601.2236938476562
292,player,409,1,458.04351806640625,438.96868896484375,423.0916748046875,517.066162109375
292,player,319,0,690.408203125,421.233154296875,621.8142700195312,518.6771850585938
292,player,5,0,1068.9305419921875,574.17724609375,759.38720703125,960.9131469726562
292,player,323,0,842.8705444335938,431.1899719238281,737.3076171875,601.2062377929688
292,player,14,0,507.6309814453125,365.29931640625,514.4779663085938,271.5041198730469
292,player,6,0,296.36151123046875,449.6124267578125,290.541015625,510.8267822265625
292,player,406,1,815.4711303710938,435.6112976074219,690.6019897460938,591.043212890625
292,player,1,1,906.514404296875,496.4189758300781,721.6561279296875,775.47998046875
292,player,265,1,797.0020751953125,435.8668212890625,688.7111206054688,600.89306640625
293,player,319,0,692.1992797851562,421.6293640136719,623.6729736328125,522.6895751953125
293,player,323,0,844.315673828125,431.7308654785156,738.6973876953125,601.3357543945312
293,player,5,0,1067.94970703125,575.1287231445312,758.2673950195312,961.323974609375
293,player,409,1,457.61444091796875,438.1626892089844,422.50628662109375,516.0343627929688
293,player,6,0,291.0176086425781,452.181396484375,286.959716796875,510.484130859375
293,player,14,0,507.8988037109375,365.56195068359375,513.852783203125,274.6098327636719
293,player,1,1,904.7651977539062,497.2048034667969,720.800537109375,776.6038208007812
293,player,413,0,433.724609375,356.0720520019531,448.81072998046875,216.18231201171875
293,player,265,1,799.2996215820312,432.5054931640625,694.0980224609375,597.6026611328125
294,player,319,0,692.4652099609375,423.7063903808594,624.28466796875,527.5018920898438
294,player,6,0,284.79864501953125,454.4466247558594,282.6845703125,511.9801330566406
294,player,5,0,1066.9775390625,574.7015991210938,757.4599609375,961.2759399414062
294,player,14,0,507.7308349609375,365.4634094238281,513.4183959960938,276.47259521484375
294,player,409,1,457.7517395019531,437.3457336425781,422.31341552734375,514.526123046875
294,player,1,1,900.8636474609375,498.6283264160156,718.7911376953125,778.0988159179688
294,player,265,1,798.6869506835938,433.9406433105469,696.89892578125,596.8167724609375
294,player,413,0,433.1629638671875,355.6961975097656,448.61029052734375,215.7718963623047
294,player,437,-1,792.7913818359375,433.70208740234375,697.5965576171875,593.0856323242188
295,player,323,0,850.492431640625,429.97442626953125,742.0425415039062,600.28515625
295,player,319,0,692.3701171875,423.8192138671875,624.6182861328125,530.7384033203125
295,player,5,0,1066.4588623046875,575.7093505859375,756.5042114257812,961.789306640625
295,player,14,0,507.48809814453125,362.7779541015625,513.81201171875,273.9115905761719
295,player,409,1,456.975830078125,434.9056701660156,422.4090270996094,510.91290283203125
295,player,1,1,900.1648559570312,499.0286560058594,717.1771240234375,779.3176879882812
295,player,265,1,797.9541015625,433.44049072265625,698.696044921875,595.7451782226562
295,player,6,0,276.9442138671875,456.509765625,277.52923583984375,514.3002319335938
295,player,413,0,435.22137451171875,357.130859375,448.84136962890625,217.856201171875
296,player,319,0,692.3427734375,421.254638671875,625.6595458984375,530.148681640625
296,player,14,0,507.31121826171875,361.1685791015625,514.46630859375,269.96112060546875
296,player,5,0,1065.161865234375,578.0244140625,754.8746948242188,963.360595703125
296,player,6,0,271.7342834472656,457.15118408203125,272.66455078125,515.965576171875
296,player,1,1,901.0593872070312,499.7471618652344,716.1129760742188,780.7288818359375
296,player,413,0,429.1637268066406,356.5264892578125,447.07366943359375,217.60296630859375
296,player,265,1,800.4208374023438,430.7212219238281,701.566650390625,592.5986938476562
296,player,409,1,454.8792724609375,432.0761413574219,422.3822021484375,505.36260986328125
297,player,319,0,692.1729125976562,419.9328918457031,626.718994140625,528.3511962890625
297,player,5,0,1063.4798583984375,578.4339599609375,753.3196411132812,964.4981689453125
297,player,14,0,506.08380126953125,361.76385498046875,514.31201171875,268.08966064453125
297,player,6,0,267.93658447265625,457.0614013671875,268.4408264160156,516.6010131835938
297,player,1,1,900.354736328125,500.9485778808594,714.847900390625,782.49755859375
297,player,409,1,454.59722900390625,429.13671875,422.8255615234375,498.57830810546875
297,player,413,0,425.0740966796875,355.8358154296875,444.69122314453125,215.93328857421875
297,player,265,1,800.9508056640625,427.6959228515625,704.7154541015625,587.5847778320312
297,player,323,0,857.048095703125,430.6397399902344,745.803955078125,600.8816528320312
298,player,5,0,1061.72412109375,578.7279663085938,751.8331298828125,965.2824096679688
298,player,319,0,692.357177734375,420.3851013183594,627.3132934570312,527.6799926757812
298,player,14,0,505.4122314453125,362.3057556152344,513.8341674804688,267.5576171875
298,player,6,0,264.6625061035156,456.4872741699219,264.8143310546875,516.12646484375
298,player,1,1,901.0535888671875,501.1951599121094,714.1183471679688,783.8905029296875
298,player,413,0,423.75177001953125,355.80340576171875,442.6991882324219,214.64193725585938
298,player,409,1,458.9412536621094,424.53662109375,425.2563781738281,489.60137939453125
298,player,323,0,859.457275390625,430.8412780761719,748.84814453125,601.696533203125
298,player,406,1,814.6705322265625,425.3890380859375,702.3896484375,585.5772094726562
299,player,319,0,692.2579345703125,421.6526184082031,627.2568969726562,528.5716552734375
299,player,5,0,1060.315185546875,577.9607543945312,750.795654296875,965.25439453125
299,player,6,0,259.49029541015625,456.5079650878906,260.9984130859375,515.3523559570312
299,player,1,1,901.4698486328125,500.44439697265625,713.9961547851562,784.2628173828125
299,player,409,1,462.1549072265625,420.4480285644531,428.58056640625,479.57354736328125
299,player,14,0,505.50604248046875,361.2535400390625,513.852783203125,265.7398376464844
299,player,413,0,420.2236328125,355.4906311035156,440.27178955078125,212.9181671142578
299,player,437,-1,796.6106567382812,421.24920654296875,703.3392944335938,580.9234008789062
299,ball,-1,-1,850.8001708984375,399.2559814453125,1132.0966796875,252.52578735351562
300,player,319,0,691.744140625,422.4457092285156,626.8130493164062,529.934326171875
300,player,1,1,901.8095703125,499.64569091796875,714.266357421875,783.927734375
300,player,5,0,1059.7996826171875,579.5910034179688,749.5047607421875,966.1316528320312
300,player,14,0,505.3443603515625,362.8028869628906,513.372802734375,266.72052001953125
300,player,409,1,462.41973876953125,419.01849365234375,431.10186767578125,471.4869384765625
300,player,6,0,255.8476104736328,454.9034423828125,257.59674072265625,512.8759155273438
300,player,437,-1,797.9182739257812,422.40045166015625,707.0082397460938,574.3290405273438
300,player,452,-1,281.02874755859375,453.13983154296875,271.9996337890625,509.9410400390625
300,player,413,0,419.0921936035156,355.3854064941406,438.3315124511719,211.50648498535156
301,player,319,0,690.4747314453125,422.17022705078125,626.244873046875,530.4056396484375
301,player,409,1,444.6971435546875,418.8417053222656,427.49090576171875,464.23870849609375
301,player,5,0,1059.1810302734375,580.6094360351562,748.2171630859375,967.2383422851562
301,player,14,0,505.58831787109375,365.61480712890625,512.3543090820312,271.3066101074219
301,player,1,1,901.8375244140625,498.8603210449219,714.710205078125,783.1158447265625
301,player,6,0,254.0235595703125,453.4206848144531,254.96636962890625,509.5779113769531
301,player,452,-1,281.8777160644531,452.150390625,272.3192138671875,509.00994873046875
301,player,437,-1,798.92626953125,423.28021240234375,709.3469848632812,571.0414428710938
302,player,319,0,689.460693359375,423.45245361328125,625.1669921875,531.956787109375
302,player,409,1,436.82684326171875,417.72509765625,422.999267578125,457.4696044921875
302,player,5,0,1056.2291259765625,580.9854736328125,746.6202392578125,967.965087890625
302,player,6,0,252.20945739746094,453.4200134277344,252.74227905273438,507.26153564453125
302,player,14,0,506.26776123046875,365.1835632324219,512.0377197265625,273.7681579589844
302,player,1,1,899.9967041015625,497.5506591796875,714.9745483398438,781.4385375976562
302,player,437,-1,799.6910400390625,423.15850830078125,711.1337280273438,568.8546752929688
302,player,323,0,881.5450439453125,489.289306640625,735.26953125,655.568603515625
302,player,452,-1,280.3369445800781,452.4192199707031,272.068603515625,508.5338134765625
302,player,406,1,820.68701171875,418.35784912109375,714.5565795898438,575.4195556640625
302,ball,-1,-1,871.4840087890625,396.26361083984375,1132.0966796875,252.52578735351562
303,player,409,1,435.891357421875,417.1133117675781,419.9119873046875,452.2816162109375
303,player,319,0,689.0518798828125,425.954833984375,623.5469970703125,535.5302124023438
303,player,6,0,250.83560180664062,453.082275390625,250.928466796875,505.2789611816406
303,player,5,0,1053.8458251953125,579.101806640625,745.6378173828125,967.1971435546875
303,player,437,-1,800.5159912109375,422.826171875,712.6597900390625,567.1739501953125
303,player,14,0,506.86358642578125,365.11785888671875,512.0479125976562,275.3459167480469
303,player,1,1,897.2908935546875,496.0782165527344,714.959228515625,778.9969482421875
303,player,413,0,422.2233581542969,362.9802551269531,436.43524169921875,222.00225830078125
303,player,452,-1,279.5277404785156,451.9825744628906,271.7107849121094,507.7003173828125
303,player,406,1,812.0663452148438,419.147705078125,719.6524658203125,568.7870483398438
304,player,319,0,688.5753173828125,429.1786804199219,621.3368530273438,541.1262817382812
304,player,409,1,436.4678649902344,417.1331481933594,418.0743408203125,448.9906005859375
304,player,6,0,249.69033813476562,452.3423767089844,249.47117614746094,503.12030029296875
304,player,5,0,1052.8248291015625,578.1403198242188,745.0706787109375,966.0758056640625
304,player,413,0,421.052978515625,383.57513427734375,430.4832763671875,256.827392578125
304,player,1,1,894.2387084960938,494.9917297363281,714.5447387695312,776.3209228515625
304,player,14,0,507.3414306640625,367.51629638671875,511.5442199707031,279.7381896972656
304,player,437,-1,802.2051391601562,423.14422607421875,714.015869140625,566.5712890625
304,player,449,-1,831.7314453125,422.8726501464844,741.087158203125,572.8775024414062
305,player,319,0,688.4475708007812,428.2725524902344,620.1488037109375,543.8223266601562
305,player,5,0,1052.31787109375,579.9639282226562,744.0323486328125,966.3543701171875
305,player,409,1,439.82415771484375,416.8832092285156,417.93182373046875,446.90966796875
305,player,6,0,248.52130126953125,452.14337158203125,248.2041473388672,501.40087890625
305,player,1,1,894.1749877929688,494.7504577636719,714.3399658203125,774.3899536132812
305,player,449,-1,831.9275512695312,422.0792236328125,741.4616088867188,572.0894775390625
305,player,413,0,420.20843505859375,387.1224060058594,425.63812255859375,283.9700927734375
305,player,14,0,507.57794189453125,368.9975891113281,510.88507080078125,284.64801025390625
305,player,437,1,804.6337280273438,422.6217956542969,715.79736328125,565.8824462890625
305,player,470,-1,414.3697509765625,359.1427001953125,427.7537536621094,223.031982421875
305,ball,-1,-1,285.0799560546875,347.67578125,1132.0966796875,252.52578735351562
306,player,319,0,688.27490234375,429.1990051269531,619.035400390625,546.5078125
306,player,5,0,1051.0986328125,580.415283203125,742.9530639648438,966.7073364257812
306,player,1,1,895.6815185546875,496.12689208984375,714.1260375976562,774.31982421875
306,player,6,0,247.1533203125,451.5929260253906,247.0257110595703,499.58465576171875
306,player,406,1,812.5692138671875,421.95159912109375,722.0072021484375,567.4114990234375
306,player,449,-1,830.1400146484375,421.67919921875,741.351318359375,570.9949951171875
306,player,409,1,440.68463134765625,416.8791809082031,418.0977783203125,445.6401062011719
306,player,14,0,508.1483154296875,364.5078430175781,511.89630126953125,281.7188415527344
306,player,470,-1,412.81201171875,366.352294921875,425.6840515136719,233.18130493164062
306,player,472,-1,464.50128173828125,417.5838928222656,438.3735656738281,452.47235107421875
307,player,319,0,687.9239501953125,428.8346862792969,618.325439453125,547.84619140625
307,player,5,0,1049.8486328125,581.9766235351562,741.5042724609375,967.737060546875
307,player,1,1,895.9953002929688,496.7420349121094,713.8607788085938,774.7723388671875
307,player,406,1,813.6915283203125,422.34503173828125,723.70703125,567.0293579101562
307,player,409,1,438.1278076171875,414.3917236328125,417.90228271484375,441.7181396484375
307,player,6,0,246.1751708984375,450.6138916015625,246.0416259765625,497.2967834472656
307,player,14,0,506.4021301269531,369.54852294921875,510.5760192871094,286.5517578125
307,player,413,0,424.673095703125,396.94244384765625,421.98541259765625,314.47308349609375
308,player,319,0,687.722900390625,431.208251953125,617.063720703125,551.118408203125
308,player,406,1,813.1995849609375,423.0842590332031,724.3816528320312,567.4873046875
308,player,5,0,1048.4002685546875,583.91943359375,739.66064453125,969.4046630859375
308,player,1,1,895.683349609375,497.1849365234375,713.4627685546875,775.3800659179688
308,player,409,1,434.42181396484375,411.4304504394531,417.2093811035156,435.3726806640625
308,player,479,-1,494.7559814453125,420.0704650878906,462.62017822265625,469.1314392089844
308,player,452,-1,273.14459228515625,450.08367919921875,269.8108215332031,504.5960693359375
308,player,6,0,245.6112518310547,450.21234130859375,245.26580810546875,495.3387451171875
308,player,14,0,508.14276123046875,392.3307800292969,504.3119201660156,319.424072265625
308,ball,-1,-1,278.38134765625,358.2273864746094,1132.0966796875,252.52578735351562
309,player,319,0,687.4039916992188,433.9080505371094,615.3165283203125,555.9426879882812
309,player,479,-1,495.34710693359375,420.22808837890625,462.76141357421875,469.365234375
309,player,406,1,812.3626708984375,424.1824035644531,724.1527709960938,568.8204345703125
309,player,5,0,1046.8035888671875,583.0925903320312,738.3634033203125,969.9102783203125
309,player,1,1,892.56591796875,498.3160400390625,712.048095703125,776.3829956054688
309,player,409,1,431.3509216308594,407.5430908203125,416.55377197265625,426.3808288574219
309,player,452,-1,272.2331848144531,450.9093017578125,268.2537536621094,503.3438720703125
309,player,6,0,245.16339111328125,450.0559387207031,244.64329528808594,493.860595703125
309,ball,-1,-1,277.86431884765625,361.1308288574219,1132.0966796875,252.52578735351562
310,player,406,1,812.95849609375,423.481689453125,724.447265625,569.0328369140625
310,player,319,0,687.2760620117188,433.13043212890625,614.38427734375,558.2832641601562
310,player,5,0,1045.5345458984375,583.4882202148438,737.1248779296875,970.374267578125
310,player,1,1,892.2129516601562,499.257080078125,710.7303466796875,777.7230224609375
310,player,479,-1,495.3758544921875,416.9773864746094,463.5679016113281,465.90252685546875
310,player,409,1,426.2354431152344,404.858154296875,415.0639343261719,416.814208984375
310,player,487,-1,907.0022583007812,429.82659912109375,794.0266723632812,613.3209838867188
310,player,452,-1,271.8234558105469,453.3682861328125,266.9407958984375,505.01470947265625
310,player,6,0,244.99163818359375,450.9730529785156,244.13357543945312,493.83575439453125
310,player,413,0,424.7960205078125,404.1916809082031,418.2763671875,343.1258850097656
310,ball,-1,-1,278.0411376953125,361.73779296875,1132.0966796875,252.52578735351562
311,player,319,0,686.9134521484375,431.39385986328125,614.212890625,558.0128173828125
311,player,1,1,891.1509399414062,500.1573791503906,709.3131713867188,779.1910400390625
311,player,406,1,814.6467895507812,423.3456726074219,725.1767578125,569.19677734375
311,player,479,-1,496.46319580078125,415.974365234375,464.63677978515625,462.63653564453125
311,player,5,0,1043.766845703125,583.8675537109375,735.8213500976562,970.7672119140625
311,player,6,0,244.7891845703125,452.8639221191406,243.62979125976562,495.753662109375
311,player,409,1,424.652587890625,402.9643249511719,413.9627685546875,408.1588134765625
311,player,487,-1,912.9743041992188,430.9613342285156,795.219970703125,614.9888305664062
311,player,452,1,271.60888671875,455.15313720703125,265.89410400390625,507.89788818359375
311,ball,-1,-1,278.3355407714844,366.2625732421875,1132.0966796875,252.52578735351562
312,player,319,0,686.5120849609375,431.1502685546875,614.0624389648438,557.5509033203125
312,player,5,0,1042.7996826171875,585.3895263671875,734.3094482421875,971.8133544921875
312,player,1,1,889.1806640625,501.0979309082031,707.5934448242188,780.696533203125
312,player,491,-1,899.2901611328125,436.64642333984375,779.6378784179688,629.958740234375
312,player,479,-1,498.51959228515625,415.91412353515625,465.9593811035156,460.65484619140625
312,player,406,1,814.737548828125,425.4911804199219,724.8428955078125,571.4866333007812
312,player,6,0,244.31634521484375,454.18341064453125,243.0887451171875,498.3104248046875
312,player,487,-1,917.7017822265625,433.0094299316406,796.4413452148438,618.491943359375
312,player,492,-1,473.44488525390625,360.3365173339844,483.8900146484375,247.8946533203125
312,player,413,0,419.2392578125,402.517822265625,414.462890625,359.15142822265625
312,ball,-1,-1,278.8961181640625,371.00537109375,1132.0966796875,252.52578735351562
313,player,319,0,685.5610961914062,431.0957336425781,613.7095947265625,557.1034545898438
313,player,5,0,1043.02587890625,588.077392578125,732.5786743164062,974.014892578125
313,player,479,-1,503.1182861328125,412.0397033691406,469.0680236816406,455.44952392578125
313,player,1,1,888.176025390625,501.20623779296875,706.1898803710938,781.6748046875
313,player,491,-1,907.9100952148438,434.7982177734375,782.8140869140625,629.009765625
313,player,449,-1,828.3603515625,425.2467956542969,739.348876953125,573.7279663085938
313,player,6,0,243.70767211914062,454.7701110839844,242.5296630859375,500.51513671875
313,player,492,-1,469.6497802734375,363.9956970214844,481.6760559082031,252.638671875
313,player,413,0,415.96478271484375,402.14263916015625,411.0409851074219,368.76824951171875
313,player,409,1,427.0347900390625,399.6399841308594,414.6142578125,398.7572021484375
313,ball,-1,-1,277.875,372.4835205078125,1132.0966796875,252.52578735351562
314,player,319,0,684.12744140625,431.8878173828125,612.8253173828125,557.4783935546875
314,player,479,-1,506.04351806640625,408.38262939453125,472.8138427734375,448.1673889160156
314,player,470,-1,404.21026611328125,402.1304931640625,414.70037841796875,285.62841796875
314,player,1,1,887.9364013671875,501.5162048339844,705.1171875,782.5255126953125
314,player,5,0,1042.801513671875,590.5955200195312,730.6641235351562,976.83056640625
314,player,406,1,819.362060546875,427.8891906738281,725.0189208984375,575.8295288085938
314,player,491,-1,907.311767578125,434.73541259765625,784.7379760742188,628.2766723632812
314,player,6,0,243.4103240966797,455.5590515136719,242.03536987304688,502.72552490234375
314,player,409,1,437.829833984375,380.10260009765625,422.4262390136719,369.025390625
314,player,492,-1,468.09649658203125,363.0863952636719,479.9495849609375,254.2589111328125
314,ball,-1,-1,276.0694885253906,374.42034912109375,1132.0966796875,252.52578735351562
315,player,470,-1,399.014404296875,402.9708557128906,405.80810546875,320.1876220703125
315,player,1,1,888.2528076171875,500.7203063964844,704.7574462890625,782.501953125
315,player,479,0,508.7901611328125,407.21343994140625,476.35577392578125,442.36346435546875
315,player,319,0,682.4759521484375,432.5172119140625,611.5853271484375,558.2005004882812
315,player,406,1,821.0941162109375,427.8075866699219,725.6581420898438,578.7376098632812
315,player,5,0,1041.33203125,591.7755737304688,728.7579956054688,979.2125244140625
315,player,409,1,444.5591735839844,367.8435363769531,432.4466552734375,333.8462829589844
315,player,491,-1,900.3408203125,435.8028869628906,783.595947265625,628.162109375
315,player,497,-1,427.05963134765625,367.7789611816406,434.5102844238281,262.4753723144531
315,player,492,-1,469.36895751953125,363.7913818359375,479.07305908203125,256.4551086425781
316,player,1,1,886.050048828125,500.4142761230469,704.0733032226562,782.0740966796875
316,player,479,0,511.35614013671875,407.6197509765625,479.3411865234375,439.3281555175781
316,player,319,0,680.035400390625,432.90960693359375,609.9630126953125,558.8319091796875
316,player,406,1,822.0189208984375,426.5144348144531,726.8394165039062,579.4221801757812
316,player,470,-1,393.5089111328125,402.5231018066406,398.401123046875,341.52557373046875
316,player,5,0,1038.995849609375,593.0634765625,726.6419677734375,981.3106689453125
316,player,487,-1,920.8740844726562,435.0850830078125,797.23193359375,623.0484619140625
316,player,409,1,447.3289489746094,366.54791259765625,440.18194580078125,309.49334716796875
316,player,492,-1,470.8102722167969,365.8433837890625,478.4625244140625,260.926513671875
316,ball,-1,-1,275.6282958984375,379.8814697265625,1132.0966796875,252.52578735351562
317,player,1,1,883.5548706054688,501.1929931640625,702.753662109375,782.1820068359375
317,player,319,0,678.4534912109375,434.255615234375,608.0487060546875,560.4476318359375
317,player,479,0,514.5320434570312,407.5775451660156,482.25531005859375,437.63519287109375
317,player,487,-1,922.6278076171875,437.251953125,797.3098754882812,628.2247314453125
317,player,5,0,1036.5845947265625,593.6113891601562,724.5900268554688,982.810791015625
317,player,406,1,822.905029296875,423.2442932128906,729.1435546875,576.6502685546875
317,player,409,1,447.38140869140625,366.8018798828125,445.1676025390625,294.0249328613281
317,player,470,-1,388.96307373046875,400.94903564453125,392.44036865234375,352.9942626953125
317,player,452,1,267.9820861816406,458.63446044921875,263.9405517578125,512.9430541992188
317,player,492,-1,469.6195983886719,364.7856140136719,477.9376220703125,262.21533203125
318,player,319,0,677.5945434570312,435.8273010253906,606.086181640625,562.9920654296875
318,player,1,1,882.6143798828125,501.0069274902344,701.7213745117188,782.0341186523438
318,player,479,0,517.2269287109375,409.093994140625,484.6038513183594,438.5635986328125
318,player,5,0,1035.5184326171875,593.8694458007812,722.952880859375,983.8546752929688
318,player,487,-1,925.06005859375,438.9733581542969,797.3043212890625,633.432373046875
318,player,406,1,824.28955078125,420.96697998046875,731.9439697265625,572.659423828125
318,player,409,1,445.1519775390625,366.06951904296875,447.8389892578125,282.6871337890625
318,player,470,-1,385.35028076171875,400.7175598144531,387.48138427734375,359.781005859375
318,player,452,1,268.3962097167969,459.1161804199219,262.7525634765625,516.74365234375
319,player,1,1,882.862548828125,500.99456787109375,701.1163330078125,781.948974609375
319,player,319,0,678.2040405273438,436.41314697265625,604.8072509765625,565.2893676757812
319,player,5,0,1035.4512939453125,593.3418579101562,722.0264892578125,984.2384033203125
319,player,479,0,521.2847900390625,412.0928039550781,486.6383972167969,443.01141357421875
319,player,409,1,443.5087585449219,364.97686767578125,449.28387451171875,273.5906982421875
319,player,406,1,827.9150390625,418.78857421875,735.687255859375,568.179443359375
319,player,470,1,381.8782653808594,400.8489074707031,383.1571350097656,363.98370361328125
319,player,487,-1,928.11474609375,436.35205078125,799.2659912109375,634.638916015625
319,player,6,0,241.26431274414062,459.267578125,240.89376831054688,507.7158508300781
319,player,452,1,259.906982421875,460.7253723144531,259.4930725097656,520.02880859375
320,player,319,0,679.61474609375,435.181640625,604.7472534179688,565.6859741210938
320,player,479,0,524.61474609375,413.9779357910156,488.51019287109375,448.37432861328125
320,player,1,1,881.0733032226562,501.3970642089844,700.14697265625,782.0520629882812
320,player,5,0,1035.31494140625,592.7247924804688,721.5732421875,984.1385498046875
320,player,409,1,443.64837646484375,363.05364990234375,450.72216796875,264.97247314453125
320,player,406,1,831.5108032226562,418.89544677734375,739.11767578125,565.7310791015625
320,player,470,1,378.7350158691406,400.7478332519531,379.3851623535156,366.25677490234375
320,player,6,0,241.1424560546875,460.9399108886719,240.022216796875,512.625244140625
320,player,487,0,929.2822265625,433.6494445800781,802.0335693359375,632.968505859375
321,player,319,0,679.9736328125,433.74774169921875,605.2452392578125,564.5372924804688
321,player,1,1,879.3079833984375,501.8671875,698.92578125,782.3304443359375
321,player,479,0,526.954833984375,415.0373229980469,490.1737060546875,453.28851318359375
321,player,5,0,1033.95458984375,592.5537109375,721.0355224609375,983.885986328125
321,player,406,1,832.9046630859375,419.66546630859375,741.437744140625,565.0694580078125
321,player,409,1,444.4244079589844,361.951904296875,452.1785888671875,257.8919677734375
321,player,470,1,374.6912536621094,400.23016357421875,375.75701904296875,366.66693115234375
321,player,6,0,240.23854064941406,462.6120910644531,239.10874938964844,517.39892578125
322,player,319,0,681.0311889648438,433.0866394042969,606.0718383789062,563.2254028320312
322,player,1,1,878.583740234375,502.316650390625,697.8076782226562,782.7919311523438
322,player,479,0,528.86279296875,415.4253845214844,491.7317199707031,457.1109619140625
322,player,5,0,1029.51416015625,592.980224609375,719.608154296875,983.6525268554688
322,player,406,1,831.496337890625,420.8380432128906,742.0648803710938,565.7045288085938
322,player,6,0,239.02059936523438,464.0736083984375,238.09439086914062,521.8375854492188
322,player,409,1,445.5281677246094,361.99383544921875,453.4858703613281,253.47911071777344
322,player,470,1,372.59234619140625,399.6690368652344,372.8328552246094,366.017822265625
323,player,319,0,681.5550537109375,431.5888366699219,607.2178955078125,560.90625
323,player,479,0,526.4323120117188,416.4925231933594,491.7655334472656,460.5408630371094
323,player,1,1,879.178466796875,502.51739501953125,697.164794921875,783.2920532226562
323,player,5,0,1026.89013671875,592.9815063476562,718.11572265625,983.321533203125
323,player,409,1,446.79327392578125,362.4267578125,454.6565856933594,251.37643432617188
323,player,406,1,832.5968017578125,420.96685791015625,742.73779296875,566.3567504882812
323,player,6,0,238.0592041015625,466.5667724609375,237.0319366455078,527.0880126953125
323,player,505,-1,384.4986877441406,398.4590759277344,378.57757568359375,364.1797180175781
324,player,319,0,681.1095581054688,430.5758056640625,608.1475219726562,558.324951171875
324,player,1,1,879.798828125,501.9236755371094,697.0916137695312,783.2192993164062
324,player,505,-1,388.26739501953125,406.7696533203125,378.3837890625,374.6828308105469
324,player,5,0,1026.08544921875,592.4887084960938,717.1136474609375,982.7789306640625
324,player,409,1,447.349365234375,361.67852783203125,455.78369140625,249.00759887695312
324,player,479,0,528.0303955078125,416.5343933105469,492.2534484863281,462.97869873046875
324,player,406,1,834.4990844726562,422.2680969238281,743.1979370117188,568.2938842773438
324,player,6,0,237.33154296875,468.99163818359375,236.0099639892578,532.7999267578125
324,player,498,-1,502.2115478515625,410.1827087402344,475.27056884765625,439.44268798828125
324,player,514,-1,260.3514404296875,470.71112060546875,251.92555236816406,554.166259765625
325,player,319,0,680.3215942382812,431.640869140625,608.1985473632812,557.6548461914062
325,player,1,1,878.853759765625,503.05670166015625,696.4462890625,783.9500122070312
325,player,5,0,1024.72216796875,591.8670654296875,716.3468627929688,981.9884643554688
325,player,479,0,528.4734497070312,416.7529602050781,492.65045166015625,464.85150146484375
325,player,505,-1,385.9982604980469,412.63250732421875,376.629638671875,388.1972961425781
325,player,6,0,236.8742218017578,470.4754333496094,235.14102172851562,537.9085693359375
325,player,409,1,447.631103515625,360.4986572265625,456.89569091796875,245.81072998046875
325,player,406,1,835.55859375,420.74273681640625,744.4185791015625,568.1000366210938
325,player,498,-1,503.5400390625,378.72216796875,483.38116455078125,400.9965515136719
326,player,1,1,877.1214599609375,504.4804382324219,695.1436767578125,785.3541870117188
326,player,319,0,679.387939453125,433.23736572265625,607.4771118164062,558.7460327148438
326,player,5,0,1024.215576171875,592.7356567382812,715.4908447265625,981.9205322265625
326,player,6,0,236.90719604492188,472.6303405761719,234.47201538085938,543.3065185546875
326,player,409,1,448.7297058105469,361.5459289550781,457.7347412109375,245.362548828125
326,player,505,-1,381.22137451171875,413.28717041015625,373.9385681152344,397.251953125
326,player,479,0,530.8709106445312,416.6468811035156,493.64739990234375,466.1932373046875
326,player,487,0,930.6458740234375,433.4521179199219,804.29931640625,631.822998046875
326,player,498,-1,503.4471435546875,395.3286437988281,484.42950439453125,396.98974609375
326,player,406,1,842.9771728515625,420.20263671875,747.5712890625,568.1467895507812
327,player,505,-1,377.0582275390625,416.3424377441406,370.4676513671875,406.24993896484375
327,player,1,1,876.78662109375,503.3106689453125,694.5850830078125,785.3603515625
327,player,319,0,677.9774780273438,433.9839172363281,606.3796997070312,560.0726318359375
327,player,5,0,1024.0845947265625,592.92626953125,714.851806640625,981.9727783203125
327,player,479,0,532.1727294921875,416.60003662109375,494.694091796875,467.1448974609375
327,player,409,1,449.9881896972656,362.2339782714844,458.5362243652344,246.20071411132812
327,player,487,0,931.9351806640625,432.2807312011719,806.6442260742188,630.080322265625
327,player,6,0,237.3546142578125,475.24951171875,234.022705078125,549.3552856445312
327,player,406,1,844.488037109375,419.798828125,750.2225341796875,567.9114379882812
328,player,1,1,876.64599609375,502.7855224609375,694.3541259765625,784.9570922851562
328,player,505,-1,373.4315490722656,417.08868408203125,367.00823974609375,412.58624267578125
328,player,5,0,1024.464111328125,593.4392700195312,714.37158203125,982.31591796875
328,player,319,0,676.0359497070312,434.73284912109375,604.887939453125,561.5021362304688
328,player,479,0,535.162841796875,414.1475830078125,496.8609619140625,465.32550048828125
328,player,409,1,450.84942626953125,362.5409240722656,459.27166748046875,247.28335571289062
328,player,406,1,841.1796875,419.65838623046875,751.0486450195312,567.2904052734375
328,player,487,0,933.5256958007812,432.4020080566406,808.560546875,629.2138671875
328,player,6,0,238.47897338867188,477.44671630859375,233.92218017578125,555.4668579101562
328,player,520,-1,505.5671081542969,359.9006652832031,515.0464477539062,256.9078063964844
329,player,1,1,875.8541259765625,503.3894958496094,693.81494140625,785.0855712890625
329,player,319,0,674.715087890625,435.19622802734375,603.4036865234375,562.77001953125
329,player,487,0,936.4298095703125,433.4739074707031,810.1483154296875,629.9481811523438
329,player,5,0,1024.4296875,594.8335571289062,713.6551513671875,983.3040771484375
329,player,479,0,537.743896484375,411.808837890625,499.619140625,461.76861572265625
329,player,406,1,841.7183837890625,420.6480407714844,751.33544921875,567.9530639648438
329,player,409,1,450.75372314453125,363.2369689941406,459.5494079589844,248.96426391601562
329,player,505,-1,370.6898193359375,422.2491760253906,363.192626953125,422.3009338378906
329,player,6,0,240.00408935546875,478.2382507324219,234.22933959960938,560.3209838867188
329,player,520,-1,506.68536376953125,371.3791198730469,512.21630859375,272.9391784667969
330,player,319,0,672.8800048828125,434.5291442871094,602.1171875,562.7481689453125
330,player,487,0,938.5321044921875,433.8716735839844,811.5928955078125,631.001953125
330,player,5,0,1024.2861328125,596.211181640625,712.7681274414062,984.6919555664062
330,player,479,0,538.3321533203125,409.7932434082031,502.09185791015625,457.2247314453125
330,player,1,1,874.1551513671875,503.705810546875,692.9418334960938,785.2687377929688
330,player,505,1,368.74896240234375,426.9371337890625,359.4785461425781,433.6571960449219
330,player,409,1,450.8326416015625,363.9087829589844,459.59442138671875,251.01718139648438
330,player,6,0,242.961181640625,478.3690490722656,235.22409057617188,563.8644409179688
330,player,520,-1,507.4234619140625,375.86407470703125,509.4066467285156,289.44091796875
330,player,406,1,848.5775146484375,421.2709045410156,753.240966796875,569.68896484375
331,player,5,0,1023.0452270507812,597.1621704101562,711.6575317382812,986.0291748046875
331,player,1,1,872.278076171875,503.9059753417969,691.8445434570312,785.3853759765625
331,player,409,1,451.0069580078125,364.50469970703125,459.5386047363281,253.21316528320312
331,player,520,-1,507.67083740234375,379.08111572265625,506.80535888671875,304.42547607421875
331,player,479,0,541.4224243164062,407.7772216796875,505.14178466796875,452.2791748046875
331,player,6,0,245.0264129638672,478.7494201660156,236.4097137451172,566.70947265625
331,player,319,0,666.338134765625,434.591064453125,599.4012451171875,562.1689453125
331,player,487,0,941.6539916992188,434.3045959472656,813.2125244140625,632.3916015625
331,player,505,1,365.4049072265625,430.483642578125,355.5950622558594,444.6064453125
331,player,491,-1,865.972900390625,503.53619384765625,749.318359375,682.4735107421875
331,ball,-1,-1,959.91650390625,340.693359375,1119.6510009765625,258.97052001953125
332,player,520,-1,507.7299499511719,381.6068115234375,504.47021484375,317.4527282714844
332,player,5,0,1022.687255859375,598.9262084960938,710.363525390625,987.8345336914062
332,player,479,0,544.3927001953125,407.2969055175781,508.146240234375,448.81854248046875
332,player,409,1,450.83905029296875,364.65997314453125,459.4090270996094,254.83981323242188
332,player,6,0,246.17364501953125,479.5210266113281,237.4482879638672,569.383056640625
332,player,319,0,663.8196411132812,435.7709655761719,596.5722045898438,562.7374267578125
332,player,491,-1,867.928466796875,503.4716491699219,727.5446166992188,717.88671875
332,player,505,1,363.1378479003906,434.5924377441406,351.8614196777344,455.9548034667969
332,player,531,-1,367.81756591796875,415.9204406738281,356.23187255859375,418.8607482910156
332,player,532,-1,643.6337890625,437.7143249511719,573.362060546875,563.8467407226562
333,player,5,0,1022.5707397460938,600.3367309570312,709.1030883789062,989.7646484375
333,player,520,-1,507.7415771484375,379.98992919921875,503.37994384765625,323.82562255859375
333,player,505,1,362.2410583496094,435.4894714355469,349.05615234375,464.20684814453125
333,player,409,1,449.6131286621094,362.66632080078125,459.39434814453125,252.9322509765625
333,player,479,0,549.0664672851562,406.9211120605469,511.61181640625,446.6195068359375
333,player,6,0,249.7896270751953,479.1405334472656,239.1234130859375,571.08935546875
333,player,532,-1,639.9757080078125,437.8933410644531,572.2752685546875,563.6768798828125
333,player,491,-1,867.5472412109375,503.0584411621094,713.4267578125,740.5623779296875
333,player,527,-1,967.900634765625,435.2890319824219,835.8342895507812,644.6597900390625
333,player,406,1,857.6861572265625,423.5057678222656,756.1712646484375,573.9664306640625
334,player,520,-1,507.5055847167969,376.5997009277344,503.49310302734375,323.49896240234375
334,player,5,0,1022.0201416015625,601.4717407226562,707.8505249023438,991.594970703125
334,player,479,0,556.6441650390625,407.5199890136719,516.0009765625,446.66168212890625
334,player,409,1,448.7016296386719,361.61993408203125,459.3315734863281,250.09400939941406
334,player,319,0,662.268310546875,436.8677978515625,593.9724731445312,564.05712890625
334,player,505,1,361.78179931640625,434.9509582519531,347.1693115234375,468.947509765625
334,player,527,-1,970.8541259765625,436.04266357421875,836.3137817382812,645.6426391601562
334,player,6,0,253.91578674316406,479.6488037109375,241.29879760742188,573.0419921875
334,player,532,-1,639.9048461914062,436.93121337890625,571.8171997070312,562.5953369140625
334,player,491,-1,865.71630859375,503.9165344238281,703.5254516601562,755.7994384765625
335,player,520,1,506.99560546875,374.759765625,503.89373779296875,320.7906494140625
335,player,479,0,561.526123046875,405.6528015136719,520.8301391601562,445.0443115234375
335,player,527,-1,975.9552001953125,439.61053466796875,836.4305419921875,650.072021484375
335,player,5,0,1020.460693359375,602.7608032226562,706.3477172851562,993.3732299804688
335,player,319,0,659.8900146484375,435.44219970703125,592.0231323242188,563.2584228515625
335,player,409,1,448.6590576171875,361.9931640625,459.1864013671875,248.7769775390625
335,player,6,0,257.73046875,480.80169677734375,243.67373657226562,575.7235107421875
335,player,406,1,861.7880859375,429.5653381347656,756.7615966796875,583.1722412109375
335,player,531,-1,357.379638671875,438.687744140625,350.0769958496094,443.03179931640625
335,player,491,-1,863.6470947265625,500.74285888671875,697.5707397460938,763.1300048828125
336,player,527,-1,978.283935546875,441.2488708496094,836.4140625,654.673095703125
336,player,520,1,506.70123291015625,373.30389404296875,504.45037841796875,317.05340576171875
336,player,6,0,261.0296630859375,480.4102783203125,246.13165283203125,577.3978271484375
336,player,479,0,567.50830078125,404.3805847167969,526.1311645507812,443.1415710449219
336,player,319,0,656.7647705078125,432.01495361328125,590.8681640625,558.96875
336,player,409,1,449.2161560058594,362.59228515625,459.134521484375,248.83963012695312
336,player,5,0,1019.703369140625,603.944580078125,704.8836669921875,995.1132202148438
336,player,406,1,865.1519775390625,437.2704162597656,755.0013427734375,596.9381103515625
336,player,531,-1,354.441162109375,439.7791748046875,345.09088134765625,459.61279296875
336,player,1,1,864.551025390625,507.3708190917969,688.1343994140625,787.4275512695312
337,player,527,-1,979.0648193359375,441.4117126464844,836.5450439453125,657.8851318359375
337,player,520,1,506.3104248046875,373.0054626464844,504.765380859375,314.17999267578125
337,player,6,0,263.1192321777344,480.3507080078125,248.29690551757812,578.6173095703125
337,player,319,0,654.2484130859375,434.6479187011719,588.6309814453125,558.6096801757812
337,player,406,1,869.646240234375,440.14788818359375,753.970703125,609.0360717773438
337,player,5,0,1019.0728759765625,604.8609008789062,703.546630859375,996.6920166015625
337,player,479,0,572.1580810546875,403.6622619628906,531.189208984375,441.5546875
337,player,409,1,449.3791809082031,363.1385192871094,459.02392578125,249.67544555664062
337,player,531,-1,350.782470703125,438.2568664550781,340.9798278808594,468.42059326171875
337,player,1,1,863.3353271484375,507.4861145019531,685.3866577148438,788.742431640625
338,player,527,-1,980.843017578125,441.4626159667969,837.0953979492188,660.1834716796875
338,player,520,1,506.2029113769531,373.212646484375,504.879150390625,312.5778503417969
338,player,319,0,646.32666015625,438.161376953125,583.9240112304688,561.1461181640625
338,player,406,1,871.34375,443.86505126953125,752.3140869140625,620.5379638671875
338,player,6,0,266.6125793457031,481.8009033203125,250.55264282226562,581.0626220703125
338,player,409,1,449.58837890625,363.72784423828125,458.88043212890625,251.07827758789062
338,player,5,0,1018.285888671875,605.56591796875,702.31787109375,998.041748046875
338,player,505,1,350.333740234375,436.8707275390625,342.37103271484375,472.9659423828125
338,player,479,0,577.5271606445312,400.6940002441406,536.94921875,437.616943359375
338,player,1,1,860.7566528320312,507.9768371582031,682.8125,789.7537231445312
339,player,527,-1,980.6648559570312,441.2532653808594,837.4979248046875,661.46923828125
339,player,520,1,506.0487060546875,373.6849670410156,504.7756652832031,312.1512451171875
339,player,319,0,640.0260620117188,435.99896240234375,579.6843872070312,560.0240478515625
339,player,5,0,1017.8623046875,605.921142578125,701.3324584960938,999.0800170898438
339,player,406,1,871.8953247070312,448.3988037109375,749.6373901367188,632.2445678710938
339,player,6,0,269.04498291015625,482.9495849609375,252.59771728515625,583.9251098632812
339,player,505,1,347.7374572753906,441.20245361328125,337.97564697265625,479.921142578125
339,player,409,1,449.5486145019531,364.19219970703125,458.66259765625,252.6419219970703
339,player,479,0,582.8414306640625,407.6781921386719,540.3392944335938,443.69134521484375
339,player,537,-1,623.06103515625,442.3721923828125,553.1309204101562,571.4922485351562
340,player,520,1,506.03839111328125,375.26092529296875,504.28240966796875,313.9730224609375
340,player,5,0,1017.884033203125,606.075439453125,700.6544189453125,999.8385009765625
340,player,319,0,638.971435546875,431.2639465332031,577.966552734375,554.37744140625
340,player,406,1,873.0234375,447.0170593261719,748.7373046875,638.6910400390625
340,player,6,0,271.26458740234375,483.4054260253906,254.49249267578125,586.4005126953125
340,player,527,0,978.6676635742188,441.9361877441406,836.90673828125,662.7459106445312
340,player,409,1,449.218017578125,364.16314697265625,458.41754150390625,253.57867431640625
340,player,531,-1,343.04669189453125,444.30194091796875,335.3592224121094,479.75885009765625
340,player,479,0,587.0054931640625,408.2419738769531,543.6399536132812,448.7098388671875
340,player,546,-1,355.3243103027344,444.6654052734375,334.83807373046875,505.2641906738281
341,player,520,1,506.34674072265625,376.14190673828125,503.82666015625,316.35968017578125
341,player,5,0,1018.1114501953125,605.810791015625,700.3340454101562,1000.205810546875
341,player,527,0,978.1624755859375,441.7882080078125,836.4498291015625,663.3938598632812
341,player,531,-1,343.7431945800781,443.29278564453125,332.022705078125,486.1430358886719
341,player,406,1,872.7169189453125,444.0914001464844,749.2023315429688,640.15087890625
341,player,409,1,448.91241455078125,364.2187194824219,458.1429138183594,254.23040771484375
341,player,319,0,639.6451416015625,428.5594482421875,577.8194580078125,547.9824829101562
341,player,546,-1,356.2855224609375,443.4557800292969,335.2616882324219,504.099365234375
341,player,550,-1,597.4842529296875,425.8317565917969,544.826904296875,516.1456909179688
341,player,1,1,854.4666137695312,509.6726379394531,679.070556640625,791.1620483398438
342,player,520,1,506.73828125,376.92034912109375,503.449951171875,318.9830627441406
342,player,406,1,875.9671630859375,435.07220458984375,753.989013671875,632.887939453125
342,player,546,-1,358.66229248046875,444.1484680175781,336.132080078125,504.2911071777344
342,player,5,0,1019.3059692382812,604.8607177734375,700.638671875,1000.017822265625
342,player,527,0,980.4466552734375,440.4214782714844,837.3911743164062,662.7726440429688
342,player,409,1,448.9681396484375,363.82611083984375,458.076904296875,254.1055908203125
342,player,1,1,853.440185546875,510.23065185546875,676.2169189453125,792.4077758789062
342,player,550,-1,595.892578125,433.2467346191406,542.4097290039062,523.7236328125
342,player,319,0,638.829345703125,429.7423095703125,577.1485595703125,544.97021484375
342,player,505,1,340.914794921875,444.4383850097656,332.78009033203125,487.1712951660156
342,ball,-1,-1,303.2298278808594,377.0114440917969,1119.6510009765625,258.97052001953125
343,player,406,1,879.174072265625,429.1114501953125,760.44775390625,622.6869506835938
343,player,487,0,980.6983642578125,441.2589111328125,821.980712890625,643.412841796875
343,player,520,1,506.80712890625,377.93463134765625,502.958251953125,322.03033447265625
343,player,5,0,1020.3348388671875,604.6502685546875,701.1123046875,999.852294921875
343,player,546,-1,356.48443603515625,443.5213928222656,336.1517028808594,503.5543212890625
343,player,409,1,448.842529296875,364.0140075683594,457.94708251953125,254.2755126953125
343,player,1,1,853.7227172851562,510.9610595703125,674.2115478515625,793.7799072265625
343,player,6,0,273.4530334472656,483.4611511230469,256.30731201171875,588.2545166015625
343,player,479,0,598.2152099609375,427.567138671875,543.8033447265625,474.21343994140625
343,player,532,-1,628.3477783203125,428.5013122558594,570.5790405273438,552.1619873046875
344,player,406,1,882.098388671875,429.0919494628906,765.4810180664062,616.3165893554688
344,player,487,0,981.5899658203125,442.2063293457031,827.5009765625,651.5250854492188
344,player,5,0,1021.1973876953125,605.0130004882812,701.5029907226562,999.99658203125
344,player,520,1,506.1728515625,378.3526916503906,502.3236389160156,324.4884948730469
344,player,6,0,271.1502990722656,483.2922058105469,256.880615234375,589.1007690429688
344,player,546,-1,350.61907958984375,441.22650146484375,334.76007080078125,500.1077880859375
344,player,409,1,449.3763427734375,364.2607421875,457.98199462890625,254.79681396484375
344,player,532,-1,625.663818359375,426.4336242675781,569.58251953125,542.9585571289062
344,player,1,1,855.6847534179688,510.8977355957031,673.4097900390625,794.7828369140625
344,player,479,0,599.603271484375,429.5101013183594,543.7939453125,492.95965576171875
345,player,406,1,883.8997802734375,430.1637878417969,768.8145751953125,613.3963623046875
345,player,5,0,1022.3540649414062,604.4176635742188,702.1656494140625,999.85009765625
345,player,6,0,268.64013671875,483.0893249511719,256.5930480957031,589.2422485351562
345,player,487,0,984.2178344726562,442.7495422363281,831.566162109375,657.534912109375
345,player,520,1,506.27392578125,378.2164611816406,501.97967529296875,325.91900634765625
345,player,532,-1,620.9788818359375,427.96319580078125,567.1484985351562,538.117919921875
345,player,546,-1,342.3660888671875,440.5979309082031,331.55169677734375,496.40557861328125
345,player,1,1,856.5601806640625,511.3471984863281,672.9683227539062,795.8364868164062
345,player,409,1,449.30279541015625,363.3825988769531,458.1905517578125,253.88482666015625
345,player,479,0,603.360595703125,429.43218994140625,544.8936157226562,505.4300537109375
346,player,406,1,884.4478759765625,430.1978454589844,771.121826171875,611.5836791992188
346,player,5,0,1023.3683471679688,603.3078002929688,703.1179809570312,999.2288818359375
346,player,520,1,506.36517333984375,378.1894226074219,501.79266357421875,326.8235778808594
346,player,546,-1,332.23638916015625,442.7780456542969,326.3008728027344,495.3143310546875
346,player,487,0,987.452880859375,442.2255554199219,835.3289794921875,661.261474609375
346,player,6,0,266.5979919433594,483.22357177734375,255.8492431640625,589.2762451171875
346,player,532,-1,619.2235107421875,427.7593994140625,565.1154174804688,534.5870361328125
346,player,1,1,857.085205078125,512.2807006835938,672.529052734375,797.2499389648438
346,player,409,1,450.4532470703125,362.6434631347656,458.889404296875,252.37742614746094
347,player,406,1,884.1144409179688,429.3500671386719,772.8812255859375,609.544921875
347,player,5,0,1024.3551025390625,602.8297119140625,704.078857421875,998.6351318359375
347,player,520,1,506.40679931640625,377.6556701660156,501.82568359375,326.7154541015625
347,player,487,0,988.9186401367188,443.0784912109375,837.79296875,664.594482421875
347,player,532,1,616.94921875,427.116943359375,563.3140869140625,531.3970947265625
347,player,546,1,327.46392822265625,444.9809875488281,321.278564453125,496.44921875
347,player,6,0,265.16162109375,483.4868469238281,254.96343994140625,589.4125366210938
347,player,1,1,857.5111083984375,513.865234375,671.8722534179688,799.3629150390625
347,player,409,1,450.5121154785156,361.8084411621094,459.565673828125,250.2151641845703
348,player,406,1,884.4820556640625,428.9241638183594,774.3069458007812,607.8375244140625
348,player,520,1,507.04925537109375,376.896484375,502.2561950683594,325.71771240234375
348,player,5,0,1025.1173095703125,601.7921752929688,705.15380859375,997.7427978515625
348,player,487,0,990.3050537109375,443.2937927246094,839.6769409179688,667.0836181640625
348,player,546,1,325.80267333984375,445.6830749511719,317.4637756347656,497.7580871582031
348,player,1,1,856.51220703125,515.2066650390625,670.8004760742188,801.634033203125
348,player,532,1,617.3818359375,423.9146728515625,563.163818359375,525.9893798828125
348,player,6,0,264.54833984375,483.8068542480469,254.20281982421875,589.7401123046875
348,player,409,1,450.02716064453125,361.7013854980469,459.868408203125,248.5999298095703
349,player,406,1,885.27001953125,427.9761962890625,775.8546142578125,605.871826171875
349,player,520,1,507.6796569824219,376.4959716796875,502.8466796875,324.61138916015625
349,player,5,0,1025.7564697265625,600.5533447265625,706.3343505859375,996.5379028320312
349,player,487,0,991.0,443.96514892578125,840.7901611328125,669.37353515625
349,player,546,1,325.1827087402344,444.3663330078125,314.94610595703125,497.1768798828125
349,player,537,-1,602.94091796875,431.1593017578125,550.3809814453125,558.228759765625
349,player,1,1,855.454345703125,516.7487182617188,669.3880004882812,804.1445922851562
349,player,532,1,624.7772216796875,412.1800231933594,568.6490478515625,510.4830017089844
349,player,6,0,266.37066650390625,484.03271484375,254.18258666992188,590.3211669921875
349,player,409,1,449.27484130859375,361.61187744140625,459.8341979980469,247.33383178710938
350,player,520,1,508.12628173828125,376.7907409667969,503.2962646484375,324.3313903808594
350,player,537,-1,597.9625244140625,433.69525146484375,546.49658203125,551.7384643554688
350,player,406,1,886.8203125,426.528076171875,777.9119262695312,603.3140869140625
350,player,5,0,1025.537841796875,600.0533447265625,707.1951904296875,995.4696655273438
350,player,487,0,990.5791625976562,444.00408935546875,841.3814697265625,670.858642578125
350,player,546,1,324.0604248046875,444.4963073730469,312.9740295410156,496.82684326171875
350,player,1,1,855.2017822265625,517.5606079101562,668.16845703125,806.3432006835938
350,player,532,1,632.2904052734375,400.6067810058594,578.0458374023438,488.0452575683594
350,player,6,0,265.999755859375,483.52374267578125,254.1026153564453,590.1998291015625
350,player,409,1,448.89910888671875,361.6566467285156,459.6749267578125,246.53067016601562
351,player,520,1,508.7698669433594,376.97003173828125,503.7486572265625,324.4578857421875
351,player,537,-1,596.3550415039062,431.1213684082031,544.1826171875,544.70947265625
351,player,5,0,1025.937255859375,600.1344604492188,707.8170776367188,994.84619140625
351,player,406,1,888.6619262695312,426.0920715332031,779.9575805664062,601.3970336914062
351,player,546,1,322.18634033203125,448.6777038574219,310.7215576171875,500.7545471191406
351,player,487,0,990.5670166015625,445.3781433105469,841.148681640625,673.06298828125
351,player,532,1,637.47412109375,394.2991027832031,587.7837524414062,466.5948486328125
351,player,1,1,854.1663818359375,518.0388793945312,666.9830322265625,808.0350341796875
351,player,6,0,263.95733642578125,483.2862854003906,253.51766967773438,589.7220458984375
351,player,409,1,448.6309814453125,361.1476745605469,459.6044006347656,245.24920654296875
352,player,5,0,1027.52099609375,600.5054931640625,708.4544067382812,994.7488403320312
352,player,532,1,640.8580322265625,392.76641845703125,595.6666259765625,451.1830749511719
352,player,520,1,510.2413024902344,377.5071716308594,504.3744201660156,325.4116516113281
352,player,537,-1,594.1234130859375,429.754638671875,542.3934326171875,538.50244140625
352,player,546,1,320.6242370605469,452.111572265625,308.465087890625,506.6696472167969
352,player,406,1,888.5084228515625,428.02703857421875,780.42333984375,602.0455322265625
352,player,487,0,990.50830078125,446.4851379394531,840.4891357421875,675.4849853515625
352,player,6,0,262.87762451171875,484.4208068847656,252.77662658691406,590.3552856445312
352,player,1,1,853.468994140625,519.2621459960938,665.68408203125,809.9595947265625
352,player,409,1,448.51287841796875,361.0917663574219,459.5323791503906,244.32229614257812
353,player,532,1,642.85595703125,390.4366760253906,602.1923217773438,438.5788269042969
353,player,546,1,319.30767822265625,452.8265075683594,306.5546875,511.1154479980469
353,player,5,0,1029.2886962890625,600.9697875976562,709.114501953125,995.0557861328125
353,player,537,-1,596.3514404296875,430.7541198730469,541.6109008789062,535.7247314453125
353,player,406,1,889.0443115234375,428.052734375,780.866943359375,602.5436401367188
353,player,520,1,511.2265625,378.1522521972656,504.9263916015625,326.9881591796875
353,player,527,0,991.80859375,444.7940979003906,839.1539306640625,667.394287109375
353,player,1,1,853.90673828125,520.790283203125,664.4996337890625,812.339599609375
353,player,6,0,262.6929626464844,484.7950744628906,252.22213745117188,591.0925903320312
353,player,409,1,448.714111328125,361.2908630371094,459.5050354003906,244.02850341796875
354,player,532,1,642.726318359375,391.8864440917969,605.9051513671875,432.11724853515625
354,player,406,1,889.7811279296875,428.2990417480469,781.259765625,603.1798706054688
354,player,546,1,318.32611083984375,453.0865173339844,305.0098876953125,514.1759643554688
354,player,5,0,1030.4736328125,600.8302612304688,709.834716796875,995.26025390625
354,player,527,0,993.2163696289062,443.55755615234375,841.2383422851562,669.40966796875
354,player,520,1,511.64202880859375,378.6424865722656,505.28802490234375,328.70086669921875
354,player,6,0,261.9526672363281,485.2337951660156,251.6363525390625,591.9068603515625
354,player,1,1,853.5198974609375,522.0907592773438,663.258056640625,814.783203125
354,player,537,-1,596.8123779296875,427.97808837890625,541.968505859375,531.067138671875
354,player,409,1,449.85137939453125,360.9701843261719,459.9474182128906,243.51217651367188
355,player,532,1,644.9315185546875,394.0245666503906,608.283447265625,430.7054443359375
355,player,406,1,889.73388671875,429.2702331542969,781.0921020507812,604.5407104492188
355,player,527,0,993.0535278320312,444.6612548828125,842.0533447265625,671.702392578125
355,player,546,1,316.27508544921875,451.2877502441406,303.603515625,514.14306640625
355,player,5,0,1029.6187744140625,600.8593139648438,710.1128540039062,995.3509521484375
355,player,1,1,853.2363891601562,523.0690307617188,662.099365234375,817.0442504882812
355,player,6,0,263.58868408203125,481.6272277832031,251.9205322265625,589.271484375
355,player,520,1,511.95977783203125,379.24560546875,505.46429443359375,330.6369323730469
355,player,550,-1,587.572509765625,435.6822509765625,537.832275390625,530.341552734375
355,player,409,1,448.6997985839844,360.30126953125,460.00994873046875,242.0811004638672
356,player,532,1,645.7947998046875,403.0455627441406,607.1292724609375,440.40582275390625
356,player,527,0,992.6968994140625,445.0445861816406,842.3143310546875,673.505615234375
356,player,1,1,853.1070556640625,524.0756225585938,661.024658203125,819.216552734375
356,player,6,0,264.1598815917969,478.2956848144531,252.472412109375,584.51513671875
356,player,546,1,316.8343505859375,449.4937744140625,303.02593994140625,512.3389892578125
356,player,406,1,890.64013671875,432.386962890625,779.9332275390625,608.5418701171875
356,player,5,0,1029.9132080078125,601.6700439453125,710.12890625,995.8665771484375
356,player,520,1,511.8616943359375,379.8107604980469,505.3968200683594,332.62042236328125
356,player,409,1,447.3228759765625,360.0445251464844,459.64886474609375,240.61920166015625
356,player,564,-1,616.9351196289062,409.97991943359375,574.0160522460938,472.394287109375
357,player,532,1,646.1340942382812,407.4630126953125,605.067626953125,451.76129150390625
357,player,1,1,852.380126953125,524.7125244140625,659.9678955078125,821.0213623046875
357,player,527,0,993.1156005859375,447.3345642089844,841.5777587890625,676.7702026367188
357,player,406,1,892.5604248046875,434.578857421875,778.8079223632812,613.433349609375
357,player,6,0,264.3445129394531,475.4669494628906,253.0645751953125,578.7838745117188
357,player,5,0,1030.003173828125,602.349609375,709.9682006835938,996.5730590820312
357,player,546,1,316.7829895019531,448.8360595703125,302.7015075683594,510.48529052734375
357,player,520,1,511.73773193359375,379.7365417480469,505.3328857421875,333.7993469238281
357,player,409,1,446.1959533691406,360.1540222167969,459.0078125,239.69357299804688
357,player,550,-1,579.8326416015625,435.1947021484375,532.7662353515625,533.3990478515625
358,player,532,1,647.7125244140625,406.9157409667969,604.3757934570312,458.6878356933594
358,player,1,1,851.9566650390625,526.1058959960938,658.7800903320312,823.1424560546875
358,player,5,0,1031.2764892578125,603.1732788085938,709.903564453125,997.5599365234375
358,player,527,0,993.931396484375,449.1156005859375,840.5320434570312,680.5517578125
358,player,6,0,264.3817138671875,472.20208740234375,253.67373657226562,571.9625854492188
358,player,520,1,511.723876953125,379.1640625,505.4393310546875,333.8183288574219
358,player,406,1,894.6034545898438,433.8627014160156,778.945556640625,616.1185913085938
358,player,546,1,315.85638427734375,450.6098937988281,302.0512390136719,511.0121154785156
358,player,550,-1,576.5563354492188,436.38330078125,528.2421875,536.2860717773438
358,player,409,1,445.34466552734375,360.2253112792969,458.28704833984375,239.09405517578125
359,player,532,1,649.8414306640625,406.4271240234375,604.722412109375,462.857421875
359,player,1,1,851.5407104492188,526.4782104492188,657.8018188476562,824.7500610351562
359,player,5,0,1030.3397216796875,603.6582641601562,709.5277099609375,998.3978271484375
359,player,527,0,995.1859741210938,449.78192138671875,839.8975830078125,683.7137451171875
359,player,550,-1,572.1062622070312,441.9212951660156,522.6932373046875,543.3316650390625
359,player,546,1,315.0152893066406,452.99444580078125,301.1567077636719,513.702880859375
359,player,520,1,511.80303955078125,377.94873046875,505.85894775390625,332.25018310546875
359,player,6,0,264.64678955078125,469.6650390625,254.31072998046875,565.1192016601562
359,player,406,1,897.2615966796875,432.7893371582031,780.2283935546875,617.082763671875
359,player,409,1,444.9747314453125,360.1879577636719,457.70281982421875,238.60696411132812
360,player,1,1,851.1312255859375,525.9570922851562,657.2163696289062,825.39697265625
360,player,532,1,653.9019775390625,404.51055908203125,606.7905883789062,463.814453125
360,player,546,1,313.195556640625,454.8161926269531,299.88616943359375,517.1212768554688
360,player,406,1,900.0140380859375,433.73492431640625,781.4371337890625,618.8788452148438
360,player,550,-1,568.7899169921875,444.35137939453125,517.5747680664062,550.0172729492188
360,player,527,0,998.5555419921875,447.22271728515625,841.5322265625,683.8001708984375
360,player,5,0,1030.52490234375,603.4280395507812,709.3868408203125,998.831787109375
360,player,6,0,265.69476318359375,469.341064453125,255.03475952148438,560.4544067382812
360,player,520,1,511.97918701171875,378.9655456542969,505.9163818359375,332.580810546875
360,player,409,1,444.09967041015625,359.040283203125,457.303955078125,236.53079223632812
361,player,1,1,851.0821533203125,526.3631591796875,656.7081298828125,826.098876953125
361,player,532,1,656.69482421875,403.13336181640625,609.4298095703125,463.15576171875
361,player,406,1,903.6060791015625,434.1534423828125,783.05224609375,620.7862548828125
361,player,550,1,567.6177978515625,445.4795227050781,513.65380859375,555.368896484375
361,player,527,0,1000.5711059570312,445.70587158203125,843.8218994140625,682.6825561523438
361,player,546,1,309.03826904296875,457.5841064453125,297.6319274902344,521.7283935546875
361,player,5,0,1030.8681640625,603.0999145507812,709.4596557617188,998.9613037109375
361,player,520,1,512.6475830078125,380.0171813964844,505.88812255859375,334.2396545410156
361,player,6,0,267.5824279785156,467.24517822265625,256.1683044433594,555.5662841796875
361,player,409,1,443.7843322753906,358.5498352050781,457.0562744140625,234.4334716796875
362,player,5,0,1030.75341796875,602.4627685546875,709.6607666015625,998.696044921875
362,player,550,1,567.0201416015625,447.27978515625,510.5189514160156,560.5636596679688
362,player,532,1,658.1231689453125,402.3822021484375,611.8257446289062,462.01629638671875
362,player,527,0,1001.3380126953125,447.75921630859375,844.5975341796875,683.8609619140625
362,player,406,1,905.0648803710938,434.4346923828125,784.3916015625,622.4325561523438
362,player,1,1,851.8109741210938,525.927734375,656.6771240234375,826.3062133789062
362,player,546,1,305.13629150390625,458.6358642578125,294.9779968261719,525.4064331054688
362,player,520,1,513.6200561523438,380.0275573730469,506.17913818359375,335.439453125
362,player,6,0,267.38470458984375,464.05914306640625,257.070556640625,549.25732421875
362,player,409,1,443.7635498046875,358.4544982910156,456.9112548828125,232.929443359375
363,player,5,0,1030.4635009765625,601.8553466796875,709.8999633789062,998.177734375
363,player,550,1,566.594970703125,447.9952087402344,508.1969299316406,564.6015014648438
363,player,527,0,1001.4027099609375,448.5807189941406,844.752685546875,685.3629760742188
363,player,1,1,852.4637451171875,525.09716796875,657.0516967773438,825.907470703125
363,player,406,1,905.6533203125,433.5697937011719,785.7913818359375,622.7301025390625
363,player,532,1,659.8781127929688,401.5523986816406,614.1907958984375,460.5058288574219
363,player,546,1,300.4729919433594,458.45660400390625,291.9639587402344,527.1832885742188
363,player,6,0,265.7846374511719,461.60357666015625,257.3819274902344,542.5831298828125
363,player,520,1,514.11279296875,379.99053955078125,506.536376953125,336.2259826660156
363,player,409,1,443.7630615234375,358.5408630371094,456.79595947265625,232.07705688476562
364,player,550,1,566.7821044921875,448.8754577636719,506.537109375,568.103759765625
364,player,5,0,1030.146728515625,601.82861328125,709.9956665039062,997.8050537109375
364,player,532,1,662.3719482421875,403.0982360839844,615.9688110351562,461.55242919921875
364,player,527,0,1000.515869140625,449.2735900878906,844.3055419921875,686.8732299804688
364,player,406,1,906.8701171875,432.8697509765625,787.3383178710938,622.3663330078125
364,player,1,1,853.1630859375,524.8624877929688,657.53076171875,825.53759765625
364,player,546,1,295.4468078613281,458.44805908203125,288.59832763671875,527.8602294921875
364,player,520,1,514.157470703125,380.24078369140625,506.7160339355469,337.06707763671875
364,player,6,0,266.0101318359375,461.2212829589844,257.67376708984375,537.8862915039062
364,player,409,1,443.60870361328125,358.530029296875,456.6714172363281,231.48899841308594
365,player,532,1,664.27978515625,405.8648376464844,616.7830810546875,465.56793212890625
365,player,550,1,567.9971923828125,451.2169494628906,505.25970458984375,572.767578125
365,player,5,0,1031.1151123046875,601.7350463867188,710.289794921875,997.577880859375
365,player,1,1,853.8431396484375,523.6918334960938,658.3430786132812,824.5234985351562
365,player,527,0,998.527099609375,449.3642883300781,843.4373779296875,687.7552490234375
365,player,573,-1,904.2780151367188,434.0401611328125,786.724853515625,624.1997680664062
365,player,6,0,271.6239318847656,461.2278137207031,259.43023681640625,535.362060546875
365,player,520,1,514.6205444335938,379.8638610839844,507.082275390625,337.17578125
365,player,409,1,443.4227294921875,358.32537841796875,456.57684326171875,230.78773498535156
365,player,574,-1,286.1289978027344,461.1742858886719,274.26544189453125,534.375732421875
366,player,550,1,570.1818237304688,451.11102294921875,505.06109619140625,575.89990234375
366,player,1,1,853.8616943359375,522.86767578125,659.11376953125,823.28173828125
366,player,532,1,668.0768432617188,407.0133972167969,618.0731811523438,469.85931396484375
366,player,527,0,998.7857666015625,447.9475402832031,843.572265625,687.0941162109375
366,player,406,1,912.359619140625,433.7728576660156,789.4970703125,623.5142822265625
366,player,5,0,1032.14404296875,601.1409912109375,710.866455078125,997.1800537109375
366,player,6,0,273.31805419921875,460.2974548339844,261.1130065917969,532.9544067382812
366,player,520,1,514.0667724609375,380.6996154785156,506.91937255859375,338.2691955566406
366,player,409,1,443.1726989746094,358.1434020996094,456.4746398925781,230.03793334960938
367,player,1,1,853.7008056640625,523.0379028320312,659.526611328125,822.582763671875
367,player,532,1,672.843505859375,407.1232604980469,620.3046264648438,473.25982666015625
367,player,527,0,1000.382080078125,447.2269287109375,844.4141845703125,686.167236328125
367,player,550,1,574.907958984375,449.1806945800781,506.6959228515625,576.5046997070312
367,player,573,-1,905.4159545898438,430.2759094238281,788.64111328125,620.6778564453125
367,player,5,0,1032.4254150390625,600.4818115234375,711.4866943359375,996.5851440429688
367,player,6,0,272.94970703125,458.9771423339844,262.2008361816406,530.03759765625
367,player,520,1,513.9970092773438,379.8065490722656,507.029541015625,337.8133544921875
367,player,409,1,443.3160400390625,357.9326477050781,456.50762939453125,229.26119995117188
367,player,406,1,915.3460693359375,433.06109619140625,792.039794921875,623.8605346679688
368,player,532,1,677.661865234375,406.7188720703125,623.3353271484375,475.5103759765625
368,player,1,1,854.7144775390625,524.9374389648438,659.4911499023438,823.5509033203125
368,player,527,0,1001.9488525390625,453.0926818847656,842.7860717773438,690.8828125
368,player,550,1,578.2180786132812,446.0255432128906,509.4296569824219,574.1220703125
368,player,5,0,1032.447998046875,599.1203002929688,712.2792358398438,995.4638671875
368,player,409,1,443.2989196777344,358.2071228027344,456.45703125,229.15322875976562
368,player,520,1,514.2742919921875,379.42181396484375,507.2932434082031,337.04730224609375
368,player,573,-1,908.7418212890625,430.1910400390625,790.859619140625,618.6224975585938
368,player,6,0,273.2101135253906,458.605712890625,263.00830078125,527.794189453125
369,player,1,1,855.0341796875,524.3345947265625,659.71875,823.7799072265625
369,player,532,1,682.8802490234375,406.1670837402344,627.0577392578125,476.88916015625
369,player,527,0,1001.173583984375,457.5202331542969,839.5950927734375,697.713134765625
369,player,550,1,581.103271484375,443.9276428222656,512.5211181640625,570.7745361328125
369,player,520,1,515.2531127929688,381.1944885253906,507.30462646484375,338.95733642578125
369,player,406,1,918.4520263671875,432.4855651855469,794.8096923828125,623.826904296875
369,player,409,1,442.9609375,358.5845947265625,456.21881103515625,229.59085083007812
369,player,5,0,1031.1646728515625,599.5523071289062,712.3988037109375,994.8819580078125
369,player,6,0,274.35888671875,460.043701171875,263.74847412109375,527.8796997070312
369,player,578,-1,998.044921875,602.2019653320312,690.3873901367188,991.4869384765625
370,player,1,1,855.7398681640625,521.5879516601562,660.8333129882812,822.036376953125
370,player,532,1,687.0986328125,404.775146484375,631.2220458984375,476.6532897949219
370,player,520,1,516.6983642578125,381.3774108886719,507.72576904296875,340.5950927734375
370,player,550,1,582.659423828125,441.75189208984375,515.4986572265625,566.5821533203125
370,player,527,0,998.8079833984375,456.6900939941406,837.2485961914062,701.2278442382812
370,player,6,0,274.9057312011719,458.85009765625,264.47149658203125,526.7947998046875
370,player,409,1,442.540283203125,358.57977294921875,455.92279052734375,229.81845092773438
370,player,5,0,1028.5841064453125,600.157958984375,711.75634765625,994.6563720703125
370,player,406,1,917.6534423828125,432.84326171875,796.2325439453125,624.0728149414062
371,player,532,1,692.0479736328125,404.84375,635.3934936523438,477.0859375
371,player,1,1,856.435546875,522.7051391601562,661.4007568359375,821.7521362304688
371,player,550,1,582.97412109375,442.4914245605469,517.3422241210938,564.624267578125
371,player,520,1,517.302734375,380.25592041015625,508.49407958984375,340.27587890625
371,player,409,1,441.8851623535156,358.57025146484375,455.510986328125,229.87490844726562
371,player,6,0,275.2396240234375,457.74725341796875,265.11773681640625,525.015380859375
371,player,527,0,1000.0033569335938,460.672119140625,834.334228515625,707.0269165039062
371,player,5,0,1023.22021484375,601.6498413085938,709.7807006835938,994.9517211914062
371,player,579,-1,927.3631591796875,437.6792297363281,800.6895141601562,640.25048828125
371,player,573,-1,910.0685424804688,431.3415832519531,792.1815185546875,618.5266723632812
372,player,532,1,694.8900146484375,404.0693054199219,639.2305297851562,476.7867431640625
372,player,1,1,858.283935546875,527.0003051757812,660.9733276367188,824.7383422851562
372,player,550,1,584.48486328125,441.4232482910156,519.22900390625,562.4295654296875
372,player,520,1,517.5155639648438,379.6175537109375,509.23388671875,339.2632141113281
372,player,579,-1,927.1714477539062,438.27618408203125,800.3818359375,640.7928466796875
372,player,5,0,1020.50537109375,603.1464233398438,707.5052490234375,995.7652587890625
372,player,527,0,1000.8165893554688,463.94036865234375,831.2704467773438,713.6285400390625
372,player,409,1,441.11578369140625,358.7528381347656,454.9393310546875,230.085205078125
372,player,6,0,277.0591735839844,458.5390930175781,265.9885559082031,524.8231201171875
372,player,573,-1,911.887451171875,430.6415100097656,793.8526611328125,617.9598999023438
373,player,550,1,587.7872314453125,438.7873840332031,522.0449829101562,558.67138671875
373,player,1,1,859.293212890625,529.229248046875,660.298583984375,828.3114624023438
373,player,532,1,698.175537109375,400.03228759765625,644.1490478515625,472.3414306640625
373,player,579,-1,927.7288208007812,441.0637512207031,799.15478515625,643.7969360351562
373,player,520,1,517.2462158203125,379.46917724609375,509.6683349609375,338.382080078125
373,player,5,0,1019.18701171875,603.7470092773438,705.5809936523438,996.52734375
373,player,527,0,1002.3406372070312,466.54400634765625,828.5867919921875,720.2286987304688
373,player,409,1,440.658935546875,359.0014343261719,454.3538818359375,230.52798461914062
373,player,581,-1,251.44638061523438,443.771240234375,249.7864532470703,473.9544677734375
373,player,6,0,279.38775634765625,459.3258972167969,267.1468505859375,525.7020874023438
374,player,532,1,701.3778076171875,398.2066955566406,648.97802734375,467.6861572265625
374,player,579,-1,928.424072265625,442.7739562988281,797.8294067382812,647.3953247070312
374,player,1,1,858.9210815429688,530.6400756835938,659.3693237304688,831.5826416015625
374,player,520,1,517.4547119140625,379.79730224609375,509.9290771484375,338.25909423828125
374,player,550,1,590.81103515625,436.46527099609375,525.3212280273438,554.1666259765625
374,player,581,-1,250.73757934570312,442.4361572265625,249.66989135742188,472.4616394042969
374,player,5,0,1017.4231567382812,603.8988647460938,703.9146728515625,996.9852294921875
374,player,527,0,1005.155029296875,468.3837585449219,826.811279296875,726.288330078125
374,player,409,1,440.409423828125,358.7882995605469,453.9398193359375,230.47740173339844
374,player,6,0,279.76947021484375,458.456787109375,268.07366943359375,525.4406127929688
375,player,532,1,705.4808959960938,395.3618469238281,654.411865234375,461.78997802734375
375,player,579,-1,929.4288330078125,443.281494140625,797.03125,650.2942504882812
375,player,520,1,519.396240234375,380.54949951171875,510.51824951171875,339.3701171875
375,player,550,1,593.1763916015625,436.71661376953125,528.061279296875,551.7210693359375
375,player,1,1,858.776611328125,530.60546875,658.74072265625,833.673828125
375,player,5,0,1013.8432006835938,603.4666748046875,702.191162109375,996.8096923828125
375,player,527,0,1008.046142578125,467.5747375488281,826.7509765625,729.8094482421875
375,player,581,-1,248.6494140625,443.58526611328125,248.9149627685547,472.51495361328125
375,player,409,1,440.1156005859375,358.8686218261719,453.55218505859375,230.52613830566406
375,player,582,-1,282.48193359375,463.9095153808594,270.7536315917969,541.1075439453125
376,player,579,-1,928.8309326171875,443.5343322753906,796.242431640625,652.3558959960938
376,player,532,1,708.405517578125,395.43243408203125,658.8125610351562,458.3470153808594
376,player,5,0,1009.5464477539062,602.6824951171875,700.37353515625,995.983642578125
376,player,1,1,858.816162109375,530.837890625,658.2755126953125,835.19677734375
376,player,527,0,1008.79833984375,466.0391845703125,827.5543212890625,730.8895263671875
376,player,550,1,595.5945434570312,438.58563232421875,530.0543212890625,552.2535400390625
376,player,520,1,520.9150390625,381.2617492675781,511.1950378417969,341.180908203125
376,player,581,-1,246.75128173828125,444.2831726074219,247.83139038085938,473.108154296875
376,player,582,-1,283.3130798339844,465.3199768066406,270.8751525878906,542.5632934570312
376,player,409,1,439.298095703125,359.0562744140625,452.9791259765625,230.7328643798828
377,player,5,0,1005.4456787109375,602.1190185546875,698.4744873046875,994.8655395507812
377,player,579,-1,928.7430419921875,443.32269287109375,795.7941284179688,653.4932861328125
377,player,550,1,597.8067626953125,437.99212646484375,532.1299438476562,552.2125854492188
377,player,581,-1,237.60708618164062,445.7103271484375,244.4038543701172,474.1233825683594
377,player,532,1,712.5615844726562,394.22491455078125,663.3970947265625,455.136474609375
377,player,1,1,857.983154296875,530.9155883789062,657.7525634765625,836.1759033203125
377,player,527,0,1008.6505126953125,464.8082275390625,828.5579223632812,730.5521850585938
377,player,520,1,521.7545166015625,382.1743469238281,511.65667724609375,343.6255798339844
377,player,409,1,438.1385498046875,359.2104797363281,452.17816162109375,230.95323181152344
377,player,582,-1,284.10491943359375,469.2601318359375,270.86993408203125,547.396728515625
378,player,5,0,1000.6956787109375,599.3668212890625,696.9794311523438,992.3236083984375
378,player,550,1,599.52978515625,437.77215576171875,534.025390625,552.1287841796875
378,player,579,1,928.944580078125,443.38818359375,795.5306396484375,654.3114013671875
378,player,587,-1,235.23440551757812,446.5440673828125,235.95037841796875,477.87408447265625
378,player,1,1,856.4937744140625,528.669921875,657.6956176757812,835.1395263671875
378,player,532,1,714.94775390625,394.09991455078125,667.1557006835938,453.15472412109375
378,player,520,1,520.9820556640625,382.1932067871094,511.70501708984375,345.153564453125
378,player,527,0,1008.4031982421875,464.6813049316406,829.198974609375,730.2052001953125
378,player,409,1,436.92626953125,359.2629699707031,451.23541259765625,231.02896118164062
378,player,582,-1,286.02447509765625,472.1357116699219,271.1725769042969,553.462158203125
379,player,550,1,600.4655151367188,437.7148132324219,535.5382690429688,552.1058959960938
379,player,587,-1,230.81219482421875,449.4319152832031,234.5221405029297,480.48419189453125
379,player,1,1,856.3363037109375,527.941650390625,657.8287353515625,833.9461669921875
379,player,5,0,995.262451171875,597.6394653320312,695.318115234375,989.3573608398438
379,player,579,1,928.8339233398438,443.2347412109375,795.3932495117188,654.6918334960938
379,player,520,1,520.9898071289062,381.95745849609375,511.80242919921875,345.84454345703125
379,player,532,1,715.9058837890625,394.73699951171875,669.65185546875,452.711669921875
379,player,409,1,435.74615478515625,358.6868591308594,450.35894775390625,230.10304260253906
379,player,527,0,1004.7523193359375,462.0777587890625,829.7594604492188,727.4715576171875
379,player,582,-1,286.9644470214844,474.0576477050781,271.4786376953125,559.3106689453125
380,player,550,1,601.2421875,437.07672119140625,536.907470703125,551.520263671875
380,player,587,-1,230.08700561523438,451.5574645996094,233.2732696533203,484.32568359375
380,player,1,1,857.7467041015625,527.9881591796875,658.2396240234375,833.3126220703125
380,player,5,0,989.7822265625,595.0362548828125,693.774169921875,985.621337890625
380,player,520,1,522.628173828125,381.82110595703125,512.4261474609375,346.2993469238281
380,player,532,1,714.42578125,393.600830078125,671.249755859375,450.93914794921875
380,player,409,1,435.051025390625,358.3741455078125,449.6273193359375,228.96429443359375
380,player,582,-1,288.17431640625,475.1996154785156,271.91925048828125,564.297119140625
380,player,579,1,932.47509765625,442.7181396484375,796.5211181640625,654.7994384765625
380,player,527,0,998.814208984375,458.9237365722656,829.8972778320312,722.4895629882812
381,player,587,-1,226.27088928222656,455.2602844238281,231.18638610839844,490.27740478515625
381,player,550,1,602.36376953125,434.402099609375,538.8142700195312,548.5267333984375
381,player,520,1,523.4888916015625,381.7364807128906,513.1295776367188,346.58123779296875
381,player,5,0,988.098876953125,593.0223999023438,692.9600830078125,981.9603271484375
381,player,1,1,859.0260620117188,529.6090087890625,658.3494873046875,834.1275634765625
381,player,590,-1,712.79638671875,392.55377197265625,673.9193115234375,443.64013671875
381,player,579,1,932.6956787109375,441.4672546386719,797.84326171875,653.7349853515625
381,player,527,0,998.7557373046875,457.8267517089844,830.4417114257812,718.305908203125
381,player,582,-1,289.519287109375,477.61328125,272.38507080078125,569.9179077148438
381,player,409,1,435.929931640625,358.1012268066406,449.5137939453125,227.93136596679688
382,player,550,1,604.9324951171875,431.2350769042969,541.6281127929688,543.572998046875
382,player,1,1,859.7518310546875,530.5964965820312,658.3128051757812,835.3973388671875
382,player,520,1,523.8659057617188,381.556640625,513.7561645507812,346.57464599609375
382,player,409,1,435.83770751953125,357.9583435058594,449.44244384765625,227.0409393310547
382,player,527,0,1000.177001953125,457.1707458496094,831.45654296875,715.1490478515625
382,player,582,0,289.84808349609375,480.9187927246094,272.52398681640625,576.6621704101562
382,player,5,0,988.4369506835938,589.7490234375,693.4071044921875,977.7738037109375
382,player,587,-1,222.89308166503906,457.6681213378906,228.75723266601562,496.2833251953125
382,player,579,1,930.618896484375,440.7729187011719,798.4244384765625,652.207275390625
382,player,532,1,715.3148193359375,393.188232421875,672.7176513671875,449.3967590332031
383,player,527,0,1001.04541015625,456.5129699707031,832.6318359375,712.6077270507812
383,player,550,1,607.731689453125,429.399169921875,544.7566528320312,538.7206420898438
383,player,1,1,859.1873168945312,530.76513671875,658.1064453125,836.2955322265625
383,player,409,1,435.21630859375,358.0417785644531,449.1657409667969,226.50985717773438
383,player,582,0,290.6802978515625,484.3808898925781,272.5751037597656,584.2874755859375
383,player,5,0,988.00537109375,590.3071899414062,693.4496459960938,975.3361206054688
383,player,532,1,719.3472900390625,394.64874267578125,674.35400390625,450.5279541015625
383,player,520,1,524.4519653320312,381.2862243652344,514.424560546875,346.286865234375
383,player,587,-1,220.22412109375,458.6881103515625,226.378173828125,500.9706726074219
383,player,579,1,929.5615234375,441.2120056152344,798.3250732421875,651.5235595703125
384,player,582,0,290.85101318359375,486.84710693359375,272.4683837890625,591.4918212890625
384,player,527,0,1001.0455322265625,456.20477294921875,833.529296875,710.68994140625
384,player,1,1,860.0597534179688,530.3308715820312,658.3038330078125,836.646728515625
384,player,409,1,434.3883056640625,358.41314697265625,448.6181335449219,226.60678100585938
384,player,550,1,609.4786987304688,428.5810546875,547.5166015625,534.8843383789062
384,player,587,-1,218.09805297851562,461.24658203125,224.11781311035156,506.3972473144531
384,player,532,1,723.845458984375,396.4529724121094,676.107177734375,453.83001708984375
384,player,520,1,525.9288940429688,381.0663757324219,515.3916015625,345.9798278808594
384,player,579,1,928.983642578125,440.410888671875,798.4398193359375,650.2819213867188
384,player,5,0,986.9468994140625,592.9371948242188,692.524169921875,975.1482543945312
385,player,527,0,1000.828369140625,456.4079895019531,833.9666748046875,709.5994262695312
385,player,1,1,860.68359375,530.07470703125,658.6539306640625,836.7460327148438
385,player,409,1,433.90692138671875,358.7306213378906,448.02490234375,227.0740509033203
385,player,550,1,611.9176635742188,428.83795166015625,549.9453735351562,532.8968505859375
385,player,587,1,215.86135864257812,464.68780517578125,221.87213134765625,513.1485595703125
385,player,520,1,526.9985961914062,381.3052673339844,516.2967529296875,346.2065124511719
385,player,532,1,726.9691162109375,398.6337585449219,677.37109375,458.8116149902344
385,player,582,0,291.394287109375,486.9371032714844,272.536865234375,596.3035278320312
385,player,579,1,929.8240966796875,441.7122497558594,798.1962280273438,650.759521484375
385,player,5,0,986.562744140625,596.1668090820312,690.9586181640625,976.7894897460938
386,player,1,1,859.8502197265625,531.1018676757812,658.3904418945312,837.4560546875
386,player,527,0,1001.123779296875,460.58892822265625,832.533203125,712.4966430664062
386,player,520,1,523.10546875,381.1366882324219,515.6858520507812,345.7057189941406
386,player,550,1,614.416015625,430.5806579589844,551.7691650390625,533.6580200195312
386,player,532,1,731.405029296875,399.00115966796875,679.39892578125,462.93109130859375
386,player,409,1,433.3407897949219,358.8175354003906,447.4273986816406,227.43685913085938
386,player,582,0,291.80950927734375,485.9351501464844,272.767578125,598.563232421875
386,player,587,1,212.49366760253906,467.6017761230469,219.3541259765625,520.0999755859375
386,player,5,0,984.3389892578125,596.898681640625,689.265625,978.107666015625
386,player,579,1,932.89111328125,445.4801330566406,797.2987060546875,654.8125
387,player,1,1,859.537841796875,531.75634765625,657.9591064453125,838.3447265625
387,player,520,1,521.5420532226562,380.9947204589844,514.8269653320312,345.02386474609375
387,player,527,0,1001.5115966796875,462.8968811035156,830.7235717773438,716.3670654296875
387,player,532,1,735.32421875,398.5002136230469,682.0968017578125,465.44366455078125
387,player,550,1,616.5396728515625,430.20965576171875,553.6675415039062,533.9752197265625
387,player,5,0,982.7600708007812,596.3572998046875,687.9728393554688,978.5582275390625
387,player,587,1,211.30911254882812,469.4036560058594,217.3165283203125,526.2724609375
387,player,579,1,934.8857421875,449.8924255371094,795.429931640625,661.6177368164062
387,player,409,1,432.9859619140625,358.732421875,446.938720703125,227.50698852539062
387,player,582,0,290.6614990234375,486.0279541015625,272.60443115234375,600.0149536132812
388,player,1,1,859.0597534179688,532.0562744140625,657.4801025390625,839.0919189453125
388,player,532,1,738.4163818359375,398.91094970703125,684.63037109375,467.8674011230469
388,player,550,1,617.22216796875,431.2470703125,554.8139038085938,535.3199462890625
388,player,520,1,521.947509765625,381.2923889160156,514.3177490234375,345.0096435546875
388,player,527,0,1001.5343017578125,465.988525390625,828.252197265625,721.4759521484375
388,player,5,0,981.694580078125,595.5052490234375,687.1341552734375,978.307373046875
388,player,587,1,209.79397583007812,473.33172607421875,215.41973876953125,533.95068359375
388,player,579,1,937.8263549804688,451.6416931152344,794.29248046875,667.8703002929688
388,player,409,1,431.8424072265625,358.8223876953125,446.21307373046875,227.54763793945312
388,player,582,0,290.673095703125,485.8907165527344,272.51177978515625,600.83544921875
389,player,1,1,859.1494750976562,532.2662963867188,657.1306762695312,839.72900390625
389,player,532,1,742.3710327148438,398.944580078125,687.4624633789062,469.89190673828125
389,player,550,1,617.84765625,432.5267333984375,555.389404296875,537.571044921875
389,player,409,1,431.90447998046875,358.9114990234375,445.74176025390625,227.7108154296875
389,player,520,1,522.8111572265625,381.92791748046875,514.090576171875,345.91424560546875
389,player,5,0,979.766357421875,593.970458984375,686.590087890625,977.1610107421875
389,player,587,1,208.97811889648438,473.3200378417969,213.96348571777344,538.8560791015625
389,player,527,0,1001.6806640625,462.903076171875,827.98291015625,722.2237548828125
389,player,579,1,939.422607421875,451.0270080566406,794.2376098632812,671.53125
389,player,582,0,292.03411865234375,485.6482238769531,272.8328857421875,601.2692260742188
390,player,532,1,745.3262939453125,398.2388610839844,690.4730224609375,470.709716796875
390,player,1,1,859.2957153320312,532.656005859375,656.828125,840.4222412109375
390,player,550,1,619.4466552734375,433.9433288574219,555.8359375,540.63818359375
390,player,409,1,432.078125,359.16455078125,445.43548583984375,228.20462036132812
390,player,520,1,523.8155517578125,382.80950927734375,514.0247802734375,347.7443542480469
390,player,587,1,207.98800659179688,476.1022644042969,212.64013671875,544.6183471679688
390,player,5,0,977.3175048828125,594.7861328125,685.4886474609375,976.700927734375
390,player,527,0,1000.6445922851562,467.1645202636719,825.7466430664062,726.1834716796875
390,player,579,1,938.6014404296875,455.0198059082031,792.3480834960938,677.3724365234375
390,player,582,0,293.15655517578125,485.74188232421875,273.3338928222656,601.7347412109375
391,player,1,1,859.3544311523438,533.4818115234375,656.4124755859375,841.4437255859375
391,player,409,1,431.9818115234375,359.097412109375,445.2193603515625,228.41680908203125
391,player,532,1,747.2783203125,399.24005126953125,692.63134765625,472.58502197265625
391,player,550,1,620.30908203125,434.21380615234375,556.2991943359375,542.99072265625
391,player,587,1,206.10360717773438,480.6910400390625,211.09852600097656,552.5308837890625
391,player,5,0,973.600341796875,594.6538696289062,684.0084228515625,976.0733642578125
391,player,520,1,525.3817138671875,383.5082092285156,514.2918701171875,349.99969482421875
391,player,582,0,293.8232116699219,486.2078857421875,273.80169677734375,602.5171508789062
391,player,527,0,998.481689453125,469.0898132324219,822.9295654296875,730.16259765625
391,player,579,1,938.7777099609375,459.9137878417969,789.1988525390625,685.4495849609375
392,player,550,1,622.0353393554688,433.972900390625,557.1593627929688,544.440673828125
392,player,1,1,859.871337890625,534.278076171875,656.0407104492188,842.6922607421875
392,player,532,1,745.9583740234375,399.9030456542969,693.3775634765625,474.420166015625
392,player,409,1,431.760498046875,358.9905700683594,445.02880859375,228.37347412109375
392,player,587,1,201.762451171875,483.85491943359375,208.81378173828125,560.2374267578125
392,player,582,0,293.9853515625,486.6553039550781,274.11474609375,603.443603515625
392,player,5,0,971.1506958007812,592.659423828125,683.0552978515625,974.3857421875
392,player,520,1,527.6278686523438,383.3434753417969,515.225341796875,351.50244140625
392,player,579,1,934.9227905273438,458.69000244140625,786.611572265625,689.2970581054688
392,player,605,-1,205.87158203125,370.3260192871094,222.1773681640625,199.2406768798828
393,player,550,1,624.6302490234375,434.55682373046875,558.3001098632812,546.2275390625
393,player,532,1,744.0617065429688,399.48779296875,693.4498291015625,474.9449462890625
393,player,1,1,861.3248291015625,534.1375122070312,656.1831665039062,843.51953125
393,player,582,0,294.01983642578125,486.733642578125,274.3214111328125,604.1194458007812
393,player,605,-1,203.93536376953125,373.8526306152344,221.3352508544922,204.09715270996094
393,player,5,0,968.08447265625,590.9537353515625,682.2332763671875,972.1211547851562
393,player,409,1,431.5145263671875,359.24237060546875,444.763427734375,228.68142700195312
393,player,607,-1,540.1177368164062,382.72515869140625,528.8116455078125,355.9654541015625
393,player,587,1,197.92172241210938,487.468017578125,206.1798858642578,568.23876953125
393,player,579,1,936.37060546875,460.8595886230469,784.4534912109375,693.802734375
394,player,550,1,627.875244140625,434.5112609863281,559.9805297851562,547.6549682617188
394,player,532,1,744.7315673828125,398.6829833984375,694.01171875,474.43927001953125
394,player,1,1,862.5803833007812,533.0833129882812,656.8714599609375,843.4324951171875
394,player,5,0,965.21435546875,589.070068359375,681.586181640625,969.3884887695312
394,player,587,1,193.72491455078125,491.5718078613281,203.22421264648438,576.8077392578125
394,player,607,-1,540.91943359375,382.3266296386719,529.179443359375,355.5446472167969
394,player,582,0,294.0020751953125,486.5827941894531,274.4625549316406,604.421142578125
394,player,605,-1,200.67996215820312,372.3855285644531,219.77484130859375,204.76919555664062
394,player,409,1,431.0594482421875,359.3375244140625,444.4150390625,228.96563720703125
394,player,527,0,985.1558837890625,460.47821044921875,821.173583984375,724.357666015625
395,player,550,1,630.9364013671875,434.71807861328125,561.88916015625,549.0872192382812
395,player,1,1,863.825439453125,531.5997924804688,658.036376953125,842.452880859375
395,player,532,1,745.5648193359375,397.81878662109375,694.96630859375,473.21014404296875
395,player,587,1,189.69027709960938,497.62548828125,200.06759643554688,587.447021484375
395,player,5,0,963.7460327148438,589.4027099609375,680.7570190429688,967.6986083984375
395,player,582,0,293.68841552734375,486.8131103515625,274.45318603515625,604.79736328125
395,player,409,1,430.40771484375,359.1372985839844,444.01434326171875,228.78280639648438
395,player,520,1,534.7422485351562,381.3330383300781,518.6563720703125,350.688232421875
395,player,605,-1,198.03057861328125,367.3517150878906,218.12353515625,197.5596466064453
395,player,579,1,936.36669921875,457.574462890625,784.3589477539062,693.885009765625
396,player,550,1,633.135498046875,435.4356994628906,563.5576782226562,550.9564208984375
396,player,1,1,863.4517211914062,532.1709594726562,658.5420532226562,842.18017578125
396,player,587,1,187.11215209960938,501.6242980957031,197.23634338378906,597.66162109375
396,player,532,1,747.1331176757812,397.7755432128906,696.0797119140625,472.52496337890625
396,player,582,0,293.55487060546875,486.7055969238281,274.41973876953125,604.9332885742188
396,player,520,1,536.48388671875,381.33782958984375,521.441650390625,350.357666015625
396,player,409,1,429.51336669921875,358.8431396484375,443.5190124511719,228.13084411621094
396,player,5,0,960.8992309570312,589.375732421875,679.6076049804688,966.3877563476562
396,player,579,1,933.6195068359375,456.6896667480469,783.9166259765625,692.9203491210938
396,player,605,-1,197.37771606445312,363.6305847167969,217.01657104492188,187.2645721435547
397,player,550,1,635.4837646484375,435.7994384765625,565.209716796875,552.7642211914062
397,player,1,1,862.0263671875,532.7623291015625,658.3641357421875,842.299072265625
397,player,587,1,184.34988403320312,503.1478271484375,194.63763427734375,605.3941040039062
397,player,532,1,749.8262939453125,397.4365234375,697.7540893554688,471.9720764160156
397,player,582,0,293.23773193359375,486.5756530761719,274.32342529296875,604.8765869140625
397,player,520,1,538.5746459960938,380.969970703125,524.02392578125,349.9009704589844
397,player,409,1,429.08209228515625,358.8247985839844,443.0552673339844,227.6292724609375
397,player,527,0,975.752685546875,475.1454162597656,811.607177734375,731.970458984375
397,player,579,1,930.8060302734375,465.44976806640625,779.4293212890625,699.5902099609375
397,player,5,0,959.0703125,587.9938354492188,678.8353881835938,964.6256103515625
398,player,550,1,637.838134765625,436.4322509765625,566.77685546875,554.802734375
398,player,1,1,862.15771484375,533.0478515625,658.1988525390625,842.5823364257812
398,player,587,1,182.78109741210938,504.1609191894531,192.51608276367188,611.1668701171875
398,player,527,0,980.5296630859375,473.9715881347656,807.0909423828125,736.3748779296875
398,player,532,1,752.4483642578125,397.1150817871094,699.7656860351562,471.5177917480469
398,player,582,0,292.87823486328125,486.3566589355469,274.1817321777344,604.6105346679688
398,player,520,1,539.5455932617188,380.051025390625,526.2735595703125,348.52728271484375
398,player,579,1,932.7090454101562,470.1925354003906,775.1898193359375,708.0804443359375
398,player,409,1,428.65008544921875,359.2901306152344,442.5008239746094,227.92764282226562
398,player,5,0,956.0855712890625,588.855712890625,677.4530639648438,963.76220703125
399,player,550,1,641.2415771484375,435.3673095703125,569.062255859375,555.380126953125
399,player,1,1,863.5735473632812,531.9943237304688,658.7268676757812,842.15234375
399,player,587,1,182.0498046875,504.29400634765625,190.94366455078125,614.97216796875
399,player,527,0,984.4666748046875,469.6415100097656,806.9185791015625,736.0269775390625
399,player,532,1,756.3453369140625,396.71466064453125,702.4164428710938,471.169921875
399,player,582,0,292.5035095214844,485.2347717285156,274.0750427246094,603.3899536132812
399,player,579,1,933.4857177734375,465.654052734375,774.3848876953125,709.8526611328125
399,player,520,1,540.36767578125,379.189697265625,528.2449951171875,346.61151123046875
399,player,409,1,428.51483154296875,359.6693420410156,442.0079345703125,228.65512084960938
399,player,5,0,953.9486083984375,590.0731201171875,675.7654418945312,963.7420654296875
400,player,550,1,644.7408447265625,434.1419372558594,571.8923950195312,554.8516235351562
400,player,532,1,760.69677734375,397.85296630859375,705.005859375,472.6982727050781
400,player,1,1,863.932373046875,528.7572021484375,660.0820922851562,839.6630249023438
400,player,587,1,181.05429077148438,502.82635498046875,189.6949920654297,616.0838012695312
400,player,527,0,983.64404296875,469.9703063964844,806.4586181640625,736.0009765625
400,player,582,0,292.1668701171875,485.6305236816406,273.8857727050781,602.9253540039062
400,player,617,-1,541.070556640625,378.1562805175781,533.3982543945312,339.443115234375
400,player,409,1,428.2107849121094,359.3870849609375,441.6492919921875,228.68301391601562
400,player,5,0,952.211181640625,586.372314453125,675.2808837890625,961.5047607421875
400,player,579,1,932.5601806640625,466.2005310058594,773.4058837890625,711.385986328125
401,player,550,1,647.1607666015625,432.4436950683594,574.9102172851562,553.0142822265625
401,player,532,1,761.7813110351562,398.0094299316406,706.955078125,473.98272705078125
401,player,587,1,178.85386657714844,499.7508850097656,188.37474060058594,613.9200439453125
401,player,1,1,864.5062866210938,526.739990234375,661.6829223632812,836.6836547851562
401,player,527,0,982.7149658203125,473.3402404785156,804.5628662109375,738.668212890625
401,player,582,0,291.49371337890625,486.1404724121094,273.5446472167969,603.0252685546875
401,player,617,-1,542.133544921875,379.88275146484375,533.2437744140625,341.79931640625
401,player,5,0,950.900390625,582.11083984375,675.830810546875,957.5073852539062
401,player,409,1,427.801513671875,359.3345031738281,441.289794921875,228.57640075683594
401,player,579,1,932.11865234375,464.8603515625,773.1726684570312,711.207763671875
402,player,550,1,649.7239990234375,431.1170959472656,577.9902954101562,550.7117309570312
402,player,532,1,761.6080322265625,397.43878173828125,708.3980712890625,474.14886474609375
402,player,1,1,864.9705810546875,526.093505859375,663.0224609375,834.330810546875
402,player,587,1,175.46002197265625,497.4732360839844,186.67149353027344,610.2032470703125
402,player,582,0,290.6177062988281,486.0959167480469,273.0927429199219,602.9728393554688
402,player,527,0,981.37548828125,474.15118408203125,802.6599731445312,740.9472045898438
402,player,617,-1,543.1334838867188,380.7112121582031,533.226318359375,344.50946044921875
402,player,5,0,948.376708984375,581.1841430664062,675.8859252929688,954.1943359375
402,player,409,1,427.8603515625,359.2422790527344,441.0970764160156,228.3802947998047
402,player,579,1,931.3175048828125,461.989013671875,773.929931640625,708.5684814453125
403,player,550,1,651.631591796875,430.752197265625,580.6460571289062,549.0257568359375
403,player,532,1,761.4921875,398.38201904296875,708.923583984375,475.31964111328125
403,player,587,1,171.5693359375,496.9474792480469,184.54864501953125,606.9818725585938
403,player,582,0,289.80584716796875,486.3575134277344,272.5630187988281,603.1036987304688
403,player,1,1,865.8212890625,518.0255737304688,666.4755249023438,827.1419677734375
403,player,520,1,539.589599609375,381.3856506347656,528.65283203125,348.11236572265625
403,player,527,0,976.5545654296875,469.6739807128906,801.9590454101562,738.339599609375
403,player,409,1,427.78076171875,359.9322509765625,440.7874755859375,229.24301147460938
403,player,5,0,946.0468139648438,579.0164184570312,675.9990234375,950.61328125
403,player,579,1,932.2469482421875,464.40032958984375,773.7261962890625,708.9964599609375
404,player,550,1,654.702392578125,429.4835205078125,583.6275024414062,546.9239501953125
404,player,532,1,762.930419921875,397.87139892578125,709.9051513671875,475.6488037109375
404,player,5,0,943.5535888671875,577.251953125,676.0038452148438,947.0744018554688
404,player,587,1,166.4230194091797,497.06951904296875,181.8088836669922,604.550537109375
404,player,582,0,289.01605224609375,486.7081298828125,271.98223876953125,603.4358520507812
404,player,617,-1,546.1822509765625,382.882568359375,533.5670776367188,349.3870544433594
404,player,1,1,867.4483642578125,515.0291137695312,670.0166625976562,820.4337768554688
404,player,527,0,978.1004028320312,467.9500427246094,802.603515625,735.3487548828125
404,player,409,1,425.65252685546875,360.2524108886719,439.794921875,230.0150604248047
404,player,579,1,934.54931640625,465.1017761230469,773.9290161132812,710.0732421875
405,player,532,1,765.083740234375,397.1415100097656,711.4896240234375,475.25408935546875
405,player,5,0,941.0452880859375,576.296875,675.713134765625,944.0335693359375
405,player,550,1,658.8428955078125,428.17822265625,587.1456909179688,544.613525390625
405,player,587,1,161.68930053710938,496.7983703613281,178.78253173828125,602.3171997070312
405,player,582,0,287.46875,486.3105773925781,271.2217712402344,603.15673828125
405,player,617,-1,547.43505859375,383.78216552734375,533.93017578125,353.83868408203125
405,player,1,1,867.859619140625,516.899658203125,671.8548583984375,817.4597778320312
405,player,527,0,980.869873046875,468.1594543457031,803.6627807617188,733.8199462890625
405,player,409,1,423.5605773925781,361.6509094238281,438.1307373046875,232.28533935546875
405,player,579,1,936.2728271484375,462.62457275390625,775.48681640625,708.8138427734375
406,player,532,1,766.0858154296875,396.5272216796875,713.0720825195312,474.39947509765625
406,player,550,1,663.6815185546875,427.0032043457031,591.182373046875,542.3663330078125
406,player,587,1,158.50927734375,497.1214904785156,175.97154235839844,600.8783569335938
406,player,5,0,937.8277587890625,576.9179077148438,674.6428833007812,942.1953125
406,player,582,0,285.733642578125,485.3758544921875,270.3330078125,601.9761962890625
406,player,617,-1,548.6519775390625,384.47174072265625,534.355712890625,357.739013671875
406,player,1,1,868.4093627929688,544.1842041015625,665.3277587890625,834.4102783203125
406,player,409,1,422.35467529296875,362.2861633300781,436.5022277832031,234.53073120117188
406,player,579,1,937.8997802734375,458.2040100097656,778.6881713867188,704.326904296875
406,player,600,-1,941.3023071289062,517.11962890625,726.0185546875,829.0161743164062
407,player,532,1,766.1573486328125,395.6893615722656,714.4623413085938,472.8905944824219
407,player,617,-1,549.8099365234375,384.95758056640625,534.8607177734375,361.01458740234375
407,player,587,1,154.2871856689453,497.56219482421875,173.02505493164062,599.9705810546875
407,player,1,1,869.901123046875,559.7638549804688,657.2332763671875,855.59033203125
407,player,5,0,934.4412841796875,578.8993530273438,672.6632080078125,941.9259033203125
407,player,582,0,284.4772644042969,485.30279541015625,269.425048828125,601.03173828125
407,player,550,1,669.8214111328125,425.5849914550781,596.0146484375,540.0313110351562
407,player,527,0,964.728759765625,459.4656066894531,803.6441040039062,724.05810546875
407,player,409,1,421.0120849609375,362.6750793457031,434.90667724609375,236.38946533203125
407,player,579,1,940.9686279296875,453.526611328125,783.4859619140625,697.58642578125
408,player,532,1,766.1033935546875,395.636474609375,715.37109375,471.84344482421875
408,player,5,0,932.1258544921875,578.2598266601562,671.0372924804688,941.2115478515625
408,player,617,1,552.048095703125,385.1709289550781,535.836669921875,363.6573486328125
408,player,626,-1,689.03759765625,424.12713623046875,622.1956176757812,536.73291015625
408,player,587,1,148.23052978515625,498.2690124511719,169.50595092773438,599.4863891601562
408,player,550,1,673.8228759765625,423.9988708496094,600.8074340820312,537.2489013671875
408,player,1,1,867.9560546875,534.6944580078125,658.3714599609375,852.79296875
408,player,582,0,282.2213134765625,485.08880615234375,268.2475891113281,600.0245971679688
408,player,579,1,939.547119140625,450.5150146484375,787.458251953125,690.40087890625
408,player,409,1,418.33135986328125,362.007568359375,433.11456298828125,236.32553100585938
409,player,532,1,766.0198974609375,396.2547912597656,715.6853637695312,471.8636474609375
409,player,5,0,931.4735107421875,575.8036499023438,670.4985961914062,939.2516479492188
409,player,587,1,142.5189971923828,496.8363037109375,165.7196502685547,597.394287109375
409,player,617,1,554.1231689453125,386.890625,536.634521484375,367.75958251953125
409,player,550,1,678.116455078125,423.9446716308594,605.185302734375,535.805419921875
409,player,579,1,939.2232666015625,450.5428466796875,789.9410400390625,685.725830078125
409,player,1,1,867.1629028320312,514.1337280273438,664.9502563476562,836.4332275390625
409,player,582,0,281.038330078125,484.8843994140625,267.1805725097656,599.0797119140625
409,player,615,-1,963.1549072265625,447.21490478515625,817.10986328125,674.7337036132812
409,player,409,1,415.60015869140625,361.6824645996094,431.1009521484375,235.49496459960938
410,player,5,0,929.027587890625,575.0570678710938,669.807861328125,937.361083984375
410,player,532,1,766.2332763671875,397.18963623046875,715.576171875,472.9683532714844
410,player,617,1,555.9576416015625,388.3910217285156,537.3024291992188,372.49456787109375
410,player,587,1,136.459716796875,498.10858154296875,161.65313720703125,596.6482543945312
410,player,550,1,680.699462890625,424.5685729980469,608.5829467773438,535.7727661132812
410,player,1,1,865.7651977539062,505.06903076171875,671.66796875,818.986083984375
410,player,527,0,947.5284423828125,449.2405090332031,803.254150390625,707.1913452148438
410,player,582,0,280.431396484375,485.42987060546875,266.2862548828125,598.9076538085938
410,player,409,1,414.02984619140625,361.74420166015625,429.249755859375,234.85894775390625
410,player,615,-1,962.7099609375,446.44866943359375,817.318115234375,674.0027465820312
411,player,5,0,925.694580078125,574.5479736328125,668.75634765625,935.59228515625
411,player,617,1,556.6553344726562,390.06085205078125,537.4805908203125,377.71392822265625
411,player,532,1,765.9295654296875,397.99896240234375,715.0867919921875,474.57733154296875
411,player,587,1,132.3321990966797,498.1542053222656,157.9202880859375,595.84619140625
411,player,527,0,947.8197021484375,448.5176696777344,803.3828125,695.6058349609375
411,player,550,1,684.3828125,424.8846435546875,611.7578735351562,536.442138671875
411,player,582,0,280.584716796875,483.9197998046875,265.8526916503906,597.4346923828125
411,player,1,1,863.3906860351562,512.9366455078125,673.0321655273438,813.2833251953125
411,player,409,1,412.51727294921875,361.9568786621094,427.4913330078125,234.5734100341797
411,player,615,-1,961.8756103515625,446.8388366699219,817.0586547851562,673.8032836914062
412,player,587,1,128.3679962158203,498.5480651855469,154.44781494140625,595.33349609375
412,player,532,1,766.388671875,398.61090087890625,714.66162109375,476.3663330078125
412,player,617,1,558.1725463867188,390.2243957519531,538.0250244140625,381.47161865234375
412,player,550,1,687.1341552734375,423.8186340332031,614.958251953125,536.0348510742188
412,player,5,0,922.4552612304688,570.9112548828125,668.335693359375,932.0338745117188
412,player,527,0,947.1441650390625,448.2718811035156,803.3861083984375,687.7928466796875
412,player,582,0,279.99053955078125,481.9261779785156,265.55303955078125,594.5985107421875
412,player,409,1,410.8772888183594,362.1592712402344,425.7529296875,234.4857940673828
412,player,1,1,862.80419921875,517.1396484375,672.512451171875,812.58349609375
413,player,617,1,559.2919921875,389.96844482421875,538.8024291992188,383.7194519042969
413,player,626,-1,696.4888916015625,425.5270690917969,623.9002075195312,538.9181518554688
413,player,532,1,766.8213500976562,400.2283935546875,713.8680419921875,479.40374755859375
413,player,5,0,921.4085693359375,571.1296997070312,667.7692260742188,929.7774658203125
413,player,622,-1,139.9735870361328,502.2011413574219,156.70523071289062,606.5125122070312
413,player,582,0,279.24505615234375,481.4381103515625,265.19244384765625,592.2396240234375
413,player,527,0,946.7117919921875,448.7889404296875,803.053955078125,683.1396484375
413,player,409,1,410.1210021972656,361.6919250488281,424.4677429199219,233.66708374023438
413,player,1,1,859.7894897460938,504.0936279296875,675.4024658203125,802.2634887695312
414,player,622,-1,140.6349334716797,502.82977294921875,156.87591552734375,607.1227416992188
414,player,5,0,919.79296875,568.0062866210938,667.889404296875,926.3056030273438
414,player,617,1,560.213134765625,389.3138427734375,539.78369140625,384.4720458984375
414,player,626,-1,696.4025268554688,421.2404479980469,626.3795776367188,535.8514404296875
414,player,532,1,766.3271484375,399.6591491699219,713.4306030273438,480.68438720703125
414,player,527,0,951.6824951171875,456.32098388671875,801.0570068359375,687.2294921875
414,player,582,0,278.6382141113281,480.47998046875,264.862548828125,589.768310546875
414,player,1,1,857.031982421875,495.6844177246094,679.232177734375,788.896728515625
415,player,622,-1,140.7301025390625,504.91455078125,157.00306701660156,609.354248046875
415,player,5,0,919.5689697265625,568.118408203125,667.8865966796875,924.100830078125
415,player,527,0,950.8172607421875,455.5772399902344,799.832275390625,689.16064453125
415,player,617,1,561.3514404296875,387.998291015625,541.1578369140625,383.454345703125
415,player,582,0,278.5512390136719,478.8807067871094,264.73822021484375,586.6718139648438
415,player,532,1,766.5062255859375,399.13702392578125,713.4094848632812,480.94464111328125
415,player,626,-1,700.2639770507812,419.7294921875,629.6162109375,532.64404296875
415,player,631,-1,408.22344970703125,362.8313293457031,419.5671081542969,236.18862915039062
416,player,527,0,951.0665283203125,453.56988525390625,799.9305419921875,688.6754150390625
416,player,622,-1,139.0678253173828,508.10675048828125,156.64134216308594,613.435546875
416,player,582,0,278.3624267578125,478.32220458984375,264.6461486816406,584.1224975585938
416,player,532,1,765.6815795898438,399.44744873046875,713.0222778320312,481.3797912597656
416,player,5,0,919.5550537109375,566.7254028320312,668.2627563476562,921.818603515625
416,player,617,1,562.466796875,386.47601318359375,542.8443603515625,381.0169677734375
416,player,626,-1,706.8443603515625,417.0851135253906,634.5341186523438,528.4003295898438
416,player,631,-1,406.46942138671875,361.9820861816406,419.1551818847656,234.76162719726562
417,player,527,0,952.237060546875,455.0579833984375,799.694580078125,689.7730102539062
417,player,582,0,278.12884521484375,477.71533203125,264.56634521484375,581.8785400390625
417,player,5,0,919.5926513671875,563.1383666992188,669.5044555664062,918.1373291015625
417,player,532,1,765.6260375976562,398.9635314941406,712.947509765625,481.10882568359375
417,player,622,-1,137.7305450439453,511.88165283203125,156.04885864257812,619.2161254882812
417,player,617,1,563.2645263671875,385.4729919433594,544.4859008789062,378.2633056640625
417,player,626,-1,714.3744506835938,414.3527526855469,640.8831176757812,523.4619140625
417,player,631,-1,403.9761962890625,361.5782165527344,418.1314697265625,232.957763671875
417,player,635,-1,937.722412109375,477.7853698730469,762.8491821289062,742.9210815429688
417,player,1,1,846.7348022460938,530.8013916015625,668.725341796875,805.1307373046875
418,player,527,0,953.4912109375,460.91558837890625,797.4859619140625,695.6770629882812
418,player,582,0,277.5826110839844,475.9041748046875,264.49560546875,578.6746215820312
418,player,532,1,767.4495849609375,400.41998291015625,712.8667602539062,482.7671813964844
418,player,617,1,563.287109375,385.5111999511719,545.548828125,376.5238037109375
418,player,622,-1,135.3014678955078,514.9432373046875,155.03237915039062,625.3685913085938
418,player,5,0,917.6473388671875,560.9075927734375,670.4907836914062,914.221923828125
418,player,626,-1,718.0301513671875,412.404296875,646.7709350585938,518.5111694335938
418,player,631,-1,401.45013427734375,363.97637939453125,416.121337890625,234.93299865722656
418,player,1,1,845.3638305664062,546.2186889648438,657.37158203125,826.0029907226562
419,player,532,1,767.9197998046875,403.8013000488281,711.6137084960938,487.67620849609375
419,player,527,0,952.5015869140625,462.7594909667969,795.0457763671875,701.00390625
419,player,582,0,277.2834167480469,475.5489807128906,264.3937072753906,576.2311401367188
419,player,5,0,915.3017578125,559.58984375,670.9664306640625,910.6849365234375
419,player,617,1,563.3673706054688,386.5282287597656,545.96728515625,376.67535400390625
419,player,622,-1,132.28927612304688,517.7083129882812,153.59796142578125,631.4418334960938
419,player,626,1,724.2255859375,411.0730285644531,652.9043579101562,514.4696655273438
419,player,1,1,844.0958251953125,553.7623291015625,647.71875,844.396484375
420,player,532,1,768.103271484375,407.0438232421875,709.5836181640625,494.46490478515625
420,player,527,0,951.9215698242188,461.13653564453125,793.9581298828125,703.0276489257812
420,player,582,0,277.5780029296875,474.7515563964844,264.4646911621094,573.9180908203125
420,player,622,1,130.33360290527344,523.4475708007812,152.16880798339844,639.9893188476562
420,player,5,0,911.2486572265625,560.6494140625,670.0610961914062,908.7501220703125
420,player,617,1,563.574951171875,387.3146057128906,546.0751953125,377.77734375
420,player,626,1,728.8807983398438,411.7693786621094,658.0191040039062,513.0695190429688
420,player,1,1,843.3090209960938,555.709716796875,640.7607421875,857.546142578125
420,player,631,-1,399.5047302246094,367.5408630371094,413.4444274902344,241.04519653320312
421,player,532,1,769.3968505859375,409.07171630859375,707.8612060546875,501.22314453125
421,player,527,0,951.17822265625,461.0528259277344,793.0875244140625,704.2055053710938
421,player,582,0,277.9058532714844,473.9479675292969,264.65802001953125,571.6848754882812
421,player,622,1,127.79902648925781,527.8998413085938,150.60537719726562,648.9710083007812
421,player,617,1,564.08935546875,388.54913330078125,545.947998046875,380.0826416015625
421,player,5,0,904.140869140625,562.3946533203125,667.3822631835938,908.0584106445312
421,player,409,1,395.7616882324219,368.5019836425781,417.4339599609375,241.13870239257812
421,player,626,1,730.4119873046875,411.9620056152344,661.7271118164062,512.5226440429688
421,player,1,1,842.5999755859375,555.8043823242188,636.0509643554688,866.1016235351562
422,player,532,1,770.22509765625,408.7396545410156,707.11572265625,505.33837890625
422,player,582,0,278.3630676269531,473.1864929199219,264.9635009765625,569.5531616210938
422,player,527,0,948.336669921875,456.42926025390625,793.6384887695312,700.7175903320312
422,player,5,0,892.5445556640625,556.960205078125,664.486328125,903.3568115234375
422,player,622,1,126.25534057617188,530.9573364257812,149.20794677734375,657.1491088867188
422,player,617,1,565.2302856445312,390.24615478515625,545.7315673828125,383.798583984375
422,player,409,1,395.6285400390625,369.292236328125,412.6630859375,247.08633422851562
422,player,626,1,736.0506591796875,417.29290771484375,663.886474609375,518.4481811523438
422,player,1,1,842.537353515625,554.29296875,633.3644409179688,870.6869506835938
423,player,5,0,889.3359375,552.395263671875,663.1217041015625,897.1566162109375
423,player,532,1,770.559814453125,403.9261169433594,708.6165161132812,502.75628662109375
423,player,582,0,278.7067565917969,474.2182922363281,265.18096923828125,569.1756591796875
423,player,622,1,125.45413208007812,533.4400024414062,148.10540771484375,664.3844604492188
423,player,617,1,567.5556640625,391.4781799316406,545.9614868164062,387.97467041015625
423,player,527,0,941.991455078125,454.2087097167969,793.2001953125,695.9342651367188
423,player,409,1,394.1600341796875,368.89874267578125,409.151123046875,250.23190307617188
423,player,626,1,739.4371948242188,419.7758483886719,665.396240234375,525.254638671875
424,player,532,1,770.3004760742188,398.7200927734375,711.5950927734375,495.21209716796875
424,player,582,0,278.3502197265625,474.1919860839844,265.2270812988281,568.8732299804688
424,player,5,0,880.5616455078125,549.7725219726562,660.9340209960938,890.782470703125
424,player,622,1,126.14942932128906,535.840087890625,147.5669403076172,671.0467529296875
424,player,409,1,392.919921875,369.0881652832031,406.419677734375,252.39828491210938
424,player,527,0,938.6746826171875,455.2577209472656,791.596923828125,693.4500732421875
424,player,617,1,569.16796875,391.3243408203125,546.6586303710938,390.67413330078125
424,player,626,1,741.4495849609375,415.6204528808594,668.4520874023438,525.4827880859375
425,player,5,0,871.8193359375,549.2490844726562,657.6334838867188,885.646484375
425,player,409,1,392.3470458984375,369.39984130859375,404.39385986328125,254.17623901367188
425,player,622,1,126.68949890136719,537.1395263671875,147.35330200195312,676.4447631835938
425,player,582,0,277.0830078125,473.71490478515625,264.9459533691406,568.1106567382812
425,player,532,1,771.2506103515625,399.50360107421875,713.5020141601562,491.2933654785156
425,player,527,0,933.97412109375,455.6286926269531,789.1427001953125,691.739501953125
425,player,617,1,570.9100341796875,390.9776611328125,547.7564697265625,392.19171142578125
425,player,626,1,743.9801025390625,418.888916015625,670.0025634765625,529.3441162109375
426,player,409,1,391.35125732421875,368.9364929199219,402.8356628417969,254.56820678710938
426,player,622,1,125.06819152832031,537.7697143554688,146.81491088867188,680.3187255859375
426,player,5,0,865.802978515625,548.71142578125,654.2410278320312,881.5079345703125
426,player,582,0,276.0430908203125,473.7960510253906,264.4737548828125,567.5977783203125
426,player,532,1,772.2803955078125,401.3718566894531,714.3008422851562,490.95477294921875
426,player,527,0,933.4667358398438,455.0104675292969,787.6602783203125,690.03857421875
426,player,626,1,743.5772094726562,418.64886474609375,670.9788818359375,531.5614624023438
426,player,617,1,573.2683715820312,391.66815185546875,549.0042724609375,394.2752685546875
427,player,5,0,859.531005859375,549.4083251953125,650.3953857421875,878.8029174804688
427,player,647,-1,100.4686279296875,537.1543579101562,128.40673828125,680.4884033203125
427,player,582,0,275.29046630859375,473.4023742675781,263.9894714355469,566.8231811523438
427,player,409,1,390.88775634765625,368.9527282714844,401.66571044921875,254.79208374023438
427,player,532,1,772.59765625,404.2605895996094,713.7640380859375,493.98626708984375
427,player,617,1,574.8013916015625,391.5607604980469,550.32470703125,395.6629638671875
427,player,626,1,743.1744995117188,416.8361511230469,672.1472778320312,531.0468139648438
427,player,646,-1,947.5478515625,447.5540771484375,804.568603515625,671.5411987304688
427,player,527,0,935.5462036132812,452.91302490234375,788.1067504882812,687.267333984375
428,player,5,0,853.004638671875,547.3136596679688,646.9427490234375,875.185302734375
428,player,582,0,274.3157043457031,473.2029113769531,263.4226989746094,566.0421142578125
428,player,532,1,774.2501831054688,405.6620178222656,713.3540649414062,497.6732177734375
428,player,409,1,390.3160400390625,369.1118469238281,400.6847839355469,255.09437561035156
428,player,617,1,575.99169921875,390.6042785644531,551.8360595703125,395.52349853515625
428,player,647,-1,100.04095458984375,536.7233276367188,128.29531860351562,680.113037109375
428,player,626,1,743.5400390625,417.5988464355469,672.739013671875,531.556396484375
428,player,646,-1,948.359619140625,442.2955322265625,807.0283203125,666.8281860351562
429,player,1,1,846.526123046875,545.1558227539062,634.9409790039062,867.99951171875
429,player,582,0,273.5235595703125,473.1040954589844,262.84490966796875,565.3688354492188
429,player,532,1,775.3988647460938,405.0840759277344,713.6590576171875,499.54974365234375
429,player,617,1,579.8951416015625,389.2734680175781,554.4349975585938,394.21942138671875
429,player,409,1,388.92413330078125,368.96612548828125,399.61260986328125,254.92562866210938
429,player,626,1,743.84326171875,417.44805908203125,673.2664184570312,531.7582397460938
429,player,647,-1,94.13265991210938,536.1220092773438,126.74830627441406,678.9166870117188
429,player,646,-1,947.068115234375,429.45391845703125,813.9199829101562,651.54931640625
429,player,527,0,931.4559326171875,451.843994140625,787.7276611328125,684.1466064453125
430,player,1,1,843.434814453125,545.0698852539062,635.2674560546875,865.9625244140625
430,player,532,1,776.1177368164062,405.8070068359375,713.7852172851562,501.6392822265625
430,player,582,0,272.78082275390625,472.8750915527344,262.282470703125,564.646240234375
430,player,626,1,744.488525390625,417.488037109375,673.7833862304688,531.9957275390625
430,player,617,1,582.6541748046875,389.3663330078125,556.9601440429688,393.78350830078125
430,player,409,1,387.93994140625,368.9570007324219,398.59039306640625,254.68923950195312
430,player,647,-1,90.33897399902344,536.2907104492188,124.80331420898438,677.967529296875
430,player,615,-1,950.917236328125,434.43426513671875,819.2892456054688,661.205322265625
430,player,527,0,923.145263671875,448.5859375,786.5548095703125,678.4412231445312
431,player,1,1,840.3261108398438,545.7503662109375,634.5742797851562,864.8546142578125
431,player,617,1,585.117919921875,390.3288269042969,559.0817260742188,394.9459228515625
431,player,582,0,272.4597473144531,472.8063049316406,261.8339538574219,564.08203125
431,player,409,1,387.5723876953125,368.97784423828125,397.7998046875,254.52224731445312
431,player,532,1,776.9130859375,410.6650085449219,712.1974487304688,508.3699951171875
431,player,626,1,744.8143920898438,417.14630126953125,674.337890625,531.82080078125
431,player,527,0,924.6376953125,454.0683898925781,783.9808349609375,679.769287109375
431,player,647,-1,84.76013946533203,537.3457641601562,122.17322540283203,677.7386474609375
431,player,615,-1,945.492919921875,446.173828125,814.1593627929688,663.3871459960938
432,player,1,1,837.5875854492188,547.2506103515625,633.0911254882812,864.9189453125
432,player,617,1,587.6920166015625,391.43255615234375,560.9306640625,397.324951171875
432,player,582,0,272.14385986328125,472.7688903808594,261.45867919921875,563.6510620117188
432,player,532,1,776.626953125,412.8038635253906,710.2532958984375,515.0138549804688
432,player,626,1,746.4147338867188,416.18743896484375,675.513671875,530.8489379882812
432,player,409,1,387.2125244140625,368.73504638671875,397.21234130859375,254.0313720703125
432,player,647,-1,82.62413787841797,537.6343383789062,119.93955993652344,677.6467895507812
432,player,527,0,920.5703735351562,460.37249755859375,778.7279052734375,685.7867431640625
432,player,650,-1,758.461181640625,421.2872314453125,682.4329833984375,547.7572021484375
432,player,615,-1,945.3011474609375,442.4313659667969,812.3641357421875,661.3707885742188
433,player,1,1,835.9863891601562,545.4161987304688,632.2357177734375,863.627685546875
433,player,582,0,271.19189453125,472.81707763671875,260.95123291015625,563.3304443359375
433,player,617,1,589.257568359375,392.7689514160156,562.2166748046875,400.660888671875
433,player,532,1,775.6156005859375,414.735595703125,707.951904296875,521.2901000976562
433,player,409,1,386.39813232421875,368.09564208984375,396.6808166503906,252.71890258789062
433,player,527,0,921.0799560546875,463.5197448730469,774.2294921875,692.4525146484375
433,player,622,1,87.85684967041016,538.3916015625,137.26693725585938,680.3427734375
433,player,626,1,748.6799926757812,416.6148986816406,676.7855224609375,530.8963012695312
433,player,615,-1,942.5484008789062,441.786376953125,810.716796875,659.212158203125
434,player,582,0,267.98089599609375,472.8988342285156,259.7381286621094,562.90869140625
434,player,1,1,830.8306274414062,536.2337036132812,632.9098510742188,856.21630859375
434,player,617,1,590.9786376953125,394.2325134277344,563.146240234375,404.7781982421875
434,player,622,1,81.13329315185547,538.0320434570312,129.38888549804688,679.5345458984375
434,player,409,1,385.1546936035156,368.4964904785156,395.84564208984375,252.2855987548828
434,player,527,0,922.264892578125,463.40478515625,771.6639404296875,696.7914428710938
434,player,650,-1,757.1674194335938,415.50341796875,684.1756591796875,541.5511474609375
434,player,532,1,775.218994140625,415.2677917480469,706.136962890625,525.8947143554688
434,player,5,0,852.4766235351562,522.8062133789062,651.386962890625,856.059326171875
434,player,615,0,939.861328125,445.9038391113281,807.1640625,661.3311157226562
435,player,582,0,264.90277099609375,472.954345703125,258.10443115234375,562.4083251953125
435,player,1,1,830.0142822265625,526.2942504882812,635.8668212890625,844.43603515625
435,player,622,1,82.44841003417969,538.439453125,124.60199737548828,679.4368896484375
435,player,617,1,592.49853515625,394.9479064941406,564.005859375,408.4747619628906
435,player,626,1,755.1775512695312,413.950927734375,680.4967041015625,528.7373046875
435,player,527,0,922.174072265625,462.18634033203125,770.4437255859375,698.558349609375
435,player,409,1,383.78900146484375,369.81158447265625,394.60247802734375,253.68984985351562
435,player,532,1,774.9849853515625,413.994384765625,705.3746948242188,527.5115356445312
435,player,615,0,939.0303344726562,449.8496398925781,802.98388671875,666.1928100585938
435,player,664,-1,805.8461303710938,624.3649291992188,559.8985595703125,988.6555786132812
436,player,582,0,262.0375671386719,473.0343322753906,256.2539978027344,561.8994140625
436,player,1,1,826.49365234375,520.0512084960938,638.6822509765625,832.0516967773438
436,player,617,1,593.2884521484375,395.47113037109375,564.6514892578125,411.58770751953125
436,player,626,1,756.9249267578125,413.1814880371094,683.7094116210938,526.6843872070312
436,player,622,1,87.37450408935547,538.5867309570312,122.71259307861328,679.8848876953125
436,player,409,1,381.3421630859375,374.7137451171875,392.0870666503906,261.105224609375
436,player,527,0,923.003662109375,461.6031494140625,770.0975341796875,699.2783813476562
436,player,532,1,771.8768310546875,415.5829162597656,703.3642578125,529.93994140625
437,player,1,1,824.0587158203125,516.8229370117188,640.8314819335938,821.4700927734375
437,player,582,0,257.44781494140625,472.853759765625,253.80743408203125,560.9801635742188
437,player,409,1,376.61773681640625,377.5162353515625,388.40618896484375,269.20489501953125
437,player,617,1,594.478515625,395.71636962890625,565.3649291992188,414.0303039550781
437,player,626,1,759.2528686523438,413.2929992675781,686.4408569335938,525.7026977539062
437,player,622,1,90.59774780273438,536.8958740234375,122.25430297851562,679.097900390625
437,player,527,0,927.697509765625,456.7882080078125,773.0200805664062,695.982421875
437,player,532,1,769.8967895507812,415.8469543457031,701.3785400390625,531.60107421875
438,player,1,1,824.0484619140625,516.0099487304688,642.456787109375,813.9983520507812
438,player,582,0,251.90509033203125,472.13604736328125,250.74337768554688,559.193115234375
438,player,409,1,374.6881103515625,377.6364440917969,385.36248779296875,274.4140319824219
438,player,626,1,759.9598388671875,413.7098083496094,688.2680053710938,525.5816650390625
438,player,617,1,596.1918334960938,395.8813171386719,566.3076782226562,415.996337890625
438,player,622,1,89.2203369140625,537.444580078125,121.6240005493164,678.91015625
438,player,527,0,930.2664794921875,451.7900390625,777.6217041015625,689.6557006835938
438,player,532,1,769.5794677734375,416.21026611328125,699.8582763671875,533.0335693359375
439,player,1,1,825.2764892578125,515.5817260742188,643.9354858398438,808.9268798828125
439,player,582,0,244.86764526367188,472.00701904296875,246.82997131347656,557.2677612304688
439,player,622,1,82.33248901367188,539.6753540039062,119.55036926269531,679.9962158203125
439,player,626,1,759.7685546875,414.60955810546875,689.0631713867188,526.44482421875
439,player,617,1,597.4874267578125,396.3732604980469,567.1715087890625,417.9975280761719
439,player,409,1,372.99176025390625,377.6936950683594,382.8201904296875,277.68548583984375
439,player,615,0,934.2471923828125,440.88262939453125,802.7196044921875,660.7427978515625
440,player,1,1,820.7955322265625,515.0884399414062,643.9402465820312,804.9110717773438
440,player,582,0,240.16656494140625,472.29852294921875,242.98101806640625,555.8681640625
440,player,622,1,75.8982925415039,545.66064453125,116.7436752319336,684.857421875
440,player,617,1,598.888671875,397.36102294921875,567.866455078125,420.6192626953125
440,player,626,1,760.3565673828125,422.2588806152344,686.9389038085938,535.097412109375
440,player,409,1,368.92181396484375,377.7039489746094,379.8366394042969,279.36505126953125
440,player,527,0,920.9190063476562,456.245361328125,776.3078002929688,688.644287109375
441,player,5,0,832.1864013671875,515.2767944335938,651.5179443359375,836.595703125
441,player,582,0,236.4149932861328,472.49163818359375,239.4403076171875,554.802490234375
441,player,622,1,73.548828125,551.7395629882812,114.48050689697266,692.4860229492188
441,player,409,1,366.66241455078125,377.4178771972656,377.2073059082031,279.812744140625
441,player,617,1,599.9801635742188,397.8284912109375,568.5127563476562,422.99169921875
441,player,626,1,759.6507568359375,421.94708251953125,685.4669799804688,540.32958984375
441,player,527,0,925.9049072265625,450.3179016113281,779.1761474609375,683.174560546875
442,player,5,0,827.826171875,516.2835083007812,650.248291015625,824.3310546875
442,player,582,0,233.675537109375,472.5683288574219,236.3837890625,553.9342041015625
442,player,622,1,73.19634246826172,558.5209350585938,113.07402038574219,702.5053100585938
442,player,617,1,602.515869140625,398.2309875488281,569.58984375,425.276123046875
442,player,626,1,760.320556640625,419.7480163574219,685.5052490234375,541.5086669921875
442,player,667,-1,588.8880004882812,396.63079833984375,560.9835815429688,419.9913024902344
442,player,409,1,367.387451171875,377.3350830078125,375.7492370605469,280.073486328125
442,player,665,-1,921.2373046875,450.91461181640625,780.1975708007812,673.3346557617188
443,player,622,1,73.34208679199219,562.0183715820312,112.27073669433594,711.6111450195312
443,player,582,0,230.4214630126953,472.40289306640625,233.51284790039062,552.914794921875
443,player,617,1,600.6459350585938,398.8007507324219,569.5444946289062,427.23583984375
443,player,409,1,366.78619384765625,377.3481750488281,374.6026611328125,280.19256591796875
443,player,667,-1,588.6257934570312,397.53436279296875,560.6358642578125,421.037841796875
443,player,5,0,824.5003662109375,516.12841796875,648.6544799804688,815.9805908203125
443,player,527,0,939.9534301757812,429.34014892578125,793.8660278320312,661.3885498046875
443,player,626,1,763.5723266601562,416.99127197265625,687.4937744140625,539.7020874023438
444,player,622,1,72.44729614257812,566.736572265625,111.63782501220703,720.9007568359375
444,player,582,0,227.21173095703125,471.94366455078125,230.78794860839844,551.51806640625
444,player,5,0,822.7398681640625,515.0762329101562,647.4871826171875,809.642578125
444,player,617,1,599.1942138671875,399.7829895019531,568.7760009765625,429.51165771484375
444,player,615,0,928.0621337890625,428.1317443847656,806.3558349609375,644.502685546875
444,player,409,1,365.8110046386719,377.12030029296875,373.5767822265625,279.8497314453125
444,player,667,-1,589.097412109375,398.7169494628906,560.2067260742188,423.1677551269531
444,player,676,-1,889.8797607421875,456.5735168457031,749.6763916015625,679.6361083984375
444,player,677,-1,912.4080200195312,444.67559814453125,780.557861328125,654.8603515625
445,player,622,1,71.8743896484375,570.5684204101562,111.17385864257812,729.6522827148438
445,player,582,0,224.7215118408203,472.1168212890625,228.32476806640625,550.550048828125
445,player,681,-1,768.2944946289062,525.7288818359375,599.2859497070312,807.5795288085938
445,player,617,1,595.9749145507812,400.175537109375,567.1748046875,431.11376953125
445,player,615,0,925.549560546875,426.106201171875,808.9080810546875,631.7252197265625
445,player,409,1,360.27313232421875,376.56072998046875,371.1895751953125,278.2357177734375
445,player,1,1,793.1727294921875,464.91571044921875,652.103271484375,759.7691650390625
445,player,676,-1,881.002197265625,456.10845947265625,747.4634399414062,678.4266357421875
445,player,667,-1,588.2283935546875,398.8014831542969,559.6362915039062,424.5605773925781
445,player,5,0,813.246826171875,517.6875610351562,643.672607421875,806.6724243164062
446,player,582,0,222.89791870117188,472.3658447265625,226.21157836914062,549.9945068359375
446,player,681,-1,763.2396240234375,526.9047241210938,597.768310546875,808.0230712890625
446,player,622,1,70.86029815673828,572.9444580078125,110.68540954589844,736.9576416015625
446,player,676,-1,877.0537109375,456.7974853515625,744.7034912109375,677.896240234375
446,player,1,1,789.6683959960938,457.7008972167969,658.832763671875,723.7084350585938
446,player,617,1,593.1314086914062,400.94781494140625,565.0372314453125,432.761474609375
446,player,409,1,357.4430236816406,373.7451171875,369.17047119140625,272.9958190917969
446,player,665,-1,925.052001953125,422.7595520019531,793.2622680664062,647.1097412109375
446,player,5,0,810.9784545898438,518.1785888671875,640.50341796875,804.9185180664062
447,player,582,0,221.56295776367188,472.5632629394531,224.4626922607422,549.7018432617188
447,player,681,-1,753.8255615234375,524.5944213867188,595.0845947265625,805.913330078125
447,player,676,-1,875.021240234375,456.68798828125,742.4035034179688,677.2718505859375
447,player,622,1,65.18461608886719,574.55810546875,109.0743408203125,742.42333984375
447,player,617,1,595.273193359375,401.3134765625,564.1942138671875,434.48345947265625
447,player,409,1,355.67535400390625,373.8166198730469,367.26336669921875,269.48626708984375
447,player,5,0,808.3511962890625,515.138427734375,638.6466064453125,801.3465576171875
447,player,1,1,787.11572265625,475.4217224121094,656.85107421875,715.4934692382812
447,player,615,0,919.9056396484375,418.37762451171875,812.4351806640625,615.1640014648438
447,player,686,-1,605.745849609375,368.4293518066406,602.0452270507812,323.5788879394531
448,player,582,0,220.89476013183594,472.5732727050781,223.14208984375,549.4603881835938
448,player,681,-1,746.92138671875,523.2070922851562,592.0104370117188,802.9937133789062
448,player,409,1,354.59381103515625,374.72283935546875,365.52020263671875,268.3320007324219
448,player,693,-1,50.11846923828125,574.4027709960938,95.98626708984375,749.0264282226562
448,player,676,-1,871.5255126953125,456.54864501953125,740.019287109375,676.42822265625
448,player,617,1,597.6441650390625,400.6401672363281,564.5692138671875,435.064208984375
448,player,5,0,805.3258056640625,514.1636352539062,636.9693603515625,798.064697265625
448,player,677,-1,927.8629760742188,436.01226806640625,788.4566650390625,648.2225341796875
448,player,686,-1,606.5256958007812,369.1169128417969,602.0621337890625,324.58551025390625
448,player,626,1,767.5003051757812,380.96026611328125,704.429931640625,498.0365905761719
449,player,681,-1,740.5255126953125,523.4380493164062,588.4014892578125,800.7574462890625
449,player,582,0,219.66053771972656,472.35833740234375,221.95437622070312,548.984130859375
449,player,676,-1,869.3073120117188,457.139404296875,737.6534423828125,676.204345703125
449,player,409,1,353.6141662597656,374.97607421875,364.0238952636719,267.8184814453125
449,player,693,-1,47.546234130859375,574.0068969726562,95.37135314941406,748.5517578125
449,player,617,1,598.4304809570312,398.6376647949219,565.650634765625,433.1730651855469
449,player,677,-1,926.7569580078125,433.61474609375,794.3169555664062,641.52685546875
449,player,690,-1,607.5164794921875,325.1180419921875,651.095458984375,141.43182373046875
449,player,626,1,767.8483276367188,381.16229248046875,715.4600830078125,471.23834228515625
450,player,582,0,217.64486694335938,471.8736572265625,220.64968872070312,548.0234375
450,player,681,-1,737.039794921875,524.4127197265625,584.9713134765625,799.7344970703125
450,player,617,1,601.533935546875,399.7439880371094,566.97265625,433.57037353515625
450,player,409,1,352.322021484375,374.9494323730469,362.63037109375,267.3004455566406
450,player,693,-1,45.483665466308594,574.1150512695312,94.49111938476562,748.1650390625
450,player,676,-1,867.973876953125,458.4270935058594,735.282470703125,677.0775146484375
450,player,677,-1,923.1793212890625,438.97802734375,794.83642578125,641.907958984375
450,player,626,1,768.8675537109375,377.65966796875,724.4786376953125,449.62652587890625
450,ball,-1,-1,1003.841552734375,366.9875183105469,1107.6295166015625,273.9040222167969
451,player,582,0,215.82911682128906,471.5252380371094,219.3171844482422,546.8966674804688
451,player,681,-1,734.9168701171875,525.49755859375,581.964111328125,799.6859130859375
451,player,617,1,604.3570556640625,401.78277587890625,568.0828247070312,436.50390625
451,player,409,1,350.4615478515625,375.1638488769531,361.0782775878906,267.04638671875
451,player,693,-1,43.68785858154297,576.189697265625,93.56280517578125,749.2496337890625
451,player,676,0,875.318603515625,456.0296936035156,736.60595703125,676.182373046875
451,player,677,-1,905.685791015625,448.71221923828125,786.3717651367188,649.5081787109375
451,ball,-1,-1,1003.7366943359375,367.08544921875,1096.54833984375,287.6676330566406
452,player,582,0,214.6961212158203,471.6878356933594,218.13265991210938,546.218017578125
452,player,409,1,348.66717529296875,375.8729553222656,359.36773681640625,267.651123046875
452,player,617,1,605.7701416015625,404.99884033203125,568.2757568359375,442.2702331542969
452,player,681,0,734.993408203125,525.2949829101562,580.076904296875,799.51416015625
452,player,676,0,875.2704467773438,454.2645568847656,738.115966796875,674.0231323242188
452,player,677,-1,904.144775390625,443.68414306640625,782.4721069335938,649.7068481445312
452,player,622,1,42.53074645996094,575.420166015625,102.74685668945312,744.88623046875
452,ball,-1,-1,1003.6723022460938,367.2572937011719,1086.32470703125,300.3766784667969
453,player,582,0,213.44769287109375,471.6623229980469,217.02040100097656,545.6383056640625
453,player,617,1,606.483154296875,407.5623779296875,567.8602294921875,449.01617431640625
453,player,409,1,347.842041015625,376.52325439453125,357.8833923339844,268.8415832519531
453,player,681,0,730.649658203125,524.8838500976562,577.8963623046875,798.7626342773438
453,player,677,-1,906.3917236328125,437.4949645996094,783.103271484375,644.263671875
453,player,676,0,867.2039184570312,454.24853515625,736.92236328125,671.8763427734375
453,player,702,-1,786.8826293945312,468.5646667480469,659.13671875,683.4227905273438
453,player,622,1,38.95137023925781,574.4473266601562,97.76358032226562,745.5274658203125
453,ball,-1,-1,1003.580078125,367.18267822265625,1076.9228515625,312.0457763671875
454,player,582,0,211.05291748046875,471.81982421875,215.6324462890625,545.1952514648438
454,player,617,1,607.2568359375,408.8326416015625,567.4503784179688,454.9180603027344
454,player,409,1,347.067138671875,377.58123779296875,356.50054931640625,270.9724426269531
454,player,681,0,720.3994140625,523.7484741210938,574.2611083984375,796.6397094726562
454,player,677,-1,905.9185791015625,436.666748046875,783.7274169921875,639.8975830078125
454,player,5,0,778.6001586914062,486.4548034667969,637.0958251953125,772.2463989257812
454,player,622,1,33.38638687133789,571.7118530273438,93.12232971191406,743.56982421875
454,player,676,0,858.23681640625,454.0535888671875,733.7923583984375,669.4951171875
454,player,702,-1,785.525634765625,471.7117614746094,657.7857666015625,686.0133056640625
454,ball,-1,-1,1003.188232421875,366.98974609375,1068.2720947265625,322.7174072265625
455,player,582,0,209.33831787109375,471.63348388671875,214.2659454345703,544.5704345703125
455,player,681,0,723.477783203125,521.614013671875,573.1575317382812,793.9456787109375
455,player,617,1,608.202880859375,408.4175720214844,567.5899658203125,458.38238525390625
455,player,409,1,345.3001708984375,378.080078125,354.94683837890625,272.83636474609375
455,player,677,-1,905.3994140625,440.82177734375,782.2679443359375,640.9187622070312
455,player,676,0,856.2135620117188,452.763916015625,731.6854858398438,666.602783203125
455,player,5,0,778.3177490234375,489.13525390625,636.3203125,757.6139526367188
455,player,622,1,30.099361419677734,574.2074584960938,89.42208099365234,743.8350830078125
455,ball,-1,-1,1002.3906860351562,367.0595703125,1060.2459716796875,332.5347900390625
456,player,582,0,208.0323486328125,471.77825927734375,213.01284790039062,544.1851806640625
456,player,409,1,342.80731201171875,378.1947021484375,353.1041564941406,273.9212951660156
456,player,617,1,609.9119873046875,406.19189453125,568.853271484375,458.28314208984375
456,player,681,0,726.538818359375,521.8668212890625,573.125732421875,792.6228637695312
456,player,677,-1,904.1158447265625,442.7243347167969,780.1869506835938,643.2330322265625
456,player,622,1,31.465415954589844,574.5575561523438,87.35017395019531,744.3597412109375
456,player,5,0,773.9608764648438,490.2076110839844,634.3893432617188,748.5994873046875
457,player,582,0,206.9434356689453,471.8631286621094,211.89556884765625,543.91748046875
457,player,409,1,340.4725341796875,379.5167541503906,350.94573974609375,276.1564025878906
457,player,681,0,722.519287109375,521.9165649414062,572.1132202148438,791.4800415039062
457,player,617,1,613.13134765625,407.0533142089844,570.388671875,459.5302734375
457,player,622,1,32.709625244140625,573.74267578125,86.2664566040039,744.2135009765625
457,player,677,-1,903.0380859375,444.4205017089844,777.8496704101562,646.2052001953125
457,player,676,0,853.627685546875,454.8657531738281,728.843017578125,666.3792724609375
457,player,5,0,770.9356079101562,489.4956970214844,632.564697265625,741.9108276367188
458,player,681,0,717.4511108398438,523.2214965820312,569.9097900390625,791.2885131835938
458,player,409,1,338.3722229003906,380.442626953125,348.7216491699219,278.62322998046875
458,player,617,1,615.3323364257812,408.09765625,571.7376098632812,461.74993896484375
458,player,622,1,31.195470809936523,573.4165649414062,85.19459533691406,743.771484375
458,player,582,0,202.67178344726562,471.26593017578125,210.01536560058594,542.7745361328125
458,player,677,-1,901.1990966796875,444.54730224609375,775.7744140625,648.0845336914062
458,player,676,0,853.12060546875,456.71307373046875,726.1859130859375,667.838623046875
458,player,5,0,767.8582763671875,487.0686340332031,631.2886962890625,735.3341674804688
458,ball,-1,-1,1001.084716796875,366.85858154296875,1052.7957763671875,341.4775085449219
459,player,617,1,617.5394287109375,408.1622619628906,573.2584228515625,463.4920654296875
459,player,681,0,711.6368408203125,524.389404296875,566.7889404296875,791.5543823242188
459,player,582,0,197.99066162109375,471.548583984375,207.494140625,541.8780517578125
459,player,409,1,336.2358703613281,381.5896301269531,346.4143371582031,281.52984619140625
459,player,622,1,30.428991317749023,573.5120239257812,84.32119750976562,743.49462890625
459,player,677,-1,901.5628662109375,441.9474182128906,775.5791015625,646.93310546875
459,player,676,0,853.4454345703125,456.92352294921875,724.469970703125,669.0037231445312
460,player,582,0,193.93014526367188,472.06622314453125,204.720703125,541.4263916015625
460,player,617,1,621.56103515625,408.54443359375,575.3400268554688,465.46759033203125
460,player,622,1,31.857208251953125,573.3125610351562,84.08197784423828,743.27978515625
460,player,409,1,335.12078857421875,382.066162109375,344.48394775390625,283.9331970214844
460,player,677,-1,902.44140625,438.0787658691406,777.2830810546875,642.6425170898438
460,player,681,0,705.8421630859375,523.6403198242188,563.5253295898438,790.72216796875
460,player,676,0,853.0587158203125,456.1962585449219,723.5143432617188,669.0783081054688
460,player,719,-1,832.1180419921875,455.8376770019531,705.9464721679688,662.9031372070312
460,player,5,0,765.335205078125,488.09979248046875,629.513427734375,731.68408203125
461,player,582,0,189.08396911621094,471.70806884765625,201.59417724609375,540.3424072265625
461,player,622,1,32.302616119384766,572.4601440429688,84.00072479248047,742.563720703125
461,player,617,1,622.3550415039062,409.4421691894531,576.660888671875,467.84228515625
461,player,677,-1,902.513671875,433.8558349609375,780.1715698242188,635.8445434570312
461,player,409,1,334.86651611328125,382.55120849609375,343.07733154296875,286.1163024902344
461,player,5,0,758.4957275390625,489.8802795410156,626.097412109375,730.1756591796875
461,player,676,0,850.4901123046875,455.99761962890625,722.2720947265625,668.7179565429688
461,player,681,0,698.5641479492188,522.7704467773438,559.8314819335938,788.967041015625
461,player,711,-1,790.0078125,452.8111877441406,676.2638549804688,644.1450805664062
461,player,650,-1,780.813232421875,406.51226806640625,695.739501953125,530.1920166015625
462,player,622,1,30.413650512695312,573.2141723632812,83.53074645996094,742.4954833984375
462,player,617,1,621.3060302734375,410.17852783203125,576.984375,470.1039733886719
462,player,582,0,185.38059997558594,471.5260009765625,198.54638671875,539.1220703125
462,player,677,1,901.3400268554688,431.5650329589844,782.686279296875,629.109130859375
462,player,5,0,749.230712890625,498.3744812011719,619.1716918945312,735.1942138671875
462,player,409,1,334.8839111328125,382.9962158203125,342.105224609375,288.1319580078125
462,player,711,-1,791.2615356445312,454.79254150390625,675.9384765625,646.06689453125
462,player,676,0,842.857177734375,455.5485534667969,719.564697265625,667.3931884765625
462,player,681,0,686.6773071289062,521.7132568359375,554.768798828125,786.102783203125
463,player,617,1,620.2313842773438,410.7769775390625,576.6945190429688,472.13360595703125
463,player,622,1,30.019994735717773,573.3499755859375,83.13765716552734,742.5185546875
463,player,409,1,333.9427490234375,382.6633605957031,341.2156982421875,288.8919677734375
463,player,677,1,898.3811645507812,431.8690490722656,783.3609619140625,624.7444458007812
463,player,582,0,181.19403076171875,470.6847229003906,195.43197631835938,537.1251220703125
463,player,676,0,842.79931640625,454.91229248046875,718.0181884765625,665.9559326171875
463,player,711,-1,789.3047485351562,455.5473937988281,674.9430541992188,647.8238525390625
463,player,5,0,742.52490234375,504.95196533203125,611.233642578125,743.0252685546875
464,player,617,1,618.6876220703125,411.394775390625,575.861328125,473.98492431640625
464,player,677,1,895.9385986328125,433.77227783203125,782.3165283203125,623.510009765625
464,player,409,1,333.9331359863281,382.76934814453125,340.61932373046875,289.526611328125
464,player,622,1,29.897836685180664,572.6590576171875,82.82815551757812,742.0299072265625
464,player,582,0,176.23292541503906,468.60968017578125,192.08404541015625,533.3353881835938
464,player,676,0,840.6123046875,453.8271789550781,716.8115234375,663.8468017578125
464,player,5,0,739.43701171875,509.5577697753906,604.1109008789062,751.3873291015625
464,player,711,-1,790.1502685546875,456.0750732421875,674.349365234375,649.5205078125
465,player,617,1,616.360595703125,411.635498046875,574.5538940429688,475.2198181152344
465,player,677,1,896.128662109375,433.149658203125,781.950927734375,622.1270141601562
465,player,409,1,334.5175476074219,382.6821594238281,340.43353271484375,289.8880615234375
465,player,582,0,169.068603515625,468.44659423828125,187.92361450195312,530.05078125
465,player,622,1,29.34099578857422,572.289306640625,82.4822998046875,741.4051513671875
465,player,5,0,735.3851318359375,508.4302062988281,598.7621459960938,755.6343994140625
465,player,711,-1,787.8436279296875,458.0177917480469,672.6947021484375,652.167236328125
465,player,719,-1,830.3770751953125,451.55322265625,707.0001831054688,658.8692016601562
466,player,582,0,164.16903686523438,466.63067626953125,183.88943481445312,525.6631469726562
466,player,617,1,613.7132568359375,410.3727722167969,573.284912109375,474.34234619140625
466,player,409,1,334.1112060546875,383.0481872558594,340.1290283203125,290.56646728515625
466,player,677,1,895.768798828125,431.608642578125,782.2583618164062,619.7063598632812
466,player,622,1,27.407991409301758,573.0398559570312,81.8304672241211,741.3909912109375
466,player,5,0,734.979248046875,507.39093017578125,595.450439453125,757.5675048828125
466,player,676,0,829.843505859375,450.2308349609375,714.39208984375,658.2249755859375
466,player,681,0,668.75439453125,517.3916625976562,548.0458984375,779.5888671875
466,player,711,-1,784.5064697265625,456.7939758300781,671.1199951171875,652.483154296875
467,player,617,1,612.508056640625,409.5140380859375,572.3521728515625,472.6851501464844
467,player,582,0,161.2230682373047,467.24664306640625,180.43710327148438,523.1507568359375
467,player,409,1,332.72900390625,383.21612548828125,339.45965576171875,291.0768737792969
467,player,693,-1,18.072708129882812,575.2098999023438,86.92464447021484,747.336669921875
467,player,681,0,663.8934936523438,515.6550903320312,542.8607788085938,773.654296875
467,player,5,0,736.67333984375,502.23779296875,595.0569458007812,754.983642578125
467,player,677,1,895.8382568359375,431.00433349609375,782.7320556640625,617.5537719726562
467,player,711,-1,782.12841796875,455.7189636230469,669.8062744140625,651.49951171875
467,ball,-1,-1,1005.06494140625,363.97760009765625,1046.639404296875,348.9923095703125
468,player,409,1,331.44500732421875,383.6672668457031,338.54559326171875,291.8665466308594
468,player,617,1,612.119873046875,409.541015625,571.6215209960938,471.5986328125
468,player,681,0,655.984130859375,513.37744140625,538.0328369140625,767.4261474609375
468,player,677,1,894.8916625976562,430.86846923828125,782.8307495117188,615.9327392578125
468,player,5,0,738.1215209960938,496.8541564941406,596.5899658203125,749.1937255859375
468,player,676,0,830.3089599609375,446.3968505859375,714.337890625,651.0750122070312
468,player,693,-1,17.20952033996582,576.181640625,82.44705200195312,746.7197875976562
468,player,582,0,160.15274047851562,467.50482177734375,177.89138793945312,521.675048828125
468,player,711,-1,777.267578125,452.5469055175781,668.677978515625,647.5202026367188
468,ball,-1,-1,1004.9791259765625,363.35150146484375,1041.0589599609375,355.72576904296875
469,player,409,1,330.55804443359375,383.4855041503906,337.689697265625,292.0383605957031
469,player,676,0,825.6434326171875,449.53302001953125,711.886962890625,648.898193359375
469,player,5,0,737.095703125,496.1075134277344,597.5255126953125,744.7518310546875
469,player,617,1,612.433349609375,409.5854797363281,571.2274780273438,470.97442626953125
469,player,677,1,885.4664306640625,430.3212585449219,780.46826171875,613.44970703125
469,player,681,0,650.12744140625,512.8743896484375,533.5496826171875,762.517822265625
469,player,582,0,153.4852294921875,466.0999450683594,174.39703369140625,518.6991577148438
469,player,711,-1,772.8201904296875,442.6029968261719,670.0651245117188,635.2072143554688
469,ball,-1,-1,1004.9111328125,363.558837890625,1035.8902587890625,361.9778137207031
470,player,409,1,329.1966552734375,383.82122802734375,336.6462097167969,292.44525146484375
470,player,676,0,821.591552734375,450.5959777832031,708.806396484375,648.0885620117188
470,player,677,1,886.3218994140625,431.7235412597656,778.5899047851562,613.2808837890625
470,player,5,0,735.3509521484375,496.2274475097656,597.6583251953125,741.814208984375
470,player,617,1,612.2005004882812,410.2439880371094,570.707763671875,471.2841491699219
470,player,582,0,148.54934692382812,466.34161376953125,170.7458953857422,516.5482177734375
470,player,681,0,649.3190307617188,510.2755432128906,531.0018920898438,757.263427734375
470,ball,-1,-1,1004.6319580078125,363.728271484375,1031.0904541015625,367.7707824707031
471,player,409,1,327.48760986328125,383.85888671875,335.4097900390625,292.5688781738281
471,player,677,1,889.37158203125,434.7669372558594,776.9652099609375,616.393310546875
471,player,676,0,816.4352416992188,451.2681579589844,705.1583251953125,647.70703125
471,player,5,0,735.11474609375,496.03521728515625,597.7359008789062,739.732177734375
471,player,582,0,146.81442260742188,464.5888977050781,167.90234375,513.2315063476562
471,player,681,0,645.0447998046875,508.4132385253906,528.684814453125,752.0550537109375
472,player,409,1,321.3126220703125,383.4217834472656,332.66552734375,291.3750915527344
472,player,582,0,141.64212036132812,464.32073974609375,164.60702514648438,510.32342529296875
472,player,5,0,732.3905029296875,496.43182373046875,596.9888305664062,738.4666748046875
472,player,677,1,888.798095703125,436.0569763183594,775.2188110351562,619.595458984375
472,player,681,0,645.346923828125,505.28009033203125,527.9439697265625,746.244873046875
472,player,676,0,809.4962768554688,453.5296936035156,700.107177734375,648.890625
472,player,738,-1,635.8755493164062,414.786376953125,586.0179443359375,493.100341796875
472,ball,-1,-1,1004.8143920898438,365.369873046875,1026.4534912109375,373.5698547363281
473,player,409,1,319.2352294921875,384.0959167480469,330.1200256347656,291.2666931152344
473,player,677,1,879.444580078125,435.8759460449219,771.5463256835938,620.6244506835938
473,player,5,0,729.76904296875,497.85113525390625,595.4636840820312,738.5513916015625
473,player,743,-1,829.0902099609375,438.5846862792969,721.5431518554688,616.4196166992188
473,player,582,0,137.493408203125,467.13739013671875,161.29354858398438,510.873291015625
473,player,711,1,771.3681030273438,413.1414794921875,681.1918334960938,597.2929077148438
473,player,681,0,643.8958740234375,498.8973083496094,528.5206909179688,737.2763671875
473,player,738,-1,638.3009033203125,413.4696044921875,587.1371459960938,491.8994140625
474,player,677,1,875.7068481445312,434.3201904296875,768.7445678710938,619.4483642578125
474,player,582,0,136.62664794921875,466.9342956542969,158.89862060546875,510.94744873046875
474,player,745,-1,622.2130126953125,509.16265869140625,507.5806579589844,738.6998291015625
474,player,5,0,726.2880249023438,499.9537353515625,593.0428466796875,739.9762573242188
474,player,409,1,318.3133544921875,384.79803466796875,328.0755920410156,292.0281982421875
474,player,738,-1,639.3580322265625,415.5060119628906,587.55810546875,493.45703125
474,player,743,-1,825.6129150390625,420.4798889160156,727.580322265625,598.1393432617188
474,player,676,0,797.5926513671875,428.3123474121094,702.577880859375,624.4691162109375
474,player,711,1,776.0594482421875,413.31817626953125,689.7350463867188,573.306640625
475,player,745,-1,617.3700561523438,510.0119323730469,506.1914978027344,738.96435546875
475,player,677,1,877.6236572265625,433.56451416015625,767.768310546875,618.13671875
475,player,582,0,133.32525634765625,466.1820373535156,156.42147827148438,509.93597412109375
475,player,738,-1,639.0038452148438,410.3613586425781,589.3028564453125,488.7611999511719
475,player,743,-1,816.7047729492188,405.9560241699219,734.8484497070312,570.0103759765625
475,player,5,0,720.7958374023438,499.99127197265625,590.072021484375,740.476318359375
475,player,409,1,314.37811279296875,385.3579406738281,325.4034423828125,292.8282470703125
475,player,748,-1,297.13592529296875,388.5273742675781,303.4843444824219,300.806884765625
475,player,676,0,789.4473876953125,413.2618408203125,707.5885009765625,592.2489013671875
476,player,745,-1,615.022216796875,509.5727233886719,504.79107666015625,738.601806640625
476,player,677,1,879.9977416992188,433.6634216308594,767.7591552734375,617.6041259765625
476,player,5,0,716.6862182617188,499.7328796386719,587.1683349609375,740.2566528320312
476,player,582,0,125.43323516845703,465.36834716796875,152.6028289794922,507.7262268066406
476,player,738,-1,637.046875,407.84368896484375,590.632568359375,482.6895751953125
476,player,743,-1,807.970458984375,401.45941162109375,738.8569946289062,545.887451171875
476,player,617,1,626.8798828125,419.6435852050781,571.9714965820312,483.29302978515625
476,player,409,1,305.5911865234375,385.52410888671875,320.80792236328125,292.58941650390625
476,player,748,-1,293.169677734375,388.6595153808594,302.1953430175781,300.5415954589844
476,player,676,0,788.716064453125,411.5627136230469,711.2980346679688,569.4172973632812
477,player,745,-1,612.3793334960938,510.4630432128906,503.03680419921875,738.8428955078125
477,player,582,0,119.95569610595703,467.7956237792969,148.60079956054688,508.21697998046875
477,player,5,0,713.161376953125,499.6065368652344,584.4215698242188,739.7213134765625
477,player,677,1,880.3621215820312,433.945068359375,767.740234375,617.563720703125
477,player,738,-1,636.1432495117188,407.0016784667969,591.4878540039062,477.70074462890625
477,player,409,1,300.482421875,385.1234130859375,316.21722412109375,291.3307189941406
477,player,743,-1,805.518310546875,397.507568359375,742.4013671875,525.5257568359375
477,player,676,0,792.72509765625,428.2247314453125,708.4968872070312,572.2545166015625
478,player,745,-1,609.5810546875,510.099365234375,501.27008056640625,738.4874267578125
478,player,5,0,707.9510498046875,499.51715087890625,581.34033203125,738.8697509765625
478,player,677,1,879.6138305664062,433.6209411621094,767.650634765625,617.1544189453125
478,player,582,0,113.01210021972656,465.79180908203125,144.04360961914062,505.87860107421875
478,player,738,-1,637.2752075195312,407.2838439941406,592.2960205078125,474.89276123046875
478,player,743,-1,803.9148559570312,392.161865234375,746.5233764648438,506.0147399902344
478,player,750,-1,777.3277587890625,455.4461364746094,663.8981323242188,647.7203369140625
478,player,409,1,301.37860107421875,385.47412109375,313.481689453125,291.0797424316406
479,player,745,-1,605.7716674804688,509.1280212402344,499.36376953125,737.185546875
479,player,677,1,878.6215209960938,433.157958984375,767.5033569335938,616.3475341796875
479,player,582,0,107.4176025390625,464.1461181640625,139.4939422607422,502.17059326171875
479,player,5,0,703.54052734375,499.752685546875,578.162109375,738.1359252929688
479,player,738,1,637.7920532226562,407.1236267089844,593.0267333984375,472.9398193359375
479,player,750,-1,773.6381225585938,455.48492431640625,662.8829345703125,647.4207763671875
479,player,743,-1,802.8215942382812,390.1087951660156,749.7652587890625,490.8346862792969
479,ball,-1,-1,1003.915771484375,366.2257080078125,1022.0008544921875,379.1233825683594
480,player,745,-1,601.83935546875,507.4438781738281,497.4766845703125,734.694091796875
480,player,5,0,698.4931030273438,499.8787841796875,574.787353515625,737.3391723632812
480,player,582,0,104.06038665771484,462.6903381347656,135.57241821289062,497.96246337890625
480,player,677,1,877.6514282226562,434.09539794921875,766.7529296875,616.6356201171875
480,player,738,1,637.6175537109375,407.4158020019531,593.3579711914062,471.98211669921875
480,player,750,-1,771.8172607421875,456.4692077636719,661.4086303710938,647.9553833007812
480,player,743,0,803.0057373046875,391.25836181640625,751.4259033203125,482.3238525390625
480,player,676,0,784.52099609375,416.94677734375,708.5665893554688,561.716552734375
481,player,5,0,695.1580200195312,500.03167724609375,571.7117919921875,736.6651000976562
481,player,582,0,99.89521026611328,465.4961853027344,131.89503479003906,497.6914978027344
481,player,745,0,598.76318359375,506.2127380371094,495.72320556640625,731.8491821289062
481,player,677,1,877.474853515625,435.3174743652344,765.7193603515625,617.9804077148438
481,player,738,1,636.857421875,406.802490234375,593.536376953125,470.5891418457031
481,player,750,-1,769.6102905273438,456.4790344238281,659.8483276367188,648.11181640625
481,player,743,0,801.7181396484375,390.91558837890625,752.2606811523438,476.25811767578125
481,ball,-1,-1,1003.54736328125,365.54669189453125,1017.9740600585938,384.0320739746094
482,player,745,0,594.6111450195312,504.4013366699219,493.8985900878906,728.2182006835938
482,player,5,0,691.995849609375,500.1790771484375,568.8760986328125,736.080810546875
482,player,677,1,875.8748779296875,435.97149658203125,764.3359375,619.3302001953125
482,player,582,0,97.35121154785156,465.4060974121094,128.78952026367188,497.1866760253906
482,player,750,-1,765.0465087890625,455.7792663574219,657.8204345703125,647.1633911132812
482,player,738,1,634.5971069335938,406.3319396972656,593.118896484375,468.91876220703125
482,player,743,0,801.01318359375,390.1640319824219,752.91552734375,471.3662414550781
482,player,409,1,289.3369445800781,387.5101318359375,307.5870056152344,292.27777099609375
482,player,676,0,773.7069091796875,404.7573547363281,710.1714477539062,540.6444091796875
482,ball,-1,-1,1003.053466796875,365.0213623046875,1014.3082885742188,388.38720703125
483,player,750,-1,759.690673828125,455.8891296386719,655.0113525390625,646.1608276367188
483,player,5,0,687.9161376953125,500.58050537109375,565.9026489257812,735.6798095703125
483,player,582,0,94.9475326538086,464.0043640136719,126.07005310058594,495.2094421386719
483,player,745,0,589.0870361328125,503.47430419921875,491.498779296875,724.6591796875
483,player,738,1,631.1666870117188,404.33526611328125,592.4354248046875,465.20648193359375
483,player,677,1,873.616943359375,436.6051330566406,762.5513916015625,620.600830078125
483,player,409,1,287.86065673828125,386.8048400878906,303.3560791015625,291.957763671875
483,player,743,0,801.9344482421875,390.66131591796875,753.40625,468.86285400390625
483,ball,-1,-1,1002.4368896484375,365.11669921875,1010.8775024414062,392.4052734375
484,player,750,-1,755.6158447265625,455.32794189453125,652.2557373046875,644.6265869140625
484,player,582,0,91.84307098388672,464.7445983886719,123.44396209716797,494.38720703125
484,player,745,0,584.69775390625,502.7057800292969,488.9777526855469,721.3645629882812
484,player,5,0,685.2179565429688,501.3717956542969,563.0963134765625,735.8207397460938
484,player,743,0,801.3134765625,391.79705810546875,753.0401611328125,468.48834228515625
484,player,738,1,628.4093627929688,406.223876953125,590.572509765625,464.6607666015625
484,player,677,1,871.5018310546875,436.1939697265625,760.9658203125,620.8348999023438
484,player,409,1,285.49432373046875,387.5154724121094,299.7667236328125,292.4286804199219
484,player,711,1,788.8790893554688,400.93206787109375,704.0216064453125,545.479736328125
484,ball,-1,-1,1002.1065063476562,364.8628234863281,1007.7332763671875,396.021728515625
485,player,750,0,752.4474487304688,455.94329833984375,649.4078979492188,643.9036254882812
485,player,582,0,89.41312408447266,467.9093017578125,121.12227630615234,496.82666015625
485,player,745,0,579.2435302734375,503.0614013671875,485.88458251953125,719.054443359375
485,player,409,1,283.5450439453125,389.2300109863281,296.6260986328125,294.7809753417969
485,player,743,0,800.270751953125,395.0220947265625,751.0931396484375,471.8458251953125
485,player,677,1,869.460693359375,434.5364074707031,760.02978515625,619.2034301757812
485,player,5,0,682.653564453125,502.0352478027344,560.465087890625,736.2232055664062
485,player,738,1,627.4217529296875,408.43182373046875,588.387451171875,466.7005310058594
485,ball,-1,-1,1001.2703857421875,363.7356872558594,1004.9404296875,399.0078430175781
486,player,750,0,749.970703125,454.9189147949219,647.2056274414062,642.2713623046875
486,player,582,0,87.64830017089844,469.6734924316406,119.15924072265625,500.0174560546875
486,player,409,1,279.1732177734375,392.0169982910156,292.89996337890625,299.4730529785156
486,player,738,1,628.4176025390625,407.98516845703125,587.402587890625,467.62530517578125
486,player,743,0,799.9312744140625,395.3226623535156,749.5958251953125,474.33612060546875
486,player,677,1,869.3636474609375,433.6623229980469,759.7462768554688,617.29052734375
486,player,5,0,680.1195068359375,502.108154296875,558.0975341796875,736.3323974609375
486,player,745,0,571.5321044921875,503.0904846191406,481.9103698730469,716.9339599609375
486,ball,-1,-1,1001.1901245117188,363.7209777832031,1002.3673095703125,401.74884033203125
487,player,738,1,629.1243896484375,408.4979553222656,586.8176879882812,468.876220703125
487,player,582,0,88.11432647705078,468.0382385253906,117.9770736694336,500.49530029296875
487,player,409,1,273.8769836425781,393.60577392578125,288.63323974609375,304.003173828125
487,player,750,0,746.9986572265625,456.8009338378906,644.37548828125,642.660400390625
487,player,677,1,867.9027709960938,434.00177001953125,759.0153198242188,616.23681640625
487,player,743,0,798.40625,402.7013244628906,745.0587158203125,484.0970458984375
487,player,762,-1,546.9990844726562,500.8299865722656,457.8892517089844,701.9122924804688
487,player,5,0,678.0521240234375,501.8512268066406,556.0975341796875,736.0292358398438
487,player,711,1,789.1134643554688,435.9935607910156,699.908935546875,564.0360107421875
488,player,738,1,628.943115234375,409.3135070800781,586.1340942382812,470.58660888671875
488,player,582,0,88.71089172363281,466.2561950683594,117.33639526367188,499.06390380859375
488,player,677,1,866.245849609375,437.0355529785156,756.864501953125,618.30859375
488,player,743,0,797.2969360351562,422.10247802734375,734.060791015625,511.02545166015625
488,player,750,0,743.8458251953125,455.5646057128906,642.0637817382812,641.49755859375
488,player,409,1,269.2769775390625,393.633544921875,284.3920593261719,306.4801025390625
488,player,5,0,676.2305297851562,502.3822021484375,554.211669921875,736.1002197265625
488,player,745,0,558.5404052734375,502.2223815917969,476.1881408691406,713.77197265625
488,ball,-1,-1,1000.82373046875,363.076416015625,1000.0654296875,404.07763671875
489,player,738,1,628.05615234375,409.59552001953125,585.3382568359375,471.923828125
489,player,582,0,87.8828125,464.9131164550781,116.65769958496094,496.69366455078125
489,player,743,0,796.2096557617188,430.1924743652344,723.5545654296875,536.6016845703125
489,player,750,0,739.7825927734375,454.5302734375,639.7755126953125,639.4221801757812
489,player,409,1,270.7478942871094,394.5301208496094,282.0199279785156,309.4095153808594
489,player,677,1,864.703857421875,436.46832275390625,755.2611694335938,618.968017578125
489,player,745,0,554.395263671875,501.50640869140625,471.5460205078125,710.790283203125
489,player,5,0,670.8436279296875,502.53448486328125,551.5899658203125,735.8202514648438
489,player,751,-1,800.2586669921875,390.7528381347656,752.7362060546875,464.01287841796875
489,player,764,-1,639.6465454101562,492.7019958496094,530.5025634765625,705.2227783203125
489,ball,-1,-1,1000.97021484375,363.2166748046875,997.9383544921875,406.26385498046875
490,player,743,0,797.0759887695312,436.0576477050781,714.8203125,559.08154296875
490,player,582,0,87.0190200805664,463.5159912109375,115.94168090820312,493.64727783203125
490,player,738,1,629.655029296875,409.3792419433594,585.3656005859375,472.7139892578125
490,player,750,0,736.12158203125,456.5356750488281,636.6714477539062,639.5792236328125
490,player,409,1,269.65679931640625,395.5091857910156,280.04052734375,312.4547119140625
490,player,677,1,862.8189086914062,435.0401306152344,754.2594604492188,617.8480224609375
490,player,762,-1,534.4541015625,499.91461181640625,454.8470764160156,700.1116333007812
490,player,5,0,666.8741455078125,503.8385925292969,548.5811767578125,736.3369140625
490,player,764,-1,639.3756103515625,505.5576171875,527.56103515625,715.5293579101562
490,ball,-1,-1,1000.88623046875,363.0227966308594,996.0031127929688,408.2177429199219
491,player,743,0,795.95458984375,436.0596008300781,708.8272094726562,573.5892333984375
491,player,582,0,85.5880126953125,463.6128845214844,115.0753173828125,491.6319580078125
491,player,738,1,633.7130126953125,409.3542175292969,586.6062622070312,473.6138916015625
491,player,676,0,721.00830078125,463.8274230957031,676.1611938476562,580.6004638671875
491,player,409,1,264.9909362792969,397.35125732421875,277.10931396484375,316.2852478027344
491,player,677,1,860.982421875,435.16156005859375,753.0457763671875,617.0635986328125
491,player,762,-1,527.3853759765625,499.3736572265625,451.1545715332031,697.9027099609375
491,player,764,-1,639.596435546875,508.77056884765625,525.005859375,724.759033203125
491,player,5,0,663.4400024414062,505.5544738769531,545.3665771484375,737.7349243164062
491,ball,-1,-1,1000.961669921875,363.0330505371094,994.2266845703125,410.0201416015625
492,player,743,0,794.3907470703125,437.1274719238281,704.107177734375,583.9089965820312
492,player,764,-1,639.6883544921875,506.22149658203125,523.921875,728.7750244140625
492,player,409,1,261.21905517578125,398.407470703125,273.9203186035156,319.7117919921875
492,player,677,1,858.373779296875,436.9149169921875,750.8348388671875,617.990966796875
492,player,582,0,78.03975677490234,465.1526184082031,112.42730712890625,491.18603515625
492,player,745,0,540.9022216796875,499.1982727050781,465.50384521484375,705.8374633789062
492,player,676,0,713.105712890625,464.784423828125,651.65478515625,606.7193603515625
492,player,5,0,658.6912841796875,506.4604797363281,541.8782958984375,738.960693359375
492,ball,-1,-1,1001.000244140625,363.08782958984375,992.5872802734375,411.6949768066406
493,player,677,1,855.3365478515625,439.0815124511719,747.704833984375,620.37451171875
493,player,743,0,792.7779541015625,439.13177490234375,699.869873046875,592.4019165039062
493,player,409,1,257.8252258300781,401.29083251953125,270.5367431640625,325.21868896484375
493,player,582,0,70.31262969970703,466.30889892578125,108.56963348388672,491.3499755859375
493,player,764,-1,640.0413818359375,507.8166809082031,522.9586791992188,732.6622314453125
493,player,676,0,705.8334350585938,463.4642639160156,634.147705078125,621.8649291992188
493,player,762,-1,510.901123046875,499.7005615234375,444.4717102050781,695.3478393554688
493,player,738,1,637.7099609375,419.6778564453125,585.4742431640625,485.92291259765625
493,player,5,0,655.448974609375,507.6178894042969,538.5374145507812,740.39306640625
493,player,767,-1,693.790771484375,469.05615234375,587.9515380859375,661.1372680664062
494,player,582,0,65.09274291992188,466.88922119140625,104.61651611328125,491.55853271484375
494,player,764,-1,641.0595703125,510.2631530761719,522.0578002929688,737.1729125976562
494,player,677,1,854.2725219726562,438.7472839355469,745.5040283203125,621.5064697265625
494,player,409,1,254.501220703125,403.171630859375,267.14349365234375,330.7982177734375
494,player,743,0,792.2203979492188,437.0898742675781,697.6895751953125,595.8958129882812
494,player,676,0,704.0880737304688,465.770751953125,621.645751953125,633.614990234375
494,player,762,-1,505.5885009765625,500.50494384765625,438.6319274902344,693.902099609375
494,ball,-1,-1,291.7906494140625,366.5422058105469,992.5872802734375,411.6949768066406
495,player,582,0,61.825645446777344,467.1805419921875,101.14088439941406,491.6849670410156
495,player,677,1,854.2775268554688,438.6249694824219,744.1223754882812,622.1263427734375
495,player,762,-1,502.16949462890625,500.13909912109375,434.0198669433594,692.3734130859375
495,player,743,0,792.9862670898438,431.9981384277344,698.333984375,593.2506103515625
495,player,764,-1,641.43212890625,508.8502197265625,521.8712158203125,739.039794921875
495,player,676,0,699.5803833007812,466.8717346191406,612.0032348632812,641.8295288085938
495,player,738,1,635.851318359375,420.49951171875,583.9498901367188,494.6200256347656
495,player,409,1,250.78904724121094,404.9164733886719,263.64227294921875,336.20013427734375
495,player,771,-1,237.43582153320312,403.8469543457031,245.45005798339844,338.3554992675781
496,player,677,1,853.7720947265625,439.44482421875,742.7658081054688,623.2610473632812
496,player,582,0,58.74650192260742,466.2765197753906,97.98443603515625,490.56121826171875
496,player,762,-1,500.02166748046875,499.9532165527344,430.50152587890625,691.045654296875
496,player,764,1,642.95361328125,508.6607666015625,522.1720581054688,740.230712890625
496,player,676,0,693.6214599609375,464.1553039550781,604.8920288085938,644.2122192382812
496,player,743,0,794.5529174804688,431.3985595703125,699.4168090820312,591.0873413085938
496,player,409,1,248.8441162109375,406.9310302734375,260.60858154296875,341.99407958984375
496,player,772,-1,770.3118896484375,415.1329345703125,698.8081665039062,532.6417236328125
496,player,738,1,635.8407592773438,429.3765869140625,580.3775634765625,509.615966796875
496,player,771,-1,233.8162841796875,406.6251525878906,244.13482666015625,341.423095703125
496,ball,-1,-1,476.16632080078125,368.811279296875,992.5872802734375,411.6949768066406
497,player,677,1,853.449462890625,440.1605224609375,741.5178833007812,624.6466674804688
497,player,582,0,55.6418342590332,466.7126159667969,95.07742309570312,489.98455810546875
497,player,762,0,496.795166015625,500.3765869140625,427.3182373046875,690.2599487304688
497,player,772,-1,769.674560546875,414.8465576171875,698.729736328125,532.2740478515625
497,player,764,1,643.5912475585938,509.26849365234375,522.3948974609375,741.5289306640625
497,player,743,0,795.4307861328125,431.7857666015625,700.2269287109375,590.1486206054688
497,player,760,-1,632.4656982421875,416.39752197265625,581.7537841796875,497.1483459472656
497,player,409,1,246.4300079345703,407.5049743652344,257.844970703125,346.210205078125
497,player,676,0,686.0836181640625,459.31304931640625,599.582275390625,640.6941528320312
497,player,771,-1,232.08184814453125,407.17523193359375,242.70498657226562,343.9124450683594
497,ball,-1,-1,276.1795959472656,362.1309509277344,992.5872802734375,411.6949768066406
498,player,762,0,492.2281188964844,499.0038146972656,424.29736328125,688.2294311523438
498,player,677,1,852.515625,440.4585266113281,740.3326416015625,625.7420654296875
498,player,582,0,52.603790283203125,468.5194091796875,92.40771484375,491.15887451171875
498,player,760,-1,631.962890625,429.2016906738281,577.8824462890625,510.7008361816406
498,player,772,-1,768.5706787109375,413.58642578125,698.8323974609375,530.5821533203125
498,player,743,0,795.3594970703125,425.306884765625,703.145751953125,583.0404663085938
498,player,676,0,681.8754272460938,459.0150451660156,595.0704345703125,637.7531127929688
498,player,771,-1,228.73887634277344,407.5845642089844,240.71116638183594,345.6809387207031
498,player,764,1,641.4263305664062,507.7366027832031,522.3309326171875,741.0035400390625
498,player,751,-1,812.1148071289062,432.9742736816406,739.1604614257812,510.3128662109375
499,player,762,0,488.27264404296875,498.4270935058594,421.4082336425781,686.0965576171875
499,player,582,0,49.32511520385742,468.9961853027344,89.7745361328125,492.0991516113281
499,player,677,1,850.830810546875,440.48236083984375,739.08544921875,626.3194580078125
499,player,760,-1,629.14697265625,430.7674865722656,574.1140747070312,520.854248046875
499,player,772,-1,769.467041015625,409.5655517578125,700.7027587890625,525.242919921875
499,player,743,0,796.606201171875,423.3600769042969,706.138427734375,576.559326171875
499,player,764,1,640.6854248046875,508.6652526855469,521.90185546875,741.3246459960938
499,player,409,1,229.04757690429688,406.6789245605469,250.70449829101562,346.0885925292969
499,player,779,-1,805.4056396484375,401.0740661621094,744.567138671875,499.1102294921875
499,player,774,-1,826.766357421875,434.1329040527344,724.4937744140625,603.5125122070312
500,player,762,0,483.8202819824219,500.0981140136719,418.1223449707031,685.719970703125
500,player,582,0,45.39186477661133,469.4559020996094,86.98269653320312,492.80902099609375
500,player,677,1,849.8233642578125,440.7078552246094,737.90869140625,626.81396484375
500,player,760,-1,626.6508178710938,424.8567199707031,572.6151123046875,521.0468139648438
500,player,764,1,639.14892578125,510.6845703125,520.802978515625,742.9732055664062
500,player,772,-1,770.4932861328125,405.0071105957031,704.00146484375,516.8845825195312
500,player,409,1,225.0187225341797,406.18572998046875,244.83897399902344,344.969970703125
500,player,743,0,797.3760986328125,419.63134765625,709.7359619140625,568.5845947265625
500,player,5,0,640.0767822265625,512.2533569335938,531.5111083984375,743.6524658203125
501,player,762,0,479.056396484375,499.2195739746094,414.8985595703125,684.3447875976562
501,player,677,1,849.2733764648438,440.8175354003906,736.94921875,627.187744140625
501,player,582,0,42.139862060546875,470.85858154296875,84.32231903076172,494.38116455078125
501,player,771,-1,217.33322143554688,407.1021728515625,235.89752197265625,345.0240173339844
501,player,760,-1,620.9307861328125,415.65679931640625,572.6215209960938,510.7138977050781
501,player,772,-1,771.2449951171875,406.2084045410156,705.8975830078125,512.8524169921875
501,player,5,0,635.64892578125,514.2915649414062,525.41015625,746.973388671875
501,player,738,1,619.34912109375,471.1754150390625,562.60595703125,557.923095703125
501,player,779,-1,808.2443237304688,408.5202331542969,742.319580078125,507.5672607421875
501,player,676,0,676.1593017578125,469.1919860839844,587.834716796875,644.4937133789062
502,player,762,0,474.67529296875,497.86480712890625,411.88311767578125,681.9518432617188
502,player,677,1,848.6965942382812,441.0898132324219,736.0614624023438,627.6341552734375
502,player,409,1,214.50433349609375,405.59088134765625,237.78073120117188,342.3826904296875
502,player,582,0,39.296199798583984,471.9131774902344,81.84895324707031,496.1977233886719
502,player,772,-1,771.795654296875,403.6316223144531,708.3113403320312,507.43994140625
502,player,676,0,673.9420166015625,468.3885498046875,582.751708984375,647.9661254882812
502,player,760,-1,617.5870361328125,423.138671875,569.4921875,511.740966796875
502,player,5,0,637.063720703125,514.501220703125,521.75146484375,749.4068603515625
502,player,743,0,801.297119140625,408.0870666503906,717.8004150390625,551.5554809570312
502,player,779,-1,809.376220703125,387.65234375,750.1358642578125,489.662353515625
503,player,762,0,469.70440673828125,498.5810546875,408.53265380859375,680.5731201171875
503,player,677,1,847.8302001953125,441.3382873535156,735.1494140625,628.0780639648438
503,player,760,-1,616.9672241210938,451.31756591796875,559.7461547851562,540.7759399414062
503,player,676,0,671.3514404296875,466.81976318359375,579.1693725585938,648.5955200195312
503,player,409,1,206.48141479492188,405.521240234375,230.6904754638672,339.75787353515625
503,player,772,0,771.7559814453125,402.2511901855469,710.4176635742188,502.38006591796875
503,player,582,0,36.02415084838867,473.09844970703125,79.38703155517578,498.26116943359375
503,player,738,1,621.97412109375,511.41070556640625,542.819580078125,622.9212646484375
503,player,743,0,809.1793212890625,404.5368957519531,726.8463134765625,537.4141845703125
504,player,677,1,848.0216674804688,441.6778564453125,734.480224609375,628.70458984375
504,player,762,0,464.43121337890625,499.28033447265625,404.89202880859375,679.8135986328125
504,player,676,0,667.428466796875,465.8708190917969,576.038330078125,647.8048095703125
504,player,738,1,621.588623046875,517.81640625,528.5497436523438,670.0430297851562
504,player,772,0,770.2294311523438,401.0814514160156,711.7952270507812,497.62408447265625
504,player,409,1,202.39015197753906,405.7815856933594,224.79129028320312,337.9403076171875
504,player,582,0,30.572486877441406,474.1403503417969,76.32413482666016,500.13848876953125
504,player,743,0,815.787109375,405.243896484375,734.3973388671875,529.6688842773438
505,player,677,1,848.2193603515625,441.3498840332031,734.2250366210938,628.821044921875
505,player,762,0,457.08331298828125,497.42938232421875,400.9023132324219,677.1493530273438
505,player,676,0,662.6643676757812,464.9388732910156,572.966552734375,646.0264892578125
505,player,772,0,768.864501953125,401.42999267578125,712.1408081054688,494.783203125
505,player,738,1,616.616943359375,487.1300354003906,524.5336303710938,675.76171875
505,player,409,1,199.01852416992188,406.30096435546875,219.8807373046875,337.0476379394531
505,player,582,0,25.242645263671875,471.37030029296875,72.70571899414062,498.0950927734375
505,player,743,0,814.152099609375,406.0694274902344,738.4739990234375,525.369140625
506,player,677,1,848.5052490234375,441.427978515625,734.1085815429688,628.9970092773438
506,player,762,0,452.57476806640625,496.1969909667969,397.3214111328125,673.996826171875
506,player,409,1,197.34793090820312,405.9696350097656,216.18136596679688,335.87554931640625
506,player,676,0,659.5527954101562,464.8719787597656,570.1490478515625,644.53125
506,player,582,0,20.264432907104492,465.2773742675781,68.61752319335938,490.0999755859375
506,player,5,0,627.3560180664062,519.0107421875,516.0357666015625,753.62548828125
506,player,772,0,767.8901977539062,402.014404296875,711.8400268554688,493.4910888671875
506,player,738,1,612.3984375,469.4698791503906,524.8486328125,663.7774047851562
506,player,743,0,813.304443359375,404.61767578125,741.479248046875,520.9017333984375
506,player,787,-1,16.717790603637695,416.6621398925781,49.095603942871094,317.0414123535156
507,player,677,1,849.3507080078125,441.3916320800781,734.2811279296875,629.1558837890625
507,player,764,1,634.4684448242188,468.43304443359375,528.59375,708.503173828125
507,player,762,0,449.11444091796875,495.4844970703125,394.1993408203125,671.050537109375
507,player,409,1,195.49090576171875,404.08642578125,213.27450561523438,332.55206298828125
507,player,5,0,620.2290649414062,518.8284912109375,510.60009765625,755.6568603515625
507,player,787,-1,15.104991912841797,457.09576416015625,51.313568115234375,363.3656005859375
507,player,777,-1,771.494384765625,403.5492858886719,712.6296997070312,497.0387268066406
507,player,743,0,816.2880859375,403.0909118652344,744.9661865234375,516.6242065429688
507,player,738,1,612.9727172851562,466.6531066894531,525.8734130859375,653.5023193359375
507,player,782,-1,784.0602416992188,406.00897216796875,720.5499267578125,508.4628601074219
508,player,677,1,849.943603515625,440.935302734375,734.7321166992188,628.8837890625
508,player,762,0,442.7130126953125,497.31646728515625,390.25238037109375,670.13720703125
508,player,5,0,620.8811645507812,517.8424072265625,507.4270324707031,756.2838134765625
508,player,676,0,650.5723876953125,472.9945373535156,563.838134765625,649.98681640625
508,player,409,1,191.92807006835938,404.9334716796875,210.2340850830078,331.0757751464844
508,player,777,-1,767.7525634765625,403.7774963378906,711.4189453125,496.9091491699219
508,player,743,0,817.459228515625,403.4991455078125,747.4093017578125,514.412841796875
508,player,797,-1,5.41754674911499,464.2257080078125,48.84817886352539,468.15576171875
508,player,738,1,602.373779296875,467.2124328613281,523.5514526367188,646.3800048828125
509,player,762,0,434.2821960449219,501.7278747558594,384.90985107421875,672.5209350585938
509,player,677,1,850.1951904296875,440.8836364746094,735.1148681640625,628.6815185546875
509,player,676,0,638.995361328125,471.7444152832031,556.9632568359375,651.4093627929688
509,player,777,-1,764.316162109375,402.68133544921875,710.03369140625,495.2513427734375
509,player,5,0,619.7379150390625,517.4550170898438,505.16033935546875,756.305419921875
509,player,743,0,817.4893188476562,401.23486328125,749.9703369140625,510.4765625
509,player,409,1,190.54937744140625,405.4355163574219,207.8067626953125,330.59893798828125
510,player,762,0,426.7117004394531,504.7068786621094,379.10430908203125,675.8994140625
510,player,676,0,632.1187744140625,466.3016052246094,551.9920654296875,646.8610229492188
510,player,677,1,850.9393310546875,440.8826599121094,735.5704345703125,628.6185302734375
510,player,777,-1,761.7156372070312,403.86334228515625,707.889892578125,495.2245788574219
510,player,743,0,818.8681640625,399.6858825683594,752.7140502929688,506.33514404296875
510,player,5,0,617.0459594726562,516.432373046875,503.2274475097656,755.3245849609375
510,player,774,-1,840.273681640625,434.76446533203125,728.047119140625,605.4053344726562
510,player,409,1,190.26718139648438,405.94793701171875,206.1212615966797,330.9008483886719
511,player,762,0,420.2615966796875,505.7383728027344,373.55010986328125,678.4041748046875
511,player,677,1,852.0332641601562,441.3856201171875,735.9769287109375,629.1539916992188
511,player,676,0,629.8978271484375,465.43780517578125,548.3754272460938,642.9244995117188
511,player,777,-1,759.3306884765625,404.1684265136719,705.663330078125,495.3022155761719
511,player,743,0,819.8914794921875,399.9040832519531,754.7108764648438,503.9920959472656
511,player,5,0,612.70654296875,515.8370361328125,501.0152587890625,753.8817138671875
512,player,777,-1,756.5814208984375,401.2231140136719,704.53955078125,491.7757568359375
512,player,677,1,853.9166870117188,442.4603576660156,736.3508911132812,630.687744140625
512,player,762,0,415.01434326171875,505.74957275390625,368.59771728515625,679.6021728515625
512,player,743,0,819.220458984375,402.6314392089844,754.6381225585938,505.42596435546875
512,player,676,0,634.9217529296875,457.9297790527344,549.2762451171875,633.9307861328125
512,player,5,0,608.169677734375,516.1953735351562,498.380859375,752.8502197265625
512,player,409,1,179.57810974121094,409.2709045410156,201.58013916015625,334.09576416015625
513,player,777,-1,754.5050659179688,399.7589111328125,703.7569580078125,487.61566162109375
513,player,762,0,407.91717529296875,505.3299865722656,363.61517333984375,679.440185546875
513,player,677,1,855.5784301757812,443.5019226074219,736.6547241210938,632.81396484375
513,player,409,1,175.84173583984375,411.1515197753906,197.41409301757812,338.0968017578125
513,player,743,0,820.506103515625,402.88848876953125,754.8653564453125,506.7728271484375
513,player,5,0,603.3303833007812,516.3375854492188,495.44049072265625,751.8966064453125
513,player,676,0,632.5411376953125,450.4860534667969,551.1344604492188,620.8482055664062
514,player,777,0,753.1526489257812,399.41180419921875,702.975830078125,484.37799072265625
514,player,409,1,172.11337280273438,410.95751953125,193.55633544921875,340.0652770996094
514,player,5,0,597.308349609375,516.1145629882812,492.0789794921875,750.618408203125
514,player,762,0,397.54443359375,505.47088623046875,357.70513916015625,678.581298828125
514,player,677,1,857.3064575195312,444.0938415527344,737.1026611328125,634.9082641601562
514,player,743,0,822.8056640625,403.4577331542969,755.4564819335938,508.5093994140625
514,player,676,0,627.5420532226562,446.369140625,552.033203125,607.9105224609375
514,ball,-1,-1,140.00762939453125,402.5108337402344,992.5872802734375,411.6949768066406
515,player,5,0,592.1016845703125,516.4478149414062,488.53778076171875,749.6209716796875
515,player,777,0,752.689453125,398.0400695800781,702.8675537109375,480.6643981933594
515,player,677,1,857.8531494140625,446.57818603515625,736.5989990234375,638.6242065429688
515,player,743,0,826.7381591796875,397.9256896972656,759.4148559570312,503.897705078125
515,player,762,0,384.43402099609375,504.1324768066406,350.6546325683594,675.8103637695312
515,player,409,1,166.59005737304688,411.91571044921875,189.31544494628906,341.94012451171875
515,player,819,-1,622.1041259765625,446.6226806640625,549.1737060546875,583.1326293945312
515,player,824,-1,598.0147094726562,451.7285461425781,526.3511352539062,590.802490234375
516,player,5,0,587.5949096679688,516.51220703125,485.10546875,748.6568603515625
516,player,677,1,858.546630859375,449.50042724609375,735.3598022460938,643.7861328125
516,player,743,0,829.6143798828125,390.1963195800781,766.3153076171875,492.38702392578125
516,player,762,0,374.39013671875,504.2284240722656,343.4814453125,673.243408203125
516,player,777,0,751.394775390625,397.0464172363281,702.7965087890625,476.97930908203125
516,player,409,1,161.62791442871094,414.20611572265625,184.97967529296875,345.4377746582031
516,player,676,0,613.30908203125,439.4643859863281,550.4321899414062,591.3487548828125
516,player,760,-1,591.8220825195312,375.8759765625,567.543212890625,473.0035095214844
516,player,829,-1,615.2377319335938,411.2605895996094,571.4833984375,475.99267578125
517,player,5,0,583.1231689453125,515.4307250976562,481.9683837890625,746.8369750976562
517,player,762,0,368.90203857421875,504.8632507324219,337.34222412109375,671.6422119140625
517,player,677,1,859.8851318359375,452.15045166015625,733.9286499023438,649.671142578125
517,player,676,0,610.8515014648438,434.9402770996094,549.8893432617188,575.781982421875
517,player,777,0,750.3812255859375,397.5213928222656,702.255126953125,475.0223388671875
517,player,743,0,831.5343017578125,388.28857421875,772.2615966796875,482.8902893066406
517,player,409,1,154.91976928710938,418.0019836425781,180.03854370117188,351.60150146484375
517,player,833,-1,135.87673950195312,419.0107116699219,154.19456481933594,360.85919189453125
517,ball,-1,-1,1001.0584716796875,365.91375732421875,990.6812133789062,414.03851318359375
518,player,5,0,578.9661865234375,515.35595703125,478.909423828125,745.2587890625
518,player,777,0,748.57080078125,397.2299499511719,701.4680786132812,473.2279357910156
518,player,677,1,860.3320922851562,452.5207214355469,732.9820556640625,653.8714599609375
518,player,762,0,364.28302001953125,505.5757751464844,332.0927734375,670.806396484375
518,player,833,-1,133.74594116210938,419.89459228515625,153.5416259765625,361.6981201171875
518,player,743,0,834.438232421875,385.9643859863281,778.0963134765625,474.3017578125
518,player,676,0,607.9190673828125,438.0531311035156,547.8801879882812,568.5345458984375
518,player,760,1,589.2637939453125,397.5299987792969,565.09716796875,455.55792236328125
518,ball,-1,-1,1000.96240234375,366.12786865234375,988.8905029296875,416.25244140625
519,player,5,0,575.9431762695312,516.8128662109375,475.8988037109375,745.1079711914062
519,player,762,0,354.24676513671875,504.03216552734375,326.2564697265625,668.1282958984375
519,player,777,0,745.8056030273438,397.9999084472656,699.8152465820312,472.65496826171875
519,player,677,1,861.79248046875,452.29339599609375,732.847900390625,656.5289916992188
519,player,743,0,836.12841796875,385.0982666015625,782.8154907226562,467.8780517578125
519,player,676,0,601.0548706054688,426.9185485839844,547.556884765625,551.696044921875
519,player,833,-1,130.38136291503906,419.9727478027344,152.08984375,361.9884338378906
519,player,760,1,588.2899169921875,411.45489501953125,559.2189331054688,460.182373046875
519,ball,-1,-1,1001.128173828125,366.4664306640625,987.2072143554688,418.388671875
520,player,5,0,572.8959350585938,516.950927734375,473.1600341796875,744.8689575195312
520,player,777,0,743.6102905273438,398.22515869140625,697.9871826171875,472.31158447265625
520,player,762,0,342.40704345703125,505.1343078613281,319.31201171875,666.3126220703125
520,player,677,1,862.213134765625,452.0552062988281,732.9637451171875,658.0794067382812
520,player,676,0,593.851806640625,425.4299011230469,545.6517333984375,538.4700927734375
520,player,743,0,838.193115234375,390.17303466796875,784.1609497070312,469.85101318359375
520,player,833,-1,127.24853515625,420.08917236328125,150.18971252441406,361.9920349121094
520,ball,-1,-1,1000.7054443359375,366.40533447265625,985.6365966796875,420.326171875
521,player,762,0,332.1628723144531,506.2437744140625,312.0655517578125,665.1980590820312
521,player,5,0,570.077880859375,515.1077880859375,471.017822265625,743.0655517578125
521,player,777,0,742.2666015625,399.3724670410156,695.9473876953125,473.2570495605469
521,player,677,1,861.39453125,450.3938293457031,733.438232421875,657.5062255859375
521,player,676,0,587.44189453125,423.2847900390625,543.1132202148438,526.954345703125
521,player,743,0,839.0537109375,396.10546875,782.5987548828125,477.9969482421875
521,player,841,-1,122.43305969238281,422.17291259765625,142.4912872314453,367.6831970214844
521,ball,-1,-1,1000.7932739257812,365.9195556640625,984.2666015625,421.97412109375
522,player,5,0,568.63720703125,513.8777465820312,469.49224853515625,740.8236083984375
522,player,762,0,326.82196044921875,506.3032531738281,305.9784851074219,664.073974609375
522,player,676,0,584.52685546875,429.1667175292969,539.0773315429688,525.4102783203125
522,player,677,1,861.9049072265625,448.9480895996094,734.4300537109375,655.8618774414062
522,player,777,0,742.2764892578125,399.1334228515625,694.7168579101562,473.60052490234375
522,player,743,0,841.3743286132812,391.61279296875,784.3295288085938,478.4212646484375
522,player,833,-1,119.15425109863281,422.0759582519531,146.4969482421875,363.5303955078125
522,ball,-1,-1,1000.9847412109375,365.75860595703125,983.0427856445312,423.44970703125
523,player,762,0,323.7817077636719,508.0904235839844,301.09051513671875,664.5791625976562
523,player,5,0,565.9534912109375,514.9962768554688,467.62689208984375,740.014404296875
523,player,760,1,580.5857543945312,417.8504943847656,551.3617553710938,469.498046875
523,player,677,1,861.874755859375,448.33953857421875,735.2965087890625,654.2332763671875
523,player,777,0,742.0191040039062,398.3260192871094,694.1514892578125,472.8759765625
523,player,743,0,844.02197265625,386.8012390136719,788.501953125,473.398193359375
523,player,833,-1,113.56695556640625,421.9620056152344,142.39451599121094,363.81793212890625
523,ball,-1,-1,1001.2924194335938,365.47613525390625,981.9791870117188,424.7353515625
524,player,762,0,322.0026550292969,509.4848937988281,297.342041015625,665.9164428710938
524,player,5,0,562.476806640625,514.9437866210938,465.5576171875,739.164794921875
524,player,760,1,577.2908935546875,409.8739318847656,547.4290771484375,466.33819580078125
524,player,777,0,740.3427734375,399.91839599609375,692.6619873046875,474.0450439453125
524,player,677,1,861.9798583984375,448.5711669921875,735.8008422851562,653.396484375
524,player,743,0,845.879150390625,388.64111328125,790.9215087890625,472.4749450683594
524,player,833,-1,104.17159271240234,423.792724609375,136.89559936523438,365.2141418457031
524,ball,-1,-1,1001.386474609375,364.8531494140625,981.095947265625,425.7444152832031
525,player,762,0,320.83990478515625,512.1574096679688,294.3896484375,668.8933715820312
525,player,5,0,559.06005859375,515.27880859375,463.30096435546875,738.5938110351562
525,player,677,1,863.17626953125,447.4367980957031,736.8861083984375,651.921630859375
525,player,760,1,576.6098022460938,408.26739501953125,545.1087036132812,462.39044189453125
525,player,777,0,738.4476928710938,401.79656982421875,690.404296875,476.73443603515625
525,player,743,0,845.0758056640625,388.2128601074219,792.4482421875,471.29217529296875
525,ball,-1,-1,1001.3821411132812,364.8587646484375,980.2822265625,426.67425537109375
526,player,762,0,318.5824279785156,515.0142822265625,291.667236328125,672.9768676757812
526,player,5,0,555.1380615234375,515.4781494140625,460.82159423828125,738.057861328125
526,player,760,1,575.6739501953125,402.5000305175781,544.9203491210938,453.08001708984375
526,player,677,1,864.2646484375,447.3373718261719,737.9273681640625,650.971435546875
526,player,777,0,734.7344970703125,402.5860290527344,687.5199584960938,478.989013671875
526,player,743,0,844.9222412109375,387.3583679199219,793.7941284179688,469.5111389160156
526,ball,-1,-1,1002.1734619140625,365.19757080078125,979.5429077148438,427.6455383300781
527,player,762,0,314.40972900390625,519.4865112304688,288.4944152832031,678.90185546875
527,player,677,1,864.5769653320312,448.295654296875,738.3251953125,651.2618408203125
527,player,777,0,731.0306396484375,402.4914855957031,684.5657348632812,479.9665832519531
527,player,5,0,551.8336181640625,516.71923828125,458.168701171875,738.4000244140625
527,player,760,1,571.78955078125,399.0384826660156,544.5845947265625,442.5537109375
527,player,824,-1,551.1090698242188,456.26348876953125,512.3395385742188,590.8009033203125
527,ball,-1,-1,1002.3028564453125,364.87255859375,978.9183349609375,428.45050048828125
528,player,762,0,310.0690002441406,521.8234252929688,285.16558837890625,684.266845703125
528,player,677,1,864.4566040039062,448.90533447265625,738.3197021484375,651.9974365234375
528,player,760,1,569.4482421875,398.6532287597656,543.7555541992188,435.00836181640625
528,player,777,0,727.3287963867188,400.88861083984375,682.12939453125,478.40789794921875
528,player,5,0,545.245361328125,518.974609375,454.417724609375,739.8232421875
528,player,824,-1,550.5121459960938,477.6513671875,498.62689208984375,610.347900390625
528,ball,-1,-1,1002.7268676757812,364.56707763671875,978.41796875,429.1153259277344
529,player,762,0,304.75897216796875,525.1029663085938,281.4351806640625,689.9230346679688
529,player,677,1,864.0784301757812,450.861572265625,737.4747314453125,654.2225341796875
529,player,760,1,568.0120239257812,396.9352722167969,543.259033203125,427.90643310546875
529,player,777,0,720.9241943359375,399.8229675292969,679.00634765625,475.51849365234375
529,player,824,-1,549.1253051757812,477.2895812988281,489.41741943359375,622.6121215820312
529,player,5,0,539.621826171875,520.435546875,450.33905029296875,741.412353515625
529,player,833,0,93.4072265625,420.411376953125,129.9728240966797,360.96649169921875
529,ball,-1,-1,1002.8837890625,364.9622497558594,977.9127807617188,429.8428039550781
530,player,762,0,297.298095703125,531.7171020507812,276.7017822265625,698.1661376953125
530,player,760,1,564.772216796875,402.8423156738281,540.2982177734375,429.92730712890625
530,player,677,1,863.75244140625,451.7127990722656,736.5174560546875,656.4104614257812
530,player,5,0,537.1275634765625,525.0250854492188,446.30877685546875,745.725830078125
530,player,833,0,88.21521759033203,420.8446960449219,123.89535522460938,358.18878173828125
530,player,824,-1,548.225830078125,471.996826171875,484.2551574707031,625.78466796875
530,player,777,0,715.00390625,398.430419921875,675.6976928710938,471.42999267578125
530,ball,-1,-1,1002.96728515625,365.8310546875,977.3306884765625,430.75946044921875
531,player,762,0,290.34942626953125,534.9677734375,271.7021484375,705.4719848632812
531,player,760,1,561.8848876953125,404.7727355957031,536.969482421875,433.1858825683594
531,player,833,0,83.5279769897461,420.2409362792969,118.49334716796875,355.16815185546875
531,player,824,-1,547.5379638671875,473.1667785644531,480.47882080078125,628.836669921875
531,player,677,1,863.1539306640625,452.9839782714844,735.2578735351562,658.9257202148438
531,player,777,0,708.0616455078125,398.8319396972656,671.2893676757812,468.5106201171875
531,ball,-1,-1,1003.3236083984375,365.75439453125,976.8318481445312,431.5901794433594
532,player,762,0,284.8943176269531,536.6937255859375,267.006591796875,711.106689453125
532,player,760,1,558.1253662109375,403.9822082519531,533.8751220703125,433.994873046875
532,player,824,-1,547.3642578125,473.17926025390625,477.97515869140625,630.8162841796875
532,player,677,1,862.9956665039062,454.51824951171875,733.8262939453125,661.92431640625
532,player,833,0,80.34269714355469,420.5734558105469,114.01651000976562,353.2755126953125
532,player,857,-1,683.5015869140625,400.66845703125,639.921875,461.8131103515625
532,ball,-1,-1,1003.1862182617188,365.20306396484375,976.4412231445312,432.19537353515625
533,player,762,0,279.33538818359375,537.4161376953125,262.5496520996094,714.8787231445312
533,player,760,1,555.0270385742188,403.8144836425781,530.965087890625,434.00274658203125
533,player,833,0,78.295654296875,423.6202697753906,110.57815551757812,355.49163818359375
533,player,824,1,547.484375,471.88519287109375,476.641357421875,630.9508056640625
533,player,677,1,864.0452880859375,456.5066223144531,732.4447021484375,665.7422485351562
533,player,857,-1,678.333251953125,400.3060607910156,638.47900390625,460.8595886230469
533,player,743,0,881.9420166015625,401.9125061035156,799.072265625,488.6271057128906
533,ball,-1,-1,1003.209228515625,365.0787353515625,976.1011962890625,432.7176208496094
534,player,762,0,274.81927490234375,536.381103515625,258.6058044433594,716.1810913085938
534,player,760,1,553.7843017578125,398.5928955078125,530.0999755859375,427.72625732421875
534,player,833,0,76.67391967773438,426.8829345703125,107.95689392089844,360.63543701171875
534,player,862,-1,554.6715698242188,400.4613342285156,527.8245849609375,422.669189453125
534,player,677,1,866.9302368164062,458.06549072265625,731.7494506835938,669.8644409179688
534,player,5,0,531.4992065429688,504.30364990234375,445.79327392578125,731.9127197265625
534,player,743,0,884.2088012695312,399.0384521484375,804.5234375,498.1316833496094
534,player,859,-1,512.8048095703125,523.7430419921875,422.3137512207031,745.39892578125
534,player,774,-1,871.13818359375,404.0554504394531,752.1414794921875,578.190185546875
534,ball,-1,-1,1003.2119140625,365.2652587890625,975.7620849609375,433.2508544921875
535,player,833,0,73.92878723144531,429.2150573730469,105.50234985351562,366.435791015625
535,player,760,1,551.7213134765625,396.4278259277344,529.4910888671875,420.8377685546875
535,player,762,0,270.8897399902344,535.4927978515625,255.1276092529297,716.0335083007812
535,player,677,1,867.8855590820312,457.5885314941406,731.7297973632812,672.2078857421875
535,player,5,0,528.185302734375,495.27264404296875,446.20013427734375,715.2472534179688
535,player,743,0,884.5548095703125,397.7999267578125,808.755126953125,502.9757385253906
535,ball,-1,-1,1002.8208618164062,365.3582763671875,975.4085083007812,433.7578125
536,player,762,0,263.00439453125,535.6279907226562,250.9215087890625,715.4127807617188
536,player,760,1,548.96240234375,395.2124328613281,528.572509765625,414.60174560546875
536,player,833,0,68.6341781616211,430.06060791015625,102.34341430664062,370.65472412109375
536,player,5,0,523.3294677734375,486.3926086425781,446.79840087890625,696.4805297851562
536,player,743,0,886.6683349609375,400.4525451660156,810.8875122070312,509.26507568359375
536,player,677,1,864.1707763671875,457.56341552734375,730.7274169921875,673.37548828125
536,ball,-1,-1,1003.2447509765625,364.7427978515625,975.2015380859375,434.0609436035156
537,player,833,0,63.875614166259766,430.56109619140625,98.87847900390625,373.49713134765625
537,player,762,0,256.1947021484375,535.4854125976562,246.5204315185547,714.3563842773438
537,player,760,1,545.8004150390625,394.9493103027344,527.06591796875,409.89300537109375
537,player,743,0,889.0346069335938,400.2804870605469,813.0608520507812,513.406494140625
537,player,677,1,861.9675903320312,457.2785949707031,729.5875244140625,673.6842041015625
537,player,859,-1,497.3249816894531,530.4951171875,417.49688720703125,749.2466430664062
537,player,868,-1,240.70693969726562,536.7695922851562,227.29698181152344,711.691650390625
537,player,5,0,511.3663024902344,503.032958984375,441.20208740234375,697.19189453125
537,ball,-1,-1,1003.5675048828125,364.716552734375,975.0382690429688,434.340576171875
538,player,833,0,59.5479850769043,430.5547180175781,95.32489013671875,374.89794921875
538,player,760,1,544.61767578125,394.67132568359375,525.7947387695312,406.36932373046875
538,player,743,0,890.411865234375,398.50897216796875,815.72412109375,514.290771484375
538,player,762,0,250.10458374023438,535.1403198242188,242.1778564453125,712.917236328125
538,player,677,1,861.1611328125,458.2030029296875,728.2918701171875,674.6310424804688
538,player,5,0,505.03564453125,524.5064697265625,432.55926513671875,714.0208740234375
538,ball,-1,-1,1004.6331787109375,361.9331359863281,975.364990234375,433.8323059082031
539,player,833,0,57.3095588684082,431.98291015625,92.40411376953125,377.2424621582031
539,player,760,1,544.7613525390625,394.155517578125,525.15283203125,403.468017578125
539,player,762,0,244.21426391601562,534.9655151367188,237.91256713867188,711.3759765625
539,player,743,0,891.421875,395.74774169921875,819.079833984375,511.9049987792969
539,player,677,1,860.6065673828125,458.609130859375,727.15283203125,675.5556030273438
539,player,5,0,502.5599670410156,532.9006958007812,425.0782775878906,731.0510864257812
539,player,774,-1,879.69482421875,397.6070251464844,773.3389892578125,554.29931640625
540,player,833,0,55.279823303222656,434.7698974609375,90.02056121826172,381.7775573730469
540,player,760,1,544.3250732421875,394.3564147949219,524.5455322265625,401.7796630859375
540,player,743,0,892.4136962890625,391.8017883300781,823.4774169921875,506.01837158203125
540,player,762,0,238.1116943359375,534.2457275390625,233.66717529296875,709.3280029296875
540,player,677,1,859.937744140625,458.8628234863281,726.1406860351562,676.320556640625
540,player,859,-1,492.41339111328125,533.8897705078125,412.67919921875,753.8782958984375
540,player,863,-1,32.14556121826172,434.2542724609375,65.77191162109375,381.8472900390625
540,player,774,-1,877.3677368164062,398.0532531738281,786.2091064453125,539.02587890625
541,player,762,0,233.36245727539062,532.7549438476562,229.79685974121094,706.4550170898438
541,player,743,0,893.3818969726562,391.7408142089844,826.65966796875,502.2239990234375
541,player,760,1,544.259765625,394.5206604003906,524.0860595703125,400.8746337890625
541,player,677,1,859.1744384765625,459.8139343261719,724.9334106445312,677.5872192382812
541,player,833,0,53.34824752807617,435.6845397949219,87.93630981445312,385.57958984375
541,player,859,-1,491.6680908203125,533.9520874023438,409.35784912109375,756.8760986328125
541,player,863,-1,28.754928588867188,434.7278747558594,64.7856674194336,382.05255126953125
541,player,774,-1,875.7060546875,402.0987854003906,792.198974609375,533.3794555664062
542,player,743,0,896.3575439453125,393.5315246582031,828.75244140625,502.0900573730469
542,player,762,0,228.79580688476562,532.662841796875,226.15469360351562,704.1486206054688
542,player,677,1,858.5706787109375,460.1165771484375,723.8775634765625,678.6226196289062
542,player,760,1,542.7940673828125,395.7830505371094,522.992431640625,401.65850830078125
542,player,859,-1,487.132080078125,533.1529541015625,406.2100524902344,757.8758544921875
542,player,871,-1,9.043938636779785,431.122802734375,45.36420822143555,364.7295837402344
543,player,743,0,899.0000610351562,394.39031982421875,830.4912109375,503.2413330078125
543,player,760,1,541.7244873046875,395.20196533203125,522.105712890625,401.3514099121094
543,player,762,0,221.18804931640625,533.0223388671875,221.8905487060547,702.3192138671875
543,player,677,1,858.0648193359375,460.95941162109375,722.7522583007812,679.9898071289062
543,player,873,-1,8.136567115783691,437.293701171875,45.85064697265625,384.9508056640625
543,player,859,-1,483.4105224609375,533.7557983398438,403.1746826171875,758.6783447265625
543,player,863,-1,23.88511085510254,427.2774353027344,62.21553421020508,372.9579772949219
544,player,762,0,215.32693481445312,533.0404663085938,217.66722106933594,700.6731567382812
544,player,743,0,900.5855712890625,394.9263916015625,831.8375854492188,504.753662109375
544,player,760,1,540.7871704101562,393.96466064453125,521.5704345703125,399.54949951171875
544,player,677,1,857.3377685546875,459.6184997558594,722.3092041015625,679.6361083984375
544,player,859,-1,481.3507080078125,534.2566528320312,400.63165283203125,759.407958984375
544,player,777,0,649.7135009765625,402.8979797363281,649.3178100585938,465.21612548828125
544,player,875,-1,15.968939781188965,438.6148986816406,52.76696014404297,391.5098571777344
545,player,762,0,211.65684509277344,531.9736938476562,214.04786682128906,698.470703125
545,player,743,0,901.4537963867188,394.92828369140625,832.9734497070312,505.82867431640625
545,player,677,1,856.687744140625,458.0721130371094,722.40625,677.9827880859375
545,player,777,0,646.645263671875,403.4574890136719,633.9261474609375,463.39727783203125
545,player,760,1,538.9345703125,391.788818359375,521.2314453125,395.5181884765625
545,player,5,0,475.89544677734375,469.85626220703125,423.34075927734375,687.8497924804688
545,player,875,-1,16.906280517578125,436.1711120605469,52.884193420410156,388.8044128417969
546,player,762,0,205.6751708984375,531.7105102539062,210.21890258789062,696.3497314453125
546,player,677,1,856.3695068359375,457.38690185546875,722.6325073242188,676.2720947265625
546,player,760,1,535.769287109375,390.2798767089844,520.427490234375,390.69586181640625
546,player,743,0,904.3573608398438,394.56597900390625,834.7647094726562,506.4231872558594
546,player,5,0,471.3386535644531,466.92523193359375,421.47125244140625,656.6422729492188
546,player,777,0,644.576416015625,402.0803527832031,623.739501953125,460.421142578125
546,player,875,-1,15.132123947143555,436.06353759765625,52.42368698120117,386.74365234375
546,player,859,1,469.827392578125,534.4117431640625,396.15826416015625,759.0885009765625
546,player,879,-1,544.6619873046875,634.6121826171875,399.5461120605469,955.1385498046875
547,player,762,0,199.33795166015625,533.87451171875,206.09671020507812,696.1612548828125
547,player,875,-1,13.703365325927734,436.7137756347656,51.74208068847656,386.0086975097656
547,player,677,1,857.1734619140625,457.0257568359375,723.12744140625,674.91162109375
547,player,743,0,906.6339111328125,396.3261413574219,835.7509155273438,509.00531005859375
547,player,777,0,642.4027709960938,399.89019775390625,617.1668701171875,455.72894287109375
547,player,760,1,532.6216430664062,389.69525146484375,519.0744018554688,386.4964599609375
547,player,5,0,467.2599792480469,480.0431823730469,417.00128173828125,647.9395751953125
547,player,879,-1,542.47802734375,635.3661499023438,398.9998779296875,955.40234375
548,player,762,0,194.75607299804688,536.6345825195312,202.2126922607422,697.8251342773438
548,player,677,1,857.6165161132812,456.830322265625,723.6397094726562,673.8934936523438
548,player,777,0,640.349853515625,403.7252502441406,611.0371704101562,456.8853759765625
548,player,875,-1,11.82730770111084,436.18927001953125,50.70334243774414,384.739013671875
548,player,760,1,529.149169921875,389.927001953125,517.0423583984375,383.678955078125
548,player,743,0,907.4898681640625,395.843017578125,836.885986328125,510.23553466796875
548,player,859,1,469.8914489746094,535.4005126953125,393.1339111328125,759.616943359375
548,player,882,-1,504.490234375,387.18914794921875,493.0875549316406,360.9993896484375
548,player,879,-1,539.7579956054688,634.312744140625,398.203369140625,954.8248291015625
549,player,762,0,189.82431030273438,542.0182495117188,198.3474578857422,702.6641845703125
549,player,760,1,526.2362060546875,390.51617431640625,514.6511840820312,382.263427734375
549,player,677,1,858.24951171875,457.114501953125,724.03955078125,673.5411376953125
549,player,743,0,914.1246337890625,396.36444091796875,839.3604736328125,512.2979125976562
549,player,875,-1,10.219253540039062,436.5678405761719,49.57463455200195,384.1879577636719
549,player,777,0,631.9278564453125,406.1907043457031,603.7342529296875,459.5765380859375
549,player,863,-1,16.652070999145508,433.6598815917969,58.782318115234375,373.81573486328125
549,player,882,-1,501.2493896484375,388.35516357421875,491.76995849609375,362.1153259277344
549,player,859,1,465.7978210449219,536.7401123046875,389.9984436035156,760.625732421875
549,player,879,-1,537.5834350585938,634.13134765625,397.25311279296875,954.2078247070312
550,player,762,0,184.82460021972656,546.5339965820312,194.51846313476562,708.8447265625
550,player,760,1,522.6825561523438,391.4825134277344,511.72991943359375,382.15533447265625
550,player,743,0,920.3653564453125,396.49957275390625,842.7747802734375,514.4306640625
550,player,677,1,858.8692626953125,457.5791015625,724.2969360351562,673.780029296875
550,player,859,1,460.6474914550781,538.6228637695312,386.47015380859375,762.2591552734375
550,player,875,-1,10.271977424621582,435.4814453125,48.78046417236328,382.58233642578125
550,player,857,-1,611.33447265625,409.5052490234375,614.3789672851562,463.79150390625
550,player,879,-1,535.395751953125,635.3016357421875,396.040283203125,954.2966918945312
550,player,883,-1,922.206787109375,391.37554931640625,858.0645141601562,502.5894775390625
550,player,882,-1,498.53045654296875,389.7068176269531,489.72076416015625,364.2404479980469
551,player,762,0,178.7346649169922,551.6028442382812,190.45855712890625,716.181396484375
551,player,760,1,518.6731567382812,391.3784484863281,508.6019592285156,381.5242614746094
551,player,743,0,924.46923828125,400.1478271484375,844.4158935546875,520.238037109375
551,player,677,1,858.9791259765625,458.230712890625,724.256591796875,674.5221557617188
551,player,859,1,452.1905212402344,539.7247924804688,381.995849609375,763.4652709960938
551,player,875,0,11.781923294067383,434.8054504394531,48.66865539550781,380.9088439941406
551,player,882,-1,496.4635009765625,390.3244934082031,487.58642578125,366.16961669921875
551,player,857,-1,607.41455078125,411.5680236816406,596.9385986328125,467.6088562011719
552,player,859,1,447.75799560546875,540.4095458984375,377.9338684082031,764.4029541015625
552,player,760,1,514.1884155273438,389.0509338378906,505.759033203125,377.7350158691406
552,player,677,1,858.1807250976562,458.61651611328125,723.875732421875,675.2740478515625
552,player,762,0,173.22406005859375,553.3922729492188,186.46324157714844,721.84912109375
552,player,743,0,927.73486328125,396.5528869628906,848.2440795898438,520.4090576171875
552,player,857,-1,604.042236328125,413.8326110839844,583.9464111328125,472.2656555175781
552,player,882,-1,494.1161804199219,389.861083984375,485.5731201171875,366.58990478515625
552,player,875,0,11.899120330810547,433.90673828125,48.568443298339844,378.7901611328125
553,player,760,1,510.862060546875,387.57354736328125,503.2412414550781,373.0570373535156
553,player,743,0,930.040283203125,392.9747314453125,853.2354125976562,516.7835083007812
553,player,762,0,166.04788208007812,554.0081787109375,182.13314819335938,725.4324951171875
553,player,677,1,858.06982421875,459.07171630859375,723.4334716796875,676.154541015625
553,player,857,-1,599.6796875,414.9327087402344,573.893310546875,476.06744384765625
553,player,859,1,446.0607604980469,541.2352905273438,374.78363037109375,765.48193359375
553,player,875,0,11.550293922424316,433.8081359863281,48.39179992675781,377.26312255859375
554,player,760,1,507.1332092285156,386.1419677734375,500.79107666015625,367.8009338378906
554,player,762,0,158.0390167236328,557.39892578125,177.36024475097656,729.638671875
554,player,743,0,933.264892578125,395.2060241699219,856.315673828125,517.2445068359375
554,player,677,1,858.365966796875,459.6936950683594,723.00048828125,677.30126953125
554,player,857,-1,595.3675537109375,415.28662109375,565.9793701171875,478.4936218261719
554,player,5,0,439.5630798339844,542.2833862304688,398.48773193359375,690.0368041992188
554,player,875,0,11.29195785522461,433.1474304199219,48.15306854248047,375.47509765625
554,player,777,0,613.9187622070312,413.6577453613281,591.3516845703125,467.8508605957031
555,player,762,0,150.89370727539062,557.882568359375,172.5458221435547,732.1767578125
555,player,760,1,502.7806396484375,384.55352783203125,498.22119140625,361.8861083984375
555,player,677,1,858.322998046875,461.1072082519531,722.1981201171875,679.2833862304688
555,player,743,0,938.3754272460938,395.53167724609375,859.6866455078125,518.431396484375
555,player,777,0,606.835693359375,414.656005859375,580.9102783203125,473.6153869628906
555,player,5,0,438.0378112792969,538.4118041992188,386.5491027832031,714.4500732421875
555,player,863,-1,10.881857872009277,433.9698181152344,54.841712951660156,374.150146484375
555,player,875,0,10.781790733337402,433.97344970703125,47.9029541015625,375.22283935546875
556,player,762,0,142.73220825195312,559.4595336914062,167.4588165283203,734.352294921875
556,player,760,1,497.0122985839844,383.268310546875,495.03765869140625,355.7591552734375
556,player,677,1,858.42724609375,462.6918029785156,721.1363525390625,681.9642333984375
556,player,5,0,433.0571594238281,538.7138061523438,377.548095703125,730.150390625
556,player,743,0,942.5193481445312,391.89599609375,864.9971923828125,515.58642578125
556,player,777,0,599.216796875,413.7575378417969,572.11328125,475.5980529785156
557,player,760,1,492.25616455078125,383.232666015625,491.4584045410156,351.2058410644531
557,player,762,0,136.19801330566406,560.4183349609375,162.59173583984375,735.96435546875
557,player,677,1,859.220947265625,463.7342529296875,720.2854614257812,684.6827392578125
557,player,888,-1,411.8344421386719,486.74810791015625,363.94769287109375,634.858642578125
557,player,857,-1,590.3359375,414.63677978515625,559.5203857421875,478.8441162109375
557,player,743,0,947.1103515625,389.942138671875,870.8612060546875,512.0186767578125
557,player,859,1,442.69232177734375,542.3588256835938,371.7895202636719,766.7376708984375
557,player,882,-1,482.2343444824219,367.1520080566406,486.1390380859375,335.653076171875
558,player,762,0,131.58572387695312,560.0560302734375,158.3291015625,736.3939208984375
558,player,760,1,486.00640869140625,383.35260009765625,487.1055908203125,347.710693359375
558,player,677,1,860.142822265625,464.4467468261719,719.7236938476562,687.1483154296875
558,player,888,-1,402.693603515625,490.733642578125,361.0325927734375,637.54931640625
558,player,743,0,949.3587646484375,387.4897766113281,876.65625,507.15484619140625
558,player,857,0,587.36083984375,412.9316101074219,554.90673828125,476.87554931640625
558,player,5,0,424.979736328125,485.2036437988281,376.46875,696.584716796875
558,player,859,1,438.29730224609375,541.6860961914062,368.86669921875,766.7225341796875
559,player,762,0,128.56924438476562,560.8992919921875,154.83990478515625,737.0570068359375
559,player,760,1,483.1224365234375,382.5901794433594,483.5400695800781,344.1356506347656
559,player,677,1,860.5750732421875,464.6678771972656,719.3946533203125,688.9802856445312
559,player,5,0,421.33734130859375,521.2418212890625,370.2002258300781,704.3604736328125
559,player,743,0,952.234375,385.78485107421875,882.2147827148438,502.3476867675781
559,player,857,0,583.7083740234375,414.2659606933594,550.452880859375,476.7103576660156
560,player,762,0,124.0947494506836,561.1233520507812,151.506591796875,737.308349609375
560,player,760,1,482.69854736328125,379.9704284667969,481.7278137207031,338.3564758300781
560,player,677,1,860.4857788085938,464.6993713378906,719.1458740234375,690.1903076171875
560,player,859,1,426.4746398925781,542.5326538085938,364.02349853515625,766.4080810546875
560,player,743,0,956.5101318359375,386.5924377441406,886.6975708007812,500.5972900390625
560,player,5,0,416.87890625,536.931396484375,363.2055358886719,721.0035400390625
560,player,888,-1,394.97235107421875,488.6249694824219,357.3680419921875,636.7886352539062
560,player,777,0,578.9912109375,411.71270751953125,560.9251098632812,472.5496826171875
560,ball,-1,-1,550.6141357421875,327.1331787109375,975.364990234375,433.8323059082031
561,player,760,1,480.9499816894531,379.4388732910156,480.1172790527344,333.7085876464844
561,player,762,0,122.56151580810547,560.936279296875,148.97412109375,737.2176513671875
561,player,677,1,860.3828125,465.1654052734375,718.7911376953125,691.3699951171875
561,player,859,1,422.12640380859375,540.0369873046875,360.11102294921875,764.0396728515625
561,player,743,0,961.677001953125,383.7740173339844,892.7264404296875,496.7708740234375
561,player,888,-1,394.492431640625,496.70025634765625,353.8881530761719,643.2347412109375
561,player,777,0,578.1937255859375,412.1874084472656,553.2849731445312,471.01953125
562,player,760,1,478.484375,379.9825744628906,478.1432800292969,331.12506103515625
562,player,677,1,860.60693359375,465.9425048828125,718.3442993164062,692.8257446289062
562,player,762,0,119.65504455566406,560.2987670898438,146.6326446533203,736.469970703125
562,player,5,0,410.284423828125,512.655029296875,359.8334045410156,712.52001953125
562,player,743,0,966.5233154296875,385.297119140625,897.2921142578125,496.54638671875
562,player,888,-1,390.3141174316406,496.93841552734375,350.512451171875,647.2708129882812
562,player,777,0,575.3689575195312,412.7556457519531,547.320556640625,470.37384033203125
563,player,5,0,408.75335693359375,526.919189453125,355.6055908203125,718.0991821289062
563,player,760,1,476.89349365234375,380.7405090332031,476.1646423339844,330.2597351074219
563,player,677,1,860.08251953125,466.1532897949219,717.8402099609375,693.906982421875
563,player,777,0,571.0859375,411.7445983886719,542.43408203125,468.38348388671875
563,player,762,0,114.9981689453125,558.0203857421875,143.98562622070312,733.9520263671875
563,player,743,0,970.6346435546875,385.6510314941406,901.32080078125,497.238525390625
564,player,762,0,107.8565673828125,556.4387817382812,140.54042053222656,730.5933837890625
564,player,677,1,859.0904541015625,466.3404235839844,717.1835327148438,694.68310546875
564,player,760,1,474.4544677734375,380.8448486328125,474.0692138671875,329.5621643066406
564,player,777,0,565.05517578125,410.37164306640625,537.815185546875,464.9238586425781
564,player,5,0,406.5863037109375,534.5234985351562,351.4808654785156,727.324462890625
564,player,743,0,974.5463256835938,385.2579650878906,905.3507080078125,497.6514892578125
564,player,888,-1,384.26873779296875,498.5684814453125,346.5617980957031,650.7655639648438
565,player,762,0,101.34400939941406,556.77490234375,136.7403564453125,728.1557006835938
565,player,760,1,470.55096435546875,380.55828857421875,471.519775390625,328.2995910644531
565,player,677,1,859.2874755859375,466.9828186035156,716.5822143554688,695.756103515625
565,player,777,0,561.837646484375,408.9078674316406,534.233642578125,460.681884765625
565,player,5,0,403.10076904296875,532.5197143554688,348.1664123535156,731.5364379882812
565,player,743,0,979.4544067382812,386.04217529296875,909.0325927734375,499.3310546875
565,player,888,-1,386.51409912109375,498.13201904296875,344.6258544921875,652.857666015625
566,player,762,0,93.14604187011719,557.53271484375,132.31199645996094,726.4993896484375
566,player,677,1,859.4488525390625,468.5923156738281,715.6682739257812,697.8431396484375
566,player,760,1,467.91729736328125,379.92279052734375,469.16473388671875,326.3522644042969
566,player,777,0,561.197998046875,406.64453125,532.3158569335938,455.2667236328125
566,player,743,0,985.595458984375,386.3653869628906,913.1163330078125,501.4354553222656
566,player,5,0,400.699951171875,534.4962158203125,345.21209716796875,735.572021484375
567,player,677,1,859.4364624023438,467.7945251464844,715.3509521484375,698.5178833007812
567,player,762,0,84.74076843261719,558.72265625,127.43675231933594,725.6551513671875
567,player,743,0,992.485595703125,386.2817077636719,917.91455078125,503.431884765625
567,player,760,1,465.38153076171875,378.7786865234375,467.08526611328125,323.29669189453125
567,player,5,0,401.2802734375,539.6177368164062,342.8886413574219,742.054443359375
567,player,777,0,559.198974609375,407.8334045410156,530.1478881835938,452.9053039550781
567,player,897,-1,367.355712890625,523.7019653320312,319.399658203125,711.7874145507812
568,player,677,1,859.720703125,468.412353515625,715.0028076171875,699.5087280273438
568,player,777,0,554.40185546875,413.4513244628906,525.8319091796875,457.2457275390625
568,player,5,0,399.7196960449219,540.956787109375,340.8604736328125,747.132568359375
568,player,762,0,80.79397583007812,559.2808837890625,123.33241271972656,725.21484375
568,player,743,0,997.038330078125,387.0671691894531,921.9752197265625,506.09527587890625
568,player,760,1,461.99493408203125,377.5984802246094,464.914794921875,319.3680419921875
568,player,897,-1,365.64447021484375,525.1729125976562,318.8319091796875,712.7979736328125
569,player,677,1,860.2232666015625,470.57122802734375,714.1541748046875,702.0302124023438
569,player,777,0,549.367431640625,417.494384765625,520.5045166015625,464.0564880371094
569,player,743,0,1001.0044555664062,389.37884521484375,924.517333984375,510.8357849121094
569,player,762,0,76.40156555175781,560.5732421875,119.63899993896484,725.5443115234375
569,player,5,0,400.954345703125,540.9267578125,339.84356689453125,750.5078735351562
569,player,897,-1,363.9685363769531,517.5067749023438,318.78814697265625,707.2657470703125
569,player,760,1,458.7630615234375,374.70599365234375,463.13201904296875,312.58319091796875
570,player,677,1,860.2997436523438,472.73992919921875,712.869873046875,705.50341796875
570,player,762,0,72.21761322021484,562.4722290039062,116.27964782714844,726.8331909179688
570,player,777,0,545.1749267578125,420.0993347167969,515.1573486328125,470.92608642578125
570,player,743,0,1004.2860107421875,390.5351867675781,926.5125122070312,515.5460205078125
570,player,760,1,457.8384094238281,375.14068603515625,461.5697937011719,308.65283203125
570,player,5,0,404.4283447265625,538.2938842773438,340.3026123046875,751.030517578125
570,player,897,-1,361.24346923828125,505.672119140625,319.24310302734375,693.786376953125
570,player,888,-1,385.59759521484375,521.2700805664062,340.5898132324219,673.05615234375
570,player,900,-1,522.3258666992188,416.9019775390625,488.0591125488281,467.0270690917969
571,player,677,1,859.41015625,473.98565673828125,711.3726806640625,708.7274169921875
571,player,888,1,385.46075439453125,539.5,336.0647277832031,700.090576171875
571,player,762,0,68.103271484375,563.1634521484375,113.13111114501953,727.862060546875
571,player,743,0,1007.3309936523438,391.76019287109375,928.041015625,520.27978515625
571,player,777,0,540.4503784179688,422.33929443359375,509.7469787597656,477.36077880859375
571,player,760,1,454.90582275390625,376.3299865722656,459.32330322265625,307.36102294921875
571,player,897,-1,358.90924072265625,519.7306518554688,317.5704650878906,696.2666625976562
572,player,677,1,858.5455322265625,473.81036376953125,710.233642578125,710.6014404296875
572,player,888,1,381.34539794921875,542.1110229492188,331.8714599609375,719.2683715820312
572,player,743,0,1010.098388671875,392.23004150390625,929.6033935546875,524.1609497070312
572,player,762,0,66.11531829833984,562.2951049804688,110.58982849121094,727.741455078125
572,player,777,0,533.650390625,422.62799072265625,504.1614990234375,481.17901611328125
572,player,760,1,446.35858154296875,374.943115234375,455.3953857421875,303.69287109375
572,player,5,0,400.95257568359375,542.8290405273438,339.281494140625,754.4361572265625
572,player,900,-1,514.6245727539062,420.7463684082031,484.888671875,470.50439453125
572,player,897,-1,360.32373046875,525.7203369140625,316.27001953125,702.7061157226562
573,player,677,1,857.7725219726562,474.70855712890625,708.983154296875,712.5029296875
573,player,888,1,376.80645751953125,540.4248657226562,328.2110900878906,730.1343994140625
573,player,762,0,64.85202026367188,560.1072387695312,108.58221435546875,725.952880859375
573,player,5,0,395.32177734375,539.6619262695312,337.5866394042969,753.8814086914062
573,player,743,0,1012.34912109375,392.5716552734375,931.1033935546875,527.2919311523438
573,player,760,1,422.002685546875,375.1186828613281,444.84759521484375,298.78399658203125
573,player,902,-1,423.9246520996094,376.43450927734375,426.2657165527344,295.3661804199219
573,player,900,-1,509.24090576171875,422.95318603515625,480.74505615234375,474.6419677734375
574,player,677,1,856.9456787109375,473.7527770996094,708.28173828125,712.8685302734375
574,player,762,0,63.19877243041992,559.7166137695312,106.87139892578125,724.3735961914062
574,player,760,1,410.0770263671875,375.071533203125,434.0997009277344,294.175048828125
574,player,743,0,1014.733642578125,394.5721740722656,931.675537109375,531.76220703125
574,player,5,0,391.5859375,540.4217529296875,335.5030822753906,753.7891235351562
574,player,900,-1,502.71331787109375,424.4356994628906,475.80694580078125,478.29437255859375
574,player,888,1,371.45672607421875,540.5596923828125,324.523681640625,736.8775634765625
574,player,897,-1,346.7018127441406,498.8866882324219,314.5224304199219,683.8671875
574,player,777,0,524.2090454101562,426.5685729980469,496.8526611328125,486.9757080078125
575,player,677,1,856.3724365234375,471.8883361816406,708.3170776367188,711.4903564453125
575,player,762,0,60.331443786621094,560.5454711914062,105.09429931640625,723.7395629882812
575,player,760,1,407.79071044921875,374.7861328125,426.42193603515625,290.5312805175781
575,player,897,0,337.8347473144531,483.4853210449219,312.54974365234375,657.3201904296875
575,player,5,0,388.34893798828125,544.3197631835938,332.97723388671875,756.3363037109375
575,player,900,-1,496.554443359375,426.0611877441406,470.4420166015625,481.8173828125
575,player,743,0,1017.828857421875,401.1374206542969,929.35400390625,542.0413818359375
576,player,677,1,855.4840087890625,470.8894958496094,708.45166015625,709.6737670898438
576,player,762,0,56.36439514160156,561.4063720703125,103.01367950439453,723.6580200195312
576,player,902,-1,410.07403564453125,374.7461242675781,422.0858154296875,291.5107421875
576,player,897,0,338.5000305175781,487.1631774902344,311.08636474609375,643.423828125
576,player,900,-1,490.4559326171875,425.45361328125,465.2938537597656,482.84442138671875
576,player,5,0,384.8717041015625,545.5886840820312,330.37548828125,758.645751953125
576,player,888,1,364.2138671875,536.183349609375,320.7733459472656,737.42333984375
576,player,743,0,1021.7021484375,405.6404113769531,926.5503540039062,553.8426513671875
577,player,677,1,854.0223388671875,470.77569580078125,708.194091796875,708.26904296875
577,player,743,0,1023.8477783203125,398.64215087890625,929.1697998046875,554.3453369140625
577,player,897,0,335.09674072265625,486.6171875,309.2845764160156,633.6057739257812
577,player,762,0,54.014312744140625,562.2907104492188,101.12486267089844,724.0762329101562
577,player,902,-1,411.1888427734375,374.3130187988281,419.82147216796875,288.54193115234375
577,player,5,0,382.60809326171875,537.1261596679688,328.9683837890625,753.73291015625
577,player,900,-1,485.11376953125,426.0892639160156,460.24853515625,483.6705017089844
578,player,677,1,852.5567626953125,471.1514892578125,707.5117797851562,707.5460205078125
578,player,743,0,1024.806884765625,393.5765686035156,933.9884643554688,549.2957763671875
578,player,902,-1,410.5285949707031,374.4334411621094,418.1089172363281,286.7010803222656
578,player,762,0,51.56096267700195,561.8795166015625,99.29900360107422,723.8564453125
578,player,897,0,330.196533203125,485.4820251464844,306.91815185546875,625.7767944335938
578,player,777,0,492.31298828125,424.2055358886719,483.26824951171875,485.02557373046875
578,player,5,0,380.9808349609375,545.6102905273438,326.8335876464844,756.6671142578125
578,player,888,1,357.94879150390625,537.4444580078125,316.6938171386719,738.230224609375
579,player,902,-1,410.07208251953125,375.1044006347656,416.7113037109375,286.365234375
579,player,677,1,850.8712158203125,471.5510559082031,706.4879760742188,707.2667846679688
579,player,762,0,48.40864562988281,561.3583984375,97.34263610839844,723.086181640625
579,player,897,0,323.336669921875,487.8522033691406,303.34039306640625,622.208740234375
579,player,743,0,1027.758544921875,390.24127197265625,939.9058837890625,542.6534423828125
579,player,777,0,484.1124267578125,423.3662414550781,472.19830322265625,482.0233459472656
579,player,5,0,378.61883544921875,541.8974609375,325.23345947265625,755.6728515625
579,ball,-1,-1,476.80572509765625,328.38714599609375,975.364990234375,433.8323059082031
580,player,762,0,44.185787200927734,562.7027587890625,95.10433197021484,723.2530517578125
580,player,677,1,849.0744018554688,472.4487609863281,705.0437622070312,707.6859741210938
580,player,743,0,1030.755615234375,388.9037170410156,945.427001953125,537.1642456054688
580,player,897,0,317.345947265625,490.42193603515625,299.20355224609375,621.65087890625
580,player,902,-1,407.61175537109375,375.83319091796875,414.852783203125,286.856201171875
580,player,5,0,367.6671447753906,528.0762939453125,322.8458251953125,743.7384643554688
580,player,777,0,479.9052734375,422.2590026855469,463.9888916015625,478.435546875
581,player,677,1,845.6915283203125,473.5473937988281,702.8450927734375,708.5884399414062
581,player,897,0,310.38970947265625,491.49664306640625,294.58795166015625,621.6339111328125
581,player,5,0,363.6907653808594,535.0722045898438,319.6575622558594,741.0040893554688
581,player,902,-1,404.56561279296875,375.4921875,412.7158203125,286.3672180175781
581,player,743,0,1032.7646484375,386.6148681640625,950.9567260742188,531.2508544921875
581,player,777,0,477.27178955078125,420.7431335449219,458.18402099609375,474.1652526855469
582,player,5,0,362.20538330078125,540.6369018554688,316.7159423828125,743.2743530273438
582,player,677,1,842.9434814453125,473.9070129394531,700.574951171875,709.23828125
582,player,897,0,306.73162841796875,490.65948486328125,290.6907958984375,620.56396484375
582,player,743,0,1034.671875,385.1061096191406,956.017578125,525.9103393554688
582,player,902,1,401.4056701660156,372.8508605957031,410.8085632324219,282.0813293457031
582,player,919,-1,27.246089935302734,559.9769287109375,79.08094024658203,714.0610961914062
582,player,777,0,471.2802734375,419.90399169921875,452.80316162109375,469.8544006347656
582,player,888,1,330.1888427734375,503.68182373046875,310.08099365234375,709.6265869140625
583,player,677,1,841.662109375,474.3330993652344,698.620849609375,709.9068603515625
583,player,5,0,360.4061279296875,540.1432495117188,314.4121398925781,744.2421875
583,player,897,0,303.36669921875,490.6051330566406,287.27288818359375,619.52734375
583,player,777,0,449.38458251953125,421.2896728515625,442.5316467285156,466.3882141113281
583,player,743,0,1037.7745361328125,387.74542236328125,958.6942138671875,525.72265625
583,player,902,1,399.6673583984375,376.1921081542969,408.34918212890625,283.6570739746094
583,player,919,-1,21.462505340576172,558.9378662109375,77.64925384521484,712.837158203125
584,player,677,1,841.0054321289062,474.3373107910156,697.177490234375,710.2879638671875
584,player,5,0,359.08282470703125,539.340087890625,312.6654052734375,744.16943359375
584,player,919,-1,17.419696807861328,546.7232666015625,75.21102142333984,702.394775390625
584,player,929,-1,333.36962890625,525.66064453125,294.7388916015625,708.3056030273438
584,player,777,0,436.79742431640625,422.3547058105469,431.9239501953125,464.0528564453125
584,player,897,0,298.7850341796875,492.9639587402344,283.65789794921875,620.541015625
584,player,743,0,1039.5220947265625,389.8954772949219,959.7052001953125,528.1679077148438
585,player,677,1,840.39404296875,474.521728515625,696.0175170898438,710.63720703125
585,player,5,0,359.0692138671875,538.2506103515625,311.62420654296875,743.3074951171875
585,player,897,0,295.68255615234375,495.3245544433594,280.3135986328125,623.00341796875
585,player,918,-1,1047.132568359375,395.87060546875,958.2305908203125,553.555419921875
585,player,777,0,451.18145751953125,422.2377014160156,429.3142395019531,463.85015869140625
586,player,5,0,358.20111083984375,537.455322265625,310.807373046875,742.0829467773438
586,player,677,1,839.7918090820312,474.8523864746094,694.9954833984375,711.0889282226562
586,player,897,0,294.279296875,498.0321960449219,277.57147216796875,626.8399047851562
586,player,918,-1,1049.1053466796875,398.671142578125,957.2194213867188,556.7516479492188
586,player,777,0,459.7818603515625,421.14501953125,430.37738037109375,463.37109375
586,player,934,-1,7.6736273765563965,527.0933227539062,61.04011154174805,635.5910034179688
586,player,902,1,398.5538024902344,384.28216552734375,404.86328125,295.330810546875
587,player,5,0,355.7757873535156,538.1741943359375,309.6220397949219,741.6343383789062
587,player,677,1,839.060302734375,475.6591796875,693.8710327148438,711.9935913085938
587,player,897,0,293.20306396484375,499.6654357910156,275.38897705078125,630.6527709960938
587,player,918,-1,1050.494873046875,398.8666687011719,956.8619384765625,559.177734375
587,player,777,0,435.73516845703125,423.3591003417969,423.52838134765625,463.0985107421875
587,player,934,-1,7.429666519165039,512.8425903320312,60.22205352783203,623.4253540039062
588,player,5,0,353.2981872558594,537.877197265625,308.2746276855469,740.9247436523438
588,player,677,1,838.6002197265625,476.35540771484375,692.7887573242188,713.1223754882812
588,player,902,1,381.2792053222656,368.1307067871094,399.94232177734375,279.018798828125
588,player,897,0,292.3287353515625,498.8453674316406,273.8020935058594,632.3485107421875
588,player,777,0,440.24072265625,423.89544677734375,420.3125915527344,463.9653015136719
588,player,918,-1,1051.633056640625,400.8730773925781,955.830322265625,562.9920654296875
588,player,934,-1,7.090553283691406,514.512451171875,59.69300842285156,616.9425048828125
589,player,5,0,351.3046875,536.6690673828125,307.01837158203125,739.3981323242188
589,player,677,1,837.8558349609375,476.66192626953125,691.7896118164062,714.0469360351562
589,player,902,1,377.9583435058594,367.2169494628906,395.80523681640625,266.7389221191406
589,player,918,-1,1053.03955078125,403.4250793457031,954.1405029296875,568.286865234375
589,player,897,0,289.5420227050781,498.3347473144531,272.080322265625,632.77001953125
590,player,677,1,837.4134521484375,477.33746337890625,690.8015747070312,715.171142578125
590,player,918,-1,1054.50146484375,397.78070068359375,956.664306640625,565.9263916015625
590,player,5,0,348.2238464355469,536.44287109375,305.469482421875,737.9915161132812
590,player,902,1,373.3349609375,367.804443359375,391.4659423828125,259.0505065917969
590,player,897,0,282.4053039550781,495.53387451171875,269.289794921875,629.9898071289062
590,player,777,0,444.3492431640625,428.4349060058594,418.6101989746094,469.89874267578125
591,player,677,1,836.90869140625,478.1646423339844,689.7554321289062,716.544189453125
591,player,918,-1,1055.111083984375,393.7622985839844,960.8052978515625,560.136474609375
591,player,5,0,343.085693359375,550.2947387695312,302.07122802734375,746.8980102539062
591,player,777,0,440.377685546875,429.4483947753906,416.15985107421875,474.45843505859375
591,player,902,1,366.8187561035156,367.7250061035156,386.48480224609375,253.18264770507812
591,player,897,0,281.4661865234375,498.2063293457031,267.0473327636719,630.4325561523438
592,player,902,1,363.94097900390625,367.75146484375,382.28155517578125,249.0711212158203
592,player,677,1,836.5597534179688,478.34356689453125,688.9259033203125,717.5546875
592,player,918,-1,1057.348388671875,391.9127502441406,965.2472534179688,554.5924072265625
592,player,777,0,435.9953308105469,431.03875732421875,413.0078125,478.70220947265625
592,player,897,0,282.0868835449219,535.9522705078125,263.33746337890625,661.5411987304688
592,player,5,0,328.56982421875,548.6463623046875,296.51654052734375,750.369873046875
592,player,948,-1,314.1966552734375,547.8117065429688,276.5174865722656,751.8916625976562
593,player,918,-1,1056.3212890625,394.9664306640625,966.0451049804688,554.1942138671875
593,player,677,1,835.8339233398438,477.8551940917969,688.3585205078125,717.7445678710938
593,player,902,1,361.1246032714844,371.14886474609375,378.03045654296875,250.85348510742188
593,player,5,0,327.872314453125,543.016845703125,293.1646423339844,748.4361572265625
593,player,897,0,276.1485900878906,550.2548217773438,258.661865234375,692.0012817382812
593,player,777,0,430.27154541015625,434.5538635253906,408.69305419921875,484.65069580078125
593,ball,-1,-1,420.83038330078125,328.7951354980469,975.364990234375,433.8323059082031
594,player,677,1,835.3402099609375,477.06134033203125,688.1224365234375,717.1664428710938
594,player,5,0,331.8531494140625,536.011474609375,292.50030517578125,742.2428588867188
594,player,918,-1,1055.09130859375,403.8799743652344,961.1264038085938,563.2471923828125
594,player,897,0,272.7026672363281,551.1514282226562,254.74758911132812,712.189208984375
594,player,902,1,356.0796203613281,372.06634521484375,373.44281005859375,252.7108612060547
594,player,777,0,423.7678527832031,435.4731140136719,403.8516845703125,488.85638427734375
594,ball,-1,-1,417.6500244140625,327.53594970703125,975.364990234375,433.8323059082031
595,player,677,1,833.9849853515625,478.9515075683594,686.9962768554688,718.2403564453125
595,player,743,0,1065.40234375,391.4177551269531,967.2354736328125,534.102294921875
595,player,777,0,417.4192199707031,436.1447448730469,398.75872802734375,491.68170166015625
595,player,897,0,272.53057861328125,547.0453491210938,252.3836669921875,722.2789916992188
595,player,5,0,328.45025634765625,535.25244140625,291.29571533203125,737.37109375
595,player,953,-1,343.4483642578125,370.79254150390625,353.537109375,246.90489196777344
596,player,677,1,832.2320556640625,480.02880859375,685.45849609375,719.6763305664062
596,player,743,0,1064.104248046875,396.5008544921875,968.7584838867188,543.316162109375
596,player,897,0,271.64239501953125,548.6829833984375,250.54470825195312,729.9771118164062
596,player,777,0,410.72625732421875,436.042724609375,393.52789306640625,492.7579345703125
596,player,5,0,322.35479736328125,541.96728515625,288.51422119140625,738.774658203125
596,player,955,-1,284.0186462402344,547.058837890625,255.90582275390625,743.6038818359375
596,player,953,-1,343.37908935546875,371.3978271484375,353.4195556640625,247.74620056152344
597,player,677,1,829.3697509765625,479.8759765625,683.76611328125,720.23828125
597,player,743,0,1065.5902099609375,398.42169189453125,969.075927734375,551.5010986328125
597,player,955,-1,289.3211975097656,546.9890747070312,257.18792724609375,743.9654541015625
597,player,777,0,404.67877197265625,435.0931701660156,388.5229797363281,491.85894775390625
597,player,953,-1,343.2166442871094,370.7245788574219,353.394287109375,247.3294219970703
597,player,897,0,263.4041748046875,514.6466674804688,249.1862030029297,707.8048706054688
598,player,677,1,826.581787109375,480.7320861816406,681.667236328125,721.0693359375
598,player,743,0,1074.356201171875,390.3156433105469,976.6678466796875,548.9884033203125
598,player,955,-1,293.5099792480469,546.1375732421875,259.0837097167969,743.898193359375
598,player,777,0,392.2748107910156,434.8847351074219,381.70025634765625,489.8389587402344
598,player,953,-1,343.7566833496094,370.0821228027344,353.658203125,246.21682739257812
598,player,897,0,257.9467468261719,498.24310302734375,247.82858276367188,679.0239868164062
599,player,677,1,825.5372314453125,478.5787353515625,680.72607421875,719.7421875
599,player,955,-1,295.02581787109375,545.3634033203125,260.7304992675781,743.4000244140625
599,player,897,0,255.00523376464844,494.0587463378906,246.41232299804688,656.384765625
599,player,743,0,1080.937255859375,384.9691467285156,986.8484497070312,542.1318359375
599,player,902,1,344.95855712890625,369.0110168457031,367.25946044921875,248.34129333496094
599,player,777,0,383.5999755859375,435.3609313964844,374.6767578125,488.18548583984375
600,player,897,0,255.21331787109375,492.8348693847656,245.61636352539062,640.601318359375
600,player,677,1,825.2635498046875,480.5600891113281,679.4048461914062,720.4923706054688
600,player,743,0,1083.14794921875,383.6513366699219,994.9549560546875,536.4320068359375
600,player,777,0,374.89117431640625,435.15234375,367.60992431640625,486.03497314453125
600,player,955,-1,303.45196533203125,544.7420043945312,263.876708984375,743.274169921875
600,player,944,-1,359.3614501953125,416.7663269042969,348.5979309082031,419.1753845214844
600,player,953,-1,339.5865478515625,373.4231872558594,351.9302978515625,249.6890869140625
601,player,677,1,825.0173950195312,482.57122802734375,677.8389892578125,722.6084594726562
601,player,897,0,250.79962158203125,493.6409606933594,243.88856506347656,630.6746826171875
601,player,743,0,1084.28759765625,384.2608337402344,1000.18994140625,533.5292358398438
601,player,777,0,367.4481506347656,435.24114990234375,360.8399658203125,484.0029602050781
601,player,5,0,292.84002685546875,536.43896484375,279.8972473144531,733.1904907226562
602,player,677,1,823.9739379882812,484.2858581542969,676.0076293945312,725.29248046875
602,player,948,-1,259.5381774902344,537.0556640625,263.89990234375,739.5404052734375
602,player,743,0,1084.50830078125,389.69903564453125,1000.3095703125,537.6806030273438
602,player,897,0,245.89959716796875,497.2689514160156,241.28224182128906,627.0
602,player,902,1,329.2221984863281,345.3020935058594,361.67266845703125,208.12718200683594
602,player,5,0,286.3278503417969,540.4031372070312,272.4575500488281,732.0507202148438
602,player,777,0,360.8582458496094,436.92572021484375,354.3044128417969,483.839111328125
602,player,944,-1,361.8482666015625,434.0069885253906,347.0141296386719,438.6672058105469
602,player,953,-1,329.41021728515625,406.6911315917969,342.95758056640625,293.98358154296875
603,player,677,1,823.2351684570312,484.9132080078125,674.4288330078125,727.4835815429688
603,player,777,0,357.34368896484375,439.8841247558594,348.66326904296875,486.5300598144531
603,player,5,0,285.98358154296875,542.4271850585938,267.4154052734375,732.8037109375
603,player,948,-1,256.20330810546875,516.1149291992188,255.95645141601562,714.6311645507812
603,player,743,0,1082.5634765625,391.0780944824219,998.9677734375,541.682861328125
604,player,677,1,822.5150146484375,484.9936828613281,673.1920166015625,728.911865234375
604,player,777,0,355.7497863769531,440.0406494140625,344.51708984375,488.28973388671875
604,player,948,-1,254.09457397460938,523.88134765625,249.85682678222656,704.5643920898438
604,player,743,0,1082.464599609375,391.8637390136719,997.5919189453125,545.127685546875
604,player,5,0,276.56976318359375,540.6151733398438,261.954833984375,731.1893310546875
604,player,897,0,235.65377807617188,496.78179931640625,236.92269897460938,623.299072265625
605,player,677,1,822.8289794921875,484.99658203125,672.4678955078125,729.8692626953125
605,player,777,0,352.41796875,439.2586669921875,340.9568786621094,488.283203125
605,player,743,0,1084.0982666015625,392.3805847167969,996.8739013671875,548.094482421875
605,player,948,-1,252.90420532226562,527.6376342773438,245.40521240234375,700.9134521484375
605,player,897,0,233.16346740722656,495.6299743652344,233.48822021484375,619.661376953125
605,player,5,0,279.32781982421875,538.0321044921875,259.22802734375,728.40087890625
606,player,677,1,825.2418212890625,484.3996887207031,672.806884765625,730.2122802734375
606,player,777,0,349.54376220703125,436.38079833984375,338.1636962890625,484.932373046875
606,player,948,-1,252.73202514648438,533.3731689453125,242.18588256835938,703.0211791992188
606,player,743,0,1085.136962890625,391.3635559082031,997.33154296875,549.027099609375
606,player,964,-1,1098.279052734375,390.7643127441406,1010.4511108398438,552.76318359375
606,player,897,0,228.0653839111328,496.928955078125,229.85594177246094,618.003173828125
606,player,5,0,274.87158203125,537.6944580078125,256.38470458984375,725.977783203125
607,player,677,1,828.0736083984375,483.7208557128906,673.9724731445312,730.1243896484375
607,player,777,0,348.26116943359375,433.9618835449219,336.272216796875,480.023681640625
607,player,948,-1,251.7958221435547,537.549072265625,239.6610870361328,707.5369873046875
607,player,743,0,1086.8758544921875,390.4383239746094,998.7109375,548.8056640625
607,player,5,0,271.47509765625,538.9676513671875,253.6343994140625,725.102294921875
607,player,897,0,231.31732177734375,500.7121276855469,228.17832946777344,620.5177001953125
608,player,677,1,828.983642578125,481.39715576171875,675.7093505859375,728.2470703125
608,player,777,0,346.4755859375,432.18121337890625,334.7398376464844,474.72314453125
608,player,967,-1,256.8015441894531,540.0402221679688,238.12576293945312,722.4857177734375
608,player,743,0,1090.48681640625,392.1729431152344,999.6328125,550.9161376953125
608,player,897,0,231.54757690429688,503.487548828125,227.02357482910156,624.5738525390625
609,player,677,1,829.5816650390625,478.5836181640625,677.9034423828125,724.7598266601562
609,player,777,0,341.344482421875,431.69427490234375,332.29840087890625,470.238525390625
609,player,5,0,276.93609619140625,539.9285278320312,253.125732421875,725.6934814453125
609,player,743,0,1092.19384765625,392.49176025390625,1000.5476684570312,552.8074340820312
609,player,948,-1,251.7106170654297,538.9935302734375,237.93017578125,711.5694580078125
609,player,897,0,224.3743896484375,501.8160400390625,224.4784393310547,625.153076171875
610,player,677,1,829.8184814453125,481.23431396484375,678.5328979492188,724.6979370117188
610,player,777,0,338.2638244628906,433.4037170410156,329.60504150390625,468.8822021484375
610,player,743,0,1092.899658203125,391.57196044921875,1001.9122314453125,553.1146240234375
610,player,948,-1,252.85354614257812,539.8280029296875,237.044677734375,714.91650390625
610,player,897,0,232.66665649414062,506.25115966796875,224.7852783203125,630.0509643554688
611,player,677,1,829.6676635742188,482.1759338378906,678.60009765625,725.4159545898438
611,player,743,0,1095.596923828125,390.8717346191406,1004.0330200195312,552.8322143554688
611,player,948,-1,253.91156005859375,540.2928466796875,236.70516967773438,717.5289306640625
611,player,777,0,333.9940490722656,437.11376953125,326.17926025390625,471.5858154296875
611,player,953,-1,317.2845458984375,374.6775817871094,337.42572021484375,279.9214782714844
612,player,677,1,828.997802734375,481.704345703125,678.6221923828125,725.4395141601562
612,player,743,0,1099.01904296875,392.93701171875,1005.1702270507812,555.2318115234375
612,player,953,1,315.9277648925781,359.0341796875,335.55511474609375,248.1141357421875
612,player,777,0,324.16632080078125,439.5917053222656,320.82806396484375,475.03125
612,player,948,-1,257.6287841796875,539.6741943359375,237.4225616455078,719.0512084960938
613,player,743,0,1102.8955078125,394.4013671875,1006.1697998046875,558.7573852539062
613,player,677,1,828.448486328125,482.3014221191406,678.3028564453125,725.896484375
613,player,948,1,252.7220001220703,538.6546630859375,236.73886108398438,718.8754272460938
613,player,897,0,226.03494262695312,501.6966857910156,223.46142578125,628.751708984375
613,ball,-1,-1,837.765380859375,347.3974609375,965.1713256835938,424.59820556640625
614,player,743,0,1103.593017578125,396.2406311035156,1005.9112548828125,563.0775756835938
614,player,677,1,826.8176879882812,482.3177490234375,677.6687622070312,726.067626953125
614,player,948,1,250.7175750732422,540.714599609375,235.706787109375,720.1697387695312
614,player,777,0,302.10028076171875,442.1768493652344,310.7123718261719,477.8719177246094
614,ball,-1,-1,837.7349243164062,346.0721435546875,955.958984375,415.67938232421875
615,player,743,0,1104.062744140625,394.5733642578125,1006.8931884765625,564.1597900390625
615,player,677,1,825.03125,480.9777526855469,677.223388671875,724.927490234375
615,player,5,0,260.29058837890625,542.2943725585938,248.61351013183594,726.5506591796875
615,player,777,0,296.3730163574219,443.1873779296875,302.392333984375,480.2323913574219
615,ball,-1,-1,837.495849609375,342.12548828125,947.9718627929688,406.19366455078125
616,player,743,0,1106.228271484375,388.5318298339844,1011.9029541015625,558.558837890625
616,player,677,1,824.30126953125,480.7420654296875,676.8203735351562,723.9301147460938
616,player,777,0,291.6690673828125,443.70904541015625,295.5828857421875,481.86248779296875
616,player,948,1,247.00364685058594,543.82470703125,233.98890686035156,723.0664672851562
616,player,897,0,216.001220703125,513.85009765625,219.5324249267578,637.39892578125
616,ball,-1,-1,836.680419921875,339.67755126953125,940.879150390625,396.6424865722656
617,player,677,1,824.163818359375,480.7221374511719,676.5291748046875,723.253662109375
617,player,743,0,1107.3642578125,388.01531982421875,1015.8236083984375,554.470458984375
617,player,777,0,287.39801025390625,443.9401550292969,289.9070129394531,482.7531433105469
617,player,897,0,215.13348388671875,520.3519897460938,216.52493286132812,648.313720703125
617,player,5,0,236.7296600341797,544.1643676757812,239.86846923828125,726.662109375
617,ball,-1,-1,836.6373901367188,336.60552978515625,934.7553100585938,386.83489990234375
618,player,677,1,822.822998046875,480.8975830078125,675.9363403320312,722.8433837890625
618,player,777,0,287.1666259765625,442.6883544921875,286.258544921875,481.98577880859375
618,player,743,0,1108.50830078125,392.177490234375,1016.1256713867188,556.4510498046875
618,player,979,-1,202.95602416992188,502.6256408691406,203.71426391601562,623.00341796875
618,player,897,0,212.9246826171875,539.1558837890625,213.38519287109375,670.1201782226562
618,player,984,-1,299.685546875,442.5843200683594,289.8271179199219,483.7111511230469
618,ball,-1,-1,836.8351440429688,335.188232421875,929.32568359375,377.34222412109375
619,player,677,1,820.8494873046875,480.51544189453125,675.1615600585938,722.0929565429688
619,player,743,0,1109.059326171875,388.6065673828125,1018.7066650390625,553.9225463867188
619,player,777,0,287.5172424316406,441.8954772949219,284.05670166015625,480.67919921875
619,player,987,-1,236.20236206054688,544.3162841796875,223.24407958984375,727.0773315429688
619,player,979,-1,200.41046142578125,493.70550537109375,203.33047485351562,614.9102783203125
619,ball,-1,-1,837.6248168945312,332.5534362792969,924.7470703125,367.7394104003906
620,player,677,1,817.9364013671875,480.6091613769531,673.872802734375,721.4326171875
620,player,743,0,1110.9952392578125,392.9578857421875,1018.258544921875,557.1880493164062
620,player,777,0,286.2582092285156,441.3881530761719,282.30523681640625,479.1675720214844
620,player,979,-1,194.19004821777344,490.41754150390625,201.52957153320312,606.138916015625
620,player,987,-1,233.28335571289062,543.90478515625,222.551513671875,726.5382080078125
621,player,677,1,816.5975341796875,480.16021728515625,672.8304443359375,720.5181884765625
621,player,777,0,279.78961181640625,441.65521240234375,279.27294921875,477.84088134765625
621,player,743,0,1114.635498046875,397.62091064453125,1016.192138671875,564.63330078125
621,player,5,0,205.77134704589844,533.2510375976562,226.97976684570312,715.8927001953125
622,player,677,1,816.0610961914062,480.04547119140625,672.0501098632812,719.782958984375
622,player,777,0,275.9482116699219,440.5885925292969,276.2762451171875,475.46478271484375
622,player,743,0,1117.453369140625,397.6009521484375,1015.691162109375,569.7364501953125
622,player,979,-1,191.92593383789062,485.357666015625,199.900146484375,595.6007080078125
622,player,987,-1,242.7156982421875,544.6251831054688,224.36183166503906,727.4703369140625
622,ball,-1,-1,836.1516723632812,312.995361328125,923.1890258789062,351.8815002441406
623,player,677,1,816.0083618164062,478.609375,671.986328125,718.111083984375
623,player,967,-1,273.13824462890625,441.1508483886719,248.67129516601562,634.81201171875
623,player,995,-1,199.36770629882812,487.40264892578125,202.4003448486328,583.2920532226562
623,player,743,0,1120.03466796875,392.5992736816406,1019.2086181640625,568.0068359375
623,player,777,0,273.6475524902344,440.95159912109375,273.6324462890625,474.0848388671875
623,player,996,-1,279.0035705566406,361.4881591796875,295.14312744140625,186.8624267578125
623,player,987,-1,247.87037658691406,543.6465454101562,226.833251953125,727.74609375
623,ball,-1,-1,832.1717529296875,313.55877685546875,921.34326171875,337.3841247558594
624,player,677,1,816.2789306640625,476.50347900390625,672.6901245117188,715.292724609375
624,player,979,-1,190.4355010986328,485.0922546386719,198.44778442382812,588.3729248046875
624,player,743,0,1121.490234375,390.9881286621094,1022.9356079101562,565.29931640625
624,player,777,0,272.36090087890625,440.1744689941406,271.6021423339844,472.22930908203125
624,player,996,-1,278.66522216796875,361.2027587890625,295.0602111816406,186.39764404296875
625,player,677,1,816.5426025390625,475.3843078613281,673.5772705078125,712.5457153320312
625,player,743,0,1123.01611328125,394.2038269042969,1023.8054809570312,567.1407470703125
625,player,996,-1,277.30364990234375,358.7208251953125,294.823486328125,182.218017578125
625,player,979,-1,191.01242065429688,481.75616455078125,197.75418090820312,580.6190185546875
625,player,967,-1,240.1090087890625,438.4167785644531,246.1110076904297,571.643798828125
625,player,987,-1,235.84619140625,539.8013305664062,225.67538452148438,724.0640869140625
625,player,777,0,270.52581787109375,438.81787109375,269.85540771484375,469.38311767578125
626,player,677,1,816.874755859375,475.2677307128906,674.2784423828125,710.6910400390625
626,player,743,0,1125.1845703125,394.8751525878906,1024.5968017578125,569.2715454101562
626,player,979,-1,191.55335998535156,479.629638671875,197.51156616210938,573.627685546875
626,player,996,-1,276.3178405761719,358.77532958984375,294.32489013671875,179.46470642089844
626,player,967,-1,228.4158935546875,441.31591796875,240.87330627441406,532.5809326171875
626,player,987,-1,232.932861328125,537.62353515625,224.29776000976562,719.7715454101562
626,player,777,0,267.6729431152344,437.22320556640625,268.011962890625,465.52557373046875
627,player,743,0,1127.710693359375,390.9222106933594,1028.3343505859375,566.6887817382812
627,player,677,1,817.0661010742188,475.61444091796875,674.6722412109375,709.7931518554688
627,player,999,-1,272.6435241699219,363.9848327636719,288.1658630371094,195.24851989746094
627,player,987,-1,232.47744750976562,537.2014770507812,223.30746459960938,716.6204223632812
627,player,979,0,189.40869140625,480.9391784667969,196.7345733642578,570.1243286132812
627,player,967,-1,221.7422637939453,445.9136657714844,235.2989044189453,511.463134765625
627,player,1001,-1,204.42996215820312,517.67333984375,203.44195556640625,659.7722778320312
628,player,677,1,817.3992309570312,475.21661376953125,675.1439819335938,708.9044189453125
628,player,743,0,1129.3367919921875,387.05859375,1033.7109375,560.9830322265625
628,player,999,-1,272.46588134765625,360.1298522949219,288.52532958984375,189.50537109375
628,player,987,1,234.32003784179688,538.3626098632812,223.0689239501953,715.6109008789062
628,player,979,0,185.72714233398438,480.83551025390625,195.23446655273438,567.419677734375
628,player,777,0,257.7127685546875,429.6940612792969,264.4495849609375,453.7159729003906
629,player,677,1,817.8624267578125,476.2122497558594,675.25,709.2017211914062
629,player,743,0,1131.0101318359375,385.23992919921875,1038.8828125,555.4512939453125
629,player,987,1,235.71612548828125,540.6984252929688,223.1598663330078,716.8494262695312
629,player,999,-1,271.4071960449219,355.08380126953125,288.9530029296875,178.0011749267578
629,player,979,0,183.674560546875,482.4082946777344,193.66322326660156,566.9541015625
630,player,677,1,818.09375,475.49639892578125,675.6107177734375,708.8151245117188
630,player,999,-1,271.4912414550781,357.4947814941406,288.992431640625,174.20785522460938
630,player,743,0,1133.364501953125,385.8459167480469,1042.560791015625,552.76708984375
630,player,987,1,234.640625,542.6241455078125,222.8782501220703,719.0302734375
630,player,979,0,183.36810302734375,482.86590576171875,192.54762268066406,567.0521240234375
631,player,677,1,818.0751953125,476.53399658203125,675.5051879882812,709.4312744140625
631,player,999,-1,272.4329528808594,359.0497741699219,289.1702575683594,174.203857421875
631,player,987,1,233.8478546142578,543.7669677734375,222.4564208984375,721.2481079101562
631,player,743,0,1137.047607421875,381.8040771484375,1048.7098388671875,546.9315795898438
631,player,979,0,186.61228942871094,483.6161804199219,192.67904663085938,568.1052856445312
632,player,677,1,817.940673828125,478.8041687011719,674.672607421875,711.7105102539062
632,player,743,0,1139.184326171875,380.6287841796875,1054.13525390625,542.0484008789062
632,player,999,-1,269.9970703125,357.43365478515625,288.62554931640625,171.4664306640625
632,player,987,1,230.62210083007812,544.256591796875,221.3791046142578,722.804931640625
632,player,979,0,188.0059814453125,481.7188415527344,193.1920166015625,567.14111328125
633,player,677,1,818.5771484375,480.6902160644531,673.6953125,714.8057861328125
633,player,999,-1,266.952392578125,352.91552734375,287.71014404296875,162.39138793945312
633,player,743,0,1142.3155517578125,381.6949157714844,1057.9031982421875,540.3952026367188
633,player,987,1,226.49940490722656,543.4899291992188,219.70556640625,722.9143676757812
633,player,979,0,189.82891845703125,523.4812622070312,192.92401123046875,603.11328125
634,player,677,1,818.0765991210938,481.1442565917969,672.7861328125,717.1485595703125
634,player,999,1,267.49224853515625,347.34393310546875,287.9215087890625,147.8160858154297
634,player,743,0,1145.3837890625,384.18328857421875,1059.6328125,542.4010009765625
634,player,987,1,222.29119873046875,544.4955444335938,217.55813598632812,723.4132080078125
634,player,979,0,195.8917236328125,545.2560424804688,193.71109008789062,644.0411376953125
635,player,743,0,1147.6895751953125,385.237060546875,1060.7576904296875,545.1040649414062
635,player,677,1,817.2550048828125,479.4622497558594,672.5169067382812,717.2130126953125
635,player,987,1,218.89425659179688,545.0474853515625,215.31805419921875,723.8862915039062
635,player,996,-1,268.8756408691406,350.9700622558594,292.30072021484375,164.7995147705078
635,player,979,0,192.718505859375,520.0233764648438,194.07838439941406,650.512451171875
636,player,743,0,1149.016845703125,384.8541564941406,1062.140869140625,546.5784912109375
636,player,677,1,814.5218505859375,475.7350769042969,672.822998046875,713.9131469726562
636,player,979,0,190.98333740234375,483.2506408691406,194.86341857910156,622.4035034179688
636,player,987,1,216.77471923828125,546.3878784179688,213.30291748046875,725.0346069335938
636,player,999,1,250.1502685546875,346.107177734375,282.058837890625,134.20321655273438
637,player,743,0,1150.7373046875,384.9569091796875,1063.4901123046875,547.82861328125
637,player,677,1,814.0056762695312,473.93695068359375,673.4668579101562,710.2099609375
637,player,987,1,213.56884765625,547.5598754882812,211.17889404296875,726.4075927734375
637,player,996,-1,267.560791015625,354.9923095703125,290.0843200683594,161.3341064453125
637,player,999,1,247.39315795898438,353.9686584472656,276.52569580078125,137.40826416015625
637,player,979,0,189.78863525390625,468.6821594238281,195.4698486328125,590.0859985351562
638,player,677,1,815.863525390625,472.85687255859375,674.7237548828125,707.051025390625
638,player,979,0,189.97845458984375,484.8973693847656,195.45059204101562,584.5671997070312
638,player,743,0,1152.412353515625,384.0003662109375,1065.505615234375,547.7633666992188
638,player,999,1,246.6312255859375,357.9034423828125,272.30322265625,145.4385223388672
638,player,987,1,214.57455444335938,548.064453125,210.02542114257812,727.7554931640625
638,player,996,-1,270.701416015625,356.6865539550781,289.5445861816406,162.0514373779297
639,player,677,1,818.0535888671875,472.1573791503906,676.3449096679688,704.5955200195312
639,player,979,0,195.828857421875,486.24456787109375,196.9707489013672,582.74365234375
639,player,743,0,1148.5596923828125,384.1773986816406,1065.5362548828125,547.5146484375
639,player,999,1,247.61880493164062,355.1919860839844,270.1492614746094,146.6279296875
639,player,987,1,216.3350830078125,548.5870971679688,209.6841278076172,729.15869140625
640,player,677,1,819.5508422851562,472.3353271484375,677.734130859375,703.2810668945312
640,player,743,0,1152.2451171875,385.04498291015625,1066.0927734375,548.6904907226562
640,player,1021,-1,195.29217529296875,545.2357788085938,194.7578125,719.8717041015625
640,player,979,0,196.99530029296875,466.6241455078125,198.90382385253906,562.9441528320312
640,player,999,1,247.66851806640625,353.5189514160156,268.9223327636719,144.82089233398438
641,player,677,1,820.7460327148438,472.3213195800781,678.9560546875,702.5191040039062
641,player,979,0,194.42189025878906,466.1963195800781,199.45883178710938,549.4133911132812
641,player,743,0,1155.796142578125,385.518798828125,1067.2091064453125,550.3426513671875
641,player,1022,-1,194.96484375,545.3871459960938,194.51976013183594,720.125
642,player,777,0,200.5799560546875,477.8485107421875,243.37420654296875,490.26806640625
642,player,677,1,822.2986450195312,472.34149169921875,680.15185546875,702.1763305664062
642,player,1022,-1,185.47711181640625,545.9638061523438,192.20083618164062,719.8150634765625
642,player,743,0,1156.4124755859375,385.90325927734375,1067.8656005859375,551.9008178710938
643,player,677,1,823.595703125,473.11700439453125,681.0147705078125,702.7229614257812
643,player,777,0,201.8489990234375,478.36175537109375,230.0030517578125,514.6273803710938
643,player,743,0,1156.35595703125,383.5872497558594,1069.814453125,550.3659057617188
643,player,1026,-1,190.11538696289062,538.5203247070312,191.60446166992188,704.033447265625
643,player,999,1,242.0348358154297,343.820556640625,267.044677734375,127.54409790039062
644,player,677,1,825.085693359375,474.00946044921875,681.6732788085938,703.9608154296875
644,player,777,0,204.11209106445312,476.7856140136719,221.98330688476562,529.1697998046875
644,player,1011,-1,253.98257446289062,356.8389587402344,271.9994201660156,158.26043701171875
644,player,1026,-1,186.23638916015625,545.6713256835938,190.49661254882812,709.1941528320312
644,player,743,0,1155.4818115234375,382.6109924316406,1071.47021484375,548.1981201171875
645,player,677,1,828.2717895507812,474.2059020996094,682.8714599609375,705.20751953125
645,player,777,0,207.5184326171875,474.9172668457031,217.76922607421875,537.1483764648438
645,player,1011,-1,251.96627807617188,359.1254577636719,271.08538818359375,161.48910522460938
645,player,743,0,1146.0916748046875,381.5904846191406,1070.385498046875,544.672119140625
645,player,987,1,177.46226501464844,542.6447143554688,200.1693878173828,722.5319213867188
645,player,979,0,184.56689453125,489.5571594238281,196.46983337402344,561.9368286132812
645,player,1026,-1,185.04525756835938,545.109375,189.49867248535156,712.0296020507812
646,player,677,1,830.4080810546875,473.6475830078125,684.3946533203125,705.7335815429688
646,player,777,0,210.25753784179688,473.1833190917969,215.84695434570312,540.91943359375
646,player,1026,-1,188.37933349609375,544.1758422851562,189.68191528320312,713.427001953125
646,player,979,0,190.03128051757812,498.0221862792969,195.75637817382812,578.1617431640625
646,player,1011,-1,249.7178192138672,356.69342041015625,269.94482421875,159.61962890625
646,player,987,1,172.57473754882812,541.27880859375,192.8122100830078,716.789794921875
647,player,677,1,833.0,473.2259216308594,686.2044067382812,705.9456176757812
647,player,777,0,210.7816162109375,471.7438049316406,214.79811096191406,542.0296630859375
647,player,1011,-1,249.37142944335938,346.0278625488281,270.1058044433594,141.65074157714844
647,player,979,0,191.07449340820312,508.72125244140625,195.28167724609375,598.0943603515625
647,player,987,1,174.42420959472656,539.2764282226562,188.51727294921875,711.659912109375
647,player,1026,-1,182.5402374267578,541.4839477539062,188.43215942382812,711.8193359375
647,player,743,0,1141.853271484375,368.7953186035156,1077.130859375,527.269775390625
648,player,677,1,834.059326171875,473.1174621582031,687.6947631835938,706.0841064453125
648,player,777,0,210.73028564453125,471.2253112792969,214.12277221679688,542.2446899414062
648,player,1011,-1,249.51480102539062,341.162841796875,270.7452087402344,122.08641815185547
648,player,979,0,190.44830322265625,511.8843688964844,194.7299041748047,613.68212890625
648,player,987,1,175.71275329589844,538.5547485351562,186.05494689941406,707.8692626953125
648,player,1026,-1,179.0310821533203,540.0986328125,186.78680419921875,709.4306640625
648,player,743,0,1141.939453125,366.2806091308594,1083.3155517578125,512.9906005859375
649,player,677,1,835.2490234375,473.6474304199219,688.7987060546875,706.7239990234375
649,player,777,0,213.05770874023438,473.29803466796875,214.2402801513672,544.59716796875
649,player,1011,-1,250.51766967773438,346.763916015625,270.95941162109375,118.57728576660156
649,player,987,1,176.47518920898438,539.53076171875,184.6245574951172,706.2214965820312
649,player,979,0,190.320068359375,501.5958251953125,194.60614013671875,614.9647216796875
649,player,743,0,1142.407470703125,371.19769287109375,1084.0306396484375,509.55084228515625
650,player,677,1,836.4891967773438,472.9321594238281,690.0804443359375,706.645263671875
650,player,777,0,213.77316284179688,473.6024475097656,214.50042724609375,546.4837646484375
650,player,1011,-1,252.70791625976562,353.95135498046875,271.162109375,127.8744125366211
650,player,987,1,176.0504608154297,539.1548461914062,183.5971221923828,704.8259887695312
650,player,979,0,195.5049285888672,486.1351318359375,196.3382568359375,602.37255859375
650,player,743,0,1142.97509765625,371.62713623046875,1084.373046875,507.8760681152344
651,player,677,1,839.2332763671875,471.1294250488281,692.2412719726562,705.3087158203125
651,player,777,0,214.70431518554688,472.39263916015625,214.97476196289062,546.6307983398438
651,player,1011,0,248.36941528320312,346.45013427734375,270.5008544921875,121.56858825683594
651,player,743,0,1143.643798828125,374.2538757324219,1082.989501953125,509.8971252441406
651,player,979,0,196.07244873046875,506.6685791015625,197.00865173339844,612.498291015625
652,player,677,1,840.964111328125,469.1763000488281,694.765625,702.929443359375
652,player,777,0,214.63778686523438,471.51885986328125,215.30105590820312,545.8765258789062
652,player,987,1,177.47952270507812,536.0716552734375,183.3372344970703,701.635986328125
652,player,1011,0,248.6602783203125,339.7802429199219,270.834228515625,106.64500427246094
652,player,743,0,1143.94287109375,366.13067626953125,1087.85693359375,501.7385559082031
653,player,677,1,839.7135009765625,470.6668395996094,695.5697021484375,702.542724609375
653,player,777,0,211.49151611328125,472.5134582519531,214.60781860351562,546.059814453125
653,player,979,0,200.85008239746094,524.71533203125,198.144775390625,634.4974365234375
653,player,1011,0,250.46994018554688,342.0561218261719,271.4706115722656,100.91819763183594
653,player,1026,-1,194.04153442382812,536.3687744140625,189.49176025390625,706.1864013671875
654,player,677,1,839.5908203125,471.494873046875,695.77978515625,702.9830322265625
654,player,777,0,209.2442626953125,474.5330505371094,213.46200561523438,547.9156494140625
654,player,1039,-1,144.08200073242188,441.5362243652344,160.8836212158203,437.1170349121094
654,player,1011,0,252.67849731445312,340.2978515625,272.855712890625,94.5887222290039
655,player,677,1,839.4873046875,470.9432067871094,696.07568359375,702.79248046875
655,player,777,0,207.45387268066406,475.9203186035156,212.1751708984375,550.2853393554688
655,player,1039,-1,140.22137451171875,438.9987487792969,159.76715087890625,433.9367980957031
655,player,743,0,1149.96240234375,374.0587463378906,1087.332763671875,506.358642578125
655,player,1011,0,244.13845825195312,338.5293273925781,270.8595886230469,86.45404815673828
656,player,777,0,205.98226928710938,476.45068359375,210.91741943359375,552.1978149414062
656,player,677,1,840.0868530273438,469.5777893066406,696.8896484375,701.5595703125
656,player,1039,-1,132.41778564453125,439.7456359863281,156.74661254882812,431.92645263671875
656,player,743,0,1153.534423828125,377.5244140625,1085.706298828125,513.694091796875
656,player,1011,0,242.61166381835938,337.3667297363281,269.12298583984375,79.0284194946289
657,player,777,0,205.93704223632812,474.31561279296875,210.16590881347656,551.396728515625
657,player,987,1,184.11962890625,541.015625,184.70443725585938,703.9210815429688
657,player,677,1,836.1263427734375,470.0007019042969,696.2305297851562,700.771728515625
657,player,1011,0,237.83010864257812,334.1737365722656,266.56060791015625,68.1901626586914
657,player,743,0,1153.9398193359375,379.4815979003906,1083.44091796875,520.710693359375
657,player,1046,-1,818.8519897460938,471.82928466796875,680.26318359375,699.438232421875
657,player,1039,-1,129.33026123046875,439.06890869140625,153.87559509277344,429.5636291503906
658,player,777,0,206.71908569335938,473.4838562011719,209.92263793945312,550.1481323242188
658,player,677,1,832.9918212890625,470.5001525878906,694.807373046875,700.41064453125
658,player,987,1,180.32835388183594,541.86328125,184.6480255126953,705.756103515625
658,player,1011,0,233.6392059326172,334.3529968261719,263.3495178222656,60.90678024291992
658,player,1046,-1,819.5198974609375,472.6654052734375,680.1647338867188,700.2059326171875
659,player,777,0,205.06036376953125,470.9181213378906,209.40367126464844,546.705322265625
659,player,987,1,170.33692932128906,545.4212036132812,182.1117706298828,708.8736572265625
659,player,1046,-1,818.9317626953125,470.11834716796875,680.7833251953125,698.4857788085938
659,player,743,0,1151.63916015625,376.4967346191406,1083.2999267578125,521.6561889648438
659,player,1011,0,231.43121337890625,344.3891296386719,259.59259033203125,72.58805847167969
660,player,777,0,204.78404235839844,467.7901916503906,209.10574340820312,541.3867797851562
660,player,743,0,1151.6351318359375,373.72528076171875,1085.1162109375,519.1005249023438
660,player,987,1,163.80458068847656,547.1535034179688,178.85089111328125,711.6988525390625
660,player,1046,-1,819.697509765625,468.1871643066406,682.028076171875,695.7782592773438
660,player,1011,0,229.0917510986328,348.3922119140625,255.99110412597656,86.33403015136719
660,player,1051,-1,223.21429443359375,342.1249084472656,244.7479705810547,80.73550415039062
661,player,743,0,1153.894287109375,374.7909240722656,1086.2540283203125,518.9034423828125
661,player,777,0,202.28857421875,469.60516357421875,208.15545654296875,539.4778442382812
661,player,677,1,830.4629516601562,466.8498229980469,694.4465942382812,696.825439453125
661,player,987,1,159.88134765625,547.0609130859375,175.77938842773438,713.1571044921875
662,player,777,0,201.74072265625,470.602783203125,207.35116577148438,539.1591796875
662,player,677,1,831.2302856445312,466.7399597167969,694.452880859375,694.4678955078125
662,player,743,0,1156.6986083984375,375.57122802734375,1087.3150634765625,519.9654541015625
662,player,1050,-1,133.63418579101562,546.0673828125,151.84205627441406,707.8084106445312
662,player,1051,-1,225.69244384765625,336.4196472167969,246.09983825683594,71.53916931152344
663,player,677,1,829.8893432617188,467.66571044921875,693.7877197265625,693.6150512695312
663,player,743,0,1158.580810546875,373.80084228515625,1089.8111572265625,518.8308715820312
663,player,777,0,208.00320434570312,468.9779357910156,208.61776733398438,537.9418334960938
663,player,1053,-1,141.21160888671875,547.9201049804688,157.0979766845703,713.535888671875
663,player,1011,0,222.52346801757812,329.17437744140625,252.84317016601562,62.301151275634766
664,player,777,0,204.15213012695312,466.967529296875,208.45010375976562,534.82275390625
664,player,677,1,828.2534790039062,468.1580505371094,692.756103515625,693.340087890625
664,player,743,0,1157.734619140625,375.5970458984375,1089.927001953125,520.0579223632812
664,player,1053,-1,142.78477478027344,548.9495239257812,157.4755859375,714.4376220703125
664,player,1014,-1,988.6795654296875,311.3094482421875,1065.53662109375,218.36741638183594
665,player,743,0,1157.4405517578125,379.20294189453125,1087.43896484375,524.9033203125
665,player,677,1,826.3597412109375,469.5635070800781,691.11328125,694.1998291015625
665,player,777,0,200.4644775390625,464.5142822265625,207.40377807617188,530.024658203125
665,player,1053,-1,139.37937927246094,548.1912231445312,156.89747619628906,714.1834716796875
665,player,1051,-1,224.37701416015625,333.3776550292969,246.7493896484375,60.21223449707031
665,player,1014,-1,990.2960815429688,312.25140380859375,1065.376220703125,220.06948852539062
666,player,677,1,826.7872924804688,470.2813720703125,689.9186401367188,695.4093017578125
666,player,743,0,1156.60595703125,378.3721923828125,1086.1337890625,527.0303344726562
666,player,777,0,201.39430236816406,463.41461181640625,207.02252197265625,525.8959350585938
666,player,1053,-1,128.53982543945312,549.2567749023438,153.88963317871094,713.9745483398438
666,player,1051,-1,223.56820678710938,333.01751708984375,246.90499877929688,52.126014709472656
667,player,777,0,203.4407958984375,462.3021240234375,207.3878631591797,522.28955078125
667,player,677,1,828.8955078125,469.78851318359375,689.8631591796875,695.95947265625
667,player,743,0,1150.378662109375,377.1047058105469,1084.2490234375,526.3207397460938
667,player,1053,-1,133.3971405029297,549.70068359375,153.11241149902344,714.554443359375
667,player,1051,-1,223.57334899902344,338.7070617675781,246.54873657226562,56.51554870605469
668,player,677,1,830.7335205078125,470.6715087890625,690.0159912109375,697.2308959960938
668,player,777,0,205.246826171875,462.0265808105469,208.14146423339844,519.8375244140625
668,player,743,0,1147.39599609375,379.1898498535156,1080.69873046875,527.9002075195312
668,player,1053,-1,139.7753143310547,549.2363891601562,154.1541748046875,715.0804443359375
668,player,1051,-1,227.54254150390625,338.9458312988281,247.731689453125,60.276153564453125
669,player,677,1,831.9259643554688,471.0250244140625,690.31103515625,698.4622802734375
669,player,743,0,1150.22509765625,380.6597595214844,1078.2615966796875,530.8734741210938
669,player,777,0,208.81202697753906,461.39141845703125,209.6551513671875,517.9388427734375
669,player,1051,-1,234.372314453125,337.8616943359375,251.06246948242188,61.783775329589844
669,player,1053,-1,142.17233276367188,548.3662109375,155.416015625,714.952880859375
670,player,677,1,832.27783203125,470.99798583984375,690.6044921875,699.2704467773438
670,player,743,0,1151.613525390625,381.3229064941406,1076.6533203125,533.6920166015625
670,player,777,0,210.37965393066406,461.0927734375,211.09072875976562,516.5509643554688
670,player,1051,1,237.04933166503906,337.7186584472656,254.20895385742188,62.86788558959961
670,player,1053,1,142.77420043945312,548.0216674804688,156.38381958007812,714.656494140625
