frame,object_type,track_id,team_id,frame_x,frame_y,court_x,court_y
0,player,1,-1,650.7646484375,425.4381408691406,497.265380859375,547.3392333984375
0,player,2,-1,546.4924926757812,520.5899047851562,349.17236328125,755.06884765625
0,player,4,-1,409.3262023925781,613.5382080078125,203.93130493164062,914.0081176757812
0,player,5,-1,428.1941833496094,359.60516357421875,322.8863220214844,274.16851806640625
0,player,7,-1,735.8851318359375,420.663818359375,577.8261108398438,557.5787353515625
0,player,8,-1,440.22412109375,448.9095458984375,289.310302734375,553.7486572265625
0,player,10,-1,29.215072631835938,445.18035888671875,-116.13399505615234,424.150390625
0,player,11,-1,612.959716796875,330.8331298828125,538.1096801757812,237.3067169189453
0,player,12,-1,439.4914245605469,420.5179748535156,302.0602111816406,473.42840576171875
0,player,16,-1,537.8160400390625,511.228515625,346.4307861328125,732.2540283203125
1,player,5,-1,427.4495849609375,359.8583068847656,322.56048583984375,274.3883972167969
1,player,4,-1,413.374755859375,612.081298828125,205.17507934570312,913.3348999023438
1,player,2,-1,547.2967529296875,520.8389282226562,349.36474609375,755.322998046875
1,player,1,-1,649.0535888671875,425.1551513671875,496.79351806640625,546.9039916992188
1,player,7,-1,737.0936889648438,410.260498046875,581.3207397460938,547.7000732421875
1,player,11,-1,613.364013671875,332.5586242675781,537.7061767578125,239.54550170898438
1,player,8,-1,441.99755859375,450.3020935058594,289.66632080078125,555.2372436523438
1,player,10,-1,28.212242126464844,445.78533935546875,-116.48141479492188,424.69171142578125
1,player,16,-1,526.3311157226562,465.3912353515625,351.100341796875,692.8678588867188
2,player,5,-1,429.57568359375,357.1068420410156,323.68780517578125,271.396484375
2,player,4,-1,416.2261962890625,603.687744140625,207.60964965820312,907.6376953125
2,player,7,-1,737.0997314453125,403.81805419921875,585.5685424804688,534.9478759765625
2,player,2,-1,547.4125366210938,522.1128540039062,349.3081970214844,756.4765625
2,player,8,-1,443.8369140625,442.29156494140625,291.7964782714844,548.7237548828125
2,player,1,-1,642.0848388671875,422.3545837402344,494.98175048828125,543.2529296875
2,player,11,-1,615.0753784179688,334.9698486328125,537.29931640625,244.25247192382812
2,player,10,-1,27.518373489379883,445.90032958984375,-116.95750427246094,425.09234619140625
2,player,16,-1,520.7588500976562,435.5790100097656,358.10791015625,639.1500854492188
3,player,4,-1,417.6222839355469,596.6278076171875,210.30624389648438,899.369140625
3,player,5,-1,432.4549560546875,355.3033447265625,325.8563537597656,267.5685119628906
3,player,2,-1,547.87548828125,523.8341064453125,349.11602783203125,758.5804443359375
3,player,8,-1,448.7900085449219,436.7192077636719,295.7420654296875,539.5526733398438
3,player,15,-1,734.7474365234375,380.70355224609375,612.3319702148438,442.93023681640625
3,player,16,-1,517.8701171875,429.6997375488281,362.8983154296875,598.2382202148438
3,player,1,-1,636.9888916015625,422.3792724609375,492.16461181640625,540.4090576171875
3,player,10,-1,26.682430267333984,445.8312072753906,-117.57550048828125,425.1889343261719
3,player,11,-1,617.2210693359375,337.1531982421875,537.1201171875,250.308349609375
4,player,4,-1,419.30096435546875,606.1981201171875,211.52841186523438,900.4011840820312
4,player,5,-1,435.18572998046875,355.7763977050781,328.18316650390625,266.008056640625
4,player,2,-1,547.1499633789062,524.1632080078125,348.72503662109375,760.1436157226562
4,player,8,-1,462.9795837402344,436.035888671875,303.1129455566406,534.31494140625
4,player,16,-1,516.1865234375,423.1078186035156,366.79547119140625,564.958251953125
4,player,7,-1,732.8253173828125,403.6252746582031,587.02197265625,526.04248046875
4,player,1,-1,630.46044921875,423.8426513671875,487.86956787109375,539.3427734375
4,player,10,-1,25.298208236694336,445.4313659667969,-118.49827575683594,424.67388916015625
4,player,11,-1,619.901123046875,336.45172119140625,538.1936645507812,253.7042694091797
5,player,4,-1,421.71221923828125,610.0751342773438,212.58175659179688,903.7409057617188
5,player,2,-1,547.4645385742188,523.8846435546875,348.60906982421875,760.9710083007812
5,player,5,-1,435.8804931640625,358.07861328125,329.4806213378906,267.9296569824219
5,player,1,-1,624.3778076171875,425.284912109375,482.76751708984375,539.4528198242188
5,player,23,-1,296.51470947265625,312.6343078613281,199.23577880859375,41.54363250732422
5,player,8,-1,473.16998291015625,438.5741882324219,310.808349609375,534.3739013671875
5,player,7,-1,730.3685913085938,402.8475646972656,587.4188842773438,519.235595703125
5,player,16,-1,512.50634765625,421.76422119140625,368.38360595703125,541.6126708984375
5,player,10,-1,24.259735107421875,445.5119934082031,-119.47608947753906,424.31402587890625
6,player,4,-1,423.3016357421875,610.3511962890625,213.669921875,906.193115234375
6,player,2,-1,548.90771484375,523.6263427734375,348.9964599609375,761.4224853515625
6,player,5,-1,435.94097900390625,357.2217102050781,330.52197265625,268.1278381347656
6,player,16,-1,508.23077392578125,429.8182373046875,366.38958740234375,534.0069580078125
6,player,23,-1,297.31707763671875,312.0381774902344,199.65594482421875,40.773399353027344
6,player,1,-1,618.9262084960938,425.0308532714844,477.76470947265625,538.7516479492188
6,player,7,-1,730.984130859375,410.4992370605469,585.5453491210938,522.41259765625
6,player,10,-1,23.6138916015625,446.4544982910156,-120.31501770019531,425.02178955078125
6,player,11,-1,619.4136352539062,398.7467956542969,520.6549072265625,326.73858642578125
6,player,8,-1,467.509765625,446.509765625,312.57275390625,541.4752807617188
7,player,2,1,547.5603637695312,523.1080322265625,348.94403076171875,761.215576171875
7,player,5,1,436.5753173828125,356.5995788574219,331.56170654296875,267.5650634765625
7,player,23,-1,299.4903564453125,310.52667236328125,201.0553436279297,38.33451843261719
7,player,1,1,615.9219360351562,423.47637939453125,473.9288330078125,536.4987182617188
7,player,4,1,425.3868713378906,610.5935668945312,214.91839599609375,908.0786743164062
7,player,15,-1,726.803955078125,381.2759704589844,609.52734375,442.6941223144531
7,player,8,-1,474.97247314453125,451.0372009277344,315.3560791015625,551.0638427734375
7,player,10,1,22.30190658569336,446.33074951171875,-121.34550476074219,425.2084655761719
7,player,16,0,507.05438232421875,425.4089660644531,365.5800476074219,524.5888061523438
8,player,23,-1,302.33038330078125,308.57379150390625,203.4408416748047,34.237247467041016
8,player,2,1,545.8270263671875,523.4342041015625,348.3511047363281,761.1971435546875
8,player,5,1,436.6463623046875,356.1145324707031,332.3638610839844,266.6067810058594
8,player,15,-1,723.5015258789062,403.8045959472656,599.5527954101562,465.32666015625
8,player,1,1,613.4431762695312,422.77264404296875,470.80938720703125,534.1085205078125
8,player,4,1,430.3743591308594,611.6397094726562,216.9732666015625,910.2999267578125
8,player,8,1,482.6722106933594,462.63946533203125,317.6352233886719,568.6903076171875
8,player,16,0,503.8585205078125,429.8536071777344,363.12249755859375,522.54541015625
8,player,10,1,22.939477920532227,447.547119140625,-121.73806762695312,426.6998596191406
9,player,5,1,437.040283203125,357.0934143066406,332.8294677734375,267.2451171875
9,player,23,-1,306.80035400390625,308.5101013183594,206.85955810546875,32.14946365356445
9,player,2,1,543.36328125,522.9207763671875,347.3348083496094,760.601806640625
9,player,7,-1,725.540771484375,400.92510986328125,585.4990234375,514.4716186523438
9,player,1,1,611.6944580078125,423.20281982421875,468.11248779296875,532.8028564453125
9,player,4,1,435.7313232421875,612.7736206054688,219.63868713378906,912.8161010742188
9,player,8,1,484.6177978515625,463.423583984375,319.5997009277344,581.0335693359375
9,player,10,1,20.7744083404541,449.370849609375,-122.71834564208984,429.3819580078125
9,player,31,-1,624.0936889648438,333.8907165527344,546.8615112304688,252.35482788085938
9,player,16,0,500.14959716796875,439.18072509765625,358.51812744140625,529.91650390625
10,player,5,1,437.7174377441406,354.9610595703125,333.82403564453125,265.0984802246094
10,player,23,-1,310.001953125,307.1429443359375,210.62777709960938,29.21041488647461
10,player,2,1,544.5054931640625,521.7569580078125,347.2019348144531,759.4095458984375
10,player,7,1,723.4765625,387.0610046386719,589.132080078125,494.924072265625
10,player,4,1,439.51873779296875,606.7822265625,223.03982543945312,910.845458984375
10,player,1,1,605.6283569335938,422.9039001464844,464.473876953125,531.0707397460938
10,player,31,-1,625.3531494140625,328.6559143066406,549.0231323242188,245.891845703125
10,player,10,1,18.206756591796875,448.8583679199219,-124.31278991699219,430.30609130859375
10,player,16,0,493.2713623046875,451.592041015625,351.0116271972656,545.78125
10,player,33,-1,556.818603515625,521.6581420898438,357.24163818359375,759.6978149414062
11,player,5,1,440.26080322265625,351.24127197265625,336.19635009765625,259.36663818359375
11,player,2,1,547.36279296875,521.6737060546875,347.9620361328125,758.7916870117188
11,player,7,1,720.3967895507812,379.8699035644531,592.78662109375,474.31573486328125
11,player,31,-1,626.2386474609375,325.581298828125,551.7672729492188,237.86553955078125
11,player,16,0,489.2810974121094,459.54541015625,343.4460144042969,563.0479125976562
11,player,32,-1,613.3280029296875,417.7632141113281,468.44244384765625,515.6102294921875
11,player,10,1,17.399141311645508,448.0487365722656,-125.67572021484375,429.95660400390625
11,player,4,1,444.9501953125,599.5078125,227.53248596191406,905.1804809570312
11,player,23,-1,314.2925109863281,302.9979553222656,215.53564453125,21.643497467041016
12,player,2,1,549.407958984375,522.6919555664062,348.879150390625,759.329345703125
12,player,5,1,441.36181640625,349.6225280761719,338.4930419921875,253.738525390625
12,player,32,-1,608.5216064453125,420.5133056640625,466.2059326171875,517.841552734375
12,player,7,1,717.9096069335938,380.64501953125,594.0890502929688,461.48016357421875
12,player,31,-1,626.923095703125,325.2813415527344,553.9012451171875,232.35025024414062
12,player,37,-1,613.666259765625,329.1939697265625,540.3497314453125,231.59527587890625
12,player,10,1,17.077983856201172,447.8325500488281,-126.68760681152344,429.4639892578125
12,player,4,1,449.891357421875,600.751220703125,231.66275024414062,902.6402587890625
12,player,16,0,492.0155029296875,462.1377258300781,338.9434814453125,576.8748779296875
13,player,2,1,550.0258178710938,523.17138671875,349.57373046875,760.093505859375
13,player,5,1,441.38922119140625,349.3234558105469,340.05987548828125,249.70556640625
13,player,32,-1,606.338623046875,419.8740234375,464.20098876953125,518.4493408203125
13,player,7,1,717.0889282226562,381.8133239746094,594.289306640625,454.2901916503906
13,player,31,-1,625.365234375,325.2782897949219,554.7189331054688,228.56097412109375
13,player,37,-1,612.9036865234375,325.29815673828125,541.3311767578125,226.48953247070312
13,player,10,1,16.32746696472168,447.8067626953125,-127.62124633789062,429.035888671875
13,player,4,1,451.33367919921875,602.680419921875,234.5226287841797,902.34326171875
13,player,16,0,493.86041259765625,462.5039367675781,336.53704833984375,586.3609619140625
14,player,15,-1,712.4954833984375,406.7897644042969,588.6436767578125,481.90576171875
14,player,4,1,453.9239501953125,609.0025024414062,236.37286376953125,906.4061889648438
14,player,31,-1,630.5850830078125,324.8219909667969,557.3135375976562,226.18157958984375
14,player,1,1,589.5238037109375,416.9604797363281,458.3037109375,522.4990844726562
14,player,20,-1,513.2926025390625,468.2920227050781,346.5997619628906,623.7571411132812
14,player,2,1,554.4341430664062,523.7618408203125,351.2048645019531,761.380615234375
14,player,12,-1,463.0140380859375,438.08544921875,306.8733825683594,493.33551025390625
14,player,5,1,443.18182373046875,347.72076416015625,342.09271240234375,245.2792205810547
15,player,4,1,455.0317077636719,605.6553344726562,238.25244140625,906.9634399414062
15,player,7,1,713.805419921875,390.54071044921875,590.5850830078125,458.41485595703125
15,player,1,1,584.0681762695312,416.0714111328125,452.71881103515625,515.4954833984375
15,player,12,-1,464.07489013671875,438.0239562988281,310.36175537109375,506.3187255859375
15,player,20,-1,512.5740966796875,469.22735595703125,346.2070007324219,624.5206298828125
15,player,2,1,557.37744140625,524.0321655273438,353.07232666015625,762.6494140625
15,player,31,-1,634.6385498046875,324.1771240234375,560.7000732421875,224.32550048828125
16,player,4,1,456.08062744140625,587.4132690429688,241.87228393554688,895.363037109375
16,player,15,-1,711.0816650390625,410.0912780761719,580.1255493164062,495.796875
16,player,1,1,580.65283203125,412.4179992675781,448.8351745605469,506.9283447265625
16,player,31,0,637.4488525390625,325.6048278808594,563.4453735351562,225.3157958984375
16,player,2,1,562.5990600585938,524.0359497070312,355.7978515625,763.8775634765625
16,player,20,-1,516.5386352539062,467.2724304199219,347.54449462890625,623.6386108398438
16,player,46,-1,347.60333251953125,302.1960144042969,264.65936279296875,18.554758071899414
16,player,12,-1,466.350341796875,419.9731750488281,316.62506103515625,497.00439453125
17,player,12,-1,466.0382080078125,407.63812255859375,322.9039306640625,478.10546875
17,player,4,1,462.3299560546875,586.1951293945312,246.0979766845703,887.4271240234375
17,player,15,-1,709.4439086914062,413.6612548828125,573.024658203125,508.1533203125
17,player,31,0,640.0072021484375,323.8851318359375,566.7476196289062,224.07733154296875
17,player,1,1,577.12353515625,405.4797668457031,446.806640625,493.91748046875
17,player,2,1,568.1038818359375,524.6038208007812,359.0626220703125,765.5289916992188
18,player,15,-1,708.6346435546875,411.2181701660156,568.8621826171875,513.7219848632812
18,player,4,1,466.6610107421875,591.6241455078125,249.38427734375,886.1967163085938
18,player,1,1,574.7088012695312,407.2398376464844,444.26153564453125,487.0223388671875
18,player,12,-1,461.32916259765625,403.4396057128906,326.1691589355469,460.85284423828125
18,player,31,0,641.7024536132812,321.5412292480469,570.3177490234375,220.4610137939453
18,player,2,1,572.6740112304688,526.056884765625,362.2489013671875,768.0517578125
18,player,5,1,450.033203125,339.5221862792969,347.7973327636719,232.74136352539062
18,player,8,1,518.75732421875,460.3437805175781,332.220947265625,589.37060546875
18,player,46,-1,352.0869140625,303.7751159667969,266.21539306640625,21.620288848876953
19,player,15,1,708.28369140625,400.76470947265625,569.1375122070312,506.923095703125
19,player,4,1,466.6802673339844,597.1658935546875,250.86322021484375,889.0616455078125
19,player,31,0,642.1400146484375,319.086181640625,573.6482543945312,214.97055053710938
19,player,1,1,573.4185791015625,404.91217041015625,442.73583984375,480.0094299316406
19,player,2,1,577.1549072265625,526.7683715820312,365.4845886230469,770.569091796875
19,player,5,1,450.5440673828125,356.2317810058594,348.03472900390625,245.83511352539062
19,player,23,0,346.6553955078125,304.62322998046875,231.88552856445312,24.09056854248047
19,player,53,-1,438.18353271484375,396.61077880859375,312.9176330566406,400.4596862792969
19,player,8,1,521.6446533203125,457.818603515625,341.8092041015625,592.7656860351562
20,player,4,1,468.8937683105469,594.2452392578125,252.7784423828125,889.1466064453125
20,player,15,1,706.63427734375,402.72186279296875,568.1985473632812,504.3050537109375
20,player,31,0,641.7052612304688,316.4734802246094,576.5640869140625,207.91549682617188
20,player,2,1,580.5278930664062,526.7407836914062,368.56231689453125,772.4405517578125
20,player,5,1,450.8657531738281,362.6416015625,346.9504699707031,262.2239990234375
20,player,53,-1,445.4921875,397.2162780761719,315.3604431152344,401.9266357421875
20,player,12,-1,454.6956787109375,395.54583740234375,327.5026550292969,440.3607177734375
20,player,54,-1,577.69580078125,512.7218627929688,379.1535949707031,744.600830078125
20,player,23,0,347.26519775390625,304.6486511230469,242.75985717773438,25.81097412109375
20,player,1,1,575.477783203125,413.60174560546875,440.35980224609375,484.5338134765625
21,player,4,1,474.7203063964844,591.0101318359375,256.01251220703125,887.447021484375
21,player,31,0,643.4581298828125,318.4487609863281,578.4149780273438,206.154296875
21,player,15,1,705.798583984375,405.81158447265625,566.4031372070312,505.60504150390625
21,player,2,1,582.8055419921875,526.7470092773438,371.216064453125,773.8343505859375
21,player,53,-1,434.244873046875,396.549560546875,313.136962890625,400.9122314453125
21,player,5,1,451.65740966796875,355.3377685546875,348.08709716796875,264.0309753417969
21,player,1,1,578.9864501953125,423.8236999511719,437.5830078125,497.9841003417969
21,player,8,1,538.7659912109375,453.218505859375,354.3455810546875,592.345703125
22,player,4,1,476.189697265625,588.1857299804688,258.86676025390625,884.5575561523438
22,player,15,1,705.3748779296875,411.852294921875,563.33349609375,512.3663330078125
22,player,31,0,644.9950561523438,321.1895446777344,579.2291870117188,208.7812957763672
22,player,2,1,583.7499389648438,526.6576538085938,373.22821044921875,774.7446899414062
22,player,53,-1,431.23809814453125,396.6084899902344,310.62677001953125,399.9864196777344
22,player,12,1,452.46142578125,383.3738708496094,329.9561767578125,413.18902587890625
22,player,8,1,549.2658081054688,450.7024841308594,366.3224792480469,590.7321166992188
22,player,5,1,452.438720703125,350.7060241699219,350.1187744140625,259.52874755859375
22,player,59,-1,628.8909912109375,316.8001708984375,568.1205444335938,191.2213134765625
22,player,1,1,579.7373046875,437.45147705078125,432.9354553222656,519.9044189453125
22,ball,-1,-1,612.8489990234375,418.59429931640625,467.4092712402344,517.815673828125
23,player,4,1,477.36676025390625,584.3320922851562,261.5270690917969,880.1705322265625
23,player,5,1,451.9936828613281,351.55902099609375,351.0880126953125,257.6160888671875
23,player,2,1,583.8638305664062,527.1226196289062,374.4857177734375,775.69482421875
23,player,31,0,646.06396484375,320.5391540527344,580.3758544921875,209.78292846679688
23,player,15,1,706.9678955078125,411.7837829589844,561.8663940429688,516.8504028320312
23,player,1,1,572.6966552734375,440.5907897949219,426.9769287109375,536.44189453125
23,player,53,-1,427.2789611816406,398.34661865234375,307.29638671875,400.8598327636719
23,player,59,-1,628.930419921875,317.40472412109375,567.9280395507812,192.02493286132812
23,ball,-1,-1,618.212646484375,426.88519287109375,467.3382263183594,519.7791137695312
24,player,5,1,453.85528564453125,343.8116760253906,354.1230773925781,246.79238891601562
24,player,4,1,480.26239013671875,581.2072143554688,264.4515075683594,875.4019165039062
24,player,2,1,573.091552734375,526.9144897460938,372.2438049316406,775.3387451171875
24,player,31,0,644.6829833984375,317.9769287109375,581.508056640625,206.91024780273438
24,player,15,1,705.510498046875,409.6060485839844,561.0814208984375,517.4849853515625
24,player,53,-1,427.51922607421875,398.2022705078125,305.2414245605469,401.2955322265625
24,player,54,-1,578.548095703125,524.9270629882812,377.199951171875,754.0413818359375
24,player,63,-1,699.472900390625,360.8343200683594,597.3134765625,369.76385498046875
24,player,1,1,570.3095703125,435.9573669433594,423.35333251953125,542.5911865234375
24,ball,-1,-1,392.1392822265625,300.6884460449219,467.3382263183594,519.7791137695312
25,player,4,1,480.8348388671875,580.8899536132812,266.5513000488281,872.1260986328125
25,player,54,-1,583.0418701171875,526.4938354492188,376.9436340332031,761.7022705078125
25,player,5,1,455.48052978515625,342.69134521484375,356.9583740234375,238.5269775390625
25,player,59,-1,630.5665893554688,315.8396911621094,568.9464721679688,190.6937255859375
25,player,53,-1,423.365966796875,397.461669921875,302.5799560546875,400.30755615234375
25,player,15,1,714.611572265625,416.720703125,561.398193359375,525.7127685546875
25,player,63,-1,702.7188720703125,364.2157897949219,597.2977294921875,373.93597412109375
26,player,5,1,455.44757080078125,340.2754821777344,359.3357849121094,230.0321044921875
26,player,54,-1,583.62255859375,526.6107788085938,376.92291259765625,766.8139038085938
26,player,4,1,479.82794189453125,578.3268432617188,267.96429443359375,868.1810302734375
26,player,53,0,417.1629943847656,397.90228271484375,298.5938415527344,399.4668884277344
26,player,31,0,639.5509033203125,318.22314453125,580.2688598632812,204.694091796875
26,player,63,-1,703.530029296875,347.603515625,603.1949462890625,357.6819763183594
27,player,54,-1,582.412841796875,527.2718505859375,376.44415283203125,770.5421142578125
27,player,5,1,454.83721923828125,337.66522216796875,361.24542236328125,221.03515625
27,player,31,0,641.536376953125,318.7020568847656,580.0279541015625,204.14080810546875
27,player,53,0,411.563232421875,398.26031494140625,293.9719543457031,398.69744873046875
27,player,4,1,482.9562072753906,578.6227416992188,269.7130432128906,866.034423828125
27,player,15,1,717.46533203125,424.23388671875,560.343017578125,538.4937744140625
27,player,1,1,559.1561279296875,420.4301452636719,420.8235778808594,530.410888671875
27,player,68,-1,695.541259765625,335.8008728027344,618.01708984375,284.3591003417969
28,player,54,-1,582.3510131835938,527.7169799804688,376.0360107421875,773.2952880859375
28,player,53,0,404.7906494140625,396.95892333984375,288.7994384765625,396.00927734375
28,player,31,0,641.7960815429688,319.6931457519531,579.6229248046875,205.11019897460938
28,player,5,1,454.12066650390625,336.6552734375,362.4461364746094,213.77182006835938
28,player,15,1,715.6158447265625,424.8905944824219,558.8909912109375,547.2454833984375
28,player,4,1,487.7310791015625,582.5299682617188,271.6671142578125,867.619873046875
28,player,1,1,556.364501953125,401.4618835449219,422.607177734375,502.8409423828125
29,player,53,0,399.16033935546875,397.2760314941406,283.3948974609375,393.98876953125
29,player,31,0,639.2841796875,320.6846008300781,578.0948486328125,206.70553588867188
29,player,1,1,553.93603515625,412.98309326171875,420.294921875,496.56280517578125
29,player,54,-1,583.7891845703125,527.021240234375,376.3074951171875,774.6708374023438
29,player,5,1,453.60980224609375,334.7611999511719,363.46734619140625,206.49293518066406
29,player,15,1,714.4119873046875,425.412841796875,557.422119140625,553.3120727539062
29,player,4,1,493.3331604003906,584.7061157226562,274.19842529296875,870.4974365234375
30,player,31,0,637.2499389648438,321.4231262207031,576.1014404296875,208.43885803222656
30,player,5,1,453.90185546875,334.5284423828125,364.2958984375,201.49301147460938
30,player,53,0,393.8860168457031,397.3176574707031,278.00872802734375,392.1357116699219
30,player,54,1,584.9273681640625,524.6928100585938,377.22857666015625,773.8956298828125
30,player,1,1,551.8974609375,421.50048828125,416.2147521972656,500.83294677734375
30,player,15,1,715.7120361328125,425.3357849121094,556.8961791992188,557.3055419921875
30,player,4,1,513.1011352539062,583.6795654296875,281.4074401855469,873.0176391601562
30,player,68,-1,692.757568359375,330.03131103515625,619.09814453125,276.90570068359375
31,player,5,1,455.15289306640625,333.76385498046875,365.48773193359375,197.39788818359375
31,player,31,0,634.86328125,320.1292724609375,574.371826171875,207.56979370117188
31,player,53,0,388.887451171875,397.09515380859375,272.7718200683594,390.12750244140625
31,player,54,1,585.8004760742188,522.8643798828125,378.4088134765625,772.0730590820312
31,player,1,1,550.3382568359375,420.82354736328125,413.1995544433594,502.7801208496094
31,player,15,1,715.2664184570312,426.6490173339844,556.0432739257812,561.0926513671875
31,player,4,1,517.130859375,584.5186767578125,287.08209228515625,875.4895629882812
31,player,68,-1,690.968994140625,341.6318054199219,615.0571899414062,286.023193359375
32,player,5,1,456.2496337890625,331.6961669921875,367.162353515625,192.13815307617188
32,player,54,1,585.06787109375,523.2371215820312,378.89739990234375,771.1152954101562
32,player,31,0,637.163330078125,321.2059326171875,573.72412109375,208.70706176757812
32,player,53,0,384.9022216796875,395.7586669921875,268.1641845703125,386.88543701171875
32,player,1,1,548.3965454101562,418.8045654296875,411.0454406738281,501.83575439453125
32,player,15,1,714.7782592773438,428.96685791015625,554.68408203125,565.675048828125
32,player,4,1,512.8487548828125,585.4845581054688,289.46734619140625,877.4527587890625
32,player,68,-1,691.993408203125,339.2982482910156,613.6056518554688,289.2601318359375
33,player,31,0,635.1573486328125,322.8370361328125,572.010986328125,211.30270385742188
33,player,5,1,456.6578369140625,331.7130432128906,368.40289306640625,188.79598999023438
33,player,54,1,585.106689453125,523.3267211914062,379.2099609375,770.5636596679688
33,player,53,0,380.3409423828125,394.62353515625,263.72247314453125,382.99322509765625
33,player,1,1,546.779541015625,416.0304870605469,409.7244873046875,498.2696533203125
33,player,68,-1,692.3212280273438,342.4674987792969,611.6708984375,295.21820068359375
33,player,4,1,514.2449951171875,584.7879028320312,291.4945373535156,878.357666015625
34,player,5,1,457.19384765625,331.5897521972656,369.4429016113281,186.53073120117188
34,player,31,0,634.8353881835938,325.0247802734375,570.0392456054688,215.77096557617188
34,player,53,0,375.2257080078125,391.5480651855469,259.4838562011719,376.40972900390625
34,player,1,1,546.0643310546875,414.983154296875,408.8612060546875,494.8202209472656
34,player,54,1,585.86376953125,523.2520141601562,379.6448059082031,770.206298828125
34,player,15,1,708.500244140625,429.2239990234375,551.7706298828125,568.3059692382812
34,player,68,-1,691.932861328125,352.33709716796875,606.8994750976562,310.6946105957031
34,ball,-1,-1,623.7333984375,343.4588928222656,472.97540283203125,501.08001708984375
35,player,5,1,457.58416748046875,331.0380554199219,370.39764404296875,184.3753662109375
35,player,31,0,636.3551025390625,327.09295654296875,568.6158447265625,221.51995849609375
35,player,1,1,544.5941162109375,413.12469482421875,408.22491455078125,490.5411376953125
35,player,53,0,368.5652160644531,390.6818542480469,254.46783447265625,370.3857727050781
35,player,54,1,584.0924682617188,522.2959594726562,379.589599609375,769.1123046875
35,player,15,1,709.71826171875,429.3231506347656,550.2293701171875,570.2225341796875
35,player,68,-1,692.082763671875,358.0860290527344,601.9273071289062,327.4013671875
35,player,79,-1,712.30810546875,430.2477722167969,548.9379272460938,576.9319458007812
35,ball,-1,-1,619.4322509765625,429.4527893066406,472.4051818847656,504.9712219238281
36,player,5,1,457.6165466308594,330.7947692871094,371.0878601074219,182.65426635742188
36,player,1,1,541.9774169921875,413.9226989746094,406.7642822265625,488.30499267578125
36,player,53,0,363.37646484375,388.7886962890625,249.62196350097656,363.7081298828125
36,player,31,0,634.0911865234375,325.0103759765625,567.5653076171875,222.298095703125
36,player,54,1,584.62255859375,520.9716186523438,379.9466552734375,767.43310546875
36,player,68,1,692.0878295898438,358.39251708984375,598.5955810546875,338.61163330078125
36,player,79,-1,711.432861328125,429.6418762207031,548.8340454101562,576.28662109375
36,player,15,1,710.1395874023438,430.6614990234375,548.9869384765625,572.7529907226562
37,player,5,1,456.6669616699219,329.8847351074219,371.38726806640625,180.19296264648438
37,player,53,0,358.6897277832031,385.8160705566406,245.21856689453125,355.3929138183594
37,player,1,1,539.77392578125,414.5458068847656,404.945068359375,487.2603454589844
37,player,54,1,588.2679443359375,521.2984008789062,381.1719970703125,766.8705444335938
37,player,15,1,711.1744995117188,429.88165283203125,548.7185668945312,573.7693481445312
37,player,31,0,635.041015625,322.6979675292969,568.0123901367188,219.94175720214844
37,player,79,-1,711.1417846679688,429.3027648925781,548.7703247070312,575.5241088867188
37,player,68,1,691.18017578125,377.2104187011719,590.059814453125,366.7181396484375
37,ball,-1,-1,632.5751953125,349.89190673828125,477.89556884765625,489.472900390625
38,player,5,1,455.59967041015625,328.94732666015625,371.39349365234375,177.19371032714844
38,player,1,1,537.5037231445312,412.2425231933594,403.51287841796875,484.0018310546875
38,player,54,1,589.8841552734375,522.8675537109375,382.14813232421875,767.8212280273438
38,player,53,0,352.6778564453125,384.40234375,240.3760986328125,347.6419982910156
38,player,68,1,688.7160034179688,369.5018310546875,586.1199340820312,376.28125
38,player,79,-1,712.822265625,430.40771484375,548.9445190429688,576.21337890625
38,player,59,-1,638.108642578125,320.2934265136719,570.8579711914062,196.67236328125
38,player,4,1,520.5145874023438,583.7422485351562,294.6715393066406,878.6697998046875
39,player,68,1,687.64306640625,386.4207458496094,577.93212890625,400.6649169921875
39,player,1,1,535.7011108398438,410.5069274902344,402.36187744140625,479.9186096191406
39,player,5,1,454.6260070800781,328.4200744628906,371.1478271484375,174.40492248535156
39,player,53,0,346.8096923828125,386.5152587890625,234.78280639648438,344.382080078125
39,player,54,1,589.24658203125,522.3131103515625,382.7000427246094,767.9695434570312
39,player,79,-1,716.8255615234375,432.1263122558594,549.822998046875,578.6253051757812
39,player,4,1,521.7792358398438,584.564453125,296.9685974121094,879.507568359375
39,player,59,-1,638.7045288085938,320.49267578125,572.2507934570312,200.89566040039062
40,player,5,1,454.8311767578125,328.30816650390625,371.09332275390625,172.46917724609375
40,player,53,0,342.3306884765625,387.3511047363281,229.39671325683594,342.7138671875
40,player,1,1,533.3727416992188,409.18243408203125,401.12554931640625,475.6591796875
40,player,68,1,686.1317749023438,396.607177734375,569.066650390625,426.95269775390625
40,player,54,1,587.7973022460938,527.1957397460938,381.75775146484375,771.6436767578125
40,player,4,1,522.4916381835938,585.4244384765625,298.5372009277344,880.6734619140625
40,player,79,-1,718.927978515625,432.22808837890625,551.017822265625,580.4818115234375
40,player,59,-1,639.28955078125,321.00531005859375,573.194580078125,204.384033203125
40,player,96,-1,697.62353515625,412.94842529296875,549.6609497070312,525.8141479492188
41,player,5,1,455.9415283203125,328.1332702636719,371.5257873535156,171.12466430664062
41,player,53,0,335.88714599609375,387.125732421875,223.576171875,340.6183776855469
41,player,68,1,685.1259765625,386.1235656738281,566.1036987304688,433.021484375
41,player,1,1,533.2438354492188,407.3190612792969,400.6897888183594,470.9476623535156
41,player,4,1,525.837890625,585.7267456054688,300.42791748046875,881.8574829101562
41,player,79,-1,721.1143798828125,432.3917541503906,552.426513671875,582.0419311523438
41,player,54,1,582.287353515625,525.3511962890625,379.8935241699219,772.224609375
41,player,59,-1,640.0145263671875,322.9512023925781,573.4063110351562,209.26760864257812
41,player,96,-1,699.323974609375,414.6887512207031,549.7059326171875,527.6768798828125
42,player,53,0,329.2802734375,386.64556884765625,217.44158935546875,337.9260559082031
42,player,5,1,457.28369140625,329.24261474609375,372.0597839355469,171.9210205078125
42,player,1,1,533.1525268554688,406.2239074707031,400.618408203125,466.7368469238281
42,player,79,1,724.5133056640625,432.4566650390625,554.3768310546875,583.4301147460938
42,player,4,1,529.7963256835938,585.9842529296875,302.6997985839844,883.0638427734375
42,player,68,1,683.9577026367188,376.721435546875,566.6715087890625,426.77099609375
42,player,54,1,580.5925903320312,521.6904296875,378.8497314453125,769.69482421875
42,player,59,0,644.1842651367188,323.2054443359375,574.98095703125,213.3075408935547
42,player,96,-1,693.553955078125,397.79913330078125,552.7899780273438,511.4903869628906
43,player,5,1,458.1251220703125,329.8798522949219,372.57867431640625,173.40452575683594
43,player,4,1,531.7308349609375,588.0485229492188,304.4131164550781,885.3451538085938
43,player,1,1,535.2445678710938,405.8275146484375,401.36444091796875,463.80517578125
43,player,53,0,323.8415222167969,385.3153076171875,211.63523864746094,333.9809875488281
43,player,54,1,584.0555419921875,521.2027587890625,379.2599792480469,767.9444580078125
43,player,68,1,679.5734252929688,372.91131591796875,566.7504272460938,418.0670166015625
43,player,79,1,727.935302734375,433.6098327636719,556.3779296875,585.7080688476562
43,player,59,0,647.6477661132812,323.2088928222656,577.2676391601562,216.38365173339844
44,player,5,1,459.04510498046875,330.6025085449219,373.0971984863281,175.45692443847656
44,player,54,1,590.6845703125,522.1900024414062,381.2596435546875,768.066162109375
44,player,4,1,534.1080932617188,589.8544921875,305.9183654785156,888.1771240234375
44,player,1,1,536.4559326171875,404.68145751953125,402.513671875,460.8302917480469
44,player,53,0,315.89739990234375,383.88348388671875,205.1209259033203,328.7934265136719
44,player,68,1,680.49609375,374.5615539550781,566.5989379882812,414.31976318359375
44,player,103,-1,708.5247802734375,440.298583984375,537.7147827148438,602.2852783203125
44,player,79,1,730.5603637695312,435.01007080078125,558.0938720703125,588.711669921875
45,player,53,0,310.53631591796875,383.2339172363281,198.98757934570312,324.017333984375
45,player,5,1,459.96331787109375,330.0715637207031,373.9111633300781,176.20443725585938
45,player,4,1,535.9825439453125,591.1412353515625,307.2236022949219,890.9874877929688
45,player,54,1,595.15771484375,523.5462646484375,383.59808349609375,769.5146484375
45,player,68,1,683.2474365234375,382.3236999511719,565.03076171875,420.572509765625
45,player,1,1,534.77587890625,404.4517517089844,402.74566650390625,458.48046875
45,player,31,0,649.0477294921875,323.7858581542969,573.0489501953125,221.6180877685547
45,player,79,1,733.6395263671875,433.7177734375,560.5242919921875,589.7647705078125
45,player,105,-1,683.083740234375,461.10382080078125,500.1846923828125,648.4160766601562
46,player,53,0,305.2239990234375,384.6734924316406,192.85848999023438,321.9893798828125
46,player,4,1,538.5654296875,591.9596557617188,308.65509033203125,893.5210571289062
46,player,5,1,461.57135009765625,328.7578430175781,375.368896484375,175.1466064453125
46,player,54,1,597.376708984375,525.1296997070312,385.46405029296875,771.8197631835938
46,player,68,1,686.0284423828125,377.27337646484375,566.4971923828125,419.5025634765625
46,player,59,0,650.953125,324.1600646972656,579.6292724609375,220.03013610839844
46,player,1,1,536.08056640625,404.8605041503906,403.24481201171875,457.51702880859375
46,player,79,1,735.5557861328125,435.95343017578125,562.060302734375,592.6655883789062
47,player,4,1,539.8240356445312,591.9336547851562,309.92926025390625,895.2340087890625
47,player,5,1,463.76837158203125,327.2572021484375,377.51959228515625,172.73707580566406
47,player,54,1,598.5838623046875,523.7124633789062,387.2845764160156,772.3408813476562
47,player,79,1,737.0003662109375,437.6376647949219,563.026123046875,596.2115478515625
47,player,68,1,687.3800048828125,379.389404296875,567.24609375,421.23809814453125
47,player,53,0,298.8290100097656,386.31976318359375,186.31358337402344,321.8608703613281
47,player,1,1,534.97314453125,405.09161376953125,403.1444091796875,457.01629638671875
47,player,59,0,651.8460693359375,323.6297302246094,581.6735229492188,221.83395385742188
48,player,79,1,737.9983520507812,435.72320556640625,564.5026245117188,596.86962890625
48,player,5,1,464.8513488769531,326.8763122558594,379.4253845214844,170.8033447265625
48,player,53,0,293.2208251953125,386.87255859375,179.92169189453125,321.7680358886719
48,player,68,1,688.537353515625,378.0040588378906,568.5501708984375,420.997314453125
48,player,4,1,542.5722045898438,589.8796997070312,311.7923278808594,895.1832275390625
48,player,54,1,601.07861328125,524.5723266601562,389.02459716796875,773.517822265625
48,player,59,0,652.4805908203125,324.6206359863281,582.88916015625,224.35865783691406
48,player,1,1,532.2122802734375,405.26507568359375,402.10992431640625,456.58319091796875
49,player,79,1,739.9420776367188,435.2481689453125,566.1949462890625,597.0426025390625
49,player,54,1,604.0625610351562,525.4400024414062,390.84942626953125,775.1617431640625
49,player,53,0,287.9023132324219,385.712646484375,173.92770385742188,319.70709228515625
49,player,68,1,688.2647705078125,372.9530334472656,570.890380859375,415.314697265625
49,player,5,1,465.473388671875,327.6150817871094,380.72369384765625,170.62437438964844
49,player,1,1,532.3399658203125,405.6961669921875,401.3848876953125,456.7650146484375
49,player,4,1,545.1319580078125,589.940673828125,313.6869201660156,895.3599243164062
49,player,59,0,652.5382080078125,326.8662109375,582.9242553710938,228.8724365234375
50,player,54,1,605.447998046875,525.0979614257812,392.49578857421875,776.0780639648438
50,player,79,1,741.990234375,436.800537109375,567.4813842773438,598.7520751953125
50,player,1,1,528.4031982421875,406.4058837890625,399.430419921875,457.21209716796875
50,player,68,1,687.3052368164062,357.4276123046875,577.0975341796875,394.10296630859375
50,player,5,1,464.8346862792969,327.8188171386719,381.2734375,170.69619750976562
50,player,53,0,282.1612548828125,385.1197204589844,167.9639129638672,316.98162841796875
50,player,4,1,547.272216796875,591.05712890625,315.3361511230469,896.347900390625
51,player,54,1,606.729736328125,524.0031127929688,394.1375732421875,775.9468994140625
51,player,79,1,743.0849609375,437.56683349609375,568.4348754882812,600.656494140625
51,player,5,1,465.27069091796875,327.1968688964844,381.94854736328125,169.9649200439453
51,player,1,1,526.1175537109375,406.4920654296875,397.37066650390625,457.3538818359375
51,player,53,0,275.2534484863281,385.7672119140625,161.4468231201172,315.15887451171875
51,player,68,1,686.299072265625,353.1172180175781,582.2156982421875,375.2217102050781
51,player,4,1,551.6321411132812,591.1344604492188,317.5732727050781,897.3284912109375
51,player,103,-1,699.6676025390625,455.64129638671875,530.9734497070312,615.1348266601562
52,player,54,1,607.2789306640625,523.1919555664062,395.5142822265625,775.2916870117188
52,player,79,1,745.299560546875,433.96160888671875,570.7666625976562,598.821533203125
52,player,1,1,525.8079833984375,406.68145751953125,395.8861083984375,457.61114501953125
52,player,5,1,466.1015625,326.26470947265625,382.93292236328125,168.34478759765625
52,player,53,0,268.7828063964844,385.9064025878906,154.784423828125,313.3695983886719
52,player,68,1,686.4216918945312,346.3560791015625,587.865234375,355.02508544921875
52,player,4,1,556.400634765625,588.6411743164062,320.6786193847656,896.648193359375
53,player,54,1,609.9625244140625,524.5673217773438,396.9192199707031,776.10546875
53,player,1,1,530.4215087890625,407.1708984375,396.36767578125,458.768798828125
53,player,53,0,265.4656982421875,386.3161315917969,149.17498779296875,312.2996826171875
53,player,5,1,466.54254150390625,327.00341796875,383.5621032714844,168.346923828125
53,player,79,1,748.500732421875,425.9877624511719,575.597412109375,590.5758056640625
53,player,68,1,686.9259033203125,342.0664978027344,593.1853637695312,336.8375244140625
53,player,4,1,562.348388671875,586.571044921875,324.6114501953125,895.2396850585938
53,player,113,-1,702.9500732421875,444.0905456542969,529.9181518554688,610.6160278320312
54,player,54,1,610.9837646484375,524.577392578125,398.12274169921875,776.7192993164062
54,player,53,0,262.8515319824219,386.6171569824219,144.5233612060547,311.65155029296875
54,player,79,1,755.4677124023438,421.41815185546875,582.2664794921875,581.59375
54,player,5,1,466.40234375,327.23284912109375,383.86151123046875,168.6383056640625
54,player,1,1,527.0391845703125,406.70135498046875,395.644775390625,458.6800842285156
54,player,68,1,687.7939453125,342.068359375,596.9476318359375,325.1220703125
54,player,4,1,566.4013671875,587.2906494140625,328.154541015625,895.066650390625
55,player,54,1,608.2205810546875,524.0289916992188,398.21728515625,776.496337890625
55,player,53,0,259.3592529296875,385.9870910644531,140.25601196289062,310.06219482421875
55,player,5,1,466.18072509765625,327.04754638671875,384.01617431640625,168.54852294921875
55,player,1,1,523.8148803710938,406.3455810546875,394.1652526855469,457.91461181640625
55,player,68,1,688.5301513671875,347.3759460449219,597.8292236328125,323.91717529296875
55,player,79,1,760.4747314453125,420.7651672363281,588.357421875,575.6136474609375
55,player,4,1,569.439208984375,587.7325439453125,331.2102966308594,895.4456176757812
56,player,54,1,610.3131103515625,526.9155883789062,398.33575439453125,778.6754150390625
56,player,5,1,467.00054931640625,325.6038818359375,384.78363037109375,166.65249633789062
56,player,53,0,255.08465576171875,385.6893005371094,135.91033935546875,308.16192626953125
56,player,1,1,522.6990966796875,406.0892639160156,392.88262939453125,457.0326843261719
56,player,79,1,764.8172607421875,421.4166259765625,593.4678344726562,572.748291015625
56,player,113,-1,717.8050537109375,456.44659423828125,531.178955078125,622.8345336914062
56,player,68,1,689.7099609375,351.5711364746094,597.3910522460938,328.19781494140625
56,player,4,1,570.9913330078125,592.2378540039062,332.93499755859375,898.7339477539062
56,player,59,0,655.8555908203125,341.5328674316406,579.1861572265625,250.443359375
57,player,54,1,611.3250732421875,527.93798828125,398.510009765625,780.93115234375
57,player,53,0,251.3033447265625,384.7607421875,131.7535858154297,305.35943603515625
57,player,5,1,468.2012939453125,324.3258056640625,386.05816650390625,163.850830078125
57,player,4,1,570.9727783203125,595.430908203125,333.5733337402344,902.9356079101562
57,player,113,-1,722.7889404296875,457.3955078125,533.2496948242188,632.0306396484375
57,player,79,1,767.6446533203125,424.72052001953125,596.6597900390625,574.2363891601562
57,player,1,1,521.2674560546875,405.9692077636719,391.5914611816406,456.1840515136719
57,player,68,1,693.6506958007812,353.0024108886719,597.9869995117188,333.103759765625
57,player,59,0,656.5794677734375,343.3114013671875,576.4257202148438,266.7057800292969
58,player,54,1,612.3656616210938,528.1209106445312,398.885498046875,782.6118774414062
58,player,4,1,571.8807373046875,596.1793823242188,334.1192626953125,906.207763671875
58,player,1,1,519.8059692382812,406.2198181152344,390.2042236328125,455.74139404296875
58,player,53,0,245.74560546875,384.2622985839844,127.00692749023438,302.26898193359375
58,player,5,1,469.4071044921875,324.6310119628906,387.27532958984375,162.60693359375
58,player,113,-1,725.8070068359375,458.1256408691406,535.3101196289062,638.8992919921875
58,player,79,1,770.14990234375,426.1795959472656,599.0650634765625,576.7899169921875
58,player,59,0,658.23388671875,344.5931701660156,574.794189453125,279.02001953125
58,player,137,-1,407.936279296875,293.0062255859375,341.3957824707031,4.685919761657715
58,player,68,1,697.146728515625,350.51678466796875,600.4270629882812,333.80645751953125
59,player,54,1,613.075927734375,528.7020263671875,399.22296142578125,784.1902465820312
59,player,53,0,240.96151733398438,384.0224609375,122.13993835449219,299.3935546875
59,player,1,1,519.1499633789062,407.284912109375,388.8515625,456.4969177246094
59,player,5,1,471.1035461425781,324.1212158203125,388.84521484375,161.33656311035156
59,player,4,1,574.3757934570312,595.6942749023438,335.2129821777344,908.1846313476562
59,player,113,-1,727.9202880859375,456.26751708984375,537.7764892578125,641.9434814453125
59,player,137,-1,407.768310546875,292.39764404296875,341.46905517578125,3.7248363494873047
59,player,68,1,695.468505859375,344.8496398925781,603.379150390625,327.3905029296875
59,player,79,1,772.0234375,427.4328308105469,600.8255615234375,579.7808227539062
59,player,59,0,660.6077880859375,344.79437255859375,574.5050048828125,287.5511169433594
60,player,54,1,614.1690673828125,529.1951904296875,399.660888671875,785.6646728515625
60,player,1,1,518.1451416015625,407.71112060546875,387.54180908203125,457.32720947265625
60,player,5,1,472.5606384277344,324.86199951171875,390.24169921875,161.711669921875
60,player,53,0,237.5916290283203,385.7285461425781,117.56056213378906,299.17572021484375
60,player,4,1,576.6359252929688,594.466552734375,336.71246337890625,908.8255615234375
60,player,79,1,771.1395263671875,433.6109619140625,599.8427734375,587.2931518554688
60,player,68,1,696.3356323242188,347.47869873046875,604.692138671875,326.4338073730469
60,player,59,0,662.497802734375,344.2501220703125,575.1636352539062,292.66943359375
60,player,141,-1,750.8631591796875,445.8042907714844,570.3125610351562,627.2225952148438
60,player,137,-1,409.94891357421875,292.12066650390625,342.48114013671875,3.008178472518921
61,player,1,1,517.1226196289062,408.02691650390625,386.2779541015625,458.08905029296875
61,player,54,1,615.9107666015625,530.3809204101562,400.21820068359375,787.632568359375
61,player,4,1,582.7520751953125,593.8585815429688,339.41363525390625,909.2484130859375
61,player,5,1,473.557861328125,323.860595703125,391.7822265625,160.73329162597656
61,player,53,0,233.68765258789062,385.1175842285156,113.16321563720703,297.8275451660156
61,player,68,1,697.4942016601562,342.69354248046875,607.6099243164062,320.2702331542969
61,player,79,1,766.1275634765625,438.9807434082031,596.0932006835938,596.5626220703125
61,player,59,0,663.5343017578125,344.34515380859375,575.92578125,296.23504638671875
61,player,137,-1,409.70977783203125,292.9432067871094,342.84661865234375,3.769848108291626
61,player,139,-1,743.42578125,450.68115234375,560.0152587890625,637.58984375
62,player,1,1,516.2884521484375,408.297119140625,385.11749267578125,458.7784423828125
62,player,4,1,587.5185546875,593.673828125,342.4703063964844,909.7146606445312
62,player,53,0,230.74053955078125,384.4101257324219,109.24949645996094,295.739990234375
62,player,5,1,474.976318359375,322.8429870605469,393.58447265625,158.90676879882812
62,player,54,1,616.9725341796875,532.3343505859375,400.5159912109375,790.43359375
62,player,99,-1,599.0061645507812,538.2354736328125,383.4679870605469,804.2063598632812
62,player,79,1,767.573974609375,442.07049560546875,593.1956787109375,605.4729614257812
62,player,68,1,697.838134765625,346.42547607421875,608.3283081054688,320.7399597167969
62,player,59,0,663.6441040039062,344.22113037109375,576.5010375976562,298.4168701171875
62,player,137,-1,410.59912109375,292.1832275390625,343.6298522949219,3.2333474159240723
63,player,1,1,515.2276611328125,408.3916015625,383.9852600097656,459.21429443359375
63,player,4,1,590.291748046875,593.283935546875,345.25750732421875,909.9468994140625
63,player,5,1,476.4832763671875,323.4674072265625,395.1784973144531,158.7726287841797
63,player,68,1,697.8403930664062,354.2498779296875,606.1201171875,330.18487548828125
63,player,79,1,770.5967407226562,443.908447265625,591.693359375,613.1613159179688
63,player,53,0,226.9964599609375,384.9255676269531,105.24871826171875,294.5540771484375
63,player,59,0,663.343505859375,343.93243408203125,576.86474609375,299.45184326171875
63,player,54,1,613.0364990234375,533.0009765625,399.4707336425781,792.4532470703125
63,player,137,-1,411.5318603515625,292.2031555175781,344.5186767578125,3.058171272277832
64,player,79,1,767.6505737304688,447.40301513671875,588.8226928710938,620.97216796875
64,player,1,1,514.8238525390625,408.3479919433594,383.1223449707031,459.41015625
64,player,4,1,592.3521728515625,593.0769653320312,347.65106201171875,910.0986328125
64,player,5,1,477.972900390625,322.7035827636719,396.98046875,157.84945678710938
64,player,68,1,696.9868774414062,353.6082763671875,604.6076049804688,335.48388671875
64,player,53,0,223.29608154296875,384.4007568359375,101.28816986083984,292.69915771484375
64,player,59,0,662.8240966796875,343.61798095703125,577.0222778320312,299.6836242675781
64,player,99,-1,605.8233642578125,533.8081665039062,386.1971740722656,801.4647827148438
64,player,137,-1,413.22601318359375,293.3600769042969,345.5193786621094,4.9781975746154785
65,player,1,1,514.694091796875,408.78240966796875,382.42547607421875,459.9757080078125
65,player,99,-1,608.7225952148438,531.0430297851562,389.3020935058594,797.856689453125
65,player,79,1,768.2821044921875,446.0738830566406,587.5280151367188,624.938720703125
65,player,5,1,479.1672668457031,321.3772277832031,398.9488220214844,155.6041259765625
65,player,4,1,595.5577392578125,592.6273193359375,350.1322021484375,910.1160278320312
65,player,68,1,689.9867553710938,349.7511901855469,602.508056640625,333.619873046875
65,player,53,0,219.81509399414062,382.4595947265625,97.53958892822266,288.70635986328125
65,player,59,0,662.7614135742188,343.24755859375,577.2256469726562,299.3804016113281
66,player,1,1,514.1690673828125,409.2291564941406,381.7008972167969,460.75274658203125
66,player,4,1,598.1805419921875,591.57373046875,352.6105041503906,909.6181030273438
66,player,5,1,480.2552490234375,320.8392028808594,400.7851257324219,153.55780029296875
66,player,99,-1,615.3416748046875,533.3037109375,392.77813720703125,797.6719360351562
66,player,53,0,217.2910614013672,381.0702819824219,94.24513244628906,284.10040283203125
66,player,79,1,774.7725830078125,445.8515930175781,588.704833984375,627.8943481445312
66,player,68,1,687.8233642578125,346.2601318359375,601.5774536132812,328.0362854003906
66,player,59,0,663.7581787109375,342.84344482421875,577.844482421875,298.8160705566406
67,player,53,0,214.77943420410156,380.5397644042969,91.1838150024414,280.145751953125
67,player,1,1,513.8353881835938,409.3511047363281,381.0916748046875,461.3497314453125
67,player,4,1,600.3201293945312,589.2767944335938,355.15740966796875,907.9467163085938
67,player,68,1,690.0238037109375,343.9997253417969,602.5174560546875,321.97991943359375
67,player,5,1,480.6739807128906,321.6130676269531,401.94189453125,153.34156799316406
67,player,79,1,778.6471557617188,446.1826477050781,590.5386352539062,630.4472045898438
67,player,99,-1,618.1837158203125,546.1106567382812,393.48468017578125,807.034912109375
68,player,4,1,601.7020263671875,587.769775390625,357.4234924316406,905.97119140625
68,player,79,1,779.1106567382812,446.633056640625,591.7388305664062,632.541748046875
68,player,53,0,212.15228271484375,380.96673583984375,88.15946960449219,277.77764892578125
68,player,1,1,513.458984375,409.20916748046875,380.5987854003906,461.55126953125
68,player,68,1,689.2509765625,343.17962646484375,603.1407470703125,316.97119140625
68,player,5,1,480.7651672363281,321.0565490722656,402.8714599609375,152.45375061035156
68,player,154,-1,528.9149169921875,405.7715148925781,396.6921691894531,456.30450439453125
69,player,1,1,512.3304443359375,409.27337646484375,379.8843688964844,461.63153076171875
69,player,4,1,604.154052734375,587.4573364257812,359.60302734375,904.6448364257812
69,player,53,0,210.57232666015625,381.2763671875,85.56806945800781,276.425048828125
69,player,5,1,481.5775146484375,320.1103515625,404.031982421875,150.69300842285156
69,player,68,1,690.6705322265625,341.9104919433594,604.4832763671875,312.3646240234375
69,player,79,1,781.290771484375,448.0810852050781,592.7521362304688,635.35888671875
69,player,154,-1,532.2667846679688,403.7126770019531,398.27978515625,454.50115966796875
69,player,99,-1,620.580078125,523.14013671875,398.9078369140625,796.4693603515625
69,player,147,-1,705.9470825195312,333.759521484375,630.6210327148438,280.8594970703125
69,player,59,0,672.9852905273438,341.2586364746094,582.038818359375,297.64886474609375
70,player,1,1,511.6069030761719,409.3327331542969,379.16351318359375,461.67010498046875
70,player,4,1,606.7546997070312,586.6700439453125,361.84307861328125,903.4407958984375
70,player,68,1,693.1226806640625,343.94635009765625,605.5089111328125,312.09912109375
70,player,5,1,482.8082275390625,320.5078430175781,405.1584167480469,150.2607421875
70,player,53,0,208.2161865234375,381.0343933105469,82.99969482421875,274.9584045410156
70,player,79,1,782.9913330078125,448.9017639160156,593.681640625,638.0529174804688
70,player,99,-1,621.7630004882812,553.7485961914062,397.08599853515625,811.9057006835938
71,player,1,1,510.980224609375,409.6451416015625,378.41796875,461.954345703125
71,player,4,1,608.8780517578125,587.4286499023438,363.744140625,903.2919921875
71,player,5,1,482.81854248046875,320.3598327636719,405.9327392578125,149.7786865234375
71,player,68,1,693.4144897460938,348.5910339355469,604.6795043945312,317.4599609375
71,player,53,0,205.87994384765625,380.7258605957031,80.45712280273438,273.337158203125
71,player,160,-1,801.123291015625,448.3642578125,611.328857421875,646.2398071289062
71,player,79,1,784.3963012695312,441.1353759765625,596.9878540039062,633.11083984375
71,player,147,-1,713.6507568359375,336.7374572753906,632.2511596679688,285.424072265625
72,player,1,1,510.085693359375,409.8656311035156,377.5855407714844,462.27490234375
72,player,4,1,612.2164306640625,588.4138793945312,365.7113037109375,904.054443359375
72,player,5,1,482.877685546875,321.5005187988281,406.1649169921875,151.03147888183594
72,player,53,0,203.34738159179688,380.26202392578125,77.86489868164062,271.3981628417969
72,player,68,1,692.79150390625,350.0332336425781,603.4325561523438,322.5634460449219
72,player,147,-1,712.2291259765625,343.5498046875,630.3626708984375,296.38812255859375
72,player,79,1,787.63671875,438.015625,601.0476684570312,627.4124755859375
72,player,137,0,430.838623046875,292.708740234375,353.551513671875,7.91198205947876
73,player,53,0,202.80459594726562,379.739013671875,76.00625610351562,269.42364501953125
73,player,5,1,483.298583984375,322.1268615722656,406.3166809082031,152.7560272216797
73,player,4,1,616.9124755859375,588.0599975585938,368.30096435546875,904.6281127929688
73,player,1,1,509.41961669921875,409.99658203125,376.7925109863281,462.5498962402344
73,player,68,1,694.232177734375,350.4295959472656,602.9867553710938,326.5129089355469
73,player,79,1,792.8348388671875,435.92291259765625,605.8929443359375,622.3031005859375
73,player,137,0,434.6278381347656,293.1435546875,360.21234130859375,11.056148529052734
74,player,53,0,198.72802734375,379.2308349609375,73.2646484375,267.0050048828125
74,player,4,1,622.5386962890625,587.3257446289062,371.6061096191406,904.893310546875
74,player,68,1,696.4881591796875,349.8095703125,603.6903686523438,328.61871337890625
74,player,1,1,508.6217346191406,410.19598388671875,375.9664306640625,462.8525390625
74,player,5,1,484.0098571777344,321.62823486328125,406.817138671875,153.29476928710938
74,player,79,1,797.8765869140625,424.39404296875,614.1465454101562,608.9547119140625
74,player,137,0,438.33563232421875,292.6029357910156,366.1923522949219,12.83936882019043
75,player,53,0,194.0675811767578,378.702392578125,69.7210464477539,264.1966552734375
75,player,68,1,698.2833251953125,349.4530944824219,604.89208984375,329.7803039550781
75,player,1,1,507.78680419921875,410.21551513671875,375.1439208984375,462.9827880859375
75,player,5,1,485.28887939453125,320.81787109375,407.843994140625,152.71377563476562
75,player,137,0,438.88739013671875,292.68377685546875,370.28399658203125,14.205102920532227
75,player,79,1,802.0968017578125,427.7406311035156,619.7506713867188,603.7407836914062
75,player,99,0,635.1304931640625,589.1967163085938,393.35211181640625,846.6558837890625
76,player,1,1,506.4475402832031,410.3525390625,374.129150390625,463.0704345703125
76,player,68,1,695.9786376953125,351.06866455078125,604.3228759765625,332.1539001464844
76,player,79,1,808.8101806640625,421.839111328125,627.321533203125,595.5411987304688
76,player,5,1,487.8780517578125,321.11383056640625,409.43048095703125,153.09226989746094
76,player,53,0,190.87966918945312,377.7784118652344,66.24307250976562,260.82073974609375
76,player,99,0,639.0692138671875,588.2449951171875,392.1320495605469,868.8863525390625
76,player,137,0,439.1239929199219,294.8680419921875,372.48565673828125,18.43878173828125
76,player,54,1,638.8524169921875,520.13330078125,408.60845947265625,786.1121826171875
77,player,68,1,697.709228515625,353.9677734375,603.5667724609375,337.262939453125
77,player,79,1,813.5914306640625,421.201171875,633.9151000976562,590.0648803710938
77,player,1,1,505.52154541015625,410.25146484375,373.17816162109375,462.92633056640625
77,player,53,0,188.792724609375,377.185546875,63.210304260253906,257.6232604980469
77,player,5,1,493.36175537109375,333.7444763183594,409.30487060546875,170.92657470703125
77,player,137,0,440.90338134765625,295.5281982421875,374.4725646972656,22.453304290771484
77,player,99,0,643.8071899414062,589.0205078125,392.46282958984375,884.1441650390625
77,player,54,1,631.186767578125,513.924560546875,413.5885009765625,776.6781616210938
78,player,68,1,699.4572143554688,357.4559020996094,602.5008544921875,344.7936706542969
78,player,1,1,504.945068359375,410.06964111328125,372.4031066894531,462.583984375
78,player,79,1,807.2539672851562,421.0039367675781,636.31884765625,585.7320556640625
78,player,53,0,186.70022583007812,377.5047607421875,60.410804748535156,255.6829833984375
78,player,4,1,648.7303466796875,579.2164916992188,382.13812255859375,901.4981689453125
78,player,175,-1,452.85821533203125,301.6889953613281,387.452392578125,61.148162841796875
78,player,5,1,497.1978759765625,349.21514892578125,406.81085205078125,202.73558044433594
78,player,54,1,629.9498291015625,526.0725708007812,414.0806579589844,779.6409301757812
79,player,68,1,699.8842163085938,363.42669677734375,599.9669799804688,356.50244140625
79,player,1,1,504.12969970703125,409.6977233886719,371.70098876953125,461.89013671875
79,player,175,-1,456.7856750488281,299.336181640625,389.63421630859375,58.2575569152832
79,player,79,1,809.018798828125,422.9372863769531,637.8026123046875,584.8709106445312
79,player,99,0,654.8163452148438,589.3385009765625,395.53570556640625,894.98046875
79,player,53,0,185.46583557128906,376.0101318359375,58.1976203918457,252.38958740234375
79,player,54,1,630.6083984375,534.8975219726562,412.8936767578125,788.1268310546875
79,player,183,-1,487.09619140625,319.3591003417969,412.82513427734375,146.63726806640625
80,player,59,0,699.986328125,350.7159729003906,590.9752807617188,311.3244934082031
80,player,79,1,809.7413330078125,422.0630798339844,639.26904296875,583.5697631835938
80,player,1,1,502.71221923828125,409.12664794921875,370.88360595703125,460.69708251953125
80,player,99,0,659.4909057617188,589.7761840820312,398.69073486328125,902.6071166992188
80,player,54,1,632.0394287109375,537.4451293945312,412.04132080078125,795.6016845703125
80,player,183,-1,485.9495849609375,319.9154052734375,412.2380676269531,147.24269104003906
80,player,187,-1,184.12094116210938,375.4866943359375,52.67946243286133,243.9043731689453
80,player,137,0,448.4947814941406,290.9705810546875,380.028564453125,19.302602767944336
80,player,175,-1,462.80535888671875,299.1650695800781,393.51177978515625,57.012325286865234
80,ball,-1,-1,901.78466796875,442.3658447265625,495.79986572265625,502.82513427734375
81,player,59,0,702.8521728515625,352.7519226074219,597.0765991210938,322.912353515625
81,player,79,1,811.1754150390625,422.5567626953125,640.503173828125,583.3138427734375
81,player,1,1,501.19256591796875,408.8397216796875,369.89739990234375,459.4638366699219
81,player,99,0,661.0382080078125,589.7278442382812,401.158203125,907.6334838867188
81,player,187,-1,182.58935546875,373.6594543457031,52.18494415283203,241.39816284179688
81,player,5,1,492.9915771484375,339.9658508300781,405.9039001464844,211.19989013671875
81,player,137,0,447.68292236328125,290.573486328125,383.41278076171875,16.52507209777832
81,player,54,1,635.521728515625,535.325439453125,412.86859130859375,799.1744384765625
82,player,147,-1,713.4090576171875,346.1129150390625,628.6358032226562,306.6842346191406
82,player,1,1,499.794189453125,408.6177673339844,368.82861328125,458.2844543457031
82,player,79,1,813.9798583984375,423.6796875,641.8028564453125,584.4430541992188
82,player,99,0,661.91552734375,589.3252563476562,403.06439208984375,910.6996459960938
82,player,54,1,637.635498046875,532.951171875,414.4573059082031,799.918212890625
82,player,5,1,493.81060791015625,358.6512451171875,401.10693359375,240.07614135742188
82,player,137,0,446.25347900390625,290.0177917480469,385.17413330078125,13.651982307434082
82,player,187,-1,180.85704040527344,371.4669494628906,51.307373046875,236.75503540039062
83,player,147,-1,715.3751220703125,344.89227294921875,628.6282958984375,312.1690673828125
83,player,177,-1,822.744140625,425.3741455078125,650.2969970703125,593.289794921875
83,player,1,1,498.355224609375,408.7319641113281,367.6231384277344,457.486572265625
83,player,187,-1,177.41966247558594,370.9642333984375,49.417640686035156,232.65370178222656
83,player,54,1,637.7775268554688,533.2554321289062,415.47125244140625,800.6348876953125
83,player,5,1,498.39776611328125,376.42169189453125,395.5517883300781,280.3121643066406
83,player,183,-1,496.49969482421875,323.95501708984375,414.845947265625,154.55117797851562
83,player,99,0,664.145263671875,587.80126953125,405.1617431640625,911.8597412109375
83,player,137,0,447.2398681640625,290.8341979980469,386.5082702636719,13.18288803100586
84,player,59,0,715.03515625,349.1264343261719,606.500244140625,327.64697265625
84,player,177,-1,822.754150390625,424.6593322753906,650.53125,592.6362915039062
84,player,187,-1,174.74200439453125,369.9607849121094,47.190467834472656,228.35513305664062
84,player,1,1,498.0811462402344,409.022216796875,366.6873474121094,457.2422790527344
84,player,54,1,640.7996215820312,534.6482543945312,416.71136474609375,802.3402099609375
84,player,5,1,503.7248840332031,379.5680236816406,393.11236572265625,310.65911865234375
84,player,99,0,669.2418823242188,586.6438598632812,408.07781982421875,912.20068359375
84,player,137,0,449.764404296875,291.01873779296875,388.3568420410156,13.543112754821777
85,player,54,1,644.3797607421875,535.3232421875,418.3917236328125,804.2025756835938
85,player,59,0,717.8255615234375,350.2533874511719,613.191650390625,332.36090087890625
85,player,1,1,498.58990478515625,408.7930603027344,366.29827880859375,456.8974914550781
85,player,53,0,172.46188354492188,369.7205810546875,52.0131721496582,240.5807342529297
85,player,177,-1,823.8238525390625,424.2014465332031,651.1580810546875,591.89013671875
85,player,5,1,505.3122253417969,384.4950256347656,390.9791259765625,336.10760498046875
85,player,99,0,675.216064453125,584.22509765625,411.9893798828125,911.2523193359375
85,player,137,0,453.67529296875,290.5523986816406,391.27581787109375,13.660316467285156
86,player,54,1,647.2761840820312,535.4522094726562,420.27099609375,805.7189331054688
86,player,53,0,170.80023193359375,369.3004455566406,47.360015869140625,232.14877319335938
86,player,79,1,840.6005249023438,426.2767333984375,649.9034423828125,589.9957275390625
86,player,59,0,721.0741577148438,352.2040100097656,617.9727783203125,338.0590515136719
86,player,1,1,497.42437744140625,409.1543273925781,365.5767822265625,456.9285888671875
86,player,99,0,679.472900390625,582.5204467773438,415.9700012207031,909.8114624023438
86,player,5,1,505.8480224609375,387.70208740234375,389.0674743652344,356.27398681640625
86,player,207,-1,455.08428955078125,289.715576171875,398.9760437011719,10.84049129486084
86,ball,-1,-1,919.4683227539062,398.9632568359375,517.0419921875,506.49041748046875
87,player,53,0,169.16082763671875,369.2878112792969,43.6903076171875,226.44021606445312
87,player,54,1,649.91064453125,535.233642578125,422.2734680175781,806.7386474609375
87,player,59,0,723.3900756835938,351.2305908203125,622.2177734375,340.9060974121094
87,player,1,1,492.3235778808594,408.9612121582031,363.4183349609375,456.213623046875
87,player,99,0,681.8465576171875,581.8470458984375,419.30987548828125,908.5939331054688
87,player,183,-1,510.17059326171875,377.3299255371094,408.4320068359375,227.10394287109375
87,player,79,1,843.832763671875,425.75341796875,656.3198852539062,593.42431640625
87,player,200,-1,458.50408935546875,290.5551452636719,402.3117980957031,15.983920097351074
88,player,53,0,167.3416748046875,368.68310546875,40.61634063720703,221.71229553222656
88,player,59,0,726.47216796875,348.78753662109375,626.9032592773438,340.2804260253906
88,player,79,1,841.3250732421875,427.81103515625,659.054931640625,597.2901000976562
88,player,1,1,491.2211608886719,408.73419189453125,361.6871337890625,455.39605712890625
88,player,54,1,653.2576293945312,534.7059936523438,424.6163330078125,807.2632446289062
88,player,183,-1,511.34588623046875,380.6822204589844,403.907958984375,278.1954345703125
88,player,99,0,686.1116333007812,580.37890625,422.88287353515625,907.1292114257812
88,player,137,0,458.7920227050781,290.6939697265625,395.2181396484375,14.728490829467773
89,player,53,0,165.41372680664062,367.1817932128906,37.925994873046875,216.43917846679688
89,player,59,0,728.135009765625,348.11199951171875,630.7627563476562,339.2807312011719
89,player,79,1,845.4826049804688,429.7003479003906,661.4678955078125,601.8828125
89,player,1,1,491.1543884277344,409.0138244628906,360.48284912109375,455.15008544921875
89,player,183,-1,511.5174255371094,381.25360107421875,400.8970947265625,312.0679016113281
89,player,99,0,691.2320556640625,579.287353515625,426.76641845703125,905.8036499023438
89,player,54,1,655.0189208984375,529.0068969726562,427.76605224609375,803.5660400390625
90,player,53,0,162.74951171875,366.7070617675781,35.14351272583008,212.0458984375
90,player,210,-1,500.7770690917969,410.1378173828125,366.902099609375,460.911376953125
90,player,54,1,658.454833984375,524.16064453125,431.76226806640625,797.8326416015625
90,player,99,0,697.1558837890625,578.2570190429688,431.05499267578125,904.6607666015625
90,player,79,1,844.3468017578125,430.8434143066406,662.3206787109375,605.7919311523438
90,player,59,0,731.0325927734375,349.59210205078125,633.7373657226562,340.6880798339844
90,player,183,-1,512.18798828125,339.9109191894531,409.2186279296875,284.6461181640625
91,player,53,0,160.77117919921875,366.00482177734375,32.58082580566406,208.01419067382812
91,player,54,1,661.6300048828125,527.2949829101562,434.6192626953125,796.6654052734375
91,player,210,-1,499.2095947265625,409.87432861328125,366.4262390136719,460.47406005859375
91,player,59,0,733.6727294921875,348.25341796875,637.0587768554688,340.35504150390625
91,player,183,1,515.2371826171875,316.7906188964844,421.9985656738281,236.670654296875
91,player,205,-1,857.3668212890625,424.65570068359375,680.9747924804688,600.468994140625
91,player,99,0,704.9996337890625,580.0653076171875,435.5706481933594,905.6066284179688
92,player,53,0,158.8660888671875,365.0885925292969,30.1970157623291,203.94277954101562
92,player,183,1,518.0398559570312,313.5575866699219,432.2952880859375,201.42071533203125
92,player,210,-1,497.7188720703125,409.10052490234375,365.77069091796875,459.2279968261719
92,player,59,0,735.047607421875,351.322509765625,638.5860595703125,343.85015869140625
92,player,54,1,665.35546875,527.1334838867188,437.55889892578125,796.064453125
92,player,99,0,712.1307373046875,582.014892578125,440.0093994140625,907.9452514648438
92,player,79,1,851.758544921875,425.5314025878906,666.8619384765625,604.2127685546875
93,player,54,1,665.756103515625,524.3052978515625,440.1627197265625,793.6107788085938
93,player,53,0,157.51077270507812,365.7555236816406,28.080734252929688,201.99411010742188
93,player,183,1,520.1231689453125,311.2720031738281,440.4457092285156,175.62445068359375
93,player,210,-1,496.4128112792969,408.43707275390625,365.03753662109375,457.5885009765625
93,player,59,0,736.0557861328125,350.12640380859375,640.353271484375,344.858154296875
93,player,79,1,855.030517578125,426.9962158203125,670.3129272460938,604.8096923828125
93,player,99,0,720.0706176757812,581.1567993164062,445.1484069824219,909.42919921875
94,player,54,1,667.0736694335938,521.8507080078125,442.7351379394531,790.2871704101562
94,player,59,0,735.9736938476562,349.3000793457031,641.771484375,344.5476379394531
94,player,183,1,523.7557373046875,309.2445373535156,447.7354736328125,156.53164672851562
94,player,210,-1,495.012939453125,407.7120666503906,364.23394775390625,455.6170654296875
94,player,53,0,156.51092529296875,366.9750061035156,26.258182525634766,202.19317626953125
94,player,99,0,727.6246337890625,578.5133666992188,450.99566650390625,909.1805419921875
94,player,79,1,858.0621337890625,422.6836242675781,674.9197998046875,601.5585327148438
95,player,205,-1,897.7220458984375,435.3419494628906,689.410400390625,613.6011352539062
95,player,54,1,670.827880859375,519.7377319335938,445.91192626953125,786.8289794921875
95,player,183,1,527.865478515625,310.4395751953125,453.712158203125,146.36276245117188
95,player,210,-1,491.8302001953125,407.3196716308594,362.7101135253906,453.5894775390625
95,player,59,0,735.91552734375,351.60870361328125,641.8436889648438,347.0047912597656
95,player,53,0,155.40286254882812,367.3126220703125,24.620197296142578,202.61907958984375
95,player,99,0,729.783447265625,579.234619140625,455.2205505371094,909.6256103515625
95,player,147,-1,730.27783203125,397.6797790527344,616.033203125,375.0250244140625
96,player,183,1,533.2595825195312,312.9308166503906,458.9410400390625,143.9520263671875
96,player,59,0,738.3621826171875,351.5201721191406,642.7586669921875,348.7815856933594
96,player,205,-1,901.7808837890625,439.3287658691406,694.7346801757812,625.9569702148438
96,player,210,-1,488.54571533203125,407.6348876953125,360.5390930175781,452.25714111328125
96,player,53,0,154.46473693847656,367.7825012207031,23.164772033691406,203.3868865966797
96,player,54,1,674.115966796875,517.9208374023438,449.2927551269531,783.4652709960938
97,player,183,1,538.4539794921875,315.3177490234375,463.6253356933594,146.3736114501953
97,player,59,0,738.2928466796875,352.0516357421875,643.1388549804688,350.53936767578125
97,player,205,-1,901.498291015625,441.0196228027344,697.541259765625,635.4221801757812
97,player,54,1,676.822265625,517.2737426757812,452.39617919921875,780.9969482421875
97,player,53,0,153.99510192871094,367.5493469238281,22.04146957397461,203.52056884765625
97,player,1,1,483.44036865234375,409.4801940917969,356.9879150390625,454.6698913574219
98,player,183,1,541.7545166015625,314.364990234375,468.21209716796875,147.09478759765625
98,player,205,-1,905.1502075195312,441.2579040527344,700.3551025390625,642.0950927734375
98,player,59,0,737.5772705078125,349.8739929199219,643.9247436523438,349.09027099609375
98,player,53,0,153.80735778808594,366.96142578125,21.259567260742188,202.8147735595703
98,player,54,1,678.747314453125,516.9812622070312,455.0224609375,779.3182983398438
98,player,1,1,481.2989501953125,409.46875,353.9906311035156,454.121337890625
98,player,147,-1,729.6597900390625,380.4861755371094,613.13232421875,398.02191162109375
98,player,99,0,732.7288818359375,583.82275390625,457.82867431640625,913.0503540039062
99,player,205,-1,910.42333984375,440.2861328125,704.0577392578125,646.052490234375
99,player,54,1,684.1453857421875,517.1331787109375,458.228759765625,778.7506713867188
99,player,59,0,738.8087158203125,352.1515197753906,644.0370483398438,350.9139404296875
99,player,183,1,543.4814453125,312.748779296875,472.336181640625,145.581787109375
99,player,53,0,153.99392700195312,364.56512451171875,20.918933868408203,199.234619140625
99,player,1,1,479.6966857910156,409.6412048339844,351.4637756347656,453.7773132324219
99,player,147,1,729.5504150390625,383.9512939453125,610.0839233398438,416.6145935058594
99,player,222,-1,484.0426940917969,320.4010925292969,408.68829345703125,149.52210998535156
100,player,183,1,544.3229370117188,312.1015625,475.5333251953125,143.82275390625
100,player,54,1,687.865478515625,517.7803955078125,461.2274169921875,779.1492309570312
100,player,53,0,154.046142578125,365.0423889160156,20.69965171813965,197.54281616210938
100,player,59,0,741.4049682617188,356.2425231933594,643.53173828125,357.0617980957031
100,player,1,1,477.80328369140625,409.4566345214844,349.21331787109375,453.1617126464844
100,player,205,-1,912.57958984375,431.9454650878906,709.9735107421875,641.561767578125
100,player,147,1,731.0745849609375,378.7792663574219,610.2921142578125,423.3917541503906
101,player,183,1,545.5614624023438,311.08251953125,478.39349365234375,141.44342041015625
101,player,53,0,154.66807556152344,365.15264892578125,20.800546646118164,196.66983032226562
101,player,54,1,689.5391845703125,518.183837890625,463.56298828125,779.837158203125
101,player,1,1,475.86712646484375,409.400634765625,347.1023254394531,452.4996032714844
101,player,59,0,742.335693359375,362.4691162109375,641.3212280273438,368.154541015625
101,player,226,-1,898.1406860351562,402.6650085449219,738.6541748046875,552.903076171875
102,player,183,1,546.4835205078125,310.2994079589844,480.84368896484375,138.9404754638672
102,player,54,1,693.778564453125,519.05322265625,466.0906982421875,781.2540283203125
102,player,1,1,474.54754638671875,409.5272521972656,345.2562255859375,452.0633850097656
102,player,53,0,154.20700073242188,363.84356689453125,20.733917236328125,194.3166046142578
102,player,59,0,742.818359375,369.9691162109375,637.4501953125,383.67218017578125
102,player,205,0,907.7420654296875,420.6956481933594,716.3519287109375,628.17431640625
103,player,205,0,919.633544921875,424.5750732421875,722.6595458984375,624.0374145507812
103,player,54,1,696.8449096679688,518.6277465820312,468.6920471191406,782.0878295898438
103,player,1,1,474.015380859375,409.5977783203125,343.8613586425781,451.79791259765625
103,player,183,1,548.4202880859375,310.1160888671875,483.2349853515625,137.32725524902344
103,player,53,0,153.8445281982422,363.31573486328125,20.566593170166016,192.04147338867188
103,player,59,0,744.307861328125,368.8497009277344,635.8147583007812,392.70086669921875
104,player,54,1,698.8375244140625,518.387939453125,470.99774169921875,782.6005859375
104,player,205,0,929.5380859375,430.8777770996094,727.4422607421875,627.8099975585938
104,player,1,1,473.9640197753906,410.0359191894531,342.8525390625,452.07916259765625
104,player,183,1,548.325439453125,310.97222900390625,484.491943359375,137.44993591308594
104,player,53,0,153.7939453125,363.6410827636719,20.42487907409668,190.98617553710938
104,player,59,0,743.5514526367188,368.2588806152344,634.7028198242188,397.8411560058594
104,player,229,-1,536.9378662109375,308.9407958984375,476.0778503417969,125.11186218261719
105,player,54,1,700.8787841796875,518.9530639648438,472.94830322265625,783.50927734375
105,player,1,1,474.80419921875,410.7537536621094,342.34405517578125,453.10101318359375
105,player,53,0,153.14974975585938,364.0494079589844,20.05966567993164,190.75466918945312
105,player,183,1,547.8263549804688,311.773193359375,484.87457275390625,138.566162109375
105,player,235,-1,916.37451171875,424.8279113769531,731.3460693359375,616.16455078125
105,player,147,1,739.1685791015625,370.86163330078125,615.7609252929688,420.1497802734375
105,player,59,0,751.1028442382812,370.1039123535156,635.8580322265625,404.01654052734375
106,player,54,1,702.296875,518.5670166015625,474.7008056640625,783.91845703125
106,player,205,0,940.7256469726562,435.6167297363281,732.1491088867188,635.3662109375
106,player,1,1,475.41033935546875,410.19183349609375,342.3283386230469,453.2410888671875
106,player,53,0,152.51873779296875,364.1719055175781,19.565677642822266,190.68276977539062
106,player,183,1,548.97802734375,312.8192138671875,485.24639892578125,140.88861083984375
106,player,59,0,749.8043212890625,367.0187683105469,637.24755859375,404.5238952636719
106,player,147,1,740.171875,370.28460693359375,619.846435546875,417.5241394042969
106,player,222,-1,482.0311279296875,294.8577880859375,414.7762145996094,112.78926086425781
107,player,54,1,705.6268310546875,519.0055541992188,476.68145751953125,784.761474609375
107,player,1,1,476.475341796875,409.9356994628906,342.7301330566406,453.1756591796875
107,player,183,1,549.2257690429688,312.4518127441406,485.694091796875,141.9274444580078
107,player,53,0,151.16952514648438,363.6409606933594,18.72579574584961,189.7565155029297
107,player,205,0,948.2532958984375,438.7359313964844,736.2951049804688,643.6100463867188
107,player,59,0,755.9412841796875,356.5862731933594,643.9157104492188,393.9407043457031
107,player,147,1,741.211181640625,372.626220703125,622.0513305664062,418.4701232910156
107,player,222,-1,484.51904296875,291.1214904785156,420.78997802734375,83.68965148925781
108,player,54,1,709.2212524414062,519.64013671875,478.83978271484375,786.0509033203125
108,player,1,1,475.00128173828125,409.7035217285156,342.53466796875,452.73529052734375
108,player,235,-1,929.2515869140625,434.8734436035156,731.591552734375,626.1544799804688
108,player,183,1,549.689208984375,311.1405334472656,486.56121826171875,140.86032104492188
108,player,53,0,149.73565673828125,363.5891418457031,17.60856056213379,188.89651489257812
108,player,59,0,763.3839111328125,351.04168701171875,652.8021240234375,381.6114196777344
108,player,222,-1,486.71588134765625,287.8434143066406,426.52911376953125,60.14328384399414
109,player,54,1,710.9282836914062,520.005126953125,480.6414794921875,787.287841796875
109,player,183,1,551.8472290039062,310.81256103515625,488.0509948730469,140.01112365722656
109,player,1,1,471.5556335449219,408.92578125,341.3835754394531,451.2703552246094
109,player,235,-1,931.9693603515625,431.4638977050781,733.7551879882812,629.9136352539062
109,player,59,0,767.1300048828125,358.35198974609375,657.15283203125,382.28692626953125
109,player,53,0,148.85195922851562,363.87200927734375,16.51873779296875,188.5950927734375
109,player,222,-1,488.66107177734375,287.67779541015625,431.09490966796875,44.88102722167969
110,player,54,1,711.168701171875,520.462890625,481.77850341796875,788.4493408203125
110,player,1,1,469.33477783203125,409.7430419921875,339.72113037109375,450.94305419921875
110,player,183,1,553.195068359375,311.30401611328125,489.38409423828125,140.32244873046875
110,player,53,0,148.34283447265625,364.1846923828125,15.595621109008789,188.74539184570312
110,player,59,0,768.559326171875,362.8451843261719,658.8289184570312,387.87481689453125
110,player,222,-1,488.86102294921875,288.9758605957031,433.76605224609375,36.96171569824219
110,player,235,-1,937.4923095703125,429.3677062988281,737.536376953125,631.0052490234375
111,player,54,1,711.5802001953125,520.792236328125,482.55999755859375,789.4791259765625
111,player,1,1,468.1734313964844,409.8013916015625,338.2333984375,450.66943359375
111,player,183,1,554.8265380859375,312.6664733886719,490.45556640625,142.62118530273438
111,player,53,0,148.19541931152344,364.55438232421875,14.923530578613281,189.3119659423828
111,player,222,-1,487.15191650390625,288.8896179199219,434.8369445800781,31.425369262695312
111,player,240,-1,969.363037109375,466.5643005371094,733.7222900390625,729.4456176757812
111,player,59,0,770.1325073242188,363.6527099609375,660.1517944335938,392.5699462890625
111,player,235,-1,940.1837158203125,437.09576416015625,738.0283813476562,638.671875
112,player,183,1,556.4080810546875,313.60009765625,491.4683532714844,145.60919189453125
112,player,54,1,712.0150146484375,520.1616821289062,483.330078125,789.713623046875
112,player,1,1,467.3017578125,409.0742492675781,337.10748291015625,449.6356201171875
112,player,53,0,147.9038543701172,365.2158203125,14.346834182739258,190.51419067382812
112,player,59,0,772.2094116210938,364.2063293457031,661.5037231445312,396.4585266113281
112,player,235,-1,946.7552490234375,435.7330322265625,740.7484130859375,643.0498657226562
112,player,240,-1,974.5199584960938,468.558349609375,734.4931640625,731.4344482421875
112,player,222,0,487.740234375,287.8373107910156,436.07598876953125,26.3175048828125
113,player,54,1,711.7125244140625,520.4261474609375,483.68695068359375,790.0394897460938
113,player,1,1,466.65576171875,408.5876159667969,336.2476806640625,448.3830871582031
113,player,183,1,558.8735961914062,314.646484375,492.7429504394531,149.31353759765625
113,player,59,0,774.6873779296875,361.1295166015625,664.3258666992188,395.8683166503906
113,player,53,0,147.45236206054688,368.0924072265625,13.691558837890625,195.00955200195312
113,player,235,-1,947.961669921875,436.8348388671875,742.4752807617188,646.94873046875
113,player,240,-1,977.9006958007812,470.85491943359375,735.1641845703125,734.8009643554688
113,player,147,1,747.5510864257812,374.0197448730469,625.11279296875,421.2709045410156
113,player,222,0,489.341064453125,288.5855407714844,437.31103515625,24.376266479492188
114,player,54,1,711.5370483398438,521.0867919921875,483.7231140136719,790.7275390625
114,player,1,1,465.79296875,408.11199951171875,335.48443603515625,446.9761962890625
114,player,183,1,561.1993408203125,315.4341735839844,494.21173095703125,153.10662841796875
114,player,59,0,777.6339111328125,360.71746826171875,667.2949829101562,395.35498046875
114,player,53,0,148.14993286132812,366.63818359375,13.59396743774414,196.11959838867188
114,player,147,1,749.5933837890625,374.4501037597656,627.631591796875,423.7729797363281
114,player,235,1,943.64599609375,436.26983642578125,742.541015625,648.623291015625
114,player,222,0,489.54571533203125,288.6572570800781,438.17559814453125,23.254140853881836
114,player,240,-1,990.8714599609375,472.14111328125,738.7696533203125,739.0145874023438
115,player,54,1,713.640869140625,520.2416381835938,484.5247497558594,790.705810546875
115,player,1,1,464.89508056640625,406.13824462890625,335.05718994140625,443.8771057128906
115,player,183,1,562.684814453125,315.3125305175781,495.7666931152344,155.60818481445312
115,player,59,0,778.9921264648438,362.7650146484375,668.9278564453125,397.430908203125
115,player,53,0,147.85165405273438,365.3575744628906,13.45678997039795,195.11900329589844
115,player,240,-1,997.30029296875,471.13751220703125,743.236328125,741.4755859375
115,player,235,1,942.89306640625,439.212646484375,741.323486328125,652.1741943359375
115,player,147,1,752.1134033203125,375.8263854980469,629.6316528320312,427.14227294921875
115,player,222,0,490.0777587890625,288.6054382324219,438.967529296875,22.526565551757812
115,player,205,0,981.698974609375,469.5878601074219,737.8204956054688,677.020751953125
116,player,1,1,463.32012939453125,406.10528564453125,334.2453918457031,441.66021728515625
116,player,183,1,565.3042602539062,315.3635559082031,497.7535095214844,157.65762329101562
116,player,54,1,717.9259033203125,519.0401611328125,486.51751708984375,790.1204833984375
116,player,59,0,782.46044921875,361.3840026855469,671.6507568359375,397.64117431640625
116,player,205,0,983.2149047851562,473.1293640136719,738.0396728515625,701.626953125
116,player,53,0,148.40611267089844,368.5724792480469,13.475030899047852,198.7532196044922
116,player,235,1,942.8662109375,453.0362854003906,735.7384033203125,666.1038818359375
116,player,222,0,492.4083557128906,287.0805969238281,440.87078857421875,20.089370727539062
116,player,147,1,753.6134033203125,380.04571533203125,629.9945678710938,433.96893310546875
117,player,1,1,461.7432861328125,406.1144714355469,333.1746826171875,440.06121826171875
117,player,183,1,567.701904296875,316.3926086425781,499.632568359375,160.70455932617188
117,player,54,1,721.0682373046875,518.8140258789062,488.7458190917969,789.80712890625
117,player,59,0,786.2649536132812,360.387451171875,675.0565795898438,397.0977783203125
117,player,205,0,983.3585205078125,473.9128112792969,737.9591064453125,718.2416381835938
117,player,53,0,148.94284057617188,370.98260498046875,13.614557266235352,204.31442260742188
117,player,147,1,754.681396484375,381.7779541015625,629.9969482421875,440.3408203125
117,player,222,0,492.6336669921875,285.8763122558594,442.554443359375,16.70172119140625
117,player,235,1,944.36279296875,460.7000732421875,729.9503784179688,681.5526123046875
118,player,1,1,458.67144775390625,406.3035888671875,331.38800048828125,438.8959655761719
118,player,183,1,569.301025390625,316.7576599121094,501.3442687988281,163.39234924316406
118,player,205,0,983.449462890625,474.3960876464844,737.7699584960938,729.4236450195312
118,player,54,1,723.27490234375,517.8071899414062,491.0415954589844,789.0203857421875
118,player,59,0,785.7555541992188,362.6573486328125,676.2615966796875,399.1894836425781
118,player,53,0,149.57504272460938,371.8883361816406,13.922929763793945,209.180419921875
118,player,147,1,757.5245361328125,379.4372863769531,631.719970703125,442.3193664550781
118,player,222,0,491.9168701171875,285.13763427734375,443.5766296386719,13.259371757507324
119,player,1,1,456.6990661621094,406.3498840332031,329.5401916503906,437.977783203125
119,player,54,1,727.3603515625,516.970458984375,493.8716735839844,788.1925048828125
119,player,183,1,570.3350830078125,316.6168212890625,502.89068603515625,165.0886993408203
119,player,205,0,983.5333862304688,472.9171142578125,738.16650390625,735.5484619140625
119,player,53,0,148.4442596435547,370.5104675292969,13.725068092346191,210.41647338867188
119,player,147,1,760.1092529296875,381.39068603515625,633.0233154296875,445.9326171875
119,player,59,0,786.5264892578125,362.2864990234375,677.4378051757812,400.22637939453125
119,player,222,0,491.34405517578125,284.47772216796875,444.203857421875,9.92117691040039
120,player,1,1,456.20941162109375,405.54022216796875,328.32232666015625,436.46661376953125
120,player,54,1,730.8004150390625,516.6504516601562,496.7503356933594,787.6741943359375
120,player,53,0,148.72877502441406,370.5685119628906,13.707005500793457,211.3319091796875
120,player,205,0,984.729248046875,471.5758056640625,739.2080078125,738.5771484375
120,player,183,1,570.421875,316.0527648925781,504.1043395996094,165.44241333007812
120,player,59,0,789.1121826171875,363.05950927734375,678.7755126953125,402.03289794921875
120,player,147,1,760.8077392578125,383.4427490234375,633.405029296875,450.4999084472656
120,player,222,0,491.10980224609375,286.433349609375,443.9391784667969,10.711579322814941
120,player,246,-1,956.552001953125,464.96429443359375,724.9732055664062,722.8697509765625
121,player,1,1,455.5436706542969,405.16845703125,327.3711853027344,435.01666259765625
121,player,53,0,149.87554931640625,371.2862243652344,14.12319564819336,213.00338745117188
121,player,54,1,738.2356567382812,515.8421630859375,500.8944091796875,787.2930908203125
121,player,59,0,790.875,361.2738037109375,680.8924560546875,401.43927001953125
121,player,183,1,571.2898559570312,315.55645751953125,505.3759765625,165.11904907226562
121,player,205,0,986.8409423828125,469.6050109863281,741.1395263671875,739.1690673828125
121,player,147,1,761.00390625,378.4775085449219,635.4027709960938,448.277099609375
121,player,222,0,490.93310546875,287.5498352050781,443.367919921875,12.900136947631836
121,player,246,-1,957.520751953125,462.908447265625,725.93603515625,721.3002319335938
122,player,1,1,454.32647705078125,405.402099609375,326.29010009765625,434.1935119628906
122,player,53,0,150.35922241210938,372.3551940917969,14.546256065368652,215.5306396484375
122,player,54,1,745.0098876953125,514.9427490234375,505.69769287109375,786.8836669921875
122,player,59,0,792.73486328125,360.6644592285156,683.1138916015625,400.58709716796875
122,player,183,1,572.4146728515625,315.5534362792969,506.6282043457031,165.05642700195312
122,player,147,1,760.5973510742188,370.53338623046875,639.3135375976562,438.29510498046875
122,player,205,0,986.8585205078125,467.41082763671875,743.1475830078125,737.8289794921875
122,player,222,0,490.90924072265625,287.15380859375,443.10302734375,13.716218948364258
122,player,246,-1,953.5208129882812,460.7524108886719,726.1572265625,718.2182006835938
123,player,1,1,453.1070556640625,405.32086181640625,325.1824951171875,433.44140625
123,player,53,0,150.69264221191406,372.5538024902344,14.945547103881836,217.47177124023438
123,player,205,0,985.7302856445312,470.1429748535156,743.2086791992188,739.0169677734375
123,player,59,0,793.7279663085938,362.1680603027344,684.326904296875,401.7963562011719
123,player,183,1,573.7156982421875,316.4048767089844,507.6661376953125,166.33926391601562
123,player,147,1,760.4510498046875,367.7499084472656,642.78369140625,428.76873779296875
123,player,54,1,756.4951171875,513.7091064453125,512.3295288085938,786.5604248046875
123,player,222,0,491.06591796875,286.8157043457031,443.093505859375,13.755142211914062
124,player,205,0,985.1513671875,473.1686706542969,742.0657958984375,742.1068115234375
124,player,1,1,452.73028564453125,405.86761474609375,324.231201171875,433.4956359863281
124,player,53,0,150.6373748779297,373.2286376953125,15.158931732177734,219.5936279296875
124,player,183,1,576.1771240234375,316.9102478027344,509.1092834472656,168.1832733154297
124,player,59,0,792.1513671875,363.07916259765625,684.2540283203125,403.40814208984375
124,player,147,1,760.8920288085938,366.6227722167969,645.5838623046875,421.3941650390625
124,player,54,1,767.2604370117188,512.1675415039062,520.024658203125,786.00927734375
124,player,222,0,491.6271057128906,286.6036376953125,443.37689208984375,13.542242050170898
125,player,205,0,984.8043823242188,478.4958801269531,739.44677734375,748.207275390625
125,player,1,1,452.84686279296875,405.41265869140625,323.73748779296875,433.0579833984375
125,player,53,0,150.52566528320312,374.2647705078125,15.216394424438477,222.2864990234375
125,player,183,1,578.5184936523438,316.9571838378906,510.91339111328125,169.75868225097656
125,player,59,0,788.4273681640625,363.6326904296875,682.7674560546875,404.6537170410156
125,player,147,1,761.5711669921875,366.09039306640625,647.818603515625,416.09246826171875
125,player,54,1,773.999755859375,508.3639831542969,527.8485107421875,783.3106689453125
125,player,222,0,492.08026123046875,286.2080078125,443.8612060546875,12.868770599365234
125,player,257,-1,769.4713134765625,370.82080078125,654.6741333007812,423.38397216796875
126,player,205,0,984.72216796875,483.3407287597656,736.1228637695312,755.86669921875
126,player,183,1,580.30517578125,316.4568786621094,512.9161376953125,170.35025024414062
126,player,1,1,452.65496826171875,404.7231750488281,323.47869873046875,432.0162048339844
126,player,53,0,150.01229858398438,374.8443908691406,15.031270980834961,224.71241760253906
126,player,147,1,762.5859985351562,366.5374755859375,649.4505004882812,413.2466735839844
126,player,59,0,788.3997802734375,364.08038330078125,681.6271362304688,405.949951171875
126,player,54,1,777.8177490234375,508.6402282714844,533.9353637695312,782.052978515625
126,player,222,0,492.254638671875,286.1969299316406,444.2499084472656,12.440629959106445
126,player,251,-1,908.816650390625,606.7660522460938,576.1932983398438,990.5626220703125
127,player,1,1,452.732421875,403.7371826171875,323.5210266113281,430.2912292480469
127,player,183,1,583.2215576171875,315.48052978515625,515.6257934570312,169.8129119873047
127,player,53,0,149.56637573242188,375.38348388671875,14.716737747192383,226.9205780029297
127,player,205,0,987.5897216796875,491.2147216796875,732.182861328125,766.9837646484375
127,player,251,-1,919.8468017578125,602.2103271484375,579.9767456054688,988.5426025390625
127,player,147,1,763.4833984375,367.5653991699219,650.4456787109375,412.616943359375
127,player,59,0,789.9085693359375,363.6043395996094,681.5614624023438,406.4371032714844
127,player,54,1,778.110107421875,511.6233215332031,537.2335815429688,783.4886474609375
127,player,222,0,492.44915771484375,286.1654357910156,444.59063720703125,12.143831253051758
128,player,1,1,452.6116943359375,402.6370849609375,323.7125244140625,427.97515869140625
128,player,205,0,987.7451171875,498.14141845703125,727.4461669921875,779.3375244140625
128,player,53,0,149.50759887695312,375.55633544921875,14.483139038085938,228.56881713867188
128,player,183,1,584.8385009765625,314.8812255859375,518.1875610351562,168.87347412109375
128,player,251,-1,925.0919799804688,598.4376831054688,584.6285400390625,985.3121948242188
128,player,147,1,764.0230102539062,368.00823974609375,651.1151123046875,412.7486877441406
128,player,54,1,779.8053588867188,513.5820922851562,539.366455078125,786.0048828125
128,player,222,0,492.8697509765625,286.01422119140625,445.0272216796875,11.78388786315918
128,player,59,0,790.3352661132812,363.9342346191406,681.5383911132812,407.16119384765625
129,player,205,0,988.4585571289062,502.9660339355469,723.0352783203125,790.933837890625
129,player,1,1,451.76708984375,401.5528259277344,323.7477722167969,425.20989990234375
129,player,53,0,148.57351684570312,374.9079895019531,13.98701286315918,228.693603515625
129,player,183,1,584.805908203125,314.8179016113281,519.8607788085938,168.17303466796875
129,player,54,1,782.0233154296875,514.2481079101562,541.2056884765625,788.2992553710938
129,player,251,-1,928.57373046875,598.6079711914062,588.472412109375,983.5223388671875
129,player,147,1,765.7130126953125,370.3502502441406,651.2842407226562,415.5572509765625
129,player,59,0,796.8555908203125,363.3703918457031,683.891357421875,407.72882080078125
129,player,222,0,493.06390380859375,283.9806213378906,445.9932861328125,8.461102485656738
130,player,205,0,989.9483642578125,506.5245056152344,719.4531860351562,801.1455078125
130,player,1,1,449.52545166015625,401.4441223144531,323.01416015625,423.05267333984375
130,player,53,0,147.92369079589844,374.8254089355469,13.411922454833984,228.58621215820312
130,player,54,1,784.7821655273438,514.8226318359375,543.0260009765625,790.4207153320312
130,player,183,1,587.913818359375,315.6851501464844,521.83837890625,169.30288696289062
130,player,251,-1,930.337890625,597.9878540039062,591.5560302734375,982.0970458984375
130,player,147,1,766.4091796875,370.98394775390625,651.4014892578125,418.1419982910156
130,player,59,0,801.606201171875,362.21807861328125,687.4240112304688,407.3575744628906
130,player,222,0,493.16180419921875,283.02423095703125,446.94647216796875,4.842288494110107
131,player,205,0,990.8900146484375,508.0817565917969,716.8911743164062,808.9669189453125
131,player,1,1,447.38201904296875,399.8624572753906,322.08795166015625,419.70440673828125
131,player,53,0,147.3289794921875,373.9482116699219,12.834033966064453,227.31735229492188
131,player,54,1,785.1100463867188,516.4345092773438,543.9021606445312,793.0120239257812
131,player,59,0,805.00439453125,366.01373291015625,689.4208984375,411.6172180175781
131,player,147,1,767.467041015625,371.1192626953125,651.7796630859375,420.08209228515625
131,player,222,0,493.0157775878906,282.43328857421875,447.6833801269531,1.5543731451034546
131,player,183,1,590.043701171875,315.8563232421875,523.868408203125,170.5526123046875
131,player,251,-1,930.10693359375,594.1253051757812,594.4367065429688,978.8551025390625
132,player,205,0,992.3572998046875,509.1344909667969,715.2898559570312,814.9083251953125
132,player,1,1,446.26275634765625,399.03167724609375,321.251220703125,416.5025634765625
132,player,53,0,148.13363647460938,368.9010009765625,12.950569152832031,220.07470703125
132,player,54,1,790.3748168945312,517.5318603515625,545.6585693359375,795.8915405273438
132,player,59,0,806.4171142578125,367.9551696777344,690.4603881835938,416.63262939453125
132,player,147,1,767.7152099609375,371.4573974609375,651.988525390625,421.7340393066406
132,player,183,1,590.62548828125,315.6654052734375,525.468017578125,171.18658447265625
132,player,222,0,492.927490234375,282.1485595703125,448.2117004394531,-1.0370639562606812
132,player,251,-1,936.9533081054688,593.2280883789062,598.226318359375,976.6253662109375
133,player,205,0,993.914794921875,509.6368713378906,714.5077514648438,819.2401123046875
133,player,1,1,444.7369384765625,398.8753967285156,320.2050476074219,414.08465576171875
133,player,53,0,148.33554077148438,366.710693359375,13.183660507202148,212.53134155273438
133,player,54,1,794.0889892578125,519.3002319335938,547.3884887695312,799.329345703125
133,player,147,1,769.5861206054688,373.1719970703125,652.1390380859375,424.8494567871094
133,player,183,1,590.437744140625,315.55694580078125,526.4723510742188,171.42784118652344
133,player,59,0,807.0438842773438,367.18524169921875,691.6282348632812,419.13134765625
133,player,222,0,493.0724182128906,282.51318359375,448.5049133300781,-2.134904384613037
133,player,251,0,943.7147216796875,593.31494140625,602.3440551757812,975.6370849609375
134,player,205,0,994.343505859375,509.0115966796875,714.3081665039062,821.6409912109375
134,player,1,1,443.3032531738281,398.7272644042969,319.0528564453125,412.1949462890625
134,player,183,1,590.5348510742188,316.03619384765625,527.0067138671875,172.2409210205078
134,player,53,0,147.32962036132812,366.98675537109375,12.925053596496582,207.85838317871094
134,player,54,1,797.984130859375,515.0874633789062,550.6396484375,798.765869140625
134,player,147,1,768.3514404296875,375.166748046875,651.1336669921875,428.872314453125
134,player,59,0,805.8720703125,364.92431640625,692.8465576171875,418.18402099609375
134,player,222,0,494.07183837890625,284.2257995605469,448.5902099609375,-0.05465567111968994
134,player,251,0,953.3659057617188,594.9068603515625,607.0133056640625,976.5255126953125
135,player,205,0,995.305419921875,498.7221374511719,717.6805419921875,815.8466796875
135,player,1,1,441.53125,398.772216796875,317.6778564453125,410.8221435546875
135,player,53,0,145.70223999023438,372.5863952636719,11.921859741210938,211.88531494140625
135,player,147,1,766.552734375,372.3924255371094,650.8568115234375,428.3278503417969
135,player,54,1,806.6172485351562,508.4393005371094,556.8406372070312,794.1190795898438
135,player,183,1,591.2291259765625,316.46392822265625,527.476318359375,173.43548583984375
135,player,222,0,494.45892333984375,285.15740966796875,448.5251770019531,2.7861428260803223
135,player,251,0,969.1015014648438,594.9745483398438,613.908447265625,978.087890625
135,player,59,0,807.4251098632812,363.36846923828125,694.7349853515625,416.0458068847656
136,player,1,1,439.77703857421875,398.13800048828125,316.2885437011719,409.04498291015625
136,player,205,0,996.5322265625,496.4217834472656,720.9400634765625,810.4866943359375
136,player,147,1,765.528076171875,369.54583740234375,651.3385009765625,424.79351806640625
136,player,54,1,808.84033203125,510.1488342285156,561.0488891601562,792.5374755859375
136,player,183,1,591.368896484375,316.26837158203125,527.8970947265625,173.9687042236328
136,player,53,0,144.3764190673828,375.31353759765625,10.658480644226074,217.83197021484375
136,player,222,0,494.4870300292969,285.1524963378906,448.49578857421875,4.629424571990967
136,player,251,0,973.9989013671875,595.5654296875,619.4451293945312,979.7462158203125
137,player,1,1,438.6455078125,396.6253356933594,315.26776123046875,406.1069641113281
137,player,205,0,998.73193359375,496.89794921875,723.4989013671875,807.5145263671875
137,player,54,1,812.6063842773438,513.790771484375,563.8919067382812,794.4810791015625
137,player,147,1,765.49951171875,366.1136779785156,652.8583984375,418.7578430175781
137,player,183,1,591.0826416015625,316.0906677246094,528.1206665039062,174.03883361816406
137,player,53,0,143.1256561279297,375.5243225097656,9.338677406311035,221.80703735351562
137,player,251,0,972.46728515625,592.2335205078125,623.5101318359375,978.7557373046875
137,player,222,0,494.5789489746094,285.0498962402344,448.54449462890625,5.684391021728516
137,player,59,0,800.9407958984375,361.9524841308594,694.3518676757812,412.3997802734375
138,player,1,1,435.9139404296875,394.7008972167969,314.0,401.77392578125
138,player,205,0,994.5997314453125,497.8318176269531,723.7489013671875,805.9615478515625
138,player,183,1,591.7813720703125,315.8376770019531,528.6099243164062,173.83865356445312
138,player,147,1,765.195068359375,364.40850830078125,654.353515625,412.9316101074219
138,player,251,0,978.5243530273438,590.4074096679688,628.111083984375,977.3885498046875
138,player,53,0,142.2781982421875,375.2843017578125,8.154825210571289,223.97589111328125
138,player,54,1,820.213623046875,518.8189697265625,566.547607421875,799.977294921875
138,player,263,-1,785.251708984375,363.508544921875,677.1268920898438,405.58404541015625
138,player,222,0,494.74139404296875,285.3903503417969,448.5406799316406,6.916287899017334
139,player,1,1,433.21710205078125,393.76007080078125,312.40008544921875,397.615966796875
139,player,251,0,981.406494140625,590.10205078125,631.8905639648438,976.4915771484375
139,player,183,1,591.6624755859375,316.14434814453125,528.7841186523438,174.10382080078125
139,player,147,1,764.65087890625,364.0130310058594,655.285400390625,408.649658203125
139,player,53,0,141.76699829101562,375.14385986328125,7.188394546508789,225.14068603515625
139,player,263,-1,784.3671264648438,364.1549072265625,676.5962524414062,406.19476318359375
139,player,205,0,995.1051025390625,491.06976318359375,726.2281494140625,800.0009765625
139,player,54,1,832.0936279296875,520.8597412109375,571.001220703125,805.890380859375
139,player,276,-1,985.5794677734375,578.178466796875,650.748291015625,954.964599609375
139,player,222,0,494.9007568359375,285.7691345214844,448.4901123046875,8.320647239685059
140,player,1,1,429.8535461425781,393.3787841796875,310.2448425292969,394.11566162109375
140,player,183,1,590.9197998046875,316.7157897949219,528.4344482421875,174.9421844482422
140,player,251,0,982.0899658203125,590.8360595703125,634.3270874023438,976.3876342773438
140,player,147,1,763.0853271484375,366.7375183105469,654.399169921875,408.6820983886719
140,player,205,0,997.8787841796875,469.64288330078125,735.7564697265625,779.9946899414062
140,player,53,0,141.328125,374.9972229003906,6.391844749450684,225.65402221679688
140,player,54,1,853.01904296875,523.053955078125,579.0179443359375,812.8173828125
140,player,59,0,802.03125,360.3988037109375,695.049560546875,408.443603515625
140,player,222,0,494.9969482421875,286.05072021484375,448.4125061035156,9.678298950195312
141,player,1,1,427.4684143066406,393.34185791015625,308.0096435546875,391.5338134765625
141,player,251,0,990.1351318359375,589.37255859375,638.2697143554688,975.9326171875
141,player,205,0,998.275146484375,460.6123352050781,745.1937866210938,759.87744140625
141,player,183,1,589.9521484375,316.6419372558594,527.8682250976562,175.25901794433594
141,player,53,0,141.06385803222656,374.7041320800781,5.778816223144531,225.57846069335938
141,player,147,1,762.3818359375,370.6389465332031,652.2151489257812,412.86553955078125
141,player,54,1,862.0643310546875,523.1651000976562,586.6488037109375,818.0484619140625
141,player,263,-1,793.0008544921875,362.61474609375,679.68310546875,405.8514404296875
141,player,222,0,494.8200378417969,286.34478759765625,448.20318603515625,10.982686042785645
142,player,205,0,998.456787109375,458.02325439453125,752.2904663085938,744.73828125
142,player,251,0,995.6593627929688,587.4037475585938,642.706298828125,974.794189453125
142,player,147,1,762.1127319335938,373.55810546875,649.6887817382812,418.697021484375
142,player,53,0,141.0561981201172,374.579833984375,5.381069183349609,225.3690185546875
142,player,183,1,591.065185546875,314.3054504394531,528.6739501953125,172.4748992919922
142,player,54,1,863.841552734375,525.5663452148438,591.4539184570312,823.278564453125
142,player,59,0,804.006591796875,360.92706298828125,695.958251953125,406.67010498046875
142,player,222,0,494.73681640625,286.18829345703125,448.0798645019531,11.579086303710938
143,player,1,1,423.6460266113281,397.7301330566406,304.4303283691406,394.288818359375
143,player,205,0,1000.09716796875,459.31414794921875,756.908203125,736.0677490234375
143,player,147,1,761.5933837890625,378.06475830078125,646.32177734375,427.2311096191406
143,player,59,0,808.1793823242188,362.8426818847656,697.2048950195312,408.0709228515625
143,player,183,1,592.774658203125,312.5332336425781,530.419677734375,168.50006103515625
143,player,53,0,140.78952026367188,374.4188537597656,5.022241592407227,224.99227905273438
143,player,251,0,1000.8062744140625,583.5609130859375,647.87255859375,972.0582885742188
143,player,54,1,865.3251953125,531.0537719726562,593.5357055664062,830.6378173828125
143,player,222,0,494.7374267578125,285.8625183105469,448.0966796875,11.469313621520996
143,player,263,-1,785.1464233398438,369.7579650878906,676.4788818359375,412.5333251953125
144,player,1,1,422.39599609375,398.60565185546875,301.51153564453125,396.9043273925781
144,player,205,0,1001.1239624023438,463.1648254394531,758.84521484375,733.5881958007812
144,player,147,1,761.189208984375,378.29052734375,643.92333984375,432.97430419921875
144,player,183,1,595.9290771484375,312.326904296875,532.8104858398438,166.06333923339844
144,player,53,0,140.77999877929688,374.190185546875,4.7920989990234375,224.45274353027344
144,player,59,0,807.3883056640625,364.1851806640625,697.2483520507812,410.35693359375
144,player,54,1,866.2914428710938,528.134033203125,595.9133911132812,833.4453125
144,player,263,-1,782.2791748046875,369.7679138183594,673.4479370117188,416.5781555175781
144,player,222,0,494.74981689453125,285.3718566894531,448.25848388671875,10.649466514587402
145,player,1,1,421.53094482421875,396.70556640625,299.64361572265625,396.4169921875
145,player,147,1,760.6903076171875,379.5611267089844,641.76708984375,437.99609375
145,player,183,1,598.5955200195312,312.5999450683594,535.27783203125,165.2092742919922
145,player,59,0,809.2611083984375,367.6045837402344,696.61181640625,415.74261474609375
145,player,205,0,1002.4239501953125,470.03631591796875,758.0826416015625,737.4915771484375
145,player,53,0,141.231689453125,374.2374572753906,4.819216251373291,224.22061157226562
145,player,54,1,867.71484375,527.3635864257812,598.044677734375,834.8294677734375
145,player,222,0,494.7164306640625,284.6627197265625,448.5614013671875,9.024742126464844
145,player,263,-1,783.3760986328125,372.22235107421875,670.9588623046875,421.9593505859375
145,ball,-1,-1,1035.046630859375,461.6860656738281,517.0419921875,506.49041748046875
146,player,1,1,421.09039306640625,395.5486755371094,298.4776916503906,394.771728515625
146,player,147,1,760.53515625,379.355224609375,640.3848876953125,441.02679443359375
146,player,59,0,812.7601318359375,370.4320373535156,696.2904663085938,422.6460266113281
146,player,183,1,599.768798828125,313.5393371582031,537.01171875,166.08065795898438
146,player,53,0,140.94227600097656,374.4161071777344,4.717345237731934,224.26187133789062
146,player,205,0,998.2900390625,467.8931579589844,757.1778564453125,738.0240478515625
146,player,251,0,1016.5238037109375,579.2105712890625,656.28271484375,968.6105346679688
146,player,222,0,494.7083740234375,283.8253173828125,449.005126953125,6.680751800537109
146,ball,-1,-1,1041.849853515625,466.04541015625,517.0419921875,506.49041748046875
147,player,1,1,420.72613525390625,395.0656433105469,297.67645263671875,393.1263122558594
147,player,147,1,760.4671020507812,379.8055419921875,639.310791015625,443.46417236328125
147,player,59,0,813.6649780273438,373.5044250488281,695.2393188476562,430.48974609375
147,player,183,1,600.349853515625,315.0576171875,537.855712890625,168.76649475097656
147,player,251,0,1022.4422607421875,578.7105102539062,663.348388671875,966.42919921875
147,player,53,0,140.30712890625,374.257568359375,4.405399322509766,224.00387573242188
147,player,205,0,996.7011108398438,478.7006530761719,752.4764404296875,746.629150390625
147,player,276,-1,1014.3973388671875,578.224609375,657.8934326171875,956.770263671875
147,player,222,0,494.67498779296875,282.9696044921875,449.53631591796875,3.83339524269104
148,player,1,1,420.24774169921875,394.7096252441406,297.0495910644531,391.6082763671875
148,player,147,1,760.2052001953125,380.40008544921875,638.3247680664062,445.6465759277344
148,player,183,1,600.4615478515625,314.703857421875,538.5626831054688,170.05252075195312
148,player,59,0,813.979248046875,379.1829528808594,692.5807495117188,441.5719909667969
148,player,53,0,139.4622344970703,373.98931884765625,3.8771684169769287,223.38327026367188
148,player,251,0,1025.4766845703125,579.7971801757812,668.3934326171875,965.8551025390625
148,player,205,0,996.5655517578125,494.6997985839844,744.1209716796875,764.231201171875
148,player,222,0,494.5908203125,282.79791259765625,449.89886474609375,1.7046270370483398
148,player,54,1,880.207763671875,539.6925659179688,599.5342407226562,845.1412353515625
149,player,1,1,419.63995361328125,394.4215393066406,296.47833251953125,390.2337341308594
149,player,147,1,759.8595581054688,379.6861572265625,637.8134155273438,446.27716064453125
149,player,59,0,814.5614013671875,381.59326171875,690.168212890625,451.3328552246094
149,player,183,1,600.6690673828125,315.0673828125,538.9801635742188,171.40402221679688
149,player,53,0,138.96278381347656,373.4440612792969,3.3524322509765625,222.2144012451172
149,player,251,0,1031.5035400390625,577.0425415039062,673.9171752929688,964.1820068359375
149,player,301,-1,981.0045776367188,539.7474975585938,677.67822265625,883.9934692382812
149,player,205,0,996.43212890625,492.6944274902344,739.3023681640625,774.18115234375
149,player,222,0,494.53582763671875,282.5427551269531,450.188720703125,-0.08172380924224854
150,player,1,1,419.15484619140625,394.47906494140625,295.9256591796875,389.35028076171875
150,player,147,1,759.8690185546875,378.3114013671875,637.9528198242188,445.2364501953125
150,player,59,0,814.3956298828125,381.12408447265625,688.7160034179688,457.175537109375
150,player,183,1,600.8177490234375,315.44622802734375,539.1824340820312,172.81011962890625
150,player,251,0,1035.7933349609375,576.3636474609375,678.7551879882812,962.945556640625
150,player,53,0,138.57257080078125,373.1727294921875,2.864964246749878,221.05496215820312
150,player,205,0,997.4761962890625,496.94757080078125,735.0799560546875,783.8595581054688
150,player,222,0,494.35498046875,282.7042236328125,450.2550048828125,-1.0211869478225708
150,player,301,-1,979.3027954101562,540.945068359375,676.8948364257812,884.676513671875
151,player,1,1,418.59002685546875,394.4071350097656,295.379638671875,388.6331481933594
151,player,147,1,759.927001953125,376.467529296875,638.6939697265625,442.61041259765625
151,player,59,0,813.7523193359375,380.4627380371094,687.8037719726562,460.22222900390625
151,player,183,1,601.017578125,315.812255859375,539.2682495117188,174.24072265625
151,player,251,0,1040.38720703125,576.1693115234375,683.0880126953125,962.30615234375
151,player,53,0,137.98255920410156,373.63128662109375,2.3018712997436523,220.81600952148438
151,player,205,0,998.36962890625,485.8406677246094,736.1942749023438,781.96923828125
151,player,222,0,494.13641357421875,282.8729553222656,450.1585388183594,-1.4048690795898438
152,player,1,1,417.52813720703125,394.01153564453125,294.7189025878906,387.6082763671875
152,player,147,1,760.0926513671875,378.0320129394531,638.6940307617188,442.5810852050781
152,player,59,0,811.6644287109375,381.0438537597656,686.3282470703125,462.5876770019531
152,player,251,0,1047.9718017578125,574.0285034179688,688.3767700195312,961.0548095703125
152,player,183,1,601.640869140625,318.3269348144531,538.7325439453125,178.6036834716797
152,player,53,0,137.33966064453125,374.08282470703125,1.6692417860031128,221.158935546875
152,player,205,0,1000.1666870117188,482.3315734863281,738.5735473632812,778.2264404296875
152,player,222,0,493.977294921875,282.8641357421875,450.03369140625,-1.692354440689087
153,player,59,0,811.4102783203125,382.1323547363281,684.8959350585938,465.2236022949219
153,player,251,0,1054.892333984375,571.6014404296875,694.2118530273438,959.1871337890625
153,player,1,1,416.3240966796875,393.4147033691406,293.968017578125,386.14208984375
153,player,147,1,760.2149658203125,381.0844421386719,637.6947631835938,445.79254150390625
153,player,53,0,140.999755859375,373.7815246582031,2.7116286754608154,221.46432495117188
153,player,183,1,602.3523559570312,319.5211181640625,538.2596435546875,183.11492919921875
153,player,301,-1,963.42724609375,545.0863647460938,671.1100463867188,886.803955078125
153,player,302,-1,992.5999755859375,489.3125305175781,730.5211181640625,784.6513671875
153,player,222,0,493.8128967285156,282.6055908203125,449.9631042480469,-2.3039422035217285
154,player,301,-1,967.9320068359375,548.6746826171875,667.5134887695312,890.8482666015625
154,player,59,0,810.4417114257812,380.4522399902344,684.2569580078125,465.098876953125
154,player,1,1,415.35516357421875,393.82440185546875,293.0657653808594,385.5380859375
154,player,251,0,1057.878662109375,573.549072265625,698.1868896484375,959.3455200195312
154,player,147,1,759.2312622070312,381.50775146484375,636.5804443359375,448.220703125
154,player,183,1,602.7451171875,320.1395568847656,537.8969116210938,186.91542053222656
154,player,53,0,142.97952270507812,374.3968200683594,4.15095853805542,222.70645141601562
154,player,205,0,1001.6136474609375,478.62744140625,741.7578125,773.083251953125
154,player,309,-1,975.939453125,526.4129028320312,684.970947265625,857.2056274414062
154,player,222,0,493.81707763671875,282.83184814453125,449.85113525390625,-2.351259231567383
155,player,301,-1,965.570556640625,552.3931884765625,663.541259765625,895.7487182617188
155,player,59,0,807.6728515625,379.05133056640625,683.4519653320312,463.2735900878906
155,player,1,1,414.6650390625,394.91741943359375,292.0456848144531,386.28594970703125
155,player,147,1,757.4554443359375,377.25775146484375,636.7188110351562,445.12689208984375
155,player,251,0,1058.91748046875,575.3018188476562,700.5283813476562,960.5767822265625
155,player,183,1,602.7113037109375,320.27911376953125,537.6031494140625,189.56529235839844
155,player,53,0,142.90390014648438,374.9718322753906,5.038778305053711,224.24069213867188
155,player,205,0,1001.762939453125,478.7059326171875,743.8421630859375,769.8117065429688
155,player,222,0,493.824951171875,282.7674560546875,449.80084228515625,-2.4802629947662354
155,player,310,-1,923.4694213867188,567.647216796875,613.8427734375,925.0393676757812
156,player,301,-1,963.1918334960938,553.366455078125,660.0820922851562,899.4102783203125
156,player,59,0,806.057861328125,377.5657958984375,682.9420166015625,460.3670654296875
156,player,1,1,414.3582763671875,395.8086853027344,291.12030029296875,387.72796630859375
156,player,147,1,755.5352783203125,369.5711669921875,638.8258056640625,434.65557861328125
156,player,183,1,602.742431640625,320.5483703613281,537.3363037109375,191.64657592773438
156,player,251,0,1061.321533203125,574.3543701171875,702.9113159179688,960.9498291015625
156,player,53,0,142.32247924804688,375.7311706542969,5.363564491271973,226.1344451904297
156,player,205,0,1002.5078735351562,477.4764099121094,745.81640625,766.801025390625
156,player,222,0,493.83123779296875,282.76678466796875,449.77093505859375,-2.564185380935669
156,player,309,-1,978.7509765625,546.4383544921875,679.933837890625,870.8587646484375
157,player,59,0,805.495361328125,377.01409912109375,682.6275634765625,457.8409423828125
157,player,1,1,413.61480712890625,396.1855773925781,290.191650390625,389.00067138671875
157,player,301,-1,962.9739990234375,553.9168090820312,657.6272583007812,902.133056640625
157,player,251,0,1067.768798828125,573.7185668945312,706.2281494140625,961.2022094726562
157,player,183,1,603.18359375,320.6597900390625,537.2904052734375,193.2041015625
157,player,53,0,141.90345764160156,376.6707458496094,5.381249904632568,228.51019287109375
157,player,147,1,756.4095458984375,363.0099792480469,642.79541015625,420.7532043457031
157,player,205,0,1002.9619140625,474.56494140625,748.21240234375,762.638671875
157,player,222,0,493.83612060546875,282.98760986328125,449.68731689453125,-2.276992082595825
157,player,302,-1,982.8092651367188,498.5052795410156,724.918212890625,790.7236328125
158,player,59,0,804.1241455078125,377.8116149902344,681.6904296875,456.8904113769531
158,player,1,1,413.142578125,396.8021240234375,289.315673828125,390.45843505859375
158,player,301,0,961.9131469726562,554.0718994140625,655.71728515625,903.9340209960938
158,player,251,0,1074.4990234375,568.5789794921875,711.5285034179688,958.6463012695312
158,player,183,1,603.5576171875,320.44342041015625,537.4697875976562,193.9807586669922
158,player,147,1,757.86376953125,361.6349182128906,646.35302734375,410.35382080078125
158,player,205,0,1002.7269287109375,473.73602294921875,749.9874877929688,759.2740478515625
158,player,53,0,141.6523895263672,377.66461181640625,5.264099597930908,231.28627014160156
158,player,222,0,493.8616027832031,283.3258972167969,449.5421142578125,-1.564529299736023
159,player,59,0,803.1396484375,378.20220947265625,680.6215209960938,456.5780029296875
159,player,1,1,412.6929931640625,397.2373962402344,288.5133056640625,391.83758544921875
159,player,301,0,960.4195556640625,553.9461059570312,654.1271362304688,904.9251708984375
159,player,183,1,603.791015625,320.2991638183594,537.7200317382812,194.32623291015625
159,player,205,0,1002.1766967773438,470.8489074707031,751.977294921875,754.8018798828125
159,player,251,0,1080.0062255859375,569.018798828125,716.203369140625,957.5951538085938
159,player,147,1,757.0081787109375,363.5560607910156,647.6945190429688,405.626953125
159,player,53,0,141.57550048828125,378.3365783691406,5.137575626373291,233.93325805664062
159,player,222,0,493.908447265625,283.2958679199219,449.47576904296875,-1.1405346393585205
160,player,59,0,804.1845703125,378.2405090332031,680.2516479492188,456.52435302734375
160,player,1,1,412.177734375,397.55810546875,287.7554931640625,393.03143310546875
160,player,251,0,1084.212890625,576.2685546875,718.1661376953125,961.56787109375
160,player,183,1,604.04931640625,320.28643798828125,537.9827270507812,194.5679931640625
160,player,205,0,1002.343994140625,469.34344482421875,753.8349609375,750.732666015625
160,player,301,0,961.6798095703125,552.8965454101562,653.7035522460938,904.9705200195312
160,player,53,0,141.56884765625,378.5658874511719,5.045838832855225,235.94337463378906
160,player,147,1,757.1424560546875,369.2268371582031,646.6138916015625,408.7813720703125
160,player,222,0,493.90325927734375,283.20306396484375,449.45831298828125,-1.0088542699813843
161,player,59,0,806.1168212890625,378.8604431152344,680.413818359375,457.3387451171875
161,player,1,1,411.8502197265625,398.2434387207031,287.0308837890625,394.5274658203125
161,player,183,1,604.5726318359375,320.6797790527344,538.2196044921875,195.31182861328125
161,player,251,0,1088.56787109375,579.7758178710938,719.4927368164062,966.515380859375
161,player,53,0,141.6540069580078,378.41949462890625,5.023968696594238,237.07534790039062
161,player,302,-1,988.626220703125,462.4971923828125,734.7881469726562,767.5816650390625
161,player,205,0,1003.9249267578125,471.82843017578125,754.6256103515625,750.1492919921875
161,player,301,0,963.4732666015625,548.0286865234375,655.2297973632812,901.9373168945312
161,player,147,1,757.7998046875,370.1466369628906,645.80859375,411.901123046875
161,player,222,0,493.806640625,283.2800598144531,449.3846130371094,-0.819359302520752
162,player,59,0,807.3038940429688,379.2778625488281,680.7529907226562,458.42694091796875
162,player,1,1,411.43756103515625,395.7531433105469,286.83929443359375,392.69891357421875
162,player,251,0,1093.807373046875,576.9100341796875,722.4610595703125,968.334228515625
162,player,183,1,604.9356079101562,320.9576110839844,538.417724609375,196.20834350585938
162,player,53,0,142.15924072265625,378.32098388671875,5.2106547355651855,237.750244140625
162,player,302,-1,988.998291015625,462.97454833984375,741.142578125,752.9500122070312
162,player,147,1,758.5921630859375,382.1402893066406,641.4320068359375,426.7869873046875
162,player,205,0,1005.2699584960938,473.62890625,754.8942260742188,751.2711181640625
162,player,301,0,962.28759765625,543.0908813476562,657.2901611328125,896.62451171875
162,player,222,0,493.606689453125,283.3624572753906,449.2307434082031,-0.5998503565788269
163,player,59,0,808.78857421875,379.44110107421875,681.3946533203125,459.45892333984375
163,player,1,1,411.1568298339844,395.38861083984375,286.677978515625,391.0740966796875
163,player,53,0,142.24049377441406,378.4957275390625,5.358509063720703,238.4205322265625
163,player,183,1,605.1729736328125,320.8177185058594,538.6800537109375,196.6383056640625
163,player,251,0,1100.3433837890625,577.281005859375,725.8748779296875,970.1346435546875
163,player,205,0,1005.0784912109375,474.1415100097656,754.8409423828125,752.3817138671875
163,player,147,1,759.80908203125,373.9001770019531,641.8013916015625,427.8653564453125
163,player,301,0,960.4728393554688,543.5665283203125,658.026123046875,893.365478515625
163,player,302,-1,987.980712890625,468.4795227050781,743.097412109375,747.7173461914062
163,player,222,0,492.51763916015625,282.09210205078125,449.0672912597656,-2.5879745483398438
164,player,59,0,807.3538208007812,371.90997314453125,684.0880737304688,452.05865478515625
164,player,1,1,410.3294372558594,398.8372497558594,285.69476318359375,393.74169921875
164,player,183,1,605.537841796875,321.01177978515625,538.922607421875,197.22076416015625
164,player,53,0,141.7898712158203,378.85113525390625,5.2674078941345215,239.2490234375
164,player,251,0,1107.11767578125,575.46533203125,730.2762451171875,970.6278076171875
164,player,147,1,759.701171875,365.23345947265625,645.0404663085938,419.15374755859375
164,player,301,0,956.4527587890625,545.1717529296875,657.0167236328125,892.0423583984375
164,player,205,0,1000.9692993164062,477.8703918457031,752.4097900390625,755.65478515625
164,player,302,-1,984.474365234375,494.24896240234375,734.8959350585938,763.7060546875
164,player,222,0,492.08447265625,281.41412353515625,448.9875183105469,-4.998667240142822
165,player,1,1,409.7434387207031,400.9555358886719,284.49310302734375,397.7364501953125
165,player,59,0,805.4597778320312,367.4632263183594,686.862548828125,442.2868957519531
165,player,183,1,605.9228515625,321.0591735839844,539.2075805664062,197.71212768554688
165,player,53,0,141.80130004882812,379.013671875,5.207767486572266,239.99452209472656
165,player,251,0,1113.301025390625,572.3186645507812,735.577392578125,969.43212890625
165,player,147,1,759.16259765625,363.4645080566406,647.594482421875,411.48388671875
165,player,301,0,951.703369140625,545.8746948242188,654.9364013671875,891.3302001953125
165,player,309,-1,991.5347900390625,510.5863342285156,690.5982055664062,856.1126708984375
165,player,310,-1,972.8388671875,539.6190795898438,634.10498046875,910.0375366210938
165,player,322,-1,1014.943603515625,475.8948059082031,760.7816162109375,760.4873657226562
166,player,1,1,408.99822998046875,400.7276916503906,283.48876953125,400.00189208984375
166,player,183,1,605.964111328125,321.18914794921875,539.36572265625,198.20761108398438
166,player,59,0,807.0728149414062,365.177734375,690.04931640625,433.6402587890625
166,player,310,-1,969.712646484375,542.301025390625,645.70458984375,901.8629150390625
166,player,147,1,761.517578125,363.216064453125,650.130615234375,406.484375
166,player,251,0,1120.596435546875,570.6232299804688,741.310791015625,968.0768432617188
166,player,53,0,141.73345947265625,378.9754333496094,5.143600940704346,240.42218017578125
166,player,302,-1,984.0972290039062,530.2241821289062,718.439208984375,799.6019287109375
166,player,301,0,950.289794921875,543.9856567382812,653.7384033203125,889.5196533203125
166,player,205,0,1001.218994140625,481.2184753417969,749.7734375,760.3572998046875
167,player,1,1,407.7369384765625,401.1252746582031,282.3268737792969,401.77154541015625
167,player,183,1,605.8663330078125,321.4051818847656,539.3618774414062,198.80044555664062
167,player,251,0,1126.701904296875,572.4005737304688,745.9895629882812,968.639404296875
167,player,147,1,763.281005859375,364.09832763671875,652.0528564453125,404.4019470214844
167,player,59,0,808.2775268554688,367.5794677734375,691.619140625,430.7438049316406
167,player,301,0,948.7303466796875,544.1285400390625,652.515380859375,888.3331298828125
167,player,53,0,141.91107177734375,379.0328369140625,5.169674396514893,240.795166015625
167,player,309,-1,991.4393310546875,528.0597534179688,692.20458984375,858.6956787109375
167,player,205,0,999.426025390625,482.63470458984375,747.0963745117188,764.3519897460938
167,player,310,-1,973.842529296875,548.7974243164062,652.4862060546875,901.1077880859375
168,player,1,1,406.79425048828125,398.4410705566406,281.68878173828125,399.86846923828125
168,player,301,0,947.4630737304688,545.9989013671875,650.87744140625,888.7180786132812
168,player,59,0,806.3709716796875,369.49456787109375,691.303466796875,430.7118225097656
168,player,183,1,605.6590576171875,321.1104431152344,539.3786010742188,198.77166748046875
168,player,53,0,142.26657104492188,379.4156188964844,5.314103126525879,241.5660400390625
168,player,147,1,761.55517578125,364.0274658203125,652.75146484375,402.7801513671875
168,player,251,0,1130.153076171875,575.5955200195312,748.9081420898438,971.1278076171875
168,player,309,-1,991.987060546875,486.5892333984375,706.3379516601562,830.6922607421875
168,player,322,-1,1016.986328125,470.3360290527344,763.2646484375,756.3516845703125
168,player,321,-1,749.191162109375,368.84375,637.4328002929688,410.973388671875
169,player,1,1,405.95733642578125,396.6779479980469,281.2745666503906,396.58831787109375
169,player,301,0,946.2025146484375,546.404541015625,649.3749389648438,889.152587890625
169,player,59,0,805.685546875,370.3785095214844,690.5475463867188,431.56298828125
169,player,183,1,605.5339965820312,320.7716369628906,539.4535522460938,198.29127502441406
169,player,53,0,142.287841796875,379.79351806640625,5.404823303222656,242.54660034179688
169,player,147,1,760.21044921875,364.4658203125,652.6004638671875,402.0604553222656
169,player,325,-1,1001.0678100585938,537.8065795898438,694.1151123046875,884.1541137695312
169,player,322,-1,1019.8323364257812,471.749267578125,765.1715087890625,754.9824829101562
169,player,251,0,1127.89794921875,579.2312622070312,749.1738891601562,974.7711181640625
169,player,309,-1,992.3392944335938,466.9467468261719,722.21337890625,797.3880004882812
170,player,301,0,942.7030029296875,541.2673950195312,648.8995361328125,885.77880859375
170,player,1,1,404.19873046875,397.5463562011719,280.239013671875,395.2235107421875
170,player,183,1,605.4700317382812,320.655517578125,539.5164184570312,197.81790161132812
170,player,59,0,802.4347534179688,373.6831970214844,687.7839965820312,435.28521728515625
170,player,53,0,142.45712280273438,379.791259765625,5.530020713806152,243.20245361328125
170,player,251,0,1132.8291015625,579.8193969726562,750.3621826171875,977.782470703125
170,player,325,-1,1001.5528564453125,549.358642578125,690.8943481445312,891.787109375
170,player,147,1,760.2501220703125,364.8367614746094,652.3837890625,402.0050354003906
170,player,205,0,999.5152587890625,477.68359375,747.0390625,763.1799926757812
170,player,322,-1,1020.8448486328125,471.24615478515625,766.8650512695312,753.7816162109375
171,player,301,0,939.7857666015625,537.2385864257812,648.9427490234375,880.675048828125
171,player,1,1,402.93402099609375,397.6125793457031,279.1083984375,394.26959228515625
171,player,183,1,605.5330810546875,320.5161437988281,539.626220703125,197.33511352539062
171,player,251,0,1136.864990234375,573.6039428710938,753.9776611328125,976.2864990234375
171,player,59,0,798.8651733398438,377.509765625,683.4437866210938,441.3611755371094
171,player,53,0,142.68753051757812,379.97552490234375,5.695809841156006,243.89004516601562
171,player,325,-1,1009.2523193359375,552.409912109375,689.8900756835938,899.224853515625
171,player,147,1,760.9912109375,363.70172119140625,652.8943481445312,400.8009033203125
171,player,205,0,996.9339599609375,472.9745788574219,747.8838500976562,758.583740234375
171,player,222,0,491.92120361328125,281.0952453613281,448.96466064453125,-7.086337566375732
172,player,301,0,939.1100463867188,535.6202392578125,649.2435302734375,876.2142333984375
172,player,1,1,402.2049560546875,396.4851379394531,278.30322265625,392.31817626953125
172,player,59,0,795.4326171875,378.7516174316406,679.0643920898438,446.25128173828125
172,player,183,1,605.4017944335938,320.1244812011719,539.7767333984375,196.48825073242188
172,player,310,-1,1008.777099609375,549.4959106445312,665.6395874023438,903.3695068359375
172,player,53,0,142.94100952148438,380.3223876953125,5.8919477462768555,244.80572509765625
172,player,251,0,1138.8419189453125,564.4754638671875,759.6024780273438,969.9200439453125
172,player,147,1,762.1712036132812,364.1846618652344,653.4480590820312,400.680419921875
172,player,222,0,491.9518127441406,280.9910888671875,448.99359130859375,-8.600536346435547
173,player,310,-1,1014.28515625,550.2337646484375,675.379638671875,905.6773681640625
173,player,1,1,401.7668762207031,395.67413330078125,277.75970458984375,390.09881591796875
173,player,59,0,793.5653076171875,379.183837890625,675.4580078125,449.6862487792969
173,player,183,1,605.4049682617188,319.65252685546875,540.0300903320312,195.31582641601562
173,player,53,0,143.27517700195312,380.4494323730469,6.145982265472412,245.60279846191406
173,player,301,0,936.135009765625,535.2946166992188,648.748291015625,872.889404296875
173,player,251,0,1141.099853515625,561.029541015625,764.8818969726562,963.8125
173,player,147,1,762.9129638671875,364.6500244140625,653.8895263671875,401.1956787109375
173,player,222,0,491.8923034667969,281.0042724609375,448.9841003417969,-9.573480606079102
173,player,205,0,995.5186767578125,490.1052551269531,742.342041015625,768.518310546875
174,player,1,1,401.8631286621094,395.95245361328125,277.3941650390625,388.976806640625
174,player,59,0,792.7513427734375,379.81231689453125,672.6271362304688,452.4903564453125
174,player,53,0,143.81832885742188,380.36944580078125,6.525594711303711,246.08851623535156
174,player,183,1,605.3878173828125,319.5105285644531,540.23486328125,194.3640594482422
174,player,205,0,995.0345458984375,469.1073913574219,745.6244506835938,758.8873291015625
174,player,325,-1,1036.6611328125,552.2938842773438,696.218017578125,905.762939453125
174,player,301,0,932.162353515625,538.9479370117188,646.375244140625,872.9322509765625
174,player,310,-1,1017.4489135742188,548.6281127929688,682.9808959960938,906.3448486328125
174,player,251,0,1144.517333984375,560.755859375,769.236572265625,959.88671875
174,player,147,1,763.7633666992188,365.8104553222656,654.046630859375,402.897216796875
175,player,1,1,401.66387939453125,397.2704162597656,276.86737060546875,389.6893310546875
175,player,59,0,790.8919677734375,380.0952453613281,670.0838012695312,454.4139404296875
175,player,53,0,144.54278564453125,380.419677734375,7.053491592407227,246.55845642089844
175,player,183,1,605.4346923828125,319.5075988769531,540.3863525390625,193.74771118164062
175,player,301,0,929.6780395507812,539.3385009765625,644.0748291015625,873.054443359375
175,player,325,-1,1042.2005615234375,554.0215454101562,701.2230224609375,911.4736328125
175,player,205,0,997.7274169921875,462.168701171875,750.90966796875,747.3563842773438
175,player,251,0,1144.9207763671875,561.0341186523438,772.078857421875,957.5308227539062
175,player,310,1,1021.834716796875,552.8660278320312,687.80859375,909.797607421875
175,player,147,1,765.2498779296875,368.19879150390625,653.7955322265625,406.771728515625
176,player,1,1,400.9823303222656,398.43878173828125,276.09130859375,391.3702392578125
176,player,53,0,145.3438720703125,380.44390869140625,7.708395957946777,246.9949951171875
176,player,183,1,605.3873291015625,319.53350830078125,540.458740234375,193.37506103515625
176,player,325,-1,1048.2578125,555.33056640625,705.61669921875,916.4068603515625
176,player,59,0,789.5142822265625,380.4646301269531,667.853515625,455.9056396484375
176,player,205,0,999.1944580078125,460.0248718261719,755.50732421875,738.2664184570312
176,player,301,0,928.8197021484375,538.7996215820312,642.5020141601562,872.71142578125
176,player,147,1,765.9429931640625,371.8106384277344,652.589599609375,413.271484375
176,player,310,1,1028.70556640625,556.5553588867188,691.6190185546875,914.8408203125
176,player,251,0,1144.1484375,560.6349487304688,773.862060546875,955.7064208984375
177,player,1,1,400.3836669921875,399.29254150390625,275.23541259765625,393.3391418457031
177,player,53,0,145.9914093017578,380.5984191894531,8.381640434265137,247.55426025390625
177,player,183,1,605.2938232421875,319.7679443359375,540.3943481445312,193.42991638183594
177,player,301,0,929.046630859375,538.4116821289062,641.6453857421875,872.2416381835938
177,player,205,0,1000.2611083984375,461.5430603027344,758.2613525390625,733.6572265625
177,player,59,0,787.6561279296875,380.1782531738281,665.9013061523438,456.3821716308594
177,player,251,0,1144.263916015625,559.6476440429688,775.35888671875,953.920654296875
177,player,325,-1,1053.718994140625,558.989501953125,708.7692260742188,922.2728271484375
177,player,222,0,491.15185546875,280.7986755371094,448.737060546875,-10.640522003173828
177,player,321,-1,751.5707397460938,379.1771545410156,634.68798828125,422.3257751464844
178,player,1,1,399.74139404296875,399.7978820800781,274.3699951171875,395.10491943359375
178,player,53,0,146.6156005859375,380.5378723144531,9.064605712890625,247.9200439453125
178,player,301,0,927.614501953125,537.8347778320312,640.870849609375,871.4478759765625
178,player,183,1,605.2036743164062,319.58477783203125,540.37890625,193.21197509765625
178,player,205,0,998.4749145507812,466.2568054199219,757.91064453125,734.2579956054688
178,player,251,0,1143.50244140625,557.9816284179688,776.66845703125,951.684814453125
178,player,263,-1,769.1558837890625,377.5045471191406,662.8187255859375,429.5601501464844
178,player,325,1,1057.0728759765625,562.2581787109375,710.7011108398438,928.3447265625
178,player,222,0,490.9891357421875,280.7140197753906,448.53533935546875,-11.491130828857422
178,player,321,-1,752.4381103515625,381.5920104980469,632.3761596679688,432.34173583984375
179,player,1,1,399.2402038574219,399.9738464355469,273.6021423339844,396.3912048339844
179,player,53,0,147.41616821289062,380.30792236328125,9.828300476074219,247.96929931640625
179,player,183,1,605.2105712890625,319.415771484375,540.4267578125,192.8480682373047
179,player,301,0,926.59765625,537.716064453125,640.1328735351562,870.781982421875
179,player,205,0,996.3525390625,469.0420837402344,756.132568359375,736.6708984375
179,player,325,1,1060.311279296875,566.7077026367188,711.4697265625,935.2554931640625
179,player,59,0,786.3460083007812,379.541015625,664.4305419921875,455.88861083984375
179,player,251,0,1142.8204345703125,559.64453125,776.8299560546875,951.2147827148438
179,player,321,-1,753.8162841796875,382.5816955566406,630.9924926757812,440.0346984863281
179,player,222,0,490.93414306640625,280.4172058105469,448.4708251953125,-12.514986991882324
180,player,1,1,398.9412841796875,400.78759765625,272.865234375,398.08917236328125
180,player,183,1,604.5531005859375,319.05450439453125,540.3317260742188,192.0473175048828
180,player,53,0,148.25448608398438,381.23931884765625,10.620052337646484,249.27542114257812
180,player,301,0,925.2337036132812,536.3737182617188,639.6624145507812,869.3441162109375
180,player,205,0,995.7667236328125,462.7994384765625,756.9715576171875,733.260986328125
180,player,59,0,786.917724609375,379.06793212890625,663.8267822265625,455.1323547363281
180,player,325,1,1061.4801025390625,568.260498046875,711.81005859375,940.7771606445312
180,player,251,0,1142.277099609375,558.86572265625,777.0457763671875,950.3953857421875
180,player,263,-1,762.8277587890625,376.55999755859375,655.7782592773438,432.82781982421875
181,player,1,1,398.54644775390625,401.3985595703125,272.1481628417969,399.8199768066406
181,player,53,0,148.98011779785156,381.6494445800781,11.403118133544922,250.72872924804688
181,player,183,1,604.069580078125,319.2369079589844,540.0304565429688,191.70419311523438
181,player,325,1,1062.999267578125,570.0360717773438,711.8949584960938,945.55029296875
181,player,205,0,997.54443359375,460.0914306640625,758.961669921875,729.0247192382812
181,player,301,0,923.8990478515625,534.368408203125,639.5558471679688,866.9505004882812
181,player,59,0,787.5692749023438,379.22808837890625,663.58984375,454.87689208984375
181,player,251,0,1141.57421875,559.8462524414062,776.7062377929688,950.4232788085938
181,player,263,-1,756.6728515625,376.5513000488281,649.1815185546875,434.28729248046875
182,player,1,1,398.0557861328125,401.2930603027344,271.5265808105469,400.7754211425781
182,player,53,0,149.48995971679688,382.2156677246094,12.090906143188477,252.44488525390625
182,player,183,1,603.922607421875,319.3130187988281,539.755126953125,191.5623779296875
182,player,325,1,1064.7646484375,572.053955078125,711.8056030273438,949.9949951171875
182,player,205,0,996.7037353515625,461.1922302246094,759.6337890625,727.084228515625
182,player,301,0,919.1727294921875,533.4937133789062,638.4793701171875,864.469482421875
182,player,59,0,787.95263671875,380.4541931152344,663.1292724609375,456.03253173828125
182,player,251,0,1141.0390625,561.55517578125,775.8204956054688,951.45849609375
182,player,321,-1,750.3818359375,384.2906188964844,628.401611328125,446.46142578125
183,player,1,1,397.4603271484375,401.0549011230469,270.9515686035156,401.0697021484375
183,player,53,0,149.47535705566406,382.8537902832031,12.510369300842285,254.35476684570312
183,player,325,1,1063.9853515625,572.5515747070312,711.4126586914062,953.1392822265625
183,player,183,1,603.7501220703125,319.2999267578125,539.5162963867188,191.43014526367188
183,player,205,0,994.8010864257812,461.5892333984375,759.39892578125,725.9871826171875
183,player,301,0,917.706298828125,535.617431640625,636.8117065429688,864.2083129882812
183,player,321,-1,745.959716796875,386.1712646484375,624.6541748046875,452.1352233886719
183,player,251,0,1140.6754150390625,560.3763427734375,775.5234985351562,951.3846435546875
183,player,59,0,789.3760986328125,381.5890808105469,662.8934326171875,458.1141357421875
184,player,1,1,396.2837219238281,400.7027893066406,270.220458984375,400.7447204589844
184,player,325,1,1061.402099609375,572.3773193359375,710.5704345703125,954.917724609375
184,player,53,0,149.5849609375,383.3800354003906,12.807482719421387,256.2652282714844
184,player,183,1,603.5909423828125,319.526123046875,539.22802734375,191.62210083007812
184,player,205,0,991.9739990234375,469.7535705566406,755.64013671875,731.5071411132812
184,player,301,0,916.1431884765625,537.3225708007812,634.8521118164062,865.0927734375
184,player,321,-1,743.3231201171875,387.7115783691406,620.8555297851562,457.14642333984375
184,player,251,0,1140.8377685546875,562.0724487304688,774.8412475585938,952.3880615234375
184,player,59,0,789.4991455078125,382.2037048339844,662.564697265625,460.1183776855469
185,player,1,1,395.2882995605469,400.43475341796875,269.43768310546875,400.12908935546875
185,player,205,0,990.9126586914062,476.2200927734375,750.7147216796875,740.0388793945312
185,player,325,1,1061.1142578125,576.1557006835938,708.87548828125,958.3502197265625
185,player,183,1,603.4910278320312,319.61151123046875,538.9755859375,191.84646606445312
185,player,53,0,150.09954833984375,383.6344299316406,13.19137191772461,257.88739013671875
185,player,301,0,914.2261962890625,538.994140625,632.621826171875,866.6712646484375
185,player,251,0,1142.4827880859375,562.7994995117188,774.5741577148438,953.5872802734375
185,player,321,1,743.8296508789062,389.516845703125,617.9641723632812,462.3197326660156
185,player,59,0,789.0302734375,383.47711181640625,661.7545776367188,462.69171142578125
186,player,1,1,394.85821533203125,400.4688415527344,268.7718200683594,399.71905517578125
186,player,183,1,603.4515380859375,319.3825988769531,538.87158203125,191.68467712402344
186,player,205,0,990.3543701171875,476.67218017578125,747.20751953125,745.8897705078125
186,player,53,0,150.958740234375,383.8489685058594,13.76639175415039,259.3150634765625
186,player,325,1,1063.876220703125,579.9451293945312,707.3788452148438,963.03125
186,player,301,0,913.1619873046875,539.3815307617188,630.7879638671875,867.886962890625
186,player,251,0,1140.0782470703125,563.2376708984375,773.676025390625,954.486083984375
186,player,321,1,749.7080078125,390.8692321777344,617.5513916015625,467.6758728027344
186,player,59,0,786.2420043945312,387.4892578125,658.9401245117188,468.2048034667969
187,player,1,1,394.612060546875,400.1890869140625,268.29718017578125,399.11737060546875
187,player,183,1,603.4315185546875,319.4864807128906,538.7625732421875,191.71414184570312
187,player,53,0,151.80335998535156,383.7801818847656,14.469789505004883,260.2624206542969
187,player,205,0,989.3092041015625,476.931640625,744.5526123046875,749.8116455078125
187,player,251,0,1138.32568359375,563.8534545898438,772.47265625,955.3383178710938
187,player,301,0,910.4205932617188,540.4728393554688,628.582275390625,869.228515625
187,player,325,1,1067.4979248046875,581.607177734375,706.8224487304688,967.287353515625
187,player,59,0,773.3185424804688,392.1740417480469,651.3685302734375,475.24127197265625
187,player,321,1,745.420166015625,392.9831848144531,615.2115478515625,472.87823486328125
188,player,1,1,394.26470947265625,400.17059326171875,267.869140625,398.6676025390625
188,player,183,1,603.3482666015625,320.0457458496094,538.4783935546875,192.46058654785156
188,player,53,0,152.14134216308594,383.8206481933594,15.056467056274414,260.97039794921875
188,player,205,0,990.245849609375,476.42059326171875,743.2564697265625,752.0396728515625
188,player,251,0,1136.304931640625,561.9695434570312,771.779541015625,954.6138305664062
188,player,325,1,1069.150146484375,576.3126831054688,708.3673095703125,966.976318359375
188,player,301,0,907.553466796875,540.4845581054688,626.3916015625,869.9127807617188
188,player,59,0,772.06103515625,395.5065002441406,644.9369506835938,483.05133056640625
188,player,147,1,747.607666015625,395.4969787597656,637.884521484375,440.29058837890625
189,player,1,1,393.65447998046875,400.1842041015625,267.3735046386719,398.322998046875
189,player,183,1,603.330810546875,320.218994140625,538.2308349609375,193.17190551757812
189,player,53,0,151.8204345703125,383.6532287597656,15.319473266601562,261.18280029296875
189,player,205,0,990.8865966796875,476.66558837890625,742.5086669921875,753.7265014648438
189,player,325,1,1068.782470703125,571.00048828125,710.8062744140625,963.527099609375
189,player,301,0,902.9691772460938,541.08740234375,623.601318359375,870.452392578125
189,player,251,0,1136.0689697265625,562.2249145507812,771.19189453125,954.284912109375
189,player,59,0,774.5809936523438,395.4676818847656,641.5752563476562,488.34259033203125
189,player,147,1,748.1797485351562,397.13134765625,627.9873046875,459.560302734375
190,player,1,1,392.53607177734375,400.39605712890625,266.6229248046875,398.2090759277344
190,player,183,1,603.4512329101562,320.501953125,538.0225219726562,194.02293395996094
190,player,205,0,990.703857421875,477.6567077636719,741.640380859375,755.5715942382812
190,player,53,0,151.9467315673828,383.235107421875,15.55429458618164,260.8166809082031
190,player,325,1,1066.625732421875,571.609619140625,711.6843872070312,961.5238037109375
190,player,301,0,899.4964599609375,541.2833862304688,620.82177734375,870.6986083984375
190,player,251,0,1135.1201171875,561.1044311523438,770.925048828125,953.3240966796875
190,player,59,0,774.3941650390625,395.68194580078125,639.2593994140625,491.97821044921875
190,player,147,1,744.1004638671875,398.1824035644531,619.9090576171875,472.731689453125
191,player,1,1,391.26116943359375,400.90826416015625,265.6038513183594,398.5584716796875
191,player,183,1,603.878173828125,320.9333190917969,537.9052734375,195.19985961914062
191,player,205,0,989.9767456054688,478.33740234375,740.6483154296875,757.237548828125
191,player,53,0,152.26487731933594,382.5804748535156,15.853804588317871,259.8031005859375
191,player,251,0,1133.05859375,558.9280395507812,770.9221801757812,951.2294921875
191,player,325,1,1066.689208984375,571.1577758789062,712.4009399414062,959.9498291015625
191,player,301,0,894.831787109375,538.38330078125,618.5517578125,868.569580078125
191,player,59,0,771.579345703125,395.64971923828125,636.8646240234375,494.0257263183594
191,player,147,1,740.4056396484375,398.55401611328125,613.3534545898438,481.2944030761719
192,player,1,1,390.1534423828125,401.0131530761719,264.5341796875,398.77899169921875
192,player,183,1,604.6319580078125,321.48541259765625,537.9290771484375,196.7889862060547
192,player,205,0,989.0704345703125,477.6785583496094,739.9736328125,757.744140625
192,player,53,0,152.45860290527344,381.9453430175781,16.14661407470703,258.3759765625
192,player,325,1,1066.8802490234375,570.7327880859375,713.036376953125,958.6788940429688
192,player,251,0,1130.965087890625,557.011474609375,771.002685546875,948.549560546875
192,player,59,0,765.236083984375,395.48516845703125,633.3308715820312,494.5517578125
192,player,147,1,739.357177734375,396.7859191894531,609.3128051757812,484.97265625
192,player,301,0,890.8680419921875,546.4039916992188,613.9322509765625,872.3360595703125
193,player,1,1,389.1744384765625,400.39398193359375,263.59130859375,398.13238525390625
193,player,205,0,988.57421875,476.9506530761719,739.6414794921875,757.474609375
193,player,53,0,152.59127807617188,381.58795166015625,16.40143585205078,257.0183410644531
193,player,183,1,604.96875,322.2306213378906,537.827392578125,198.84280395507812
193,player,251,0,1130.1029052734375,553.5164184570312,771.9378662109375,944.57470703125
193,player,325,1,1065.5355224609375,571.54541015625,712.8836669921875,958.2659912109375
193,player,301,0,886.7965087890625,583.6710815429688,600.6392822265625,898.492919921875
193,player,59,0,762.318603515625,396.1969909667969,629.8662109375,495.3157043457031
193,player,147,1,739.9742431640625,396.71337890625,606.908203125,487.35272216796875
194,player,251,0,1131.33642578125,555.56494140625,772.207275390625,943.3477172851562
194,player,1,1,388.21514892578125,400.9156494140625,262.55755615234375,398.1811828613281
194,player,205,0,988.5941162109375,476.5896911621094,739.5517578125,757.0228271484375
194,player,183,1,605.0147705078125,323.4763488769531,537.375,201.81146240234375
194,player,53,0,152.55874633789062,381.5493469238281,16.555830001831055,256.08355712890625
194,player,325,1,1065.337646484375,570.7391967773438,712.9676513671875,957.4929809570312
194,player,59,0,762.1436767578125,396.7238464355469,627.3865966796875,496.3240966796875
194,player,147,1,741.5830078125,397.1284484863281,605.73193359375,489.48150634765625
194,player,301,0,883.4951171875,604.51123046875,586.3406982421875,927.8843994140625
194,player,222,0,492.39593505859375,280.3755187988281,449.0391540527344,-13.018555641174316
195,player,251,0,1130.51025390625,555.4131469726562,772.2259521484375,942.403564453125
195,player,205,0,988.741455078125,476.8121032714844,739.459716796875,756.9119873046875
195,player,1,1,387.373046875,401.7833557128906,261.452392578125,399.0746765136719
195,player,183,1,605.0691528320312,324.4463195800781,536.7880249023438,205.01109313964844
195,player,325,1,1065.58349609375,570.4805297851562,713.157470703125,956.8475952148438
195,player,59,0,762.0279541015625,397.4712829589844,625.494873046875,497.71771240234375
195,player,53,0,153.2928466796875,381.7703552246094,16.933311462402344,255.84378051757812
195,player,147,1,741.0252685546875,398.44134521484375,604.3729858398438,492.1309814453125
195,player,6,-1,882.767578125,607.680908203125,557.2295532226562,987.6798095703125
196,player,205,0,989.59521484375,477.4880676269531,739.4093627929688,757.4266357421875
196,player,251,0,1126.839599609375,551.1751098632812,772.661865234375,938.9034423828125
196,player,1,1,386.91650390625,402.09527587890625,260.5243225097656,399.9478759765625
196,player,325,1,1064.830322265625,570.555419921875,713.0733642578125,956.4273071289062
196,player,183,1,605.6409912109375,324.3597717285156,536.6453857421875,207.05255126953125
196,player,59,0,761.0654296875,398.4098815917969,623.6533203125,499.466552734375
196,player,147,1,740.11181640625,399.9651794433594,602.717041015625,495.2900085449219
196,player,53,0,153.9212646484375,382.2685852050781,17.40426254272461,256.38812255859375
196,player,222,0,492.2274169921875,281.5348815917969,448.9913330078125,-11.568965911865234
196,player,6,-1,882.6544189453125,606.9981689453125,557.35498046875,987.2719116210938
197,player,1,1,386.58544921875,401.3852233886719,259.915283203125,399.6985778808594
197,player,205,0,990.4570922851562,477.3104248046875,739.673583984375,757.6912231445312
197,player,251,0,1122.091552734375,546.7274780273438,773.171142578125,933.5101318359375
197,player,325,1,1064.5928955078125,571.9351806640625,712.5632934570312,956.9820556640625
197,player,59,0,756.839599609375,398.9129943847656,620.9426879882812,500.68280029296875
197,player,147,1,739.2706298828125,400.6160583496094,601.1669311523438,497.91021728515625
197,player,53,0,154.4137725830078,382.691162109375,17.885711669921875,257.3298645019531
197,player,183,1,606.1036376953125,324.1548156738281,536.7894897460938,208.17303466796875
197,player,222,0,491.9021911621094,281.8285827636719,448.73956298828125,-10.221331596374512
198,player,1,1,386.1419982910156,400.2832336425781,259.53521728515625,398.27313232421875
198,player,205,0,990.907470703125,476.871826171875,740.116455078125,757.5604858398438
198,player,251,0,1118.41259765625,542.3834228515625,773.9654541015625,926.9884033203125
198,player,325,1,1063.838134765625,575.4658203125,711.0362548828125,959.4413452148438
198,player,59,0,754.1734619140625,400.2857971191406,617.8888549804688,502.5767822265625
198,player,53,0,154.8153076171875,382.4996643066406,18.36150550842285,257.7534484863281
198,player,183,1,609.0870361328125,325.9753723144531,537.394287109375,211.64791870117188
198,player,222,0,490.82464599609375,282.23980712890625,448.0135192871094,-8.87435531616211
199,player,251,0,1115.412841796875,539.2804565429688,774.7221069335938,920.5513305664062
199,player,1,1,385.0465393066406,399.665283203125,258.9974670410156,396.54254150390625
199,player,325,1,1063.429443359375,578.9878540039062,708.9442749023438,963.1388549804688
199,player,205,0,991.0770874023438,475.8822937011719,740.7830810546875,756.7257080078125
199,player,59,0,752.92724609375,401.4228820800781,615.1439208984375,504.81512451171875
199,player,53,0,155.08273315429688,382.5408935546875,18.77291488647461,258.1134033203125
199,player,183,1,611.0843505859375,327.3079528808594,538.0910034179688,215.88156127929688
199,player,147,1,736.0885009765625,396.9549865722656,600.2846069335938,495.61279296875
199,player,357,-1,775.7127685546875,373.66259765625,657.6829833984375,434.00701904296875
200,player,251,0,1110.59765625,540.9530639648438,773.4674682617188,917.1346435546875
200,player,325,1,1060.882568359375,578.2184448242188,707.1776123046875,964.924560546875
200,player,1,1,383.7955322265625,399.3318786621094,258.25714111328125,394.9100341796875
200,player,59,0,752.3872680664062,399.3910827636719,613.8338623046875,504.1911926269531
200,player,205,0,991.85400390625,474.84881591796875,741.7786865234375,755.4447631835938
200,player,53,0,155.02029418945312,382.5679626464844,19.015104293823242,258.3733215332031
200,player,183,1,612.2635498046875,327.2616271972656,538.9912109375,218.72528076171875
200,ball,-1,-1,870.5294189453125,395.642822265625,533.41357421875,508.0432434082031
201,player,1,1,382.856689453125,399.092041015625,257.480712890625,393.47894287109375
201,player,59,0,748.5374755859375,399.0664978027344,611.8526000976562,503.07489013671875
201,player,251,0,1107.51416015625,539.4004516601562,772.37060546875,913.70703125
201,player,53,0,154.41445922851562,382.4504699707031,18.941997528076172,258.32049560546875
201,player,325,1,1056.61328125,574.984619140625,705.8952026367188,963.8694458007812
201,player,205,0,991.6378173828125,474.3887634277344,742.521240234375,754.2391357421875
201,player,183,1,612.1038208007812,327.3640441894531,539.4847412109375,220.68487548828125
201,player,357,-1,763.9124755859375,382.5687255859375,650.740966796875,442.1608581542969
201,ball,-1,-1,1126.058349609375,431.380615234375,533.41357421875,508.0432434082031
202,player,1,1,382.2957458496094,398.67510986328125,256.84197998046875,392.02386474609375
202,player,59,0,747.8270874023438,398.77801513671875,610.4286499023438,501.9888916015625
202,player,251,0,1103.7965087890625,536.8223266601562,771.5426635742188,909.5567626953125
202,player,53,0,153.3271942138672,382.47052001953125,18.47197723388672,258.17578125
202,player,325,1,1054.6395263671875,575.93408203125,704.3072509765625,963.6383056640625
202,player,205,0,992.3563232421875,474.3255920410156,743.2238159179688,753.4625244140625
202,player,183,1,612.1181640625,327.4369201660156,539.7872314453125,222.05410766601562
203,player,251,0,1104.4129638671875,530.8829345703125,773.07421875,902.9962158203125
203,player,1,1,381.9329833984375,398.5498962402344,256.317626953125,390.898681640625
203,player,59,0,750.2518920898438,398.7563781738281,610.2874145507812,501.5048522949219
203,player,53,0,152.30715942382812,382.3658142089844,17.77444076538086,257.8240966796875
203,player,325,1,1055.3516845703125,572.5305786132812,704.4154052734375,961.46240234375
203,player,183,1,612.6158447265625,327.86224365234375,540.0289306640625,223.55410766601562
203,player,205,0,992.6782836914062,473.4148864746094,744.077392578125,752.276611328125
203,player,357,-1,763.46533203125,386.530517578125,644.7474365234375,451.52813720703125
203,ball,-1,-1,862.0279541015625,400.94757080078125,547.4296875,510.46112060546875
204,player,251,0,1103.1337890625,528.5026245117188,774.5177612304688,897.06689453125
204,player,1,1,381.65496826171875,398.62579345703125,255.86639404296875,390.2207336425781
204,player,59,0,752.0245361328125,399.4707946777344,610.5355834960938,502.08282470703125
204,player,53,0,151.74623107910156,382.08740234375,17.113250732421875,257.17816162109375
204,player,325,1,1056.7156982421875,568.5538940429688,705.9603881835938,957.69580078125
204,player,183,1,611.0496826171875,326.0855407714844,540.1856689453125,222.041015625
204,player,368,-1,1035.179931640625,570.7750854492188,691.7655029296875,950.77783203125
204,player,205,0,993.830322265625,472.0122985839844,745.4268798828125,750.50537109375
204,ball,-1,-1,860.91796875,400.8565673828125,560.2532348632812,512.640869140625
205,player,251,0,1102.0233154296875,531.9585571289062,774.05224609375,895.4292602539062
205,player,59,0,752.611328125,401.47393798828125,610.247314453125,504.5133056640625
205,player,1,1,381.3338928222656,398.78662109375,255.4342803955078,389.9229736328125
205,player,205,0,991.9952392578125,471.3684997558594,746.0142211914062,748.708251953125
205,player,53,0,151.73252868652344,382.5616455078125,16.661218643188477,257.3482666015625
205,player,183,1,610.5028076171875,324.3328552246094,540.655029296875,218.71771240234375
205,player,325,1,1070.5330810546875,563.4557495117188,711.8726806640625,952.9608154296875
205,player,368,-1,1060.5897216796875,569.4505004882812,698.43896484375,951.5424194335938
206,player,251,0,1100.008056640625,535.5908203125,772.0706176757812,896.620361328125
206,player,59,0,753.0052490234375,396.3970947265625,611.808837890625,501.0526123046875
206,player,1,1,380.88580322265625,398.8753356933594,254.98074340820312,389.77813720703125
206,player,368,-1,1035.072998046875,570.167236328125,696.24755859375,950.8939208984375
206,player,325,1,1072.31640625,562.5743408203125,716.4178466796875,949.4478759765625
206,player,53,0,152.1870880126953,381.8306579589844,16.570112228393555,256.60321044921875
206,player,183,1,606.5264892578125,322.8099670410156,539.9874267578125,214.05740356445312
206,player,205,0,990.3311157226562,472.0893249511719,745.68994140625,747.9716186523438
207,player,251,0,1098.513916015625,534.3322143554688,770.8065795898438,896.469482421875
207,player,1,1,380.453369140625,399.03155517578125,254.50845336914062,389.8093566894531
207,player,59,0,752.9957275390625,393.3754577636719,613.7977294921875,495.74481201171875
207,player,205,0,987.5382080078125,471.6985778808594,744.836669921875,746.9688720703125
207,player,183,1,606.303955078125,321.8459777832031,539.7845458984375,209.7380828857422
207,player,53,0,153.20289611816406,380.88604736328125,16.94011116027832,255.06414794921875
208,player,251,0,1098.4364013671875,528.6279296875,771.8045654296875,892.59228515625
208,player,59,0,753.2427978515625,392.32958984375,615.5103759765625,491.25579833984375
208,player,1,1,379.99542236328125,399.15850830078125,254.01950073242188,389.919677734375
208,player,205,0,985.4341430664062,471.1653747558594,743.8781127929688,745.7350463867188
208,player,375,-1,1067.667724609375,563.7119140625,720.6053466796875,944.1080932617188
208,player,183,1,605.8790283203125,320.6240234375,539.8935546875,205.27059936523438
208,player,53,0,154.50942993164062,380.47552490234375,17.704059600830078,253.71282958984375
208,player,371,-1,616.9254150390625,323.1827087402344,549.3621826171875,210.656494140625
208,player,376,-1,780.0640869140625,376.788818359375,658.6115112304688,444.81353759765625
209,player,59,0,753.0181884765625,392.6125793457031,616.458984375,488.60321044921875
209,player,1,1,379.624267578125,399.30242919921875,253.54791259765625,390.1098327636719
209,player,325,1,1086.5672607421875,534.7322387695312,731.4691162109375,930.2769775390625
209,player,205,0,984.422607421875,470.8067626953125,743.0951538085938,744.5728149414062
209,player,375,-1,1064.76123046875,560.922607421875,720.7013549804688,942.1890869140625
209,player,183,1,608.445556640625,320.3246154785156,541.0142211914062,202.3098907470703
209,player,53,0,155.51712036132812,380.0135803222656,18.610210418701172,252.3812713623047
209,player,376,-1,779.5887451171875,374.46478271484375,659.2752075195312,442.2994384765625
210,player,59,0,753.023193359375,393.7244567871094,616.7159423828125,488.00994873046875
210,player,1,1,379.513427734375,399.5523681640625,253.1636505126953,390.4982604980469
210,player,325,1,1087.0623779296875,530.9298706054688,742.5899658203125,915.3343505859375
210,player,205,0,984.1785888671875,470.90338134765625,742.4857177734375,743.873779296875
210,player,375,-1,1065.927001953125,556.5662231445312,722.3428344726562,938.282470703125
210,player,371,-1,618.9658203125,325.2604064941406,549.4282836914062,213.61276245117188
210,player,53,0,156.21884155273438,380.7414855957031,19.444171905517578,252.51611328125
210,player,376,-1,780.2233276367188,374.1170349121094,660.0377197265625,440.36285400390625
211,player,205,0,984.404052734375,470.9443359375,742.138427734375,743.46923828125
211,player,59,0,752.9468383789062,393.9593505859375,616.7822265625,487.85491943359375
211,player,1,1,379.34722900390625,399.4335632324219,252.87322998046875,390.6005859375
211,player,325,1,1087.1231689453125,536.3021850585938,748.125244140625,909.1719970703125
211,player,375,-1,1061.64453125,560.9126586914062,721.0569458007812,938.199462890625
211,player,371,-1,619.73046875,328.0201110839844,548.8475341796875,219.18002319335938
211,player,53,0,156.9612274169922,381.07757568359375,20.261646270751953,253.11709594726562
211,player,376,-1,781.77978515625,374.4722900390625,660.9176635742188,439.64776611328125
212,player,205,0,985.0225830078125,470.9473571777344,742.0836181640625,743.25732421875
212,player,59,0,751.6642456054688,393.6573181152344,616.509765625,487.317138671875
212,player,1,1,379.19403076171875,399.4348449707031,252.62994384765625,390.6515197753906
212,player,325,1,1085.63525390625,543.2870483398438,749.156494140625,909.6170043945312
212,player,371,-1,618.7724609375,328.19207763671875,548.06396484375,222.89637756347656
212,player,375,-1,1056.3385009765625,568.9873046875,716.5595092773438,942.8179931640625
212,player,53,0,158.1241455078125,380.4271545410156,21.270374298095703,252.839111328125
212,player,376,-1,782.9122314453125,374.7079772949219,661.7769775390625,439.5538330078125
213,player,205,0,984.8129272460938,471.3716735839844,741.8463134765625,743.4349365234375
213,player,1,1,378.883544921875,399.59283447265625,252.3374786376953,390.8253479003906
213,player,59,0,748.334228515625,393.64459228515625,615.2625122070312,486.6155700683594
213,player,371,-1,618.24609375,328.0794677734375,547.3988647460938,225.10061645507812
213,player,376,-1,784.1253662109375,375.9540100097656,662.2908325195312,440.942138671875
213,player,375,-1,1053.49609375,574.4458618164062,711.3781127929688,948.9814453125
213,player,325,1,1083.134765625,558.651123046875,744.5078125,919.5109252929688
213,player,53,0,159.11721801757812,380.1571044921875,22.322803497314453,252.44436645507812
213,player,251,0,1089.486328125,520.4097290039062,772.8397216796875,883.9356689453125
214,player,205,0,984.532470703125,471.6861877441406,741.5079345703125,743.7740478515625
214,player,1,1,378.59503173828125,399.755859375,252.02011108398438,391.0870056152344
214,player,325,1,1081.13037109375,541.1008911132812,746.346923828125,914.62548828125
214,player,59,0,748.572998046875,394.18707275390625,614.35400390625,486.73492431640625
214,player,371,-1,617.7564697265625,328.4621276855469,546.6631469726562,226.96041870117188
214,player,375,-1,1051.2919921875,580.0474853515625,705.893798828125,956.2388916015625
214,player,376,-1,785.1749267578125,377.51171875,662.4168701171875,443.599365234375
214,player,53,0,160.06561279296875,381.6902160644531,23.31287384033203,254.2227020263672
215,player,205,0,984.3779296875,473.1141052246094,740.76416015625,745.0958251953125
215,player,1,1,378.20269775390625,400.0174255371094,251.634765625,391.5032958984375
215,player,371,-1,618.3001708984375,326.9533996582031,546.875244140625,226.3050994873047
215,player,59,0,748.8421630859375,396.4560546875,613.121337890625,489.135498046875
215,player,375,1,1053.1187744140625,572.7891845703125,704.8218994140625,956.6727294921875
215,player,325,1,1082.8646240234375,551.108642578125,744.8955078125,917.9951171875
215,player,53,0,160.46713256835938,382.9515075683594,24.06051254272461,256.9981689453125
215,player,376,0,785.9539794921875,379.4024658203125,662.0867919921875,447.3936462402344
215,player,380,-1,824.5726318359375,573.5684814453125,537.1524658203125,917.628662109375
216,player,325,1,1083.489990234375,556.1480712890625,742.5797729492188,923.4102783203125
216,player,205,0,984.24755859375,473.5478210449219,740.098876953125,746.2822265625
216,player,59,0,748.9794921875,395.8406066894531,612.5615234375,490.0885314941406
216,player,1,1,378.87969970703125,400.2300109863281,251.5916290283203,392.08416748046875
216,player,371,1,618.595458984375,326.0624084472656,547.4127197265625,224.7709503173828
216,player,53,0,162.0771484375,381.2378845214844,25.24087905883789,256.86907958984375
216,player,376,0,786.00927734375,380.02459716796875,661.671875,450.51654052734375
216,player,380,-1,822.8624267578125,571.6973876953125,537.1337890625,916.3177490234375
217,player,205,0,983.9852294921875,473.22320556640625,739.7027587890625,746.7802734375
217,player,325,1,1083.824951171875,554.983154296875,741.5101318359375,926.2183837890625
217,player,59,0,749.1111450195312,395.6404113769531,612.3043212890625,490.51904296875
217,player,1,1,379.06231689453125,400.3203430175781,251.61444091796875,392.5819091796875
217,player,371,1,618.3897705078125,326.1216735839844,547.6672973632812,223.82362365722656
217,player,53,0,163.86851501464844,383.31597900390625,26.61331558227539,259.592041015625
217,player,380,-1,822.3367309570312,572.2882080078125,536.8511352539062,915.8110961914062
217,player,376,0,785.018310546875,384.67694091796875,659.4609375,457.27484130859375
218,player,325,1,1084.81591796875,542.848388671875,744.7862548828125,920.3599853515625
218,player,205,0,983.3519897460938,475.24078369140625,738.59375,748.62109375
218,player,53,0,165.85191345214844,384.2100524902344,28.232074737548828,262.71331787109375
218,player,1,1,378.69207763671875,400.7424621582031,251.43362426757812,393.33111572265625
218,player,59,0,749.6697998046875,396.0989990234375,612.169677734375,491.318603515625
218,player,371,1,621.380859375,326.29949951171875,548.8703002929688,223.82110595703125
218,player,380,-1,821.6007080078125,573.7122802734375,536.154296875,916.3470458984375
218,player,376,0,785.863525390625,384.73309326171875,658.2775268554688,461.81298828125
219,player,53,0,167.08387756347656,384.42694091796875,29.74945831298828,265.1618957519531
219,player,205,0,983.2054443359375,476.613525390625,737.3744506835938,750.8677978515625
219,player,1,1,378.4925537109375,400.84918212890625,251.22918701171875,393.9139404296875
219,player,59,0,750.496337890625,395.9975280761719,612.3804931640625,491.81951904296875
219,player,371,1,621.9501953125,327.73822021484375,549.38818359375,225.73837280273438
219,player,325,1,1083.064453125,532.763671875,749.6412353515625,909.8365478515625
219,player,380,-1,820.248779296875,573.9691772460938,535.2931518554688,916.7724609375
219,player,376,0,787.591796875,382.8341064453125,658.7267456054688,462.978271484375
220,player,53,0,167.93234252929688,384.7012634277344,31.050249099731445,267.1962890625
220,player,205,0,983.68896484375,476.9995422363281,736.5869750976562,752.6636352539062
220,player,325,1,1081.634521484375,527.0145874023438,754.268310546875,899.0692138671875
220,player,1,1,378.41949462890625,400.8187561035156,251.0750732421875,394.25103759765625
220,player,371,1,623.9838256835938,327.92962646484375,550.4046020507812,227.48924255371094
220,player,59,0,752.111083984375,395.4570617675781,613.2108764648438,491.7626953125
220,player,147,1,773.3040771484375,404.0420227050781,609.3386840820312,504.89208984375
220,player,380,-1,820.26025390625,574.2177124023438,534.6803588867188,917.208740234375
220,player,376,0,788.4208984375,384.8966369628906,658.5694580078125,465.95294189453125
220,player,375,1,1053.6552734375,535.7218017578125,715.224609375,933.4326171875
221,player,53,0,168.51953125,384.8991394042969,32.11284637451172,268.8347473144531
221,player,1,1,378.3832092285156,401.0829772949219,250.92176818847656,394.7579345703125
221,player,205,0,981.90771484375,474.8290100097656,736.3062744140625,752.013427734375
221,player,325,1,1078.306396484375,522.1137084960938,758.0015258789062,888.5367431640625
221,player,59,0,755.3336181640625,396.44146728515625,614.468505859375,493.04443359375
221,player,371,1,623.1961669921875,326.4053955078125,551.2791137695312,226.57290649414062
221,player,380,-1,820.7430419921875,574.5560913085938,534.3308715820312,917.7398681640625
221,player,375,1,1048.3511962890625,532.5582885742188,721.60205078125,915.8680419921875
221,player,376,0,788.35498046875,385.07940673828125,658.382568359375,468.06793212890625
222,player,53,0,169.34783935546875,384.99884033203125,33.11766815185547,270.1243896484375
222,player,1,1,378.34564208984375,401.3948059082031,250.76132202148438,395.42730712890625
222,player,205,0,981.644287109375,473.886962890625,736.3657836914062,750.838623046875
222,player,371,1,622.728515625,327.0920715332031,551.450439453125,226.79876708984375
222,player,59,0,757.4578857421875,396.3525390625,615.9964599609375,494.00238037109375
222,player,325,1,1074.618896484375,521.4309692382812,759.697021484375,880.973876953125
222,player,375,1,1046.1253662109375,531.6482543945312,725.4561157226562,903.69287109375
222,player,376,0,786.683349609375,386.3321533203125,657.2887573242188,470.5585632324219
222,player,380,0,820.7484130859375,575.624267578125,533.8648071289062,918.767333984375
223,player,53,0,170.105224609375,385.3636474609375,34.04527282714844,271.5044860839844
223,player,375,1,1043.9951171875,532.3375244140625,727.2002563476562,896.0960693359375
223,player,1,1,378.5738830566406,401.282958984375,250.7548065185547,395.76422119140625
223,player,205,0,982.623046875,473.7669982910156,736.716064453125,750.058349609375
223,player,59,0,760.4143676757812,396.91595458984375,617.7548828125,495.48931884765625
223,player,371,1,623.073486328125,327.2563781738281,551.6338500976562,227.2003631591797
223,player,376,0,786.45556640625,391.4921569824219,654.7381591796875,477.4140625
223,player,380,0,819.4395751953125,576.5623779296875,533.0130615234375,919.948486328125
223,player,325,1,1070.085205078125,520.966064453125,759.7769775390625,875.4296875
224,player,53,0,170.82310485839844,385.9625549316406,34.89627456665039,273.22509765625
224,player,1,1,378.70550537109375,400.9427490234375,250.84902954101562,395.622314453125
224,player,59,0,762.08935546875,397.0187072753906,619.4009399414062,496.72747802734375
224,player,371,1,622.756103515625,326.8177795410156,551.7813110351562,226.8582763671875
224,player,380,0,817.4522705078125,576.6439208984375,531.927490234375,920.640380859375
224,player,375,1,1046.04052734375,532.45263671875,728.82470703125,891.373046875
224,player,376,0,785.654296875,399.29156494140625,650.2039184570312,489.59979248046875
224,player,325,1,1071.064453125,516.5639038085938,761.5120239257812,868.87744140625
224,player,205,0,984.306640625,474.77545166015625,737.0723266601562,750.4656982421875
224,player,394,-1,640.7730712890625,323.19976806640625,574.3491821289062,219.53382873535156
225,player,53,0,171.61575317382812,386.030517578125,35.75051498413086,274.52398681640625
225,player,376,0,784.2098388671875,403.67706298828125,645.3522338867188,501.69775390625
225,player,1,1,378.8368225097656,400.7511901855469,250.9860076904297,395.3330078125
225,player,371,1,623.572998046875,326.494873046875,552.2823486328125,226.32606506347656
225,player,380,0,814.4209594726562,576.4224853515625,530.4872436523438,920.75390625
225,player,251,0,1073.263427734375,513.6280517578125,771.537353515625,872.53173828125
225,player,375,1,1046.1180419921875,531.864990234375,730.08203125,887.91552734375
225,player,205,0,983.947509765625,475.06683349609375,737.10693359375,750.9282836914062
225,player,59,0,758.1697998046875,395.5636901855469,619.6868896484375,495.6734619140625
225,player,394,-1,642.9046630859375,323.3549499511719,575.0750122070312,220.0086212158203
226,player,1,1,379.02923583984375,400.7200622558594,251.1479034423828,395.1318359375
226,player,371,1,625.22607421875,326.34014892578125,553.2637939453125,225.993408203125
226,player,53,0,171.69815063476562,386.65313720703125,36.30821228027344,276.1410827636719
226,player,376,0,783.7335815429688,405.263427734375,641.5297241210938,511.0650634765625
226,player,251,0,1073.592529296875,519.7673950195312,768.7691650390625,869.3658447265625
226,player,59,0,757.46630859375,395.1308898925781,619.787353515625,494.48040771484375
226,player,380,0,811.9853515625,575.7608032226562,529.0676879882812,920.2485961914062
226,player,205,0,992.9542236328125,485.8556213378906,736.0291748046875,760.16455078125
226,player,375,1,1049.27734375,530.4513549804688,732.1505737304688,884.9351196289062
226,player,396,-1,130.5379180908203,314.7486877441406,-2.7590384483337402,-21.387086868286133
227,player,53,0,172.34774780273438,386.9586486816406,36.90534591674805,277.6452941894531
227,player,1,1,379.0886535644531,400.96649169921875,251.23648071289062,395.2798156738281
227,player,376,0,783.8256225585938,407.3735656738281,638.3876953125,519.2147827148438
227,player,375,1,1049.8519287109375,528.9273071289062,734.11767578125,882.0133056640625
227,player,251,0,1079.3721923828125,521.449462890625,767.917724609375,868.8514404296875
227,player,371,1,628.580322265625,327.2969665527344,554.81005859375,227.43295288085938
227,player,59,0,758.3277587890625,395.0738220214844,620.14794921875,493.7344970703125
227,player,380,0,809.7651977539062,574.626708984375,527.821533203125,919.0513916015625
227,player,399,-1,982.6380615234375,476.3924255371094,734.8723754882812,754.4264526367188
228,player,1,1,379.2432556152344,401.00018310546875,251.34361267089844,395.4302673339844
228,player,53,0,173.29962158203125,386.4183044433594,37.6839599609375,278.078369140625
228,player,375,1,1047.2498779296875,527.0774536132812,735.3020629882812,878.6898193359375
228,player,376,0,784.5726318359375,405.868408203125,637.0697631835938,523.12255859375
228,player,371,1,630.1854248046875,328.0176696777344,556.1613159179688,229.49411010742188
228,player,380,0,806.5203857421875,573.367919921875,526.4484252929688,917.2551879882812
228,player,59,0,760.836669921875,393.65069580078125,621.6535034179688,492.0644836425781
228,player,251,0,1081.77783203125,518.2460327148438,769.0318603515625,866.498046875
228,player,205,0,1003.831787109375,518.357177734375,727.9192504882812,790.5010375976562
228,player,399,-1,982.1490478515625,474.6874694824219,735.305908203125,753.0682373046875
229,player,53,0,174.4400177001953,385.6805419921875,38.6629638671875,277.59552001953125
229,player,391,-1,1031.62646484375,528.6963500976562,724.517333984375,872.59912109375
229,player,1,1,379.4224853515625,400.6780090332031,251.5259552001953,395.19207763671875
229,player,371,1,631.7345581054688,328.8380126953125,557.3314208984375,232.07586669921875
229,player,376,0,784.9036254882812,404.1919250488281,636.865234375,524.0594482421875
229,player,59,0,762.9307861328125,392.3140563964844,623.7452392578125,489.8356018066406
229,player,251,0,1082.46142578125,513.1099853515625,771.6280517578125,861.4810791015625
229,player,205,0,1005.63232421875,529.817626953125,719.6403198242188,818.21875
229,player,380,0,802.991943359375,572.6575927734375,524.79541015625,915.4011840820312
229,player,379,-1,521.6795654296875,276.4269104003906,487.7706604003906,-18.557029724121094
230,player,53,0,175.90269470214844,385.2352600097656,39.88239288330078,276.91461181640625
230,player,391,-1,1033.418701171875,527.0319213867188,725.4947509765625,871.5948486328125
230,player,1,1,379.84918212890625,400.161865234375,251.87469482421875,394.51385498046875
230,player,59,0,763.060791015625,392.92779541015625,624.944580078125,489.02325439453125
230,player,371,1,634.0880737304688,328.6148376464844,559.02197265625,233.7690887451172
230,player,376,0,786.777099609375,401.6761779785156,638.1519165039062,522.385009765625
230,player,205,0,1006.6082763671875,531.4664916992188,714.01904296875,837.4176025390625
230,player,251,0,1083.207763671875,508.6317443847656,775.0050659179688,855.15673828125
230,player,380,0,800.2826538085938,572.8963623046875,522.962646484375,914.173583984375
231,player,53,0,177.5906982421875,384.3330078125,41.36822509765625,275.5704345703125
231,player,391,-1,1034.40380859375,526.4270629882812,726.5726928710938,870.59912109375
231,player,1,1,380.31158447265625,399.7952880859375,252.321533203125,393.7184753417969
231,player,59,0,763.0892333984375,393.9101257324219,625.410400390625,489.493408203125
231,player,205,0,1008.3372802734375,529.6124877929688,711.3704223632812,848.760498046875
231,player,371,1,636.40283203125,328.4953308105469,561.0020751953125,235.01168823242188
231,player,376,0,787.34521484375,401.2080993652344,639.3228149414062,520.8917846679688
231,player,380,0,798.091552734375,572.9334716796875,521.1923217773438,913.2569580078125
231,player,251,0,1084.5888671875,506.3198547363281,778.3397216796875,849.5228271484375
231,ball,-1,-1,1094.769775390625,428.7388916015625,560.2532348632812,512.640869140625
232,player,391,-1,1034.23046875,526.5111083984375,727.202392578125,869.9970703125
232,player,53,0,178.9483642578125,383.51837158203125,42.89727020263672,273.8604431152344
232,player,1,1,380.50128173828125,399.6903381347656,252.69534301757812,393.10626220703125
232,player,371,1,637.8118286132812,327.606201171875,563.099365234375,234.8667449951172
232,player,59,0,763.3209838867188,395.2151184082031,625.3599853515625,491.140380859375
232,player,380,0,794.7738037109375,571.953125,519.391845703125,911.81201171875
232,player,376,0,785.5340576171875,402.63653564453125,639.03955078125,521.1474609375
232,player,251,0,1085.4229736328125,505.1338195800781,781.1270751953125,845.0853271484375
232,player,205,0,1009.1962890625,514.0245361328125,714.647216796875,845.436767578125
232,player,407,-1,194.4233856201172,374.0990295410156,64.34410858154297,242.610595703125
232,ball,-1,-1,1095.0364990234375,428.8968200683594,560.2532348632812,512.640869140625
233,player,391,-1,1032.8199462890625,521.1585693359375,728.9110107421875,865.852783203125
233,player,53,0,180.30545043945312,383.0257873535156,44.43849182128906,272.3085632324219
233,player,1,1,380.8245849609375,399.5925598144531,253.0679473876953,392.6358642578125
233,player,371,1,639.0023193359375,326.6038818359375,565.2334594726562,233.64515686035156
233,player,59,0,763.2601318359375,393.9510803222656,625.721923828125,490.92828369140625
233,player,380,0,790.2691650390625,572.6643676757812,516.889892578125,911.0384521484375
233,player,376,0,788.8358764648438,393.8009338378906,642.8540649414062,512.8658447265625
233,player,251,0,1086.9658203125,508.7547607421875,782.1194458007812,844.8502807617188
233,player,407,-1,193.94053649902344,374.7129211425781,64.11871337890625,243.32452392578125
233,player,205,0,1010.2578735351562,502.2131042480469,720.795166015625,834.9425048828125
234,player,391,-1,1031.325439453125,514.0087890625,731.88525390625,858.099365234375
234,player,1,1,380.81915283203125,400.048828125,253.23785400390625,392.8346252441406
234,player,53,0,181.21766662597656,382.1177673339844,45.839111328125,270.2903137207031
234,player,371,1,639.695068359375,325.5919494628906,567.2154541015625,231.64462280273438
234,player,59,0,764.3714599609375,392.420654296875,626.818359375,489.35205078125
234,player,251,0,1089.1448974609375,510.8914794921875,782.6146240234375,846.3390502929688
234,player,376,0,792.78076171875,391.76654052734375,647.2859497070312,505.83184814453125
234,player,380,0,785.9620971679688,572.4896240234375,514.176513671875,910.1414184570312
234,player,205,0,1011.8719482421875,498.82855224609375,726.314453125,825.786865234375
234,player,147,1,779.9119873046875,395.5067138671875,620.1266479492188,503.1143798828125
235,player,391,-1,1030.0704345703125,509.007568359375,735.08544921875,849.45458984375
235,player,1,1,381.23284912109375,400.3537292480469,253.44773864746094,393.3467712402344
235,player,371,1,641.66015625,325.3963928222656,569.286376953125,230.34515380859375
235,player,53,0,182.0205078125,381.0919189453125,47.113502502441406,267.806640625
235,player,59,0,765.6165771484375,391.52056884765625,628.2296142578125,487.53924560546875
235,player,376,0,793.5694580078125,393.2997131347656,649.8948974609375,502.8837585449219
235,player,251,0,1090.121826171875,511.93621826171875,782.8404541015625,848.0999755859375
235,player,380,0,781.8665771484375,572.8125610351562,511.27215576171875,909.4996337890625
235,player,396,-1,143.89300537109375,313.89495849609375,3.0818333625793457,-20.642337799072266
235,player,407,-1,198.66552734375,375.1470642089844,65.77539825439453,244.9295654296875
236,player,391,1,1027.17041015625,504.4032897949219,737.8818359375,840.352783203125
236,player,1,1,382.037353515625,400.7445983886719,253.80845642089844,394.2002868652344
236,player,371,1,643.0181884765625,325.9429931640625,570.94091796875,230.37393188476562
236,player,53,0,182.68597412109375,380.1134033203125,48.251319885253906,265.058837890625
236,player,376,0,794.0189819335938,395.14642333984375,651.105712890625,502.86395263671875
236,player,59,0,766.2448120117188,391.07977294921875,629.49560546875,485.97613525390625
236,player,251,0,1090.3289794921875,512.510498046875,782.848876953125,849.6566162109375
236,player,396,-1,145.55645751953125,313.5904846191406,7.613231658935547,-20.375150680541992
236,player,380,0,778.3443603515625,574.60400390625,508.07867431640625,910.0099487304688
236,player,407,-1,196.58990478515625,374.7107238769531,66.0762939453125,245.16262817382812
237,player,391,1,1025.0601806640625,500.8025817871094,740.3074951171875,831.6967163085938
237,player,1,1,382.85284423828125,401.33843994140625,254.2394256591797,395.4998779296875
237,player,371,1,644.6458740234375,326.48333740234375,572.4243774414062,231.29061889648438
237,player,376,0,795.391845703125,396.9217834472656,651.7274780273438,504.75872802734375
237,player,53,0,183.45065307617188,379.50128173828125,49.319496154785156,262.60552978515625
237,player,59,0,766.43310546875,391.47686767578125,630.247314453125,485.3836975097656
237,player,251,0,1090.1273193359375,511.46746826171875,783.1512451171875,849.9318237304688
237,player,380,0,772.62060546875,577.5435791015625,503.88409423828125,911.8607177734375
237,player,407,-1,196.2476043701172,374.2354736328125,66.16925048828125,244.67172241210938
237,player,396,-1,147.58177185058594,313.315185546875,11.44983959197998,-20.31652069091797
238,player,1,1,383.2881774902344,401.7223815917969,254.61395263671875,396.8153076171875
238,player,391,1,1020.3984375,497.1822814941406,741.820068359375,823.104248046875
238,player,371,1,646.5875244140625,326.9563903808594,573.9326782226562,232.73672485351562
238,player,376,0,796.8041381835938,397.22125244140625,652.4783325195312,506.4287414550781
238,player,53,0,185.04710388183594,378.54827880859375,50.68342590332031,260.0205383300781
238,player,380,0,766.5020751953125,578.6429443359375,499.3309326171875,913.372314453125
238,player,59,0,767.3370361328125,391.7391662597656,630.9398803710938,485.3575439453125
238,player,251,0,1089.325439453125,510.8945617675781,783.3312377929688,849.6568603515625
239,player,1,1,383.7193603515625,401.7821350097656,255.0003662109375,397.78350830078125
239,player,391,1,1019.97119140625,495.3525085449219,743.2888793945312,816.1514892578125
239,player,371,1,647.7861938476562,327.0240478515625,575.3250732421875,233.91525268554688
239,player,380,0,762.64599609375,577.7960815429688,495.54144287109375,913.5614013671875
239,player,376,0,793.9700927734375,389.23736572265625,654.791259765625,499.20654296875
239,player,53,0,187.19140625,377.3521728515625,52.4671630859375,257.1114807128906
239,player,59,0,769.4071044921875,392.1413269042969,631.92236328125,485.95977783203125
239,player,251,0,1088.8720703125,511.357666015625,783.1749877929688,849.7678833007812
240,player,1,1,384.2776794433594,401.66375732421875,255.4669189453125,398.3441162109375
240,player,391,1,1018.99267578125,494.5429382324219,744.2468872070312,810.966796875
240,player,371,1,648.3782348632812,326.8371887207031,576.5088500976562,234.5186767578125
240,player,147,1,789.1223754882812,385.82269287109375,633.3846435546875,493.06646728515625
240,player,53,0,188.57940673828125,376.65972900390625,54.20402526855469,254.52589416503906
240,player,59,0,769.9224243164062,392.1520690917969,632.7230224609375,486.41455078125
240,player,251,0,1089.2523193359375,511.63714599609375,783.0787353515625,850.0606079101562
240,player,402,-1,995.5239868164062,487.6153564453125,734.3799438476562,781.65185546875
241,player,380,0,755.8170166015625,579.0985107421875,491.024169921875,914.0777587890625
241,player,1,1,384.4757080078125,401.58734130859375,255.8519287109375,398.646240234375
241,player,53,0,189.28213500976562,376.530517578125,55.61271667480469,252.77114868164062
241,player,391,1,1015.0469360351562,493.78533935546875,744.056640625,806.7484130859375
241,player,371,1,648.7548828125,326.67315673828125,577.47119140625,234.74990844726562
241,player,147,1,789.7647705078125,383.5201721191406,643.010009765625,484.22857666015625
241,player,59,0,769.85302734375,392.6256103515625,633.0638427734375,487.183349609375
241,player,251,0,1087.2564697265625,512.0328369140625,782.3646240234375,850.3856201171875
241,player,402,-1,994.836181640625,489.7405700683594,733.4979248046875,783.189453125
241,ball,-1,-1,1081.6273193359375,418.22332763671875,560.2532348632812,512.640869140625
242,player,380,0,752.1689453125,581.4063110351562,486.6624755859375,915.6552124023438
242,player,1,1,384.48822021484375,401.3966369628906,256.1361999511719,398.63409423828125
242,player,391,1,1014.8485107421875,495.7146911621094,743.2470703125,805.407470703125
242,player,53,0,190.41397094726562,376.3728942871094,56.97601318359375,251.57461547851562
242,player,147,1,790.552978515625,383.046630859375,649.6865844726562,478.0758056640625
242,player,59,0,769.6412963867188,393.0563049316406,633.0744018554688,488.09783935546875
242,player,371,1,648.72705078125,326.7970275878906,578.044189453125,235.05441284179688
242,player,251,0,1084.75,512.874267578125,780.968017578125,851.0045776367188
242,ball,-1,-1,1079.958251953125,421.95263671875,560.2532348632812,512.640869140625
243,player,380,0,749.1011352539062,580.8826904296875,483.13311767578125,916.1473999023438
243,player,1,1,384.47698974609375,401.2557678222656,256.3388977050781,398.4698486328125
243,player,391,1,1015.5204467773438,498.6992492675781,741.9282836914062,806.762451171875
243,player,53,0,190.9976806640625,375.8704833984375,58.11822509765625,250.2387237548828
243,player,59,0,769.3609619140625,392.1748046875,633.2838134765625,487.770263671875
243,player,147,1,793.10205078125,384.38519287109375,654.3818359375,475.72259521484375
243,player,371,1,648.698974609375,327.21356201171875,578.2638549804688,235.77882385253906
243,player,251,0,1084.8192138671875,513.0557861328125,780.017822265625,851.537353515625
243,ball,-1,-1,1078.427490234375,423.42315673828125,560.2532348632812,512.640869140625
244,player,380,0,746.4896240234375,582.8966674804688,479.74945068359375,917.5855712890625
244,player,1,1,384.1672668457031,401.60650634765625,256.3068542480469,398.715087890625
244,player,53,0,191.30218505859375,375.6153564453125,58.99396514892578,249.08767700195312
244,player,59,0,770.7523193359375,393.3258361816406,633.484619140625,488.86468505859375
244,player,371,1,648.7442016601562,327.4027099609375,578.3583984375,236.49588012695312
244,player,147,1,794.9757080078125,385.9745178222656,657.4828491210938,476.01959228515625
244,player,402,-1,1003.77392578125,497.0003662109375,732.9866333007812,790.2183837890625
244,player,251,0,1076.2728271484375,514.0204467773438,776.8575439453125,851.9547119140625
244,ball,-1,-1,1079.58837890625,424.28167724609375,560.2532348632812,512.640869140625
245,player,380,0,743.8743896484375,585.3367919921875,476.37847900390625,919.9046630859375
245,player,371,1,649.111083984375,327.5726623535156,578.4947509765625,237.22445678710938
245,player,53,0,191.8625946044922,375.3721008300781,59.79509735107422,248.10372924804688
245,player,1,1,382.47088623046875,402.6934814453125,255.51971435546875,399.88238525390625
245,player,391,1,1015.3609619140625,498.3247985839844,741.1500244140625,807.3591918945312
245,player,147,1,795.7422485351562,386.0345153808594,659.7241821289062,476.35284423828125
245,player,59,0,770.8853149414062,393.7270202636719,633.5247192382812,489.9949951171875
245,ball,-1,-1,1080.965087890625,424.9393005371094,560.2532348632812,512.640869140625
246,player,380,0,742.30078125,587.1957397460938,473.4073791503906,922.4888916015625
246,player,1,1,381.18817138671875,403.7253112792969,254.39794921875,401.63128662109375
246,player,371,1,649.5961303710938,327.52313232421875,578.776123046875,237.6966552734375
246,player,205,0,1032.83837890625,507.169921875,732.78857421875,827.3472290039062
246,player,53,0,192.81968688964844,375.19403076171875,60.697696685791016,247.36032104492188
246,player,147,1,796.2891235351562,385.5608215332031,661.5223999023438,476.1398620605469
246,player,59,0,770.201416015625,393.0091247558594,633.5694580078125,489.9344787597656
246,player,396,-1,155.62075805664062,314.94415283203125,17.35409164428711,-16.49562644958496
246,player,251,0,1058.1561279296875,515.8751220703125,769.4775390625,852.2447509765625
246,ball,-1,-1,1081.251708984375,424.072998046875,560.2532348632812,512.640869140625
247,player,1,1,380.71148681640625,403.8696594238281,253.47886657714844,402.87384033203125
247,player,371,1,649.8785400390625,327.5840759277344,579.0404663085938,238.11679077148438
247,player,380,0,742.4150390625,587.9766235351562,471.35076904296875,924.6693115234375
247,player,391,1,1012.8294677734375,495.2420959472656,740.9691772460938,805.30908203125
247,player,59,0,769.0152587890625,392.88623046875,633.2583618164062,489.65032958984375
247,player,53,0,192.868408203125,374.7591552734375,61.32984924316406,246.33511352539062
247,player,147,1,796.10400390625,383.7428894042969,663.2683715820312,474.11212158203125
247,player,251,0,1054.5501708984375,516.86181640625,763.4216918945312,852.86376953125
248,player,1,1,380.40185546875,402.578369140625,252.9693145751953,402.2318115234375
248,player,371,1,649.6016845703125,327.4668884277344,579.1520385742188,238.2059326171875
248,player,380,0,742.4070434570312,586.4205322265625,470.32122802734375,925.1021728515625
248,player,376,0,806.446044921875,391.52545166015625,659.4888916015625,498.0907897949219
248,player,59,0,766.0032348632812,393.92138671875,631.7467041015625,490.20770263671875
248,player,391,1,1011.8534545898438,496.6754150390625,740.1216430664062,804.953857421875
248,player,53,0,192.70852661132812,374.0257568359375,61.72354507446289,244.7224884033203
248,player,251,0,1054.0191650390625,515.843505859375,759.6749267578125,852.5250244140625
249,player,376,0,806.9605712890625,390.75189208984375,662.9756469726562,496.63812255859375
249,player,1,1,380.4404602050781,402.3900451660156,252.68051147460938,401.61181640625
249,player,371,1,649.4658203125,327.16326904296875,579.279296875,237.86074829101562
249,player,380,0,741.2664794921875,585.4441528320312,469.5496826171875,924.69140625
249,player,391,1,1011.6551513671875,496.7892150878906,739.4804077148438,804.7915649414062
249,player,59,0,763.84716796875,393.3674011230469,630.2537841796875,489.79071044921875
249,player,53,0,192.4298095703125,374.4204406738281,61.84712600708008,244.13778686523438
249,player,251,0,1053.635986328125,514.87060546875,757.4534912109375,851.6036376953125
250,player,1,1,379.90948486328125,401.7097473144531,252.40927124023438,400.40191650390625
250,player,376,0,807.250244140625,389.7622985839844,665.6800537109375,494.723876953125
250,player,371,1,649.016357421875,327.0648498535156,579.232666015625,237.4541015625
250,player,380,0,739.8255615234375,585.3157348632812,468.6983642578125,924.2503051757812
250,player,59,0,762.3897705078125,392.8990478515625,628.9686889648438,488.896728515625
250,player,391,1,1011.000732421875,499.2660827636719,738.084716796875,806.4429931640625
250,player,53,0,192.73348999023438,375.8489685058594,61.958194732666016,245.59573364257812
250,player,251,0,1054.628662109375,514.6144409179688,756.351806640625,850.8964233398438
251,player,1,1,379.262939453125,401.01220703125,252.11105346679688,398.77508544921875
251,player,376,0,807.377685546875,391.8292541503906,666.7576293945312,495.5765380859375
251,player,380,0,738.115234375,584.4308471679688,467.8751220703125,923.291015625
251,player,371,1,648.6072387695312,326.9755554199219,579.0845336914062,237.024169921875
251,player,59,0,761.685302734375,392.6618347167969,627.984619140625,488.00311279296875
251,player,53,0,193.0714874267578,375.7451171875,62.167633056640625,246.45526123046875
251,player,205,0,1018.653564453125,507.6187744140625,733.09375,827.6641845703125
251,player,251,0,1051.870849609375,514.7981567382812,754.85546875,850.37109375
251,ball,-1,-1,1110.611328125,441.92242431640625,560.2532348632812,512.640869140625
252,player,1,1,378.49468994140625,401.0970764160156,251.6324462890625,397.7264404296875
252,player,376,0,807.8668823242188,393.06182861328125,667.1856079101562,497.4169921875
252,player,380,0,737.1517944335938,584.2238159179688,467.1297607421875,922.4735717773438
252,player,371,1,648.6571044921875,326.5252685546875,579.1605834960938,236.1776123046875
252,player,53,0,193.36729431152344,375.3382568359375,62.443275451660156,246.53927612304688
252,player,205,0,1020.8460693359375,506.470947265625,734.2412109375,827.210205078125
252,player,59,0,761.4593505859375,392.0901184082031,627.4603271484375,486.818115234375
252,player,251,0,1051.37158203125,516.1587524414062,753.3140869140625,850.9381103515625
252,ball,-1,-1,1110.573974609375,441.7483825683594,560.2532348632812,512.640869140625
253,player,1,1,377.53485107421875,401.1297607421875,250.97674560546875,396.9748840332031
253,player,376,0,807.4201049804688,393.91748046875,667.0255126953125,499.4248046875
253,player,380,0,735.4241333007812,584.7324829101562,466.0935363769531,922.155029296875
253,player,53,0,193.50262451171875,374.84320068359375,62.7053108215332,245.98727416992188
253,player,371,1,649.231689453125,326.0027770996094,579.5979614257812,235.0341796875
253,player,205,0,1025.770751953125,505.7910461425781,736.5130004882812,826.7843017578125
253,player,59,0,760.9703369140625,392.43743896484375,626.8477172851562,486.3511962890625
253,player,251,0,1053.180419921875,517.5579833984375,752.3345947265625,852.399658203125
253,ball,-1,-1,1109.759521484375,440.728271484375,560.2532348632812,512.640869140625
254,player,1,1,376.8594055175781,400.7546691894531,250.368408203125,395.9973449707031
254,player,376,0,806.7713623046875,393.4128112792969,666.8899536132812,500.159912109375
254,player,53,0,193.6337890625,374.9882507324219,62.917564392089844,245.82781982421875
254,player,205,0,1026.73828125,502.8988952636719,739.1827392578125,824.5078125
254,player,59,0,760.3367919921875,392.59112548828125,626.1949462890625,486.139404296875
254,player,380,0,731.301025390625,584.5994873046875,464.3697814941406,921.597900390625
254,player,251,0,1056.6427001953125,517.9025268554688,752.4891357421875,853.827880859375
254,player,371,1,650.218017578125,325.93634033203125,580.2633666992188,234.3318634033203
255,player,1,1,376.4874267578125,400.0369873046875,249.95022583007812,394.526611328125
255,player,376,0,806.9560546875,392.53497314453125,667.1647338867188,499.77642822265625
255,player,380,0,728.3134765625,583.8914794921875,462.6076965332031,920.5913696289062
255,player,53,0,193.70330810546875,375.5256652832031,63.04941177368164,246.4095001220703
255,player,59,0,760.2064208984375,393.1241149902344,625.5537719726562,486.52972412109375
255,player,205,0,1023.2615966796875,503.3793640136719,739.8368530273438,823.1214599609375
255,player,251,0,1064.231201171875,517.4502563476562,754.7102661132812,854.9718627929688
255,player,371,1,651.10595703125,325.4881591796875,581.1728515625,233.41632080078125
255,player,391,1,998.3951416015625,480.9252014160156,739.7864379882812,792.93017578125
256,player,1,1,376.56005859375,400.4018859863281,249.64871215820312,393.982666015625
256,player,376,0,807.5400390625,392.4158935546875,667.5704956054688,499.46636962890625
256,player,205,0,1020.8681640625,502.5923156738281,739.8790283203125,821.4814453125
256,player,251,0,1070.0855712890625,518.9951171875,757.1734619140625,857.181640625
256,player,380,0,725.83251953125,582.5902709960938,461.06842041015625,918.9439697265625
256,player,59,0,759.328857421875,393.0716552734375,624.8716430664062,486.64093017578125
256,player,53,0,193.89324951171875,375.8861083984375,63.18649673461914,247.26458740234375
256,player,371,1,651.520263671875,325.1412048339844,582.034423828125,232.43060302734375
256,player,391,1,985.4813842773438,464.5451965332031,742.8652954101562,770.39501953125
256,ball,-1,-1,1092.37158203125,428.3136291503906,560.2532348632812,512.640869140625
257,player,1,1,376.37664794921875,399.63360595703125,249.50445556640625,392.75762939453125
257,player,376,0,808.0211181640625,388.6499938964844,669.3026733398438,495.51409912109375
257,player,205,0,1021.816162109375,503.5239562988281,739.8578491210938,821.1534423828125
257,player,251,0,1070.969482421875,519.6864624023438,758.779541015625,859.1520385742188
257,player,391,1,984.531982421875,460.3720397949219,746.0411987304688,752.3369140625
257,player,59,0,758.6631469726562,393.3128662109375,624.135009765625,486.89031982421875
257,player,371,1,652.1058349609375,324.4481506347656,583.0473022460938,230.97760009765625
257,player,380,0,721.8973388671875,582.1988525390625,459.1127014160156,917.3670654296875
257,player,53,0,194.1349334716797,376.71197509765625,63.31829071044922,248.88702392578125
257,ball,-1,-1,1091.946044921875,427.7900085449219,560.2532348632812,512.640869140625
258,player,1,1,376.4399108886719,399.7803649902344,249.41082763671875,392.131103515625
258,player,376,0,807.7357177734375,388.5923767089844,670.3576049804688,492.85772705078125
258,player,59,0,758.802734375,394.1793212890625,623.4180908203125,487.9447021484375
258,player,251,0,1069.949462890625,519.8961791992188,759.4913330078125,860.5057983398438
258,player,205,0,1023.7071533203125,502.1642761230469,740.7880859375,820.10009765625
258,player,371,1,652.80419921875,324.0541687011719,584.0964965820312,229.6174774169922
258,player,53,0,194.35516357421875,377.41064453125,63.446075439453125,250.84373474121094
258,player,380,0,719.5137939453125,583.1425170898438,457.0322265625,916.7930908203125
258,player,396,-1,159.996826171875,315.3708190917969,23.05972671508789,-12.676644325256348
259,player,1,1,376.30517578125,399.70623779296875,249.31344604492188,391.62677001953125
259,player,376,0,806.1525268554688,386.55010986328125,671.2548828125,488.8917541503906
259,player,205,0,1025.3675537109375,501.8676452636719,741.9317016601562,819.3224487304688
259,player,371,1,653.650634765625,324.5555419921875,584.912109375,229.4842071533203
259,player,251,0,1068.5169677734375,519.9119262695312,759.5776977539062,861.2977294921875
259,player,380,0,717.1693115234375,583.3780517578125,455.0192565917969,916.4191284179688
259,player,59,0,759.8072509765625,393.8498229980469,623.3828125,488.3983154296875
259,player,391,1,988.67919921875,464.6052551269531,747.8046875,744.3126831054688
259,player,53,0,194.55331420898438,376.85986328125,63.63963317871094,251.4510955810547
259,ball,-1,-1,1073.8765869140625,440.30157470703125,560.2532348632812,512.640869140625
260,player,1,1,375.8587646484375,399.22119140625,249.16549682617188,390.7110595703125
260,player,376,0,805.4039306640625,387.69757080078125,671.1947021484375,487.40673828125
260,player,380,0,714.5711669921875,583.9640502929688,452.91607666015625,916.3834228515625
260,player,371,1,654.0107421875,324.740234375,585.5089721679688,229.67999267578125
260,player,251,0,1066.332275390625,520.106689453125,759.004638671875,861.794921875
260,player,402,-1,1002.0767822265625,477.9422912597656,738.4844970703125,780.38916015625
260,player,53,0,194.7014923095703,376.0383605957031,63.873573303222656,250.8342742919922
260,player,59,0,759.51806640625,392.8506164550781,623.5939331054688,487.65032958984375
260,player,205,0,1025.82958984375,503.1058349609375,742.3958740234375,819.7404174804688
261,player,1,1,375.31683349609375,398.37127685546875,249.00607299804688,389.11041259765625
261,player,376,0,805.2403564453125,388.0832824707031,670.9679565429688,486.81707763671875
261,player,426,-1,1073.3603515625,519.6085205078125,763.60400390625,863.13037109375
261,player,371,1,654.3026123046875,324.7384338378906,586.0035400390625,229.84222412109375
261,player,380,0,711.7696533203125,585.906982421875,450.44158935546875,917.4217529296875
261,player,391,1,991.3284912109375,473.12176513671875,746.780517578125,745.99609375
261,player,53,0,195.0203399658203,375.12384033203125,64.20594787597656,249.3235626220703
261,player,205,0,1026.60888671875,504.033203125,742.604248046875,820.733154296875
261,player,59,0,758.9298095703125,393.61566162109375,623.2913208007812,487.8806457519531
262,player,1,1,374.99310302734375,398.1883544921875,248.81517028808594,387.8301696777344
262,player,376,0,804.1102294921875,388.0959777832031,670.454345703125,486.3315734863281
262,player,371,1,654.7562255859375,323.919921875,586.77490234375,228.95730590820312
262,player,426,-1,1075.19482421875,518.9246826171875,764.301513671875,862.789306640625
262,player,391,1,985.8084106445312,469.4023132324219,745.8432006835938,743.750732421875
262,player,205,0,1028.2911376953125,506.1651306152344,742.4969482421875,823.02197265625
262,player,53,0,195.27639770507812,374.2044677734375,64.5787353515625,247.21475219726562
262,player,380,0,708.5155029296875,587.5924682617188,447.66021728515625,918.9613037109375
262,player,59,0,760.426025390625,393.4597473144531,623.6271362304688,488.0242919921875
262,player,396,-1,161.31793212890625,314.287841796875,27.39358901977539,-11.667497634887695
263,player,1,1,374.7967529296875,398.447509765625,248.5819091796875,387.2647705078125
263,player,376,0,803.3328857421875,387.92352294921875,669.9320068359375,485.7613525390625
263,player,380,0,704.79638671875,588.4335327148438,444.72021484375,920.2579956054688
263,player,205,0,1027.7191162109375,507.49212646484375,741.8480224609375,825.412353515625
263,player,371,1,655.5069580078125,323.51214599609375,587.6917724609375,227.95510864257812
263,player,251,0,1069.3759765625,517.2338256835938,760.3529052734375,860.358642578125
263,player,53,0,195.29336547851562,373.2654724121094,64.88658142089844,244.65899658203125
263,player,59,0,761.77978515625,391.96697998046875,624.771728515625,486.7392578125
263,player,391,1,977.4762573242188,462.447265625,745.2777099609375,736.1128540039062
263,player,396,0,161.56982421875,314.0957946777344,30.329286575317383,-11.270577430725098
264,player,402,-1,990.1712036132812,492.98040771484375,733.849365234375,784.4283447265625
264,player,1,1,374.67681884765625,398.6318664550781,248.3596649169922,387.089111328125
264,player,380,0,701.5675659179688,587.2367553710938,442.1886291503906,920.1309814453125
264,player,376,0,802.6234130859375,387.93707275390625,669.3604736328125,485.3321533203125
264,player,251,0,1072.234130859375,517.28857421875,761.9537963867188,859.660888671875
264,player,371,1,656.6959838867188,323.81842041015625,588.613037109375,227.84890747070312
264,player,53,0,195.5453338623047,372.221923828125,65.25044250488281,241.70628356933594
264,player,59,0,761.8062744140625,391.1310729980469,625.800048828125,485.0550537109375
264,player,396,0,162.05783081054688,313.9801330566406,32.454246520996094,-11.116653442382812
264,player,205,0,1027.3292236328125,507.8043518066406,741.22265625,827.159912109375
265,player,1,1,374.46685791015625,398.6754455566406,248.1339874267578,387.00006103515625
265,player,380,0,697.8737182617188,587.6220703125,439.5023193359375,920.0562133789062
265,player,376,0,801.642822265625,388.8467102050781,668.3575439453125,485.8779296875
265,player,251,0,1071.154296875,517.1571655273438,762.7568359375,859.0421142578125
265,player,53,0,196.02113342285156,372.1929626464844,65.67391204833984,239.81060791015625
265,player,371,1,658.6064453125,324.5876770019531,589.63671875,229.00885009765625
265,player,59,0,760.9552001953125,390.3404541015625,626.4550170898438,483.06585693359375
265,player,205,0,1027.09814453125,509.3095397949219,740.272216796875,829.3455810546875
265,player,402,-1,982.7757568359375,481.07061767578125,732.6961059570312,777.5322265625
265,player,396,0,162.2337646484375,313.5158386230469,33.93574523925781,-11.710631370544434
266,player,1,1,373.91436767578125,398.6675109863281,247.7921142578125,386.871826171875
266,player,376,0,802.5689697265625,391.7500915527344,666.9934692382812,489.26214599609375
266,player,380,0,694.1826782226562,589.3189697265625,436.4731140136719,920.850830078125
266,player,53,0,196.63499450683594,372.3348388671875,66.1789321899414,238.83639526367188
266,player,205,0,1026.416748046875,512.1715087890625,738.5616455078125,832.7352294921875
266,player,426,-1,1076.009765625,517.3279418945312,765.4873657226562,861.529541015625
266,player,371,1,659.765625,325.0399169921875,590.5643310546875,230.48818969726562
266,player,59,0,760.821533203125,390.0422668457031,626.9362182617188,481.45416259765625
266,player,402,-1,974.0352783203125,471.2393493652344,732.7906494140625,764.7609252929688
267,player,376,0,803.4375,395.0191955566406,665.2566528320312,494.82568359375
267,player,1,1,373.43463134765625,398.6133728027344,247.4075469970703,386.6747741699219
267,player,380,0,689.9345703125,590.7894287109375,433.1205139160156,922.02880859375
267,player,53,0,196.96353149414062,371.5660400390625,66.68425750732422,237.2678985595703
267,player,426,-1,1077.8753662109375,517.15625,766.7982788085938,860.7220458984375
267,player,205,0,1024.989013671875,514.5276489257812,736.327392578125,836.4889526367188
267,player,59,0,760.7628173828125,389.5703430175781,627.38623046875,479.91729736328125
267,player,371,1,660.899658203125,324.7090759277344,591.6944580078125,231.17205810546875
267,player,147,1,811.635498046875,398.06689453125,664.3836059570312,488.81817626953125
267,player,391,1,967.4597778320312,467.2848815917969,740.4573974609375,734.1990356445312
268,player,376,0,803.35986328125,395.2684631347656,664.017578125,498.68280029296875
268,player,1,1,372.89300537109375,398.5888366699219,246.9687042236328,386.45904541015625
268,player,380,0,685.16259765625,592.3297729492188,429.41107177734375,923.465087890625
268,player,53,0,197.19418334960938,369.3016662597656,67.24869537353516,233.38702392578125
268,player,205,0,1024.7789306640625,513.8734741210938,735.0264892578125,838.4563598632812
268,player,426,-1,1079.65771484375,517.1839599609375,768.1034545898438,860.339599609375
268,player,59,0,760.7686767578125,389.5956115722656,627.6723022460938,478.94482421875
268,player,371,1,662.3603515625,323.8788757324219,593.2509765625,230.74183654785156
268,player,147,1,811.3631591796875,398.4188232421875,664.9017944335938,498.6974182128906
268,player,391,1,974.4144287109375,469.3152770996094,738.5867309570312,735.1124877929688
269,player,376,0,802.62451171875,393.8883972167969,663.4525756835938,499.7376403808594
269,player,1,1,372.4853515625,398.5479736328125,246.54464721679688,386.22784423828125
269,player,380,0,681.2781372070312,593.73779296875,425.729248046875,925.040771484375
269,player,53,0,197.4258270263672,366.49139404296875,67.88932800292969,227.2783203125
269,player,426,-1,1078.8936767578125,518.0847778320312,768.4585571289062,860.65576171875
269,player,205,0,1025.833251953125,513.4201049804688,734.6019897460938,839.4921264648438
269,player,59,0,760.40673828125,390.0012512207031,627.60693359375,478.69097900390625
269,player,371,1,663.61865234375,323.38787841796875,594.8928833007812,229.99444580078125
269,player,436,-1,947.271728515625,357.1911926269531,835.2722778320312,436.1610107421875
270,player,376,0,803.9150390625,393.1339416503906,663.7557373046875,499.79705810546875
270,player,380,0,677.7923583984375,595.822509765625,422.0518493652344,927.1571655273438
270,player,1,1,372.63787841796875,398.411376953125,246.34384155273438,385.9424133300781
270,player,53,0,197.80029296875,364.3271484375,68.5953598022461,220.54998779296875
270,player,205,0,1026.6976318359375,513.8723754882812,734.410400390625,840.5430908203125
270,player,426,-1,1080.2847900390625,518.1807861328125,769.0182495117188,861.0231323242188
270,player,59,0,760.0277099609375,388.1690979003906,628.0492553710938,476.6068115234375
270,player,371,1,662.991943359375,323.1205139160156,595.8271484375,229.08575439453125
270,player,439,-1,651.5709228515625,318.94891357421875,589.8634643554688,207.77374267578125
270,player,391,1,970.6044921875,465.5447082519531,737.5765380859375,732.4180297851562
271,player,376,0,802.920654296875,393.622802734375,663.4679565429688,500.2257080078125
271,player,380,0,675.7708740234375,596.7041625976562,418.97698974609375,928.958740234375
271,player,1,1,372.6612548828125,399.9064025878906,245.99667358398438,387.42169189453125
271,player,53,0,198.50604248046875,362.9566345214844,69.42350006103516,214.48184204101562
271,player,205,0,1025.95703125,513.4131469726562,734.236328125,840.852294921875
271,player,251,0,1040.50927734375,514.2964477539062,756.2047119140625,854.5196533203125
271,player,59,0,760.2945556640625,386.5754089355469,628.9541015625,473.63623046875
271,player,426,0,1081.328125,517.9925537109375,769.7138671875,861.2052001953125
271,player,371,1,663.9246826171875,323.197509765625,596.745849609375,228.71322631835938
271,player,391,1,961.0262451171875,457.55010986328125,736.9378662109375,723.4601440429688
272,player,376,0,799.5540771484375,394.5090026855469,661.9060668945312,501.0535888671875
272,player,380,0,674.123779296875,595.7860107421875,416.71075439453125,929.447509765625
272,player,1,1,372.5188293457031,400.51312255859375,245.62948608398438,389.0399169921875
272,player,205,0,1027.46337890625,514.1444091796875,734.2880859375,841.6715087890625
272,player,53,0,199.41098022460938,362.4294738769531,70.35417938232422,209.966552734375
272,player,59,0,761.01123046875,385.220947265625,630.2283935546875,470.37738037109375
272,player,391,1,956.1397705078125,455.27203369140625,735.9139404296875,715.3770141601562
272,player,371,1,664.6859130859375,323.0440673828125,597.673828125,228.371826171875
272,player,426,0,1083.43505859375,517.2122192382812,770.9680786132812,860.9344482421875
273,player,376,0,797.7936401367188,395.64703369140625,659.9429321289062,502.5520935058594
273,player,1,1,372.35992431640625,400.484375,245.33876037597656,390.04229736328125
273,player,53,0,200.74420166015625,362.19964599609375,71.5007553100586,206.90505981445312
273,player,205,0,1028.31201171875,515.459228515625,734.12890625,843.1817626953125
273,player,380,0,672.274658203125,594.3823852539062,415.0025634765625,928.7618408203125
273,player,59,0,761.11328125,383.16619873046875,631.7811279296875,466.1325378417969
273,player,426,0,1086.310791015625,517.8421020507812,772.3203125,861.3885498046875
273,player,371,1,663.3543701171875,323.38671875,597.6721801757812,228.41864013671875
273,player,391,1,947.2741088867188,456.1697082519531,732.4172973632812,710.1279907226562
274,player,376,0,796.5142822265625,396.0895080566406,658.110107421875,503.83941650390625
274,player,1,1,371.897216796875,398.90728759765625,245.22198486328125,388.8914794921875
274,player,380,0,670.2147827148438,593.94091796875,413.4306640625,927.9053955078125
274,player,205,0,1028.84130859375,516.55419921875,733.8187866210938,844.9627685546875
274,player,53,0,201.75534057617188,362.4151916503906,72.6300277709961,205.32901000976562
274,player,426,0,1088.8306884765625,518.3844604492188,773.6719970703125,862.228271484375
274,player,59,0,761.4620361328125,382.6832275390625,633.0672607421875,462.90570068359375
274,player,371,1,662.23486328125,323.97760009765625,597.05615234375,229.06239318847656
274,player,391,1,945.6522216796875,458.3829040527344,728.9351806640625,708.3908081054688
275,player,1,1,371.53607177734375,398.1461181640625,245.13201904296875,387.255126953125
275,player,376,0,795.14208984375,392.751220703125,657.6195678710938,501.19561767578125
275,player,205,0,1031.4727783203125,517.0333251953125,734.1560668945312,846.6376342773438
275,player,380,0,668.3497924804688,594.3239135742188,411.85247802734375,927.4718017578125
275,player,53,0,202.30291748046875,361.32037353515625,73.65595245361328,202.94268798828125
275,player,391,1,945.8296508789062,456.8995666503906,727.2225341796875,706.0653686523438
275,player,371,1,663.485107421875,323.59515380859375,597.2444458007812,229.15118408203125
275,player,426,0,1090.85498046875,519.030029296875,774.860595703125,863.3539428710938
275,player,59,0,762.2596435546875,381.8210144042969,634.4553833007812,459.9902648925781
275,ball,-1,-1,837.069580078125,428.110107421875,568.247314453125,519.960693359375
276,player,1,1,371.40380859375,397.7220764160156,245.0902099609375,385.70343017578125
276,player,376,0,795.1807250976562,390.40081787109375,658.1197509765625,497.1084289550781
276,player,205,0,1031.284912109375,516.3629760742188,734.5377197265625,847.24755859375
276,player,380,0,666.4166870117188,594.31201171875,410.32196044921875,927.0587768554688
276,player,53,0,202.861328125,360.3697509765625,74.60983276367188,200.21630859375
276,player,426,0,1092.6923828125,518.749267578125,776.2000122070312,864.0206298828125
276,player,371,1,664.2274169921875,323.489501953125,597.673583984375,229.16851806640625
276,player,59,0,761.7056274414062,381.38922119140625,635.3233032226562,457.58477783203125
276,player,391,1,942.7467041015625,455.01300048828125,725.8677978515625,702.7525634765625
277,player,1,1,370.9593505859375,397.6697692871094,244.91258239746094,384.58673095703125
277,player,380,0,665.000244140625,594.7109985351562,408.8857116699219,926.9522705078125
277,player,205,0,1031.9254150390625,516.1996459960938,735.0054931640625,847.5753173828125
277,player,53,0,204.25717163085938,360.0036315917969,75.80765533447266,198.14581298828125
277,player,376,0,792.6165771484375,388.31903076171875,658.3409423828125,492.0755615234375
277,player,426,0,1094.76904296875,518.7691650390625,777.5999145507812,864.6103515625
277,player,59,0,761.5880737304688,380.475830078125,636.159423828125,455.0501708984375
277,player,371,1,664.3478393554688,323.4142761230469,598.0228881835938,229.098876953125
277,player,391,1,939.1356201171875,451.2654724121094,725.225341796875,697.2018432617188
277,ball,-1,-1,807.8817749023438,433.07342529296875,573.22119140625,527.1141357421875
278,player,1,1,370.37384033203125,397.7225036621094,244.58062744140625,383.8543701171875
278,player,391,1,941.190185546875,459.6568603515625,722.5642700195312,700.6604614257812
278,player,426,0,1097.2432861328125,519.9560546875,778.7549438476562,865.970947265625
278,player,380,0,664.1717529296875,594.7354125976562,407.73065185546875,926.845458984375
278,player,53,0,205.60086059570312,360.401123046875,77.08895111083984,197.49908447265625
278,player,205,0,1033.05322265625,516.1719970703125,735.614013671875,847.8482666015625
278,player,376,0,790.6849365234375,386.98004150390625,658.3265991210938,487.23870849609375
278,player,59,0,764.757080078125,380.5599060058594,637.7098388671875,453.8243713378906
278,player,371,1,664.402587890625,323.20440673828125,598.3441772460938,228.791748046875
279,player,391,1,942.41162109375,465.6528015136719,719.1910400390625,707.8463134765625
279,player,1,1,369.9815673828125,397.7893981933594,244.21505737304688,383.4091796875
279,player,426,0,1097.9014892578125,521.5595092773438,779.145751953125,867.9874267578125
279,player,53,0,206.84060668945312,361.0722961425781,78.36282348632812,198.1218719482422
279,player,380,0,663.61865234375,594.0741577148438,406.9504089355469,926.322021484375
279,player,205,0,1033.7132568359375,516.0927734375,736.2077026367188,848.0169067382812
279,player,376,0,790.7532958984375,386.87982177734375,658.3739624023438,483.9991760253906
279,player,59,0,765.1600341796875,379.64532470703125,639.1620483398438,452.1087341308594
279,player,371,1,664.9119873046875,322.8410339355469,598.8668212890625,228.19146728515625
280,player,1,1,369.6717529296875,399.2160949707031,243.65408325195312,384.67578125
280,player,426,0,1096.942138671875,523.3218994140625,778.5738525390625,870.423095703125
280,player,391,1,941.5057373046875,466.9192199707031,716.3262329101562,713.45703125
280,player,53,0,207.90261840820312,360.4754943847656,79.65335083007812,197.8829345703125
280,player,205,0,1033.9305419921875,516.3460083007812,736.5703125,848.3177490234375
280,player,380,0,662.8134155273438,594.4562377929688,406.1651611328125,926.1723022460938
280,player,376,0,789.628662109375,386.65887451171875,658.119140625,481.55169677734375
280,player,59,0,769.731689453125,379.6839904785156,641.5866088867188,451.5157470703125
280,player,371,1,665.130126953125,322.5295104980469,599.396484375,227.42945861816406
281,player,426,0,1094.7867431640625,524.5709838867188,777.240234375,872.7007446289062
281,player,1,1,369.41357421875,399.8299560546875,243.10635375976562,386.15277099609375
281,player,391,1,938.7945556640625,468.08599853515625,713.3176879882812,717.8170776367188
281,player,53,0,208.69821166992188,358.243408203125,80.97118377685547,194.89227294921875
281,player,380,0,661.7484130859375,595.4933471679688,405.1946716308594,926.662841796875
281,player,205,0,1034.281982421875,517.0460815429688,736.676513671875,849.0238037109375
281,player,59,0,768.1142578125,380.31939697265625,642.4160766601562,451.62750244140625
281,player,371,1,665.37060546875,322.4052734375,599.872314453125,226.80545043945312
281,player,376,0,790.676025390625,387.11505126953125,658.1329345703125,480.5355224609375
282,player,1,1,369.05267333984375,399.6796569824219,242.64437866210938,386.90570068359375
282,player,426,0,1094.8995361328125,524.970947265625,776.271728515625,874.457763671875
282,player,391,1,935.527099609375,467.1733093261719,710.7381591796875,719.6604614257812
282,player,53,0,209.8851318359375,357.2491149902344,82.37229919433594,191.78921508789062
282,player,380,0,659.311279296875,594.9741821289062,404.0147399902344,926.4976806640625
282,player,205,0,1034.125,516.6519775390625,736.8291015625,849.1983032226562
282,player,371,1,666.3630981445312,321.4951171875,600.866943359375,225.35690307617188
282,player,461,-1,758.362060546875,380.29107666015625,634.8760986328125,448.817138671875
282,player,376,0,792.482666015625,388.3328552246094,658.3016967773438,481.3035888671875
283,player,1,1,368.88543701171875,399.10748291015625,242.36962890625,386.7401123046875
283,player,426,0,1095.6422119140625,526.6194458007812,775.2953491210938,876.755615234375
283,player,391,1,932.3843994140625,470.4886474609375,707.0997924804688,723.246826171875
283,player,380,0,656.849853515625,593.45556640625,402.864501953125,925.2695922851562
283,player,53,0,211.06858825683594,356.990234375,83.77178955078125,189.58563232421875
283,player,371,1,666.8267822265625,321.78936767578125,601.576904296875,224.8535919189453
283,player,205,0,1032.9365234375,515.494873046875,736.9833984375,848.4239501953125
283,player,461,-1,757.9561767578125,378.32354736328125,635.411865234375,446.6976318359375
283,player,376,0,793.8068237304688,388.3252868652344,658.8390502929688,481.93035888671875
284,player,426,0,1100.6669921875,528.1812744140625,775.436767578125,879.6307373046875
284,player,391,1,928.8768310546875,472.5003356933594,703.1016235351562,726.8912353515625
284,player,1,1,369.22039794921875,398.7131042480469,242.36891174316406,386.23052978515625
284,player,380,0,660.6708374023438,591.3859252929688,403.483154296875,923.399658203125
284,player,53,0,212.74566650390625,357.9385070800781,85.2733383178711,189.62997436523438
284,player,205,0,1032.375244140625,514.0518188476562,737.39453125,846.8746337890625
284,player,461,-1,757.32958984375,377.20965576171875,635.934326171875,444.07244873046875
284,player,371,1,666.8228759765625,322.2088623046875,601.8871459960938,225.06512451171875
284,player,376,0,794.922119140625,387.94781494140625,659.6769409179688,482.06689453125
284,player,463,-1,801.4793701171875,387.47454833984375,667.7138061523438,482.85577392578125
285,player,426,0,1104.0234375,529.5491333007812,775.939453125,882.6343994140625
285,player,391,1,925.7734375,469.94879150390625,700.4462890625,726.9893798828125
285,player,53,0,213.69107055664062,358.24700927734375,86.59954071044922,190.19073486328125
285,player,1,1,369.6937255859375,398.4693603515625,242.57327270507812,385.680419921875
285,player,380,0,660.4610595703125,588.3707275390625,404.3599853515625,920.2413940429688
285,player,205,0,1032.0247802734375,512.9708862304688,737.913818359375,845.0867919921875
285,player,371,1,666.7666015625,322.3781433105469,602.0079956054688,225.41281127929688
285,player,461,-1,757.553466796875,376.9912109375,636.422119140625,442.1578369140625
285,player,376,0,795.7630004882812,387.7345275878906,660.5654907226562,482.0240478515625
285,player,463,-1,801.530517578125,387.8119812011719,667.6122436523438,483.2047119140625
286,player,426,0,1106.444580078125,529.6091918945312,776.8631591796875,884.788818359375
286,player,380,0,656.8622436523438,586.703125,404.27178955078125,916.881591796875
286,player,391,1,922.7625732421875,466.8140563964844,698.8776245117188,724.306396484375
286,player,1,1,370.0584716796875,398.9357604980469,242.76626586914062,385.8831787109375
286,player,53,0,214.93946838378906,358.6155700683594,87.92634582519531,191.2054901123047
286,player,371,1,666.7161865234375,322.4522705078125,602.0418090820312,225.7274932861328
286,player,205,0,1036.776123046875,512.2662963867188,739.7264404296875,843.7667236328125
286,player,376,0,795.29248046875,387.4909973144531,661.0765380859375,481.69952392578125
286,player,461,-1,757.80126953125,376.9517517089844,636.834228515625,440.89776611328125
287,player,380,0,654.7255859375,585.09375,403.9312744140625,913.5183715820312
287,player,426,0,1109.7353515625,530.5711059570312,777.9871215820312,887.0462036132812
287,player,1,1,370.52276611328125,398.8659973144531,243.06729125976562,385.989013671875
287,player,391,1,917.7646484375,471.9485778808594,694.8032836914062,726.2578125
287,player,53,0,216.61581420898438,358.9307861328125,89.4259033203125,192.5003662109375
287,player,468,-1,1036.870361328125,511.7677001953125,743.6207275390625,840.3352661132812
287,player,376,0,795.4088134765625,387.609375,661.4049682617188,481.621337890625
287,player,371,1,666.0771484375,322.6860656738281,601.7484741210938,226.15016174316406
287,player,461,-1,757.8106079101562,376.7876892089844,637.1612548828125,439.90533447265625
288,player,380,0,651.5723876953125,586.8900756835938,402.55877685546875,912.28759765625
288,player,426,0,1112.095703125,531.8688354492188,778.894287109375,889.527587890625
288,player,1,1,371.4415283203125,398.0987854003906,243.7049102783203,385.30517578125
288,player,391,1,911.73046875,474.8446960449219,689.5421752929688,729.3370361328125
288,player,53,0,218.2142333984375,358.9656066894531,91.0284423828125,193.59767150878906
288,player,468,-1,1036.58056640625,515.05224609375,742.4945068359375,842.6106567382812
288,player,376,0,796.20263671875,389.1156311035156,661.35107421875,483.18536376953125
288,player,371,1,666.29150390625,322.1887512207031,601.8128662109375,225.81390380859375
288,player,461,-1,758.27783203125,376.6809997558594,637.56396484375,439.1965637207031
289,player,380,0,646.8931884765625,586.6895141601562,400.46038818359375,911.0528564453125
289,player,426,0,1113.451171875,533.111572265625,779.4232788085938,892.0482177734375
289,player,53,0,219.08670043945312,358.9818115234375,92.412841796875,194.44668579101562
289,player,1,1,372.2987060546875,397.31622314453125,244.54258728027344,384.08251953125
289,player,376,0,796.590087890625,390.1793518066406,661.072509765625,485.32049560546875
289,player,468,-1,1036.467529296875,514.072509765625,742.045166015625,843.398681640625
289,player,391,1,905.6285400390625,478.04888916015625,683.4102783203125,733.375244140625
289,player,461,0,758.5469970703125,376.6335754394531,637.9305419921875,438.714111328125
289,player,371,1,666.2283325195312,322.4154968261719,601.7509155273438,225.87844848632812
290,player,53,0,220.1757354736328,358.7718200683594,93.75904846191406,194.86541748046875
290,player,380,0,642.77294921875,585.93798828125,398.13189697265625,909.4945678710938
290,player,1,1,372.92138671875,395.8405456542969,245.5328369140625,381.70452880859375
290,player,426,0,1114.3900146484375,534.1109619140625,779.68017578125,894.4046630859375
290,player,468,-1,1040.4857177734375,513.047119140625,743.1363525390625,843.477783203125
290,player,391,1,900.8096313476562,481.3851013183594,677.0491943359375,738.227294921875
290,player,376,0,796.6092529296875,389.8934020996094,660.996337890625,486.4205322265625
290,player,461,0,758.6854248046875,376.459228515625,638.2740478515625,438.22979736328125
290,player,371,1,666.22412109375,322.879638671875,601.5439453125,226.51535034179688
291,player,53,0,220.44561767578125,358.6004638671875,94.75440979003906,194.94769287109375
291,player,380,0,638.6138916015625,583.431396484375,395.94268798828125,906.5792236328125
291,player,426,0,1114.19873046875,534.9146728515625,779.5382080078125,896.4500122070312
291,player,1,1,373.70684814453125,394.8027648925781,246.61529541015625,379.08062744140625
291,player,376,0,796.7861328125,389.50732421875,661.1368408203125,486.7619323730469
291,player,391,1,896.4581909179688,484.4346618652344,670.7725830078125,743.407470703125
291,player,468,-1,1041.3238525390625,513.5938110351562,743.8902587890625,843.9700927734375
291,player,461,0,758.5733032226562,376.4300231933594,638.470458984375,437.87200927734375
291,player,371,1,667.381103515625,322.7478942871094,601.876220703125,226.90855407714844
292,player,426,0,1114.037109375,536.7330322265625,778.8174438476562,898.9560546875
292,player,53,0,220.74777221679688,358.6477355957031,95.51669311523438,195.10299682617188
292,player,376,0,797.370849609375,388.7541198730469,661.6763305664062,486.27825927734375
292,player,1,1,375.27679443359375,394.0207824707031,248.0001983642578,376.6710205078125
292,player,380,0,635.712158203125,586.8898315429688,393.15472412109375,906.7413940429688
292,player,468,-1,1039.81494140625,513.9359130859375,743.874755859375,844.422607421875
292,player,391,1,893.6552734375,490.46441650390625,664.1116943359375,751.189453125
292,player,461,0,758.3436279296875,376.5163269042969,638.4930419921875,437.706787109375
292,player,371,1,668.3076171875,322.75079345703125,602.4273681640625,227.28646850585938
293,player,426,0,1113.80615234375,539.705810546875,777.335205078125,902.5006103515625
293,player,1,1,377.18450927734375,393.36602783203125,249.6840362548828,374.58123779296875
293,player,376,0,798.2299194335938,387.7466125488281,662.6524658203125,485.02581787109375
293,player,380,0,631.3326416015625,588.4080810546875,389.9211120605469,907.542724609375
293,player,53,0,220.69027709960938,358.3319396972656,96.0152359008789,194.78091430664062
293,player,468,-1,1039.92041015625,513.8156127929688,743.9307861328125,844.6402587890625
293,player,461,0,758.4292602539062,376.5186462402344,638.5350952148438,437.6109619140625
293,player,391,1,888.96142578125,488.9312744140625,658.928466796875,754.714111328125
293,player,371,1,668.3470458984375,323.0683898925781,602.6866455078125,227.94403076171875
294,player,426,0,1113.687255859375,541.8189697265625,775.66650390625,906.1616821289062
294,player,1,1,378.6346435546875,392.6617736816406,251.4072265625,372.59088134765625
294,player,376,0,798.4583740234375,386.822509765625,663.6824340820312,483.2919006347656
294,player,53,0,220.90052795410156,358.03143310546875,96.44676208496094,194.20346069335938
294,player,380,0,627.593505859375,585.3618774414062,387.33624267578125,905.84326171875
294,player,468,1,1040.625244140625,513.339111328125,744.304931640625,844.4986572265625
294,player,461,0,758.9921875,376.390869140625,638.7913818359375,437.47271728515625
294,player,371,1,668.2105712890625,323.3207702636719,602.7156982421875,228.67703247070312
294,player,391,1,885.7962646484375,484.7655334472656,655.9097900390625,753.5491943359375
295,player,380,0,622.75439453125,584.0172729492188,384.5889587402344,903.542724609375
295,player,426,0,1114.244873046875,541.283203125,774.892822265625,908.2322998046875
295,player,376,0,797.95361328125,386.35614013671875,664.3526000976562,481.63616943359375
295,player,1,1,379.8569641113281,391.4694519042969,253.1522674560547,370.08489990234375
295,player,468,1,1042.1422119140625,512.9594116210938,745.0682983398438,844.2482299804688
295,player,53,0,221.58917236328125,357.3961486816406,97.05122375488281,193.08102416992188
295,player,391,1,882.5230712890625,478.26507568359375,654.9727783203125,747.4557495117188
295,player,461,0,760.0224609375,376.1728210449219,639.3717041015625,437.2606201171875
295,player,371,1,668.0673828125,323.71405029296875,602.5426635742188,229.63809204101562
296,player,391,1,879.1638793945312,472.6136169433594,655.1228637695312,738.7415771484375
296,player,380,0,619.676513671875,584.3248901367188,381.92822265625,902.0452880859375
296,player,53,0,223.32241821289062,356.990478515625,98.1623306274414,192.0442352294922
296,player,1,1,380.9344482421875,390.2436218261719,254.8668212890625,367.185302734375
296,player,376,0,797.9456787109375,386.5175476074219,664.7293090820312,480.72430419921875
296,player,426,0,1114.106689453125,540.17138671875,774.710693359375,908.85107421875
296,player,468,1,1043.654052734375,512.6537475585938,746.0597534179688,843.9783935546875
296,player,461,0,760.5394287109375,376.03753662109375,639.9654541015625,437.03387451171875
296,player,371,1,667.9222412109375,324.04754638671875,602.259033203125,230.67027282714844
296,ball,-1,-1,1092.30908203125,398.6336975097656,573.22119140625,527.1141357421875
297,player,391,1,874.7772827148438,472.63812255859375,653.96435546875,732.7439575195312
297,player,53,0,224.28211975097656,356.30584716796875,99.3211669921875,190.59182739257812
297,player,380,0,616.7081298828125,585.0482788085938,379.28424072265625,901.3487548828125
297,player,376,0,797.4005126953125,387.53814697265625,664.443359375,481.118408203125
297,player,1,1,381.89935302734375,389.1457214355469,256.5025634765625,364.1589050292969
297,player,426,0,1114.1236572265625,539.2161254882812,774.9026489257812,908.6360473632812
297,player,205,0,1053.269287109375,514.16552734375,744.6190185546875,845.3953247070312
297,player,461,0,760.0523681640625,376.12811279296875,640.1600341796875,436.93096923828125
297,player,371,1,667.7626953125,324.289306640625,601.9310302734375,231.62939453125
297,player,59,0,780.8687744140625,383.37933349609375,646.05029296875,456.22479248046875
297,ball,-1,-1,1094.1943359375,398.71099853515625,573.22119140625,527.1141357421875
298,player,391,1,873.3601684570312,470.8444519042969,653.3515625,727.292236328125
298,player,53,0,225.52178955078125,355.4499206542969,100.63719177246094,188.67770385742188
298,player,380,0,612.5302124023438,585.9700317382812,376.29583740234375,901.22216796875
298,player,426,0,1114.193359375,538.179443359375,775.3779296875,907.8282470703125
298,player,1,1,382.2294616699219,388.4851379394531,257.79010009765625,361.4745178222656
298,player,205,0,1053.6617431640625,514.2825927734375,747.864013671875,846.5628051757812
298,player,376,0,797.0001220703125,389.30792236328125,663.514892578125,483.1349182128906
298,player,461,0,760.7047119140625,376.0603942871094,640.5243530273438,436.8615417480469
298,player,371,1,667.765625,324.5538635253906,601.6250610351562,232.59060668945312
298,player,59,0,777.7929077148438,383.3774719238281,647.416015625,458.8914794921875
298,ball,-1,-1,1094.81005859375,398.4798583984375,573.22119140625,527.1141357421875
299,player,380,0,609.502685546875,584.1799926757812,373.83563232421875,899.769775390625
299,player,391,1,869.9528198242188,467.3212890625,653.0518798828125,720.6250610351562
299,player,53,0,226.26620483398438,354.4709777832031,101.87110900878906,186.23190307617188
299,player,426,0,1114.50537109375,539.7676391601562,775.255615234375,908.353271484375
299,player,468,1,1051.957275390625,514.5186767578125,748.2783813476562,845.6864013671875
299,player,461,0,762.1375732421875,376.0943298339844,641.2205810546875,437.00518798828125
299,player,1,1,384.2430114746094,388.1836853027344,259.399658203125,359.6152038574219
299,player,376,0,797.1910400390625,391.2163391113281,662.3136596679688,486.3974609375
299,player,371,1,668.0994873046875,324.7367858886719,601.4821166992188,233.49098205566406
299,ball,-1,-1,1095.6060791015625,400.0630187988281,573.22119140625,527.1141357421875
300,player,391,1,864.622802734375,467.1708984375,651.3731079101562,715.733642578125
300,player,380,0,607.4055786132812,582.8250732421875,371.8952941894531,897.79736328125
300,player,426,0,1114.649658203125,540.9830322265625,774.8233642578125,909.4895629882812
300,player,468,1,1052.1436767578125,514.2672729492188,749.8504638671875,846.6349487304688
300,player,461,0,762.5702514648438,376.08538818359375,641.8184814453125,437.1351623535156
300,player,53,0,226.45875549316406,353.14837646484375,102.8635025024414,182.90475463867188
300,player,1,1,385.7089538574219,388.8401184082031,260.86676025390625,359.324462890625
300,player,376,0,797.3978271484375,392.18212890625,661.2667236328125,489.51300048828125
300,player,371,1,668.3005981445312,324.81805419921875,601.4331665039062,234.205322265625
300,ball,-1,-1,1095.8359375,400.7403869628906,573.22119140625,527.1141357421875
301,player,426,0,1114.7626953125,541.9833984375,774.2513427734375,910.8804321289062
301,player,380,0,605.8924560546875,583.7999877929688,370.068359375,897.0553588867188
301,player,391,1,861.171142578125,467.9935607910156,649.041259765625,712.940673828125
301,player,468,1,1052.809814453125,513.705810546875,751.2282104492188,846.9076538085938
301,player,53,0,226.62661743164062,352.05859375,103.66964721679688,179.30636596679688
301,player,1,1,386.87091064453125,389.2885437011719,262.1649169921875,359.779541015625
301,player,461,0,762.3292236328125,375.8123474121094,642.2220458984375,436.90338134765625
301,player,376,0,796.85205078125,392.3125305175781,660.3673095703125,491.6143798828125
301,player,371,1,668.6024169921875,324.7908935546875,601.5201416015625,234.67344665527344
302,player,426,0,1114.99267578125,541.8775024414062,773.9711303710938,911.7312622070312
302,player,380,0,604.735595703125,584.2218017578125,368.50152587890625,896.773193359375
302,player,391,1,857.4729614257812,465.3114013671875,647.27294921875,708.6351318359375
302,player,1,1,387.9398193359375,388.2535705566406,263.5607604980469,359.0162048339844
302,player,468,1,1054.875244140625,513.7014770507812,752.66552734375,847.226806640625
302,player,461,0,762.889892578125,375.5246276855469,642.76806640625,436.50604248046875
302,player,53,0,226.9233856201172,351.1185302734375,104.3935546875,175.74537658691406
302,player,376,0,796.541015625,389.22222900390625,660.7481079101562,489.82354736328125
302,player,371,1,669.1680908203125,324.72784423828125,601.8037109375,234.96937561035156
303,player,380,0,603.0935668945312,585.589599609375,366.82086181640625,897.3770751953125
303,player,426,0,1115.45947265625,542.1832275390625,773.80859375,912.511474609375
303,player,1,1,389.5372314453125,388.1172790527344,265.0641174316406,358.546875
303,player,468,1,1060.926025390625,514.8392944335938,754.8112182617188,848.64794921875
303,player,391,1,851.7245483398438,466.9791259765625,643.9637451171875,706.7271118164062
303,player,461,0,762.1782836914062,375.2172546386719,642.9951171875,435.84417724609375
303,player,376,0,796.0098876953125,383.23785400390625,662.9122314453125,482.4754638671875
303,player,53,0,228.39793395996094,350.0314025878906,105.547119140625,172.16531372070312
303,player,371,1,669.298583984375,324.7879943847656,602.0138549804688,235.25491333007812
304,player,380,0,601.979248046875,586.5239868164062,365.279052734375,898.3068237304688
304,player,1,1,391.2020568847656,388.0646057128906,266.64776611328125,358.37188720703125
304,player,426,0,1116.057373046875,542.925048828125,773.6163940429688,913.5344848632812
304,player,468,1,1064.178466796875,515.265869140625,756.9153442382812,850.0941162109375
304,player,391,1,843.7564697265625,471.6789245605469,638.125,708.6533203125
304,player,461,0,761.6190185546875,375.20404052734375,642.9631958007812,435.34014892578125
304,player,371,1,669.7195434570312,324.6654052734375,602.3462524414062,235.33795166015625
304,player,376,0,795.6627197265625,381.499267578125,664.8193969726562,475.8629150390625
304,player,53,0,229.86642456054688,348.79144287109375,106.99331665039062,168.36146545410156
305,player,380,0,601.1666259765625,586.495361328125,364.06365966796875,898.8388671875
305,player,1,1,391.7477722167969,387.29913330078125,267.99957275390625,357.4452209472656
305,player,391,1,841.9375,473.4404602050781,633.291748046875,711.1787719726562
305,player,426,0,1116.6494140625,543.495361328125,773.458251953125,914.6039428710938
305,player,468,1,1065.700439453125,516.3121337890625,758.3389892578125,851.8629150390625
305,player,461,0,762.2855224609375,375.0689392089844,643.20849609375,434.9395751953125
305,player,53,0,229.9872283935547,346.956787109375,108.14689636230469,163.41580200195312
305,player,371,1,670.20556640625,324.4179382324219,602.826171875,235.13848876953125
305,player,376,0,796.4945678710938,372.51123046875,669.5462646484375,462.2041015625
305,ball,-1,-1,1106.2342529296875,407.40057373046875,573.22119140625,527.1141357421875
306,player,380,0,600.25537109375,584.8118286132812,363.2998046875,898.0227661132812
306,player,391,1,841.892333984375,475.5105895996094,629.5341796875,714.4791259765625
306,player,1,1,391.93096923828125,387.0550842285156,268.9844970703125,356.58441162109375
306,player,426,0,1117.3935546875,544.1034545898438,773.3483276367188,915.7371826171875
306,player,461,0,764.4830322265625,375.55523681640625,643.922607421875,435.43212890625
306,player,468,1,1062.780517578125,515.2528076171875,758.8482055664062,852.0772705078125
306,player,53,0,230.33035278320312,346.4735412597656,109.0779037475586,159.58961486816406
306,player,371,1,670.7918701171875,324.2926330566406,603.3948974609375,234.92376708984375
306,player,376,0,796.66845703125,369.4586486816406,673.78759765625,450.08087158203125
306,ball,-1,-1,1106.564208984375,409.2548828125,573.22119140625,527.1141357421875
307,player,380,0,599.5460205078125,582.7740478515625,362.94110107421875,896.1058959960938
307,player,391,1,840.406005859375,477.11749267578125,626.2012329101562,717.7896728515625
307,player,1,1,392.12274169921875,387.1119384765625,269.6842041015625,356.11199951171875
307,player,426,0,1118.2000732421875,544.3323974609375,773.4059448242188,916.6724853515625
307,player,461,0,766.29833984375,375.8104248046875,644.8948974609375,436.21728515625
307,player,468,1,1060.705810546875,513.75537109375,759.1251831054688,851.033447265625
307,player,53,0,230.2139892578125,346.7724914550781,109.6093521118164,157.4940185546875
307,player,371,1,672.41796875,324.00457763671875,604.45556640625,234.62399291992188
307,player,376,0,797.4920654296875,368.21392822265625,677.271484375,440.95074462890625
307,ball,-1,-1,1107.458984375,410.52044677734375,573.22119140625,527.1141357421875
308,player,380,0,599.3785400390625,578.2506103515625,363.39691162109375,891.853515625
308,player,426,0,1119.8037109375,544.49072265625,773.7943115234375,917.4854736328125
308,player,1,1,392.3089599609375,387.0237731933594,270.2205505371094,355.72528076171875
308,player,468,1,1060.1011962890625,513.4021606445312,759.2623291015625,850.0670166015625
308,player,461,0,766.6492919921875,375.5860595703125,645.719970703125,436.52630615234375
308,player,391,1,837.6263427734375,477.3483581542969,623.1738891601562,719.902587890625
308,player,53,0,230.8026580810547,347.2282409667969,110.14910888671875,156.8318328857422
308,player,371,1,673.4027099609375,323.8930358886719,605.5411376953125,234.4123077392578
308,player,376,0,799.1412353515625,365.8546142578125,680.9498291015625,432.6448059082031
309,player,380,0,599.21484375,574.6098022460938,364.2449951171875,886.6453247070312
309,player,426,0,1121.02587890625,544.9644775390625,774.2015380859375,918.395751953125
309,player,468,1,1060.220703125,513.6019897460938,759.317626953125,849.586181640625
309,player,1,1,392.6573486328125,386.5963439941406,270.76544189453125,355.02392578125
309,player,461,0,765.9009399414062,375.55950927734375,646.0195922851562,436.61920166015625
309,player,391,1,834.7314453125,477.7879638671875,620.2522583007812,721.3944091796875
309,player,53,0,232.20777893066406,346.88079833984375,111.09391784667969,156.11959838867188
309,player,371,1,673.8261108398438,323.7776794433594,606.4412841796875,234.1815185546875
309,player,376,0,800.1126708984375,364.4872741699219,684.1693725585938,425.866455078125
310,player,380,0,598.8311767578125,571.2113037109375,365.25250244140625,880.9445190429688
310,player,461,0,765.892822265625,376.0953674316406,646.0260009765625,437.2486267089844
310,player,468,1,1060.7147216796875,514.102294921875,759.3196411132812,849.6557006835938
310,player,426,0,1122.200439453125,544.9867553710938,774.752685546875,919.077392578125
310,player,391,1,829.10009765625,477.8817138671875,616.7153930664062,721.986572265625
310,player,53,0,233.493896484375,345.7604675292969,112.32652282714844,154.30506896972656
310,player,1,1,394.6137390136719,385.1491394042969,272.0655212402344,353.1301574707031
310,player,371,1,673.9722900390625,323.6480712890625,607.125732421875,233.88479614257812
310,player,376,0,800.4876098632812,366.1423645019531,685.7704467773438,423.29779052734375
311,player,380,0,598.8251342773438,569.1649780273438,366.24530029296875,875.8514404296875
311,player,461,0,765.8658447265625,376.6873779296875,645.8164672851562,438.2835693359375
311,player,426,0,1123.504638671875,544.8081665039062,775.4937744140625,919.4906005859375
311,player,205,0,1062.958740234375,515.3864135742188,752.04248046875,848.737060546875
311,player,391,1,824.8438720703125,478.26397705078125,613.0891723632812,722.3348388671875
311,player,1,1,397.38336181640625,381.97882080078125,274.44720458984375,348.55450439453125
311,player,53,0,234.90646362304688,344.00384521484375,113.85887908935547,150.9150390625
311,player,371,1,674.1245727539062,323.7879943847656,607.5755004882812,233.8898162841797
311,player,376,0,800.814208984375,392.39801025390625,677.52880859375,449.06005859375
312,player,380,0,599.271728515625,568.5399169921875,367.11676025390625,872.1466064453125
312,player,426,0,1124.7362060546875,544.4649658203125,776.3928833007812,919.619384765625
312,player,461,0,765.54638671875,377.438232421875,645.3162841796875,439.71820068359375
312,player,205,0,1063.629150390625,515.8859252929688,754.7708740234375,850.5423583984375
312,player,1,1,398.20654296875,381.1881103515625,276.42852783203125,344.757080078125
312,player,53,0,235.80416870117188,343.3387756347656,115.27861022949219,147.92132568359375
312,player,391,1,820.608154296875,480.1451721191406,608.9894409179688,723.7215576171875
312,player,371,1,672.514892578125,323.8199768066406,607.2741088867188,233.72882080078125
313,player,380,0,599.892578125,568.5324096679688,367.8541564941406,869.7760009765625
313,player,461,0,765.5468139648438,377.1652526855469,645.08544921875,440.36163330078125
313,player,426,0,1125.6795654296875,544.6530151367188,777.1529541015625,919.8840942382812
313,player,205,0,1063.941162109375,516.6574096679688,756.375,852.27001953125
313,player,1,1,398.56768798828125,380.43798828125,277.9761962890625,341.4571533203125
313,player,391,1,816.0308837890625,480.5115966796875,604.912109375,724.5480346679688
313,player,53,0,236.68687438964844,342.6655578613281,116.62066650390625,145.1704559326172
313,player,371,1,671.3597412109375,323.79150390625,606.6703491210938,233.44061279296875
313,player,376,0,802.1648559570312,377.5594482421875,677.8314819335938,450.71331787109375
313,player,490,-1,801.770751953125,465.951416015625,597.2708740234375,688.9678344726562
314,player,380,0,600.58056640625,568.819091796875,368.4736022949219,868.477294921875
314,player,426,0,1126.2352294921875,544.7373046875,777.7587890625,920.1458740234375
314,player,205,0,1063.873291015625,516.9198608398438,757.31494140625,853.569091796875
314,player,461,0,765.622314453125,376.0780944824219,645.3359375,439.6340637207031
314,player,1,1,399.25970458984375,380.2765197753906,279.2606506347656,339.2046203613281
314,player,391,1,810.728759765625,481.16064453125,600.5631103515625,725.17724609375
314,player,53,0,237.32772827148438,342.498779296875,117.76683044433594,143.24075317382812
314,player,376,0,803.2276611328125,380.8043518066406,677.20947265625,455.2828063964844
314,player,371,1,671.1673583984375,323.7897644042969,606.2089233398438,233.22653198242188
314,player,491,-1,808.564453125,482.0833740234375,589.9878540039062,727.9476928710938
315,player,380,0,600.3978271484375,568.888916015625,368.81463623046875,867.66796875
315,player,426,0,1126.38330078125,544.5355224609375,778.2540893554688,920.1967163085938
315,player,461,0,765.9849853515625,375.6655578613281,645.7608032226562,438.76104736328125
315,player,205,0,1064.0771484375,517.1265258789062,757.911865234375,854.570068359375
315,player,1,1,400.109130859375,379.5989074707031,280.5206298828125,337.0486755371094
315,player,391,1,804.92041015625,481.10809326171875,596.0856323242188,725.078857421875
315,player,53,0,237.64431762695312,342.1877136230469,118.66924285888672,141.601318359375
315,player,376,0,803.672607421875,381.77349853515625,676.603271484375,459.3036193847656
315,player,371,1,670.533935546875,323.7900390625,605.6795654296875,233.00698852539062
316,player,380,0,600.29345703125,568.979736328125,368.99267578125,867.196533203125
316,player,426,0,1124.72314453125,545.0548095703125,777.9954223632812,920.4542236328125
316,player,205,0,1064.7841796875,517.0482177734375,758.5092163085938,855.2159423828125
316,player,461,0,766.6378784179688,376.0953369140625,646.1024169921875,438.7200927734375
316,player,1,1,401.921142578125,379.1772155761719,282.06976318359375,335.3662109375
316,player,391,1,798.2923583984375,480.975341796875,591.3085327148438,724.3768310546875
316,player,53,0,238.14866638183594,342.52069091796875,119.42649841308594,141.0637664794922
316,player,376,0,802.6502685546875,385.2297058105469,674.6557006835938,465.3719482421875
316,player,371,1,670.0963134765625,323.80096435546875,605.1731567382812,232.82244873046875
317,player,380,0,599.806640625,569.3638916015625,368.9114074707031,867.11767578125
317,player,426,0,1125.741455078125,546.6875610351562,777.5609130859375,921.7272338867188
317,player,205,0,1065.4100341796875,517.3399658203125,758.9656372070312,855.8800048828125
317,player,461,0,766.8590698242188,375.5755920410156,646.577392578125,438.16436767578125
317,player,1,1,403.65350341796875,379.47845458984375,283.6514892578125,334.8269348144531
317,player,391,1,793.0294189453125,481.21527099609375,586.625,723.6891479492188
317,player,53,0,238.9352569580078,343.1011962890625,120.17855072021484,141.62075805664062
317,player,376,0,802.09619140625,383.49493408203125,673.8240356445312,467.4761962890625
317,player,371,1,670.6893920898438,323.7862243652344,605.06396484375,232.75927734375
318,player,380,0,598.447509765625,569.6548461914062,368.4390563964844,867.1707763671875
318,player,426,0,1126.730224609375,547.4825439453125,777.27197265625,923.1231689453125
318,player,205,0,1065.468017578125,517.725830078125,759.1522216796875,856.5811767578125
318,player,461,0,767.16455078125,375.3168640136719,647.076416015625,437.560302734375
318,player,1,1,405.5447998046875,379.5265197753906,285.355712890625,334.7532043457031
318,player,53,0,239.96160888671875,343.54156494140625,121.03656005859375,142.7279052734375
318,player,391,1,787.7529296875,481.7812194824219,581.90966796875,723.2702026367188
318,player,376,0,802.0612182617188,381.8379821777344,673.8597412109375,467.1289978027344
318,player,371,1,670.7242431640625,323.9483947753906,604.94775390625,232.9296417236328
319,player,380,0,597.077880859375,569.8198852539062,367.73065185546875,867.2235717773438
319,player,1,1,405.8279724121094,380.1082458496094,286.46331787109375,335.4163513183594
319,player,426,0,1125.979736328125,547.6954956054688,776.82958984375,924.117431640625
319,player,205,0,1065.588623046875,518.0278930664062,759.20703125,857.2529296875
319,player,53,0,240.88925170898438,344.07110595703125,121.91447448730469,144.29995727539062
319,player,461,0,767.19873046875,374.6394958496094,647.6476440429688,436.4493713378906
319,player,376,0,802.09912109375,380.6385803222656,674.322265625,465.66351318359375
319,player,371,1,671.0901489257812,324.0595397949219,604.9649658203125,233.2288055419922
319,player,391,1,780.29541015625,483.19451904296875,576.3202514648438,723.52734375
320,player,380,0,596.2750244140625,570.60546875,366.921142578125,867.7356567382812
320,player,426,0,1127.133056640625,547.8263549804688,776.78759765625,924.920654296875
320,player,1,1,405.7835693359375,380.2466125488281,287.142822265625,336.0033264160156
320,player,205,0,1065.2144775390625,518.15673828125,759.1036987304688,857.7520751953125
320,player,376,0,802.1653442382812,379.30694580078125,675.1201782226562,463.33203125
320,player,53,0,241.35400390625,344.0366516113281,122.67478942871094,145.33810424804688
320,player,391,1,774.1424560546875,484.1579895019531,570.6607666015625,723.96923828125
320,player,461,0,765.1287841796875,377.1863098144531,646.4564819335938,438.21484375
320,player,371,1,671.7305297851562,323.8799743652344,605.27197265625,233.27577209472656
321,player,380,0,596.3164672851562,571.2109375,366.306396484375,868.4813232421875
321,player,53,0,241.6026611328125,343.62030029296875,123.30972290039062,145.4766082763672
321,player,426,0,1128.35986328125,547.4720458984375,777.178466796875,925.296630859375
321,player,205,0,1064.8572998046875,517.9090576171875,759.02392578125,857.881591796875
321,player,376,0,803.218505859375,378.2303466796875,676.3663330078125,460.802734375
321,player,1,1,405.92425537109375,379.2858581542969,287.804931640625,335.28131103515625
321,player,461,0,766.28271484375,376.9426574707031,646.1448364257812,439.22662353515625
321,player,371,1,671.5620727539062,323.7185363769531,605.46826171875,233.0787811279297
321,player,391,1,770.8587646484375,484.10772705078125,566.0491333007812,723.952880859375
322,player,380,0,596.5535888671875,571.3136596679688,365.9545593261719,869.0516357421875
322,player,426,0,1128.881591796875,547.0113525390625,777.709228515625,925.2821044921875
322,player,53,0,241.87066650390625,343.1145935058594,123.87994384765625,144.90966796875
322,player,205,0,1065.346435546875,517.2842407226562,759.3017578125,857.5699462890625
322,player,376,0,803.4238891601562,377.6953430175781,677.4354248046875,458.6204833984375
322,player,1,1,408.46820068359375,379.95074462890625,289.0374450683594,335.8836364746094
322,player,371,1,671.2767333984375,323.5419921875,605.5556640625,232.68890380859375
322,player,461,0,767.6406860351562,376.381103515625,646.5821533203125,439.4328308105469
323,player,380,0,596.737548828125,571.1898803710938,365.79644775390625,869.3511962890625
323,player,426,0,1129.01708984375,547.8912963867188,777.8076782226562,925.8394775390625
323,player,205,0,1066.3616943359375,513.9781494140625,760.8236083984375,855.1541748046875
323,player,53,0,242.836181640625,343.0447082519531,124.64497375488281,144.57745361328125
323,player,376,0,803.9339599609375,379.90850830078125,677.500732421875,459.5650939941406
323,player,1,1,409.6687927246094,380.98846435546875,290.0875244140625,337.6207275390625
323,player,391,1,764.2525024414062,492.3940734863281,559.0151977539062,729.9671630859375
323,player,371,1,669.61669921875,323.3558044433594,605.0776977539062,231.9856414794922
323,player,461,0,766.1192016601562,375.16436767578125,646.7888793945312,438.1108703613281
324,player,380,0,597.01318359375,571.0891723632812,365.78546142578125,869.49658203125
324,player,426,0,1129.2437744140625,548.9694213867188,777.5853271484375,926.898681640625
324,player,391,1,759.1231689453125,495.8067321777344,552.1156005859375,736.13671875
324,player,1,1,409.6978759765625,381.0382995605469,290.771728515625,338.8110046386719
324,player,205,0,1066.3900146484375,514.4777221679688,761.6569213867188,853.93212890625
324,player,376,0,804.636474609375,383.3314208984375,676.5493774414062,463.79547119140625
324,player,53,0,243.71405029296875,343.00146484375,125.498779296875,144.42236328125
324,player,371,1,667.51025390625,323.2703552246094,604.0338745117188,231.1500701904297
324,player,461,0,765.6864624023438,371.8057861328125,647.9522705078125,433.6091003417969
325,player,380,0,596.835693359375,570.8115844726562,365.7757263183594,869.3909912109375
325,player,426,0,1129.327392578125,548.7857055664062,777.5198974609375,927.476318359375
325,player,391,1,753.3759765625,496.1722717285156,545.8990478515625,739.9813232421875
325,player,205,0,1066.7469482421875,515.6338500976562,761.914306640625,853.9622802734375
325,player,1,1,410.76513671875,379.430419921875,291.8887023925781,337.83941650390625
325,player,376,0,805.0078125,385.7221374511719,675.2042846679688,469.0379943847656
325,player,371,1,667.0799560546875,323.21307373046875,603.2197265625,230.47860717773438
325,player,53,0,244.33428955078125,342.48028564453125,126.35502624511719,143.69076538085938
325,player,461,0,766.1616821289062,371.5729675292969,648.947021484375,430.48358154296875
326,player,380,0,597.6217041015625,569.4119873046875,366.21563720703125,868.427001953125
326,player,426,0,1129.2666015625,549.2017822265625,777.3301391601562,928.11083984375
326,player,205,0,1066.860595703125,515.9380493164062,762.0120239257812,854.1998291015625
326,player,1,1,412.6768798828125,378.20880126953125,293.5258483886719,336.0053405761719
326,player,391,1,750.74267578125,495.7416076660156,541.212890625,741.9385986328125
326,player,371,1,666.0741577148438,323.0818786621094,602.372314453125,229.74546813964844
326,player,376,0,804.72802734375,387.08843994140625,673.75927734375,473.81243896484375
326,player,461,0,765.7342529296875,371.86260986328125,649.3509521484375,428.7176513671875
326,player,53,0,244.89427185058594,341.9325256347656,127.19181823730469,142.5386199951172
327,player,380,0,598.5274658203125,568.5197143554688,366.89739990234375,867.2559814453125
327,player,426,0,1129.0565185546875,549.3839111328125,777.0968017578125,928.625
327,player,1,1,414.63323974609375,377.6365661621094,295.4017028808594,334.37274169921875
327,player,391,1,745.716796875,496.2987060546875,536.5919189453125,743.250732421875
327,player,376,0,804.6904907226562,384.603515625,673.6839599609375,474.3699951171875
327,player,371,1,665.799072265625,323.1087341308594,601.7120971679688,229.26812744140625
327,player,508,-1,1078.1773681640625,516.1619873046875,770.3890380859375,857.329833984375
327,player,53,0,245.45944213867188,341.4527282714844,128.0115509033203,141.20645141601562
327,player,461,0,766.99658203125,369.5459899902344,650.8458862304688,425.2062683105469
328,player,380,0,598.5012817382812,567.5253295898438,367.49908447265625,865.8155517578125
328,player,391,1,741.4965209960938,497.1304931640625,532.1769409179688,744.4205932617188
328,player,426,0,1128.801513671875,550.3499755859375,776.57568359375,929.5524291992188
328,player,1,1,416.77496337890625,378.1942443847656,297.293701171875,334.2136535644531
328,player,376,0,805.239990234375,381.6134033203125,674.8745727539062,471.70709228515625
328,player,205,0,1066.140380859375,516.5221557617188,761.697998046875,854.70703125
328,player,371,1,667.4844360351562,322.93743896484375,601.9554443359375,228.95404052734375
328,player,53,0,246.50941467285156,341.2533874511719,128.98675537109375,140.21011352539062
328,player,461,0,767.7881469726562,368.0704040527344,652.6025390625,421.40924072265625
329,player,380,0,598.164306640625,567.0621337890625,367.875244140625,864.5400390625
329,player,391,1,740.462890625,498.88427734375,528.5843505859375,746.462646484375
329,player,205,0,1065.656494140625,516.4151000976562,761.4027709960938,854.9292602539062
329,player,426,0,1128.65673828125,552.1726684570312,775.6253662109375,931.2926635742188
329,player,1,1,417.72552490234375,377.79669189453125,298.93994140625,333.7569580078125
329,player,376,0,805.624755859375,380.48321533203125,676.1768188476562,468.84466552734375
329,player,53,0,247.24012756347656,341.168212890625,129.92306518554688,139.5455780029297
329,player,371,1,668.3179931640625,322.6942138671875,602.5028076171875,228.54483032226562
329,player,461,0,768.7197875976562,367.6689758300781,654.1959838867188,418.6060791015625
330,player,391,1,739.84228515625,502.0351257324219,525.3096923828125,750.175537109375
330,player,205,0,1066.17529296875,516.4384155273438,761.3382568359375,855.1258544921875
330,player,426,0,1128.7362060546875,552.7529907226562,774.844482421875,932.79296875
330,player,376,0,806.1280517578125,379.8270568847656,677.4212646484375,466.35467529296875
330,player,380,0,598.153564453125,565.6848754882812,368.3470458984375,862.768310546875
330,player,1,1,418.3116455078125,377.47576904296875,300.2808837890625,333.1534423828125
330,player,53,0,247.38258361816406,340.95770263671875,130.6106414794922,138.8428497314453
330,player,371,1,667.787353515625,322.6341247558594,602.6875,228.13385009765625
330,player,461,0,768.48095703125,367.3048400878906,655.2821655273438,416.3616943359375
331,player,205,0,1066.3406982421875,516.3436279296875,761.3702392578125,855.1998291015625
331,player,391,1,737.34375,504.73919677734375,521.8224487304688,754.4705810546875
331,player,1,1,419.42681884765625,378.29840087890625,301.4039306640625,333.85205078125
331,player,380,0,598.4010009765625,561.1123046875,369.4915771484375,858.4857177734375
331,player,426,0,1128.896484375,554.1260375976562,773.9449462890625,934.637939453125
331,player,376,0,806.4307861328125,380.49609375,678.087890625,465.4627685546875
331,player,53,0,247.41583251953125,341.1605224609375,131.0500030517578,138.67041015625
331,player,461,0,767.5784912109375,368.3722229003906,655.3094482421875,415.96539306640625
331,player,371,1,668.3473510742188,322.85638427734375,602.931396484375,228.2233123779297
332,player,205,0,1066.582763671875,516.026123046875,761.557373046875,855.045654296875
332,player,1,1,420.80426025390625,377.4873962402344,302.78125,333.52020263671875
332,player,380,0,598.75341796875,556.1824340820312,371.17242431640625,852.295654296875
332,player,391,1,731.618896484375,505.5365295410156,517.7404174804688,757.4313354492188
332,player,426,0,1128.6982421875,555.7364501953125,772.806640625,936.82958984375
332,player,376,0,807.2256469726562,380.2507019042969,678.865966796875,464.7109375
332,player,53,0,247.449951171875,341.3464660644531,131.33010864257812,138.81935119628906
332,player,461,0,768.2659912109375,369.7007751464844,655.0843505859375,417.2222900390625
332,player,371,1,671.7526245117188,323.1125183105469,604.2327880859375,229.04466247558594
333,player,205,0,1066.6549072265625,516.05712890625,761.6876831054688,854.971923828125
333,player,1,1,422.25390625,377.88507080078125,304.126220703125,333.93804931640625
333,player,391,1,731.958984375,505.81427001953125,515.1180419921875,759.59423828125
333,player,380,0,599.21337890625,552.4432983398438,373.0362548828125,845.676513671875
333,player,426,0,1128.675537109375,556.1093139648438,771.944580078125,938.48486328125
333,player,376,0,808.1301879882812,379.9355773925781,679.7772216796875,463.9890441894531
333,player,461,0,768.92236328125,368.1915588378906,655.6904907226562,416.47467041015625
333,player,53,0,247.76339721679688,341.1988220214844,131.6533660888672,138.75575256347656
333,player,504,-1,678.2510986328125,324.36676025390625,612.075927734375,237.50418090820312
334,player,205,0,1066.7890625,516.2643432617188,761.7398681640625,855.0762939453125
334,player,1,1,423.03485107421875,379.0552978515625,305.064697265625,335.663330078125
334,player,391,1,732.1707763671875,506.3674011230469,513.343017578125,761.438720703125
334,player,380,0,599.1280517578125,548.3959350585938,374.9271545410156,838.4974365234375
334,player,426,0,1128.8153076171875,556.3548583984375,771.3419799804688,939.722412109375
334,player,461,0,770.308837890625,366.4588317871094,657.1624145507812,414.2535095214844
334,player,376,0,809.0801391601562,378.8980407714844,681.0505981445312,462.5393371582031
334,player,53,0,248.28707885742188,340.8483581542969,132.11024475097656,138.30308532714844
334,player,504,-1,678.447021484375,323.8170166015625,612.3448486328125,236.8295440673828
335,player,205,0,1066.4814453125,515.90087890625,761.81201171875,854.871826171875
335,player,1,1,422.91522216796875,379.4707946777344,305.5545349121094,337.2535095214844
335,player,391,1,731.4188232421875,506.8728942871094,511.856689453125,762.96533203125
335,player,426,0,1127.7601318359375,556.4024047851562,770.6749267578125,940.489990234375
335,player,461,0,771.7422485351562,366.9880676269531,658.405517578125,413.54302978515625
335,player,380,0,599.1295166015625,545.8832397460938,376.59649658203125,832.0355224609375
335,player,376,0,809.142333984375,382.9648742675781,680.4375,465.816162109375
335,player,504,-1,678.7601318359375,323.53179931640625,612.7357788085938,236.06747436523438
335,player,53,0,248.623291015625,340.2489929199219,132.60476684570312,137.2273406982422
336,player,205,0,1065.8017578125,515.6353149414062,761.7684326171875,854.50830078125
336,player,1,1,423.3856201171875,380.1748962402344,305.9117736816406,339.1581726074219
336,player,461,0,771.7586059570312,370.3188781738281,658.0325317382812,416.69305419921875
336,player,391,1,728.5604248046875,506.0030822753906,510.2838134765625,763.0741577148438
336,player,426,0,1126.8359375,556.3330078125,770.0347900390625,940.8876953125
336,player,380,0,599.3287353515625,542.6007690429688,378.31610107421875,825.4879760742188
336,player,376,0,809.1514892578125,385.0793151855469,679.2889404296875,470.118408203125
336,player,504,-1,679.347900390625,329.0809631347656,611.2122802734375,242.65777587890625
336,player,53,0,248.50723266601562,340.0354919433594,132.90176391601562,136.21682739257812
337,player,205,0,1064.8134765625,515.39794921875,761.5599975585938,854.0389404296875
337,player,1,1,425.00543212890625,380.6500549316406,306.63812255859375,341.1335754394531
337,player,461,0,771.657470703125,369.3097229003906,658.1149291992188,417.6394958496094
337,player,380,0,599.0816650390625,540.25439453125,379.7806091308594,819.5146484375
337,player,391,1,725.1943359375,506.07623291015625,508.28753662109375,762.9417724609375
337,player,504,-1,684.953369140625,359.98284912109375,601.6600341796875,284.5285339355469
337,player,426,0,1125.8555908203125,556.375,769.363525390625,941.110595703125
337,player,376,0,808.9933471679688,385.6126708984375,678.3024291992188,473.44439697265625
337,player,53,0,250.06396484375,339.6100769042969,133.7659454345703,135.1861114501953
337,ball,-1,-1,597.075439453125,350.13800048828125,567.7498168945312,508.9399719238281
338,player,1,1,428.8675537109375,380.7185974121094,308.484130859375,342.94305419921875
338,player,205,0,1064.784912109375,514.1765747070312,761.8153076171875,852.8863525390625
338,player,461,0,771.9799194335938,368.58355712890625,658.5336303710938,417.5032958984375
338,player,380,0,599.2835693359375,537.8734741210938,381.21429443359375,813.912841796875
338,player,504,-1,686.005859375,372.7533874511719,591.71337890625,326.1430358886719
338,player,426,0,1124.940673828125,556.285888671875,768.7288818359375,941.1424560546875
338,player,391,1,710.7178344726562,505.498291015625,502.99957275390625,761.2953491210938
338,player,376,0,808.8123779296875,384.9915466308594,677.823486328125,474.9521179199219
339,player,205,0,1064.8349609375,513.5955810546875,762.1842041015625,851.737548828125
339,player,1,1,431.2568664550781,380.7244873046875,310.5400085449219,344.4018249511719
339,player,461,0,771.9287109375,368.2718505859375,658.8999633789062,417.0711669921875
339,player,391,1,711.3662109375,505.0799255371094,499.84375,759.9537353515625
339,player,380,0,599.2293090820312,535.8089599609375,382.50115966796875,808.75634765625
339,player,426,0,1124.244873046875,557.0272216796875,767.913818359375,941.5806884765625
339,player,504,-1,684.3667602539062,375.48419189453125,583.8402099609375,355.9990234375
339,player,376,0,808.827392578125,384.1302185058594,677.8231811523438,475.0504150390625
339,player,53,0,253.53982543945312,338.9920654296875,135.7925262451172,134.1403350830078
340,player,1,1,432.5469970703125,381.0133056640625,312.2841491699219,345.8318176269531
340,player,205,0,1064.1348876953125,513.3671875,762.31591796875,850.783203125
340,player,461,0,772.1092529296875,366.9564208984375,659.6680297851562,415.38006591796875
340,player,380,0,599.5761108398438,534.5269775390625,383.6668395996094,804.488037109375
340,player,426,0,1123.867431640625,563.599609375,765.2628173828125,945.8997802734375
340,player,391,1,708.3309326171875,505.5169677734375,496.82525634765625,759.1827392578125
340,player,376,0,808.613037109375,382.2407531738281,678.4281616210938,473.14703369140625
340,player,53,0,253.5771026611328,338.4967346191406,137.17825317382812,132.77870178222656
340,player,504,1,684.2005615234375,429.3114929199219,563.0902099609375,429.8171081542969
340,ball,-1,-1,597.9927368164062,341.03955078125,563.4112548828125,489.7068176269531
341,player,1,1,433.9049987792969,380.0883483886719,314.080322265625,345.8508605957031
341,player,461,0,772.0973510742188,366.0361022949219,660.4932861328125,413.2760009765625
341,player,205,0,1063.82373046875,513.2916870117188,762.344970703125,850.0885620117188
341,player,426,0,1123.931884765625,566.3325805664062,762.7206420898438,950.3817138671875
341,player,380,0,599.989990234375,534.1244506835938,384.6146240234375,801.4478759765625
341,player,391,1,703.396240234375,506.34136962890625,493.26556396484375,758.933349609375
341,player,53,0,254.25494384765625,339.6315002441406,138.22915649414062,133.5594482421875
341,player,376,0,808.991943359375,382.0848388671875,678.999267578125,471.7880859375
341,player,371,1,680.830810546875,363.3841247558594,594.609619140625,279.0706787109375
341,player,504,1,691.7691650390625,462.64801025390625,543.3116455078125,508.40838623046875
342,player,1,1,435.02777099609375,379.35003662109375,315.79168701171875,345.1394348144531
342,player,391,1,699.3164672851562,506.0716247558594,489.8465270996094,758.2481079101562
342,player,461,0,771.9865112304688,366.5864562988281,660.7954711914062,412.4967041015625
342,player,380,0,600.3363037109375,533.1646118164062,385.50274658203125,798.7897338867188
342,player,205,0,1063.470458984375,513.595703125,762.1722412109375,849.823486328125
342,player,426,0,1123.8917236328125,567.6243896484375,760.66552734375,954.0787353515625
342,player,371,1,681.01220703125,366.3908386230469,587.4542846679688,314.98895263671875
342,player,376,0,809.4974365234375,384.9749755859375,678.502197265625,473.9288024902344
342,player,53,0,254.93087768554688,339.6468200683594,139.1822509765625,134.18133544921875
343,player,1,1,437.08233642578125,377.9327392578125,317.91473388671875,343.2720642089844
343,player,461,0,772.2249755859375,365.26220703125,661.5466918945312,410.56982421875
343,player,380,0,600.34130859375,532.7080078125,386.16424560546875,796.7250366210938
343,player,391,1,695.7615966796875,507.2311096191406,486.34661865234375,758.4189453125
343,player,205,0,1062.25830078125,513.9913330078125,761.6143188476562,849.8409423828125
343,player,523,-1,597.39501953125,381.19757080078125,480.243408203125,402.09576416015625
343,player,426,0,1123.4271240234375,565.5519409179688,759.8467407226562,955.1907958984375
343,player,53,0,256.3560791015625,339.8998107910156,140.34674072265625,135.13148498535156
343,player,371,1,680.38330078125,349.6395568847656,588.0556640625,319.0391845703125
343,player,376,0,810.52734375,384.75653076171875,678.5872802734375,475.2022399902344
344,player,380,0,600.1287841796875,531.7589111328125,386.7062072753906,794.6649169921875
344,player,461,0,773.1895751953125,365.6820373535156,662.2044067382812,409.8819885253906
344,player,426,0,1122.9677734375,566.3070068359375,758.9719848632812,956.3458862304688
344,player,205,0,1059.707275390625,513.3552856445312,760.7926025390625,849.231689453125
344,player,391,1,690.360107421875,509.9182434082031,481.93072509765625,760.171630859375
344,player,1,1,433.014892578125,348.9208068847656,323.6324157714844,306.3320007324219
344,player,53,0,256.07464599609375,342.48968505859375,140.70932006835938,139.2713623046875
344,player,371,1,677.7052001953125,337.9054870605469,591.4932861328125,307.2944641113281
344,player,376,0,810.6815185546875,383.4141845703125,679.1708374023438,474.6681213378906
344,player,523,-1,597.537841796875,384.7446594238281,479.34576416015625,405.98760986328125
345,player,1,1,436.2940979003906,365.5261535644531,325.1669921875,303.2727355957031
345,player,205,0,1058.0616455078125,514.5357666015625,759.4446411132812,849.5403442382812
345,player,391,1,685.9940185546875,512.1713256835938,477.32025146484375,762.693359375
345,player,380,0,600.4044189453125,530.91162109375,387.2911682128906,792.7180786132812
345,player,461,0,774.8294677734375,365.78546142578125,663.13916015625,409.7271728515625
345,player,53,0,258.3608703613281,339.6305847167969,142.17384338378906,138.34439086914062
345,player,371,1,677.8321533203125,338.7456359863281,593.4830322265625,300.6993408203125
345,player,523,-1,598.5868530273438,387.4130859375,478.4122009277344,411.5206298828125
345,player,426,0,1122.480224609375,566.6892700195312,758.167724609375,957.299560546875
345,player,376,0,810.7010498046875,381.2418212890625,680.3350830078125,472.0824890136719
346,player,1,1,438.768310546875,376.8797912597656,324.81927490234375,315.0302429199219
346,player,205,0,1055.9140625,515.0038452148438,757.8558959960938,849.9154052734375
346,player,391,1,682.2553100585938,514.09912109375,472.8397216796875,765.5103759765625
346,player,53,0,260.197509765625,335.38690185546875,144.34054565429688,132.09750366210938
346,player,371,1,677.755126953125,352.79443359375,590.0120239257812,313.13873291015625
346,player,512,-1,791.693359375,368.05633544921875,678.4537963867188,421.7204284667969
346,player,426,0,1121.7252197265625,573.2532348632812,755.479736328125,961.8441162109375
346,player,380,0,600.6983642578125,529.7636108398438,387.9647216796875,790.6214599609375
346,player,376,0,809.7608642578125,380.1541442871094,681.1799926757812,469.1771545410156
346,player,523,-1,599.66552734375,393.7514953613281,476.5101013183594,422.00665283203125
347,player,1,1,439.0532531738281,377.8255310058594,324.5116271972656,323.80548095703125
347,player,391,1,677.3441162109375,515.7509155273438,468.1748046875,768.2171630859375
347,player,205,0,1055.55224609375,514.5828247070312,756.864990234375,849.841796875
347,player,380,0,600.729736328125,528.6630249023438,388.61297607421875,788.44091796875
347,player,461,0,775.8401489257812,363.4913024902344,664.912841796875,407.22454833984375
347,player,53,0,260.9544677734375,332.8830261230469,146.34075927734375,124.62557983398438
347,player,426,0,1120.384033203125,577.1494140625,752.2449951171875,967.048095703125
347,player,371,1,677.970458984375,342.1551208496094,591.400634765625,308.6415100097656
347,player,376,0,814.3729248046875,379.7569885253906,683.3609619140625,467.3559875488281
347,player,523,-1,600.9219970703125,399.9216003417969,474.10418701171875,435.43096923828125
348,player,391,1,672.5146484375,515.705322265625,463.77777099609375,769.5743408203125
348,player,1,1,438.98516845703125,376.2995910644531,324.5845031738281,327.7256164550781
348,player,461,0,775.8955078125,364.2065124511719,665.8246459960938,406.38897705078125
348,player,205,0,1055.5760498046875,514.0476684570312,756.4005126953125,849.4239501953125
348,player,53,0,261.50665283203125,331.84637451171875,147.98426818847656,118.3821792602539
348,player,380,0,600.4109497070312,528.6707153320312,388.94195556640625,787.0053100585938
348,player,371,1,678.3203125,327.0527648925781,597.6984252929688,287.1530456542969
348,player,426,0,1119.4927978515625,579.470947265625,749.2393798828125,971.75732421875
348,player,376,0,817.7637939453125,378.6504211425781,686.2752075195312,465.37548828125
348,player,523,-1,600.3201904296875,403.1825256347656,471.510498046875,447.47161865234375
348,ball,-1,-1,621.2633666992188,270.7947998046875,563.4112548828125,489.7068176269531
349,player,1,1,439.9771728515625,374.95147705078125,325.25341796875,328.814208984375
349,player,391,1,668.8380126953125,515.8824462890625,459.8348388671875,770.310302734375
349,player,371,1,678.9033203125,322.9849853515625,603.4651489257812,268.0985107421875
349,player,53,0,261.07598876953125,331.63861083984375,148.90162658691406,113.96908569335938
349,player,461,0,775.735107421875,364.62066650390625,666.2139282226562,406.2821044921875
349,player,426,0,1118.5673828125,579.585693359375,747.0279541015625,974.830810546875
349,player,376,0,818.472412109375,377.9425964355469,688.6569213867188,463.42523193359375
349,player,380,0,599.3980712890625,528.951171875,388.81536865234375,786.2052612304688
349,player,205,0,1054.339599609375,513.9805908203125,755.7969970703125,849.01904296875
349,player,525,-1,577.58935546875,272.9881591796875,555.8070068359375,-9.073617935180664
349,ball,-1,-1,625.7799072265625,263.68963623046875,563.4112548828125,489.7068176269531
350,player,391,1,664.6993408203125,520.5445556640625,455.1198425292969,773.986083984375
350,player,1,1,440.5557556152344,374.48956298828125,325.98785400390625,329.0484619140625
350,player,371,1,679.4923095703125,322.7788391113281,607.5011596679688,255.52490234375
350,player,426,0,1117.201171875,579.3419799804688,745.3316040039062,976.6019897460938
350,player,53,0,260.556640625,331.59735107421875,149.2916717529297,110.96878814697266
350,player,461,0,775.806640625,364.6571960449219,666.4774780273438,406.26043701171875
350,player,376,0,819.14697265625,377.49700927734375,690.586181640625,461.7635192871094
350,player,536,-1,1047.696533203125,514.1227416992188,749.5776977539062,847.2177734375
350,player,380,0,599.6608276367188,529.9968872070312,388.6170654296875,786.48388671875
350,player,525,-1,577.2940673828125,274.0446472167969,555.3043823242188,-7.481436252593994
351,player,391,1,659.23583984375,525.6044311523438,449.46942138671875,779.736328125
351,player,53,0,259.8719177246094,331.75762939453125,149.24859619140625,109.14888763427734
351,player,1,1,440.7406921386719,374.3301696777344,326.5633850097656,329.0354919433594
351,player,426,0,1115.13720703125,578.3380737304688,744.0247802734375,977.032470703125
351,player,461,0,775.9470825195312,364.91802978515625,666.60107421875,406.54730224609375
351,player,371,1,680.705810546875,322.7932434082031,610.5579833984375,247.5252227783203
351,player,376,0,819.75830078125,377.7060546875,691.9609985351562,460.9652099609375
351,player,536,-1,1046.9857177734375,517.1824340820312,748.4100952148438,849.29052734375
351,player,380,0,598.3214111328125,530.3475952148438,388.0425109863281,786.8255615234375
351,player,525,-1,578.3218383789062,274.64990234375,555.1705322265625,-5.35279655456543
352,player,53,0,259.5306396484375,332.11407470703125,149.04122924804688,108.42228698730469
352,player,536,-1,1044.90576171875,516.881591796875,747.2039184570312,850.2846069335938
352,player,1,1,440.91241455078125,374.5019226074219,326.9655456542969,329.2485656738281
352,player,391,1,652.012451171875,527.1617431640625,443.44171142578125,784.08837890625
352,player,426,0,1113.117919921875,575.4916381835938,743.5262451171875,975.490966796875
352,player,461,0,776.616943359375,366.287841796875,666.4088745117188,408.3027648925781
352,player,371,1,679.560302734375,324.0120849609375,611.689697265625,243.73304748535156
352,player,376,0,819.302001953125,378.67254638671875,692.3533935546875,461.40472412109375
352,player,380,0,597.3613891601562,531.5458374023438,387.17816162109375,787.8656005859375
352,player,525,-1,578.7269287109375,275.33465576171875,554.997802734375,-2.8511908054351807
353,player,536,-1,1042.394775390625,515.9240112304688,746.0689697265625,850.091552734375
353,player,53,0,260.2642822265625,332.1827087402344,149.1964874267578,108.15052795410156
353,player,1,1,440.9154968261719,374.13311767578125,327.3009033203125,328.9549560546875
353,player,426,0,1111.389404296875,574.0120239257812,743.2200927734375,973.4962158203125
353,player,391,1,644.9404296875,524.5926513671875,438.0341796875,784.47998046875
353,player,371,1,678.3185424804688,324.5753173828125,611.7741088867188,241.82656860351562
353,player,376,0,819.673583984375,379.56072998046875,692.4039306640625,462.651123046875
353,player,461,0,776.5191650390625,365.9843444824219,666.3609619140625,409.102294921875
353,player,380,0,599.3014526367188,533.6265258789062,386.79156494140625,790.2251586914062
353,player,525,-1,580.7918701171875,276.521240234375,555.2819213867188,0.913788914680481
354,player,536,-1,1040.2569580078125,514.8961791992188,745.0997314453125,849.101806640625
354,player,53,0,261.0320739746094,332.19464111328125,149.60769653320312,108.0989990234375
354,player,1,1,441.6654357910156,373.6337585449219,327.8883972167969,328.2658386230469
354,player,380,0,600.9581298828125,535.8067626953125,386.6163635253906,793.4855346679688
354,player,371,1,677.4570922851562,324.55767822265625,611.5244750976562,240.45562744140625
354,player,391,1,637.551025390625,529.3623657226562,431.4867248535156,787.721435546875
354,player,376,0,819.3812866210938,380.2464599609375,692.0926513671875,464.1412353515625
354,player,426,0,1110.098388671875,575.4811401367188,742.2716064453125,973.0030517578125
354,player,461,0,779.546875,366.510498046875,667.143310546875,410.52532958984375
354,player,525,-1,581.9898681640625,275.9507751464844,556.1520385742188,2.6690878868103027
355,player,53,0,261.9667053222656,331.95660400390625,150.28179931640625,107.86072540283203
355,player,536,-1,1039.37158203125,514.3489379882812,744.4124145507812,848.0150146484375
355,player,1,1,442.9912109375,373.010009765625,328.87310791015625,327.2404479980469
355,player,376,0,818.6730346679688,380.10650634765625,691.7132568359375,464.89154052734375
355,player,380,0,601.380859375,538.3251342773438,386.1690368652344,797.477783203125
355,player,371,1,676.5929565429688,324.3250732421875,611.1339111328125,239.15899658203125
355,player,391,1,633.02587890625,534.2738647460938,425.0070495605469,793.1015625
355,player,426,0,1109.3013916015625,577.90087890625,740.7483520507812,974.0809936523438
355,player,512,-1,794.2369384765625,368.0020446777344,679.311279296875,421.9366455078125
355,player,525,-1,581.453369140625,274.5787048339844,557.0023193359375,1.6165332794189453
356,player,536,-1,1038.8974609375,514.0533447265625,743.935791015625,847.069091796875
356,player,53,0,263.1591796875,331.4913330078125,151.25814819335938,107.21574401855469
356,player,1,1,444.32965087890625,372.728759765625,330.0528564453125,326.40045166015625
356,player,376,0,817.630126953125,380.0516357421875,691.150634765625,465.21417236328125
356,player,391,1,630.415283203125,534.2356567382812,420.0672912597656,796.37841796875
356,player,380,0,597.82177734375,536.5751953125,385.1856689453125,798.5313720703125
356,player,371,1,676.9122314453125,325.1799011230469,610.6883544921875,239.44273376464844
356,player,426,0,1107.94482421875,578.5965576171875,739.2247314453125,975.114501953125
356,player,525,0,581.8338012695312,273.4586181640625,558.1168212890625,-0.7399965524673462
356,player,461,0,777.3759155273438,362.7490234375,668.2970581054688,407.0960693359375
357,player,536,0,1037.92919921875,512.9630737304688,743.720703125,845.62451171875
357,player,391,1,626.2579956054688,532.7997436523438,415.9563903808594,797.1490478515625
357,player,53,0,264.10662841796875,330.80926513671875,152.35752868652344,105.96379089355469
357,player,1,1,444.8619384765625,372.7618103027344,331.0053405761719,325.9559631347656
357,player,380,0,595.27734375,537.812744140625,383.6056823730469,799.934326171875
357,player,376,0,818.5478515625,379.82904052734375,691.16162109375,465.2884826660156
357,player,461,0,776.645263671875,363.4131164550781,668.5618896484375,405.5169677734375
357,player,426,0,1105.61572265625,579.095703125,737.5228271484375,975.9432373046875
357,player,371,1,674.5228271484375,324.22314453125,609.879150390625,238.1077117919922
357,player,525,0,583.086669921875,273.0494384765625,559.4940795898438,-2.712247848510742
358,player,536,0,1036.71533203125,513.1535034179688,743.200927734375,844.7330322265625
358,player,391,1,624.2552490234375,532.20458984375,412.8310241699219,797.0640869140625
358,player,53,0,264.6669616699219,330.09869384765625,153.38369750976562,104.22029113769531
358,player,376,0,818.5247802734375,379.3911437988281,691.3208618164062,464.88031005859375
358,player,380,0,594.714111328125,540.23779296875,381.99005126953125,802.5728759765625
358,player,1,1,444.83990478515625,371.3914489746094,331.8916015625,324.048583984375
358,player,426,0,1103.666748046875,577.6174926757812,736.3753662109375,975.4827270507812
358,player,525,0,584.96337890625,272.05474853515625,561.5095825195312,-5.247771263122559
358,player,512,-1,790.10009765625,365.4703369140625,679.4324340820312,418.88531494140625
358,player,371,1,676.6305541992188,324.74627685546875,609.9266967773438,238.17312622070312
359,player,536,0,1035.3587646484375,512.8671264648438,742.5980224609375,843.8575439453125
359,player,1,1,443.4134521484375,370.5125427246094,332.12774658203125,321.59991455078125
359,player,380,0,594.5032958984375,542.5765380859375,380.46881103515625,805.96826171875
359,player,53,0,265.10400390625,329.6947937011719,154.27635192871094,102.57447814941406
359,player,376,0,818.9193115234375,380.112548828125,691.2886962890625,465.4036865234375
359,player,461,0,776.5999755859375,364.06219482421875,668.4830932617188,405.1980895996094
359,player,391,1,616.5287475585938,536.424072265625,407.8286437988281,799.530517578125
359,player,426,0,1102.881103515625,576.4595947265625,735.7775268554688,974.443115234375
359,player,525,0,586.85205078125,269.9819030761719,564.3501586914062,-9.834360122680664
359,player,371,1,678.95654296875,324.103271484375,611.0285034179688,237.6934814453125
360,player,536,0,1033.568359375,511.78851318359375,742.0800170898438,842.4056396484375
360,player,1,1,442.7503356933594,369.1842346191406,332.3078308105469,318.3519287109375
360,player,391,1,609.2069091796875,540.9600219726562,401.68695068359375,803.8934326171875
360,player,376,0,818.7523193359375,380.5760192871094,691.0454711914062,466.2061767578125
360,player,512,-1,794.3050537109375,365.7351989746094,680.8031005859375,417.64739990234375
360,player,426,0,1102.62353515625,576.0272216796875,735.4530029296875,973.4926147460938
360,player,371,1,680.634033203125,323.51837158203125,612.5618286132812,236.85040283203125
360,player,525,0,587.95654296875,267.6119384765625,567.5325317382812,-16.36444091796875
360,player,53,0,268.19451904296875,328.7491149902344,156.22793579101562,100.59636688232422
361,player,536,0,1030.2960205078125,510.4527587890625,741.3082275390625,840.2901000976562
361,player,391,1,607.194580078125,543.7223510742188,396.63330078125,808.5751953125
361,player,1,1,443.13018798828125,368.8105773925781,332.63824462890625,315.84100341796875
361,player,376,0,818.0345458984375,379.87786865234375,690.9100952148438,465.93060302734375
361,player,371,1,680.969482421875,323.0461120605469,613.8508911132812,235.74310302734375
361,player,426,0,1102.248779296875,575.7911376953125,735.2200317382812,972.71044921875
361,player,53,0,268.0009765625,328.606201171875,157.4349365234375,99.07917022705078
361,player,525,0,586.8223876953125,269.0123291015625,568.6162109375,-18.583948135375977
362,player,536,0,1027.9989013671875,509.22540283203125,740.5929565429688,837.8848876953125
362,player,391,1,605.6397705078125,545.4853515625,392.5986328125,812.7711181640625
362,player,376,0,816.1851806640625,378.2440490722656,690.8207397460938,463.8614501953125
362,player,1,1,443.85504150390625,368.6724853515625,333.14434814453125,314.1307067871094
362,player,371,1,680.8322143554688,322.5318298339844,614.8260498046875,234.34930419921875
362,player,426,0,1101.60302734375,576.5542602539062,734.6875610351562,972.6204223632812
362,player,53,0,269.04150390625,328.69354248046875,158.63258361816406,98.36561584472656
362,player,545,-1,671.2171020507812,317.326416015625,612.06787109375,209.03562927246094
362,player,461,0,777.9873046875,364.3991394042969,668.7706298828125,405.51226806640625
363,player,536,0,1024.71630859375,508.60809326171875,739.457275390625,835.6502075195312
363,player,391,1,601.2569580078125,548.446044921875,388.228515625,817.297607421875
363,player,512,-1,799.35791015625,367.4993896484375,682.7083740234375,419.29998779296875
363,player,371,1,680.7167358398438,321.9012451171875,615.6475830078125,232.6220703125
363,player,1,1,444.6047058105469,368.0943603515625,333.863037109375,312.4189453125
363,player,426,0,1101.137939453125,577.8449096679688,733.850830078125,973.305908203125
363,player,53,0,268.31756591796875,329.3914794921875,159.0318603515625,98.7933120727539
364,player,536,0,1022.853515625,508.43035888671875,738.28271484375,833.9384765625
364,player,391,1,599.0266723632812,550.4190673828125,384.42156982421875,821.482177734375
364,player,371,1,680.4573974609375,322.01861572265625,616.0449829101562,231.616455078125
364,player,512,-1,799.4022216796875,367.4857482910156,683.9664306640625,420.3642578125
364,player,1,1,445.1060791015625,367.6103210449219,334.6109619140625,310.7881164550781
364,player,53,0,268.0919189453125,329.4806823730469,159.1888427734375,99.16624450683594
364,player,426,0,1101.226806640625,577.9622192382812,733.2943115234375,973.826904296875
365,player,536,0,1021.78076171875,507.6733093261719,737.4769897460938,832.2114868164062
365,player,371,1,680.91943359375,322.66046142578125,616.2369384765625,231.8424072265625
365,player,53,0,269.48504638671875,329.03253173828125,159.91188049316406,98.96839904785156
365,player,391,1,597.1524047851562,551.3035278320312,381.271484375,824.695068359375
365,player,1,1,445.2470703125,367.2469787597656,335.2224426269531,309.3105163574219
365,player,512,-1,799.228759765625,366.7712097167969,684.9910278320312,420.26544189453125
365,player,426,0,1100.795166015625,577.8042602539062,732.8736572265625,974.0451049804688
366,player,536,0,1021.1500854492188,507.8470764160156,736.73046875,831.167236328125
366,player,53,0,270.2208251953125,328.7391357421875,160.71702575683594,98.52628326416016
366,player,371,1,681.4501953125,322.8469543457031,616.4857788085938,232.2950439453125
366,player,1,1,445.3224792480469,366.1926574707031,335.8627014160156,307.09588623046875
366,player,512,0,799.0577392578125,366.2618103027344,685.7891845703125,419.6314697265625
366,player,525,0,594.1334228515625,308.17645263671875,558.3355712890625,38.55170440673828
366,player,426,0,1100.335693359375,578.2974853515625,732.3446044921875,974.4537353515625
366,player,391,1,593.0919189453125,551.5982666015625,378.0416259765625,826.7022094726562
366,player,376,0,819.9671020507812,376.9179992675781,692.4703369140625,461.5284729003906
367,player,536,0,1019.671630859375,507.0620422363281,736.10400390625,829.823974609375
367,player,53,0,270.5109558105469,328.4430236816406,161.3947296142578,97.85789489746094
367,player,371,1,682.3543701171875,322.59405517578125,617.0662841796875,232.38168334960938
367,player,1,1,445.40740966796875,365.0193176269531,336.55035400390625,304.2560729980469
367,player,512,0,799.3304443359375,366.1099548339844,686.4541015625,419.0845031738281
367,player,391,1,587.3461303710938,550.5220336914062,374.522216796875,826.8320922851562
367,player,426,0,1099.959228515625,579.8773803710938,731.449462890625,975.6383056640625
367,player,376,0,820.1663818359375,377.02105712890625,693.569091796875,460.1405029296875
368,player,536,0,1018.66748046875,506.5714111328125,735.5870361328125,828.5291748046875
368,player,53,0,270.75128173828125,328.2658996582031,161.95480346679688,97.20487976074219
368,player,391,1,582.626220703125,548.5054931640625,371.2557678222656,825.1393432617188
368,player,371,1,684.12841796875,322.9205322265625,617.96533203125,233.08059692382812
368,player,1,1,445.60003662109375,364.5647888183594,337.1611328125,301.8856506347656
368,player,512,0,799.6863403320312,366.1568298339844,686.9862060546875,418.818359375
368,player,426,0,1099.3944091796875,580.5408325195312,730.5379638671875,976.768798828125
368,player,551,-1,694.6104125976562,284.8128662109375,673.2578735351562,91.1224136352539
369,player,536,0,1017.8699951171875,506.63531494140625,735.0187377929688,827.67578125
369,player,53,0,270.893798828125,328.1942443847656,162.3856964111328,96.69841003417969
369,player,391,1,578.5643310546875,547.10888671875,368.2284851074219,822.744873046875
369,player,426,0,1098.43115234375,581.2243041992188,729.5137939453125,977.8517456054688
369,player,1,1,445.8253173828125,363.550537109375,337.84954833984375,299.147216796875
369,player,371,1,685.6964721679688,323.1360168457031,619.036865234375,234.00897216796875
369,player,376,0,819.9820556640625,376.581787109375,694.38525390625,458.7601013183594
369,player,551,-1,694.8978271484375,284.4228820800781,673.5303344726562,90.60336303710938
369,player,461,0,779.5796508789062,363.8129577636719,669.699951171875,405.248779296875
370,player,536,0,1016.6215209960938,506.34906005859375,734.4090576171875,826.8270263671875
370,player,53,0,271.41424560546875,328.1849060058594,162.8788299560547,96.42996215820312
370,player,371,1,686.8953857421875,323.6464538574219,619.9791259765625,235.41407775878906
370,player,391,1,572.3534545898438,547.0317993164062,364.5267333984375,820.6830444335938
370,player,426,0,1097.5789794921875,581.3256225585938,728.6119995117188,978.5646362304688
370,player,1,1,446.0821533203125,362.8797302246094,338.52972412109375,296.586181640625
370,player,512,0,799.6077880859375,365.6839904785156,687.4815063476562,418.1243896484375
371,player,536,0,1015.8250732421875,505.95343017578125,733.9273681640625,825.9354248046875
371,player,53,0,271.9449157714844,328.2804870605469,163.403564453125,96.46739196777344
371,player,371,1,687.184814453125,324.0032653808594,620.5655517578125,236.81732177734375
371,player,525,0,603.2592163085938,300.3518981933594,557.78857421875,66.08322143554688
371,player,391,1,567.4110107421875,547.2544555664062,360.6917724609375,819.1446533203125
371,player,1,1,446.329345703125,362.95184326171875,339.04742431640625,295.038818359375
371,player,512,0,799.9677734375,366.0027160644531,687.8038940429688,418.057861328125
371,player,426,0,1096.429443359375,580.2371215820312,728.0615234375,978.31201171875
372,player,536,0,1014.902587890625,505.6625061035156,733.4617919921875,825.0814208984375
372,player,53,0,272.0467224121094,328.2580261230469,163.7888641357422,96.47415161132812
372,player,1,1,446.60107421875,362.95782470703125,339.482177734375,294.07318115234375
372,player,371,1,687.5072021484375,323.305908203125,621.3178100585938,236.88421630859375
372,player,512,0,799.669921875,365.8694763183594,687.9646606445312,417.8379211425781
372,player,391,1,567.4742431640625,547.3215942382812,358.2057800292969,818.1976318359375
372,player,525,0,604.3004150390625,303.09246826171875,556.8828125,87.95695495605469
372,player,426,0,1094.238037109375,579.6185913085938,727.3499145507812,977.6473388671875
373,player,536,0,1014.0785522460938,505.2041320800781,733.0863037109375,824.1387939453125
373,player,53,0,272.4573669433594,327.9981384277344,164.23866271972656,96.1660385131836
373,player,1,1,446.84906005859375,362.63531494140625,339.9224548339844,293.084716796875
373,player,380,0,596.0247802734375,546.064208984375,379.29693603515625,810.796875
373,player,512,0,798.78857421875,365.5253601074219,687.9061889648438,417.22601318359375
373,player,371,1,687.421142578125,324.0205383300781,621.5145263671875,237.82479858398438
373,player,555,-1,611.318359375,295.6630554199219,570.3130493164062,101.51612854003906
373,player,525,0,609.91357421875,300.7174072265625,559.2581787109375,99.64035034179688
373,player,426,0,1091.70166015625,579.26513671875,726.3724365234375,976.8514404296875
373,player,391,1,555.6307373046875,545.0308227539062,353.62005615234375,815.064453125
374,player,536,0,1013.74560546875,505.4290466308594,732.6817016601562,823.6630859375
374,player,53,0,272.9032897949219,327.8279113769531,164.73373413085938,95.7861557006836
374,player,380,0,591.5826416015625,546.074462890625,377.28778076171875,813.6216430664062
374,player,1,1,446.8651123046875,362.6548767089844,340.21044921875,292.4678955078125
374,player,371,1,687.3863525390625,324.99407958984375,621.2748413085938,239.6655731201172
374,player,376,0,821.7235107421875,375.20343017578125,695.988037109375,456.60205078125
374,player,525,0,612.9693603515625,299.26702880859375,562.4788818359375,105.627197265625
374,player,512,0,796.3875732421875,364.8860168457031,687.3126831054688,415.8724060058594
374,player,426,0,1089.09765625,579.5850830078125,725.0107421875,976.3678588867188
374,player,391,1,556.6129150390625,543.6101684570312,351.14898681640625,812.067626953125
375,player,536,0,1011.8150634765625,505.8254089355469,731.7783203125,823.498291015625
375,player,380,0,586.5878295898438,547.4176635742188,374.3495178222656,816.059814453125
375,player,53,0,273.1392517089844,327.7565002441406,165.16049194335938,95.4708251953125
375,player,1,1,446.983642578125,362.7247009277344,340.42657470703125,292.16595458984375
375,player,376,0,822.07666015625,375.12078857421875,697.1747436523438,455.14971923828125
375,player,426,0,1087.797119140625,578.5932006835938,724.0947265625,975.3822631835938
375,player,371,1,687.6156616210938,324.05450439453125,621.544189453125,239.70045471191406
375,player,525,0,612.2459716796875,297.78314208984375,564.8217163085938,107.32576751708984
375,player,461,0,777.067626953125,363.0653381347656,669.740966796875,403.9803466796875
375,player,556,-1,529.306640625,543.8906860351562,324.2437438964844,801.3497314453125
376,player,536,0,1009.4066772460938,505.42437744140625,730.6771850585938,822.93017578125
376,player,380,0,586.3931884765625,547.4591064453125,372.37799072265625,817.6602783203125
376,player,53,0,273.0478820800781,327.5856628417969,165.42196655273438,95.00869750976562
376,player,1,1,447.42626953125,362.7250671386719,340.7290344238281,292.02374267578125
376,player,371,1,688.6897583007812,323.3572998046875,622.3612670898438,238.97378540039062
376,player,376,0,821.9154052734375,375.4259948730469,697.7809448242188,454.50885009765625
376,player,426,0,1086.477783203125,578.2083740234375,723.28857421875,974.431396484375
376,player,461,0,776.360107421875,362.8683776855469,669.603759765625,402.861328125
376,player,525,0,614.5084838867188,295.5205078125,568.01953125,105.54217529296875
376,player,556,-1,531.8876953125,544.4171752929688,324.89801025390625,801.9248657226562
377,player,536,0,1006.47509765625,504.9403076171875,729.3336181640625,822.0018310546875
377,player,53,0,272.7056884765625,327.5162048339844,165.46119689941406,94.56022644042969
377,player,380,0,586.718505859375,547.9414672851562,371.105224609375,819.0693359375
377,player,371,1,690.0189208984375,323.4680480957031,623.3305053710938,238.8109130859375
377,player,376,0,821.8135986328125,375.7409973144531,698.0255126953125,454.41168212890625
377,player,1,1,447.4239501953125,362.5947570800781,340.9518737792969,291.7730712890625
377,player,525,0,618.9112548828125,295.0137634277344,571.9700927734375,104.28651428222656
377,player,461,0,775.3798828125,362.5284423828125,669.311767578125,401.65155029296875
377,player,556,-1,529.6898193359375,543.7689819335938,324.797119140625,801.6627197265625
377,player,426,0,1084.220947265625,578.263427734375,722.1980590820312,973.7095336914062
378,player,536,0,1004.04638671875,504.7398376464844,727.8756713867188,821.0785522460938
378,player,380,0,586.6209716796875,549.23828125,370.029296875,820.9044189453125
378,player,53,0,272.6595458984375,327.5622863769531,165.462158203125,94.32803344726562
378,player,371,1,693.5906982421875,323.8129577636719,625.1187744140625,239.59542846679688
378,player,1,1,448.4351806640625,362.0976867675781,341.5706787109375,291.1297302246094
378,player,376,0,820.65087890625,376.35467529296875,697.5818481445312,454.86895751953125
378,player,556,-1,526.86767578125,544.3525390625,323.8365478515625,801.7113037109375
378,player,461,0,774.555908203125,362.1764831542969,668.9754028320312,400.38616943359375
378,player,525,0,621.001220703125,294.7225036621094,575.4451904296875,103.35244750976562
378,player,426,0,1081.3675537109375,576.1524047851562,721.4002685546875,971.799072265625
379,player,53,0,272.39178466796875,327.62725830078125,165.34564208984375,94.23182678222656
379,player,536,0,1000.9859008789062,504.1163635253906,726.307861328125,819.8080444335938
379,player,380,0,585.8760986328125,550.469482421875,368.9122314453125,822.920654296875
379,player,371,1,697.9532470703125,322.68072509765625,628.26904296875,239.22146606445312
379,player,1,1,449.0867919921875,361.8429870605469,342.2648620605469,290.4813537597656
379,player,376,0,819.551513671875,376.5926818847656,696.850341796875,455.2999267578125
379,player,461,0,780.7215576171875,362.6282653808594,670.6456909179688,400.7412109375
379,player,525,0,622.573974609375,294.2522888183594,578.478515625,102.29908752441406
379,player,556,-1,526.341552734375,545.9922485351562,322.81103515625,802.9012451171875
379,player,426,0,1077.9482421875,576.0692749023438,720.0687255859375,970.298828125
380,player,53,0,272.65399169921875,328.12969970703125,165.31427001953125,94.92431640625
380,player,380,0,585.1551513671875,550.79443359375,367.9295349121094,824.41064453125
380,player,371,1,698.8187866210938,322.7396545410156,630.60595703125,239.16302490234375
380,player,536,0,998.642578125,502.8591003417969,725.0601806640625,817.90478515625
380,player,1,1,449.5174865722656,361.3495178222656,342.97735595703125,289.512451171875
380,player,376,0,818.70947265625,376.7388000488281,696.048828125,455.6446533203125
380,player,556,-1,520.8529052734375,543.8551025390625,320.90411376953125,801.7081298828125
380,player,525,0,624.4171142578125,294.0185852050781,581.2424926757812,101.54330444335938
380,player,512,0,797.9473266601562,363.8582458496094,687.8240966796875,414.0429992675781
380,player,426,0,1075.142578125,575.061279296875,718.8056640625,968.5440673828125
381,player,53,0,272.3404846191406,328.38714599609375,165.13436889648438,95.6971206665039
381,player,371,1,699.8084716796875,323.3109130859375,632.2678833007812,239.97509765625
381,player,380,0,583.9930419921875,551.8372802734375,366.7899169921875,826.0364990234375
381,player,1,1,450.002685546875,361.0924987792969,343.67236328125,288.62896728515625
381,player,376,0,818.067138671875,376.94024658203125,695.2461547851562,456.0119934082031
381,player,536,0,994.894775390625,500.3602294921875,724.0369873046875,814.5819091796875
381,player,525,0,627.7847290039062,295.5843200683594,583.75439453125,103.75297546386719
381,player,556,-1,517.5711669921875,542.7409057617188,318.89453125,799.8712158203125
381,player,426,0,1073.1494140625,572.7815551757812,718.1522216796875,965.89990234375
382,player,53,0,271.8343505859375,328.65869140625,164.7779541015625,96.51460266113281
382,player,380,0,583.19677734375,553.4896240234375,365.5491943359375,828.2064208984375
382,player,371,1,701.0941772460938,322.5872497558594,634.0798950195312,239.7479248046875
382,player,1,1,450.0511779785156,361.89208984375,343.9739685058594,289.03253173828125
382,player,536,0,989.2940673828125,500.7311706542969,721.7481689453125,812.2813110351562
382,player,376,0,817.4827880859375,376.9098205566406,694.5465698242188,456.15777587890625
382,player,525,0,632.440185546875,296.4300842285156,586.8530883789062,107.040283203125
382,player,426,0,1071.644775390625,573.727783203125,717.0849609375,964.6632080078125
382,player,556,1,514.4940185546875,542.2843017578125,316.7753601074219,798.112548828125
383,player,53,0,271.4381408691406,329.35546875,164.2993927001953,97.98159790039062
383,player,1,1,450.40655517578125,362.5201416015625,344.16845703125,290.099609375
383,player,536,0,984.6580810546875,503.48626708984375,718.1480102539062,812.4466552734375
383,player,556,1,511.052734375,543.5776977539062,314.218017578125,797.66650390625
383,player,380,0,580.66845703125,555.9822998046875,363.62274169921875,831.1943969726562
383,player,371,1,707.8240356445312,322.5315856933594,637.6944580078125,240.3822021484375
383,player,376,0,817.2506713867188,376.98516845703125,693.9891357421875,456.3070068359375
383,player,525,0,635.588623046875,297.582763671875,589.6409912109375,111.24002838134766
383,player,426,0,1070.412841796875,578.2730712890625,714.7883911132812,966.5280151367188
384,player,53,0,271.13055419921875,329.98431396484375,163.7862548828125,99.78489685058594
384,player,556,1,505.76519775390625,541.2931518554688,311.3766784667969,795.2974853515625
384,player,1,1,451.2800598144531,363.12451171875,344.4876708984375,291.63037109375
384,player,536,0,982.4733276367188,501.5919494628906,715.8136596679688,811.0196533203125
384,player,371,1,711.68603515625,324.41082763671875,640.7177734375,243.65460205078125
384,player,512,0,800.2769775390625,364.5282897949219,688.6766357421875,413.83782958984375
384,player,391,1,568.1005249023438,554.8344116210938,350.9473876953125,819.0013427734375
384,player,525,0,636.6057739257812,303.2568664550781,589.7646484375,121.99859619140625
384,player,426,0,1069.20751953125,580.0081787109375,712.5081176757812,968.7077026367188
385,player,53,0,270.76080322265625,330.0088806152344,163.29959106445312,100.93958282470703
385,player,371,1,713.2578125,324.8817138671875,643.066650390625,246.57101440429688
385,player,556,1,500.313232421875,539.5073852539062,308.22216796875,792.0239868164062
385,player,1,1,452.7178955078125,362.5753173828125,345.336181640625,292.134765625
385,player,536,0,979.9261474609375,501.752197265625,713.560302734375,810.0218505859375
385,player,512,0,800.333984375,365.00518798828125,689.072021484375,414.2291259765625
385,player,391,1,569.3310546875,555.5111083984375,351.0498962402344,824.0738525390625
385,player,426,0,1067.68798828125,579.8494262695312,710.699462890625,969.9373779296875
385,player,525,0,637.3644409179688,305.1111145019531,589.460205078125,131.6412353515625
386,player,53,0,270.438232421875,330.11309814453125,162.83956909179688,101.79237365722656
386,player,371,1,714.733642578125,325.06610107421875,645.0504150390625,248.8831787109375
386,player,1,1,453.4229736328125,362.0397033691406,346.2586364746094,291.8991394042969
386,player,556,1,494.9815979003906,542.5623168945312,304.19085693359375,791.76513671875
386,player,391,1,564.6464233398438,558.0708618164062,349.39691162109375,828.840576171875
386,player,512,0,800.3059692382812,365.792724609375,689.027099609375,415.3350830078125
386,player,536,0,977.8619995117188,501.38409423828125,711.6544799804688,808.9537353515625
386,player,525,0,641.605224609375,313.1239013671875,587.9835205078125,149.29971313476562
386,player,426,0,1066.448974609375,578.261962890625,709.6704711914062,969.7086181640625
387,player,53,0,270.12493896484375,330.1142883300781,162.41322326660156,102.30404663085938
387,player,556,1,492.5187683105469,540.9974975585938,301.0856018066406,790.2523803710938
387,player,1,1,454.10333251953125,361.52569580078125,347.216064453125,291.2049255371094
387,player,371,1,716.6695556640625,324.599365234375,647.2068481445312,250.04298400878906
387,player,391,1,559.4505615234375,557.84423828125,346.9101257324219,831.4113159179688
387,player,512,0,800.3006591796875,365.89471435546875,688.958251953125,416.16387939453125
387,player,536,0,973.8741455078125,501.0479736328125,709.4448852539062,807.7213134765625
387,player,525,0,646.2070922851562,321.52691650390625,585.775390625,172.4200439453125
387,player,426,0,1065.1744384765625,577.7557983398438,708.8329467773438,969.177734375
388,player,556,1,488.1529541015625,541.1324462890625,297.787353515625,789.0423583984375
388,player,53,0,269.9781494140625,330.364013671875,162.04611206054688,102.97010040283203
388,player,525,0,648.684814453125,323.9274597167969,584.4137573242188,190.86434936523438
388,player,391,1,557.0087280273438,557.1166381835938,344.7274169921875,832.396484375
388,player,512,0,800.37548828125,366.4550476074219,688.7303466796875,417.3174133300781
388,player,371,1,716.8280639648438,325.9601745605469,648.150146484375,252.52186584472656
388,player,1,1,455.811767578125,360.0732421875,348.77362060546875,289.19476318359375
388,player,536,0,971.733642578125,501.3816223144531,707.3270874023438,807.00634765625
389,player,391,1,552.9373779296875,556.8735961914062,342.2089538574219,832.5756225585938
389,player,556,1,483.2757873535156,539.6021728515625,294.44952392578125,786.7487182617188
389,player,53,0,269.90728759765625,330.75872802734375,161.73081970214844,103.95235443115234
389,player,536,0,969.802001953125,502.0694885253906,705.2158203125,806.9012451171875
389,player,525,0,649.5762939453125,323.664794921875,583.9443969726562,202.6300048828125
389,player,512,0,804.76953125,370.68963623046875,688.4607543945312,423.0909423828125
389,player,1,1,458.05322265625,359.08599853515625,350.8202209472656,286.9569396972656
389,player,371,1,718.590576171875,326.27508544921875,649.2713623046875,254.74659729003906
389,player,426,0,1061.17529296875,574.83447265625,708.1365966796875,966.8228759765625
390,player,391,1,550.41064453125,556.6751098632812,339.8961181640625,832.371826171875
390,player,556,1,479.0771484375,538.5223999023438,291.2142028808594,784.1328735351562
390,player,53,0,269.8277587890625,331.39947509765625,161.41598510742188,105.48605346679688
390,player,536,0,968.7613525390625,502.2919616699219,703.4938354492188,806.9185791015625
390,player,525,0,651.289306640625,323.34918212890625,584.373046875,210.09181213378906
390,player,512,0,802.5369262695312,369.05108642578125,688.15771484375,424.8505554199219
390,player,371,1,720.2517700195312,324.6465759277344,651.2094116210938,254.3625030517578
390,player,1,1,461.16693115234375,357.5869445800781,353.6190185546875,284.0486755371094
390,player,426,0,1056.0269775390625,577.4833374023438,705.668212890625,966.5798950195312
391,player,391,1,547.3731079101562,555.541259765625,337.7188720703125,831.2197265625
391,player,53,0,269.6846923828125,332.1669616699219,161.06065368652344,107.54611206054688
391,player,512,0,800.4307861328125,367.796142578125,687.732177734375,424.4178771972656
391,player,525,0,652.279296875,322.7632751464844,585.2164306640625,214.31512451171875
391,player,536,0,967.9580688476562,503.1980285644531,701.8781127929688,807.530517578125
391,player,556,1,473.43756103515625,541.8458251953125,287.0152587890625,784.4923095703125
391,player,371,1,721.5013427734375,323.86651611328125,653.2120971679688,253.29022216796875
391,player,1,1,463.1663818359375,356.8017272949219,356.34503173828125,281.4399719238281
391,player,573,-1,444.4722900390625,335.18084716796875,355.14208984375,191.11781311035156
391,player,426,0,1051.98974609375,581.1483154296875,702.0464477539062,968.381103515625
392,player,391,1,543.420654296875,553.3412475585938,335.5359802246094,828.6223754882812
392,player,53,0,269.32781982421875,332.30914306640625,160.66812133789062,109.03538513183594
392,player,525,0,652.8091430664062,322.0030517578125,586.223388671875,216.14822387695312
392,player,556,1,467.51214599609375,552.6295166015625,281.12908935546875,792.22509765625
392,player,512,0,803.0281372070312,369.94451904296875,687.5160522460938,426.7233581542969
392,player,1,1,463.3002624511719,357.1573181152344,358.08795166015625,280.19720458984375
392,player,371,1,722.8399047851562,325.37005615234375,654.4163818359375,254.6456298828125
392,player,536,0,967.2777099609375,503.57843017578125,700.5272827148438,808.155029296875
392,player,426,0,1049.8009033203125,585.0431518554688,698.0771484375,971.745361328125
392,player,569,-1,452.0115051269531,354.0127258300781,351.3876037597656,262.8163146972656
393,player,391,1,539.3250122070312,554.1368408203125,332.841552734375,827.20703125
393,player,556,1,461.89227294921875,561.1250610351562,274.5985107421875,802.96533203125
393,player,53,0,269.14459228515625,332.35455322265625,160.33334350585938,110.04165649414062
393,player,536,0,966.50244140625,503.5209655761719,699.4578857421875,808.4623413085938
393,player,1,1,464.847412109375,356.9793701171875,359.82830810546875,279.3607482910156
393,player,512,0,805.1839599609375,370.4823913574219,687.88330078125,429.02783203125
393,player,525,0,653.37548828125,321.28289794921875,587.3369750976562,216.4822235107422
393,player,371,1,724.1693115234375,328.8518981933594,654.3491821289062,260.0213623046875
393,player,569,-1,452.2052001953125,353.9099426269531,351.48150634765625,262.71258544921875
393,player,426,0,1048.5198974609375,585.2598876953125,695.1245727539062,973.9839477539062
394,player,391,1,536.1683349609375,557.08935546875,329.75146484375,828.1591796875
394,player,556,1,457.83856201171875,565.855712890625,268.6076965332031,813.016845703125
394,player,536,0,965.0880126953125,502.6656188964844,698.6444091796875,807.9359130859375
394,player,53,0,268.97760009765625,332.8482971191406,159.9888916015625,111.36748504638672
394,player,512,0,805.1482543945312,371.07281494140625,687.89306640625,431.1519775390625
394,player,1,1,467.70599365234375,356.88470458984375,362.02996826171875,279.05126953125
394,player,525,0,655.287353515625,321.34613037109375,588.736572265625,217.02792358398438
394,player,371,1,726.185302734375,326.88897705078125,655.7643432617188,261.3314208984375
394,player,426,0,1047.744873046875,584.0004272460938,693.3631591796875,974.6422729492188
394,player,569,-1,452.07952880859375,353.92828369140625,351.4920349121094,262.65234375
395,player,391,1,531.91845703125,559.5050659179688,326.1866455078125,830.1828002929688
395,player,536,0,962.58056640625,500.53692626953125,698.0939331054688,805.853759765625
395,player,512,0,803.9537963867188,371.9978942871094,687.1695556640625,433.39056396484375
395,player,53,0,268.505126953125,333.3035888671875,159.51950073242188,112.80315399169922
395,player,1,1,469.57879638671875,356.6220703125,364.20684814453125,278.75750732421875
395,player,525,0,655.9609375,322.0204772949219,589.6549072265625,218.34007263183594
395,player,556,1,452.966796875,565.9856567382812,263.318603515625,819.294921875
395,player,371,1,727.9645385742188,326.4857177734375,657.4688720703125,261.9024658203125
395,player,426,0,1047.15576171875,582.8563842773438,692.3900756835938,974.3514404296875
395,player,569,-1,452.34088134765625,353.70819091796875,351.64324951171875,262.3719787597656
396,player,556,1,443.61749267578125,565.4411010742188,257.2958984375,822.32177734375
396,player,536,0,961.0977783203125,500.7183532714844,697.2786865234375,804.5238037109375
396,player,1,1,470.5854187011719,356.74462890625,365.96368408203125,278.84014892578125
396,player,53,0,268.3150634765625,333.9013366699219,159.06631469726562,114.54879760742188
396,player,512,0,804.10693359375,372.57855224609375,686.5368041992188,435.4791259765625
396,player,525,0,657.1739501953125,322.71795654296875,590.44873046875,220.24725341796875
396,player,391,1,534.9059448242188,563.36962890625,324.12646484375,834.4219970703125
396,player,371,1,730.0147094726562,328.5093078613281,658.5299072265625,265.0367431640625
396,player,426,0,1047.205322265625,582.1895751953125,691.9542236328125,973.7664794921875
396,player,569,-1,455.7413635253906,353.5569763183594,353.0333251953125,262.4241638183594
397,player,536,0,960.14306640625,502.09161376953125,696.068115234375,804.593505859375
397,player,556,1,434.95550537109375,565.3439331054688,250.93060302734375,823.599609375
397,player,53,0,267.8736267089844,333.6685485839844,158.6211395263672,115.29508972167969
397,player,1,1,472.1410217285156,356.90667724609375,367.6396179199219,279.2828063964844
397,player,525,0,661.035400390625,323.2025146484375,592.1986083984375,222.6046600341797
397,player,512,0,806.589111328125,373.3923034667969,686.6373901367188,437.9632568359375
397,player,371,1,732.056640625,327.87713623046875,660.1826171875,266.5445861816406
397,player,391,1,531.8911743164062,566.3466796875,321.5060119628906,839.038818359375
397,player,461,0,777.94677734375,362.1871337890625,670.9688720703125,400.180419921875
397,player,426,0,1046.0777587890625,582.7277221679688,691.245849609375,973.6400146484375
398,player,391,1,530.4027099609375,568.0895385742188,319.1330261230469,843.1434326171875
398,player,536,0,958.7647705078125,501.85430908203125,694.9811401367188,804.3639526367188
398,player,556,1,424.5010070800781,565.604736328125,243.78515625,823.865478515625
398,player,1,1,473.60504150390625,356.2449951171875,369.41473388671875,278.93896484375
398,player,525,0,665.86181640625,322.9060363769531,595.1939697265625,224.37484741210938
398,player,53,0,267.4573059082031,333.34063720703125,158.2024688720703,115.26130676269531
398,player,512,0,805.5386962890625,373.61285400390625,686.2798461914062,439.7000732421875
398,player,461,0,777.8436889648438,362.9493713378906,670.8663330078125,400.643798828125
398,player,371,1,734.1168212890625,325.282470703125,662.9845581054688,264.5579833984375
398,player,426,0,1046.2764892578125,581.7359008789062,691.1084594726562,972.9758911132812
399,player,391,1,528.5431518554688,568.049072265625,317.08001708984375,845.6536865234375
399,player,525,0,666.0108642578125,324.3277282714844,596.690673828125,227.3631591796875
399,player,556,1,418.55712890625,565.83349609375,237.41900634765625,823.7741088867188
399,player,536,0,957.2835693359375,498.2743835449219,694.9747314453125,801.476318359375
399,player,1,1,475.2897033691406,355.093505859375,371.44769287109375,277.5079345703125
399,player,376,0,815.1016845703125,377.4148254394531,692.7745361328125,456.6280212402344
399,player,53,0,267.53558349609375,333.42193603515625,157.95233154296875,115.36456298828125
399,player,569,-1,461.040771484375,355.1692810058594,355.541015625,265.1119384765625
399,player,461,0,777.64306640625,362.98162841796875,670.7211303710938,400.95843505859375
399,player,371,1,735.1123046875,322.5863952636719,666.2073364257812,260.0171203613281
400,player,391,1,525.8714599609375,568.3416137695312,314.960693359375,847.30126953125
400,player,556,1,411.621337890625,565.8775024414062,231.29490661621094,823.2470703125
400,player,525,0,666.2523193359375,325.0126647949219,597.5087280273438,230.20956420898438
400,player,1,1,476.94244384765625,353.959716796875,373.63519287109375,275.3844909667969
400,player,376,0,815.3602294921875,377.2796325683594,692.1181030273438,456.7225036621094
400,player,53,0,267.60455322265625,334.00494384765625,157.7484130859375,116.25963592529297
400,player,536,0,955.14794921875,497.4654846191406,694.6396484375,798.8431396484375
400,player,461,0,778.278076171875,362.9673156738281,670.8433837890625,401.21710205078125
400,player,582,-1,743.9620361328125,350.1809387207031,651.3079833984375,349.517822265625
400,player,371,1,737.9901123046875,320.7772216796875,670.0364990234375,255.14903259277344
401,player,1,1,478.551513671875,353.84454345703125,375.6748046875,274.06048583984375
401,player,556,1,404.02191162109375,565.5794677734375,225.1720733642578,822.1434326171875
401,player,391,1,524.0029907226562,568.4783325195312,313.0440673828125,848.33642578125
401,player,525,0,667.295654296875,325.5470275878906,598.22900390625,232.87216186523438
401,player,53,0,267.11480712890625,334.750244140625,157.33001708984375,117.81693267822266
401,player,512,0,805.8330078125,374.5556335449219,685.7993774414062,441.856689453125
401,player,536,0,955.0697631835938,495.8421630859375,694.90283203125,795.9232177734375
401,player,461,0,779.618896484375,362.6107482910156,671.4993896484375,401.140625
401,player,371,1,738.488525390625,322.33172607421875,672.0912475585938,254.0050506591797
401,player,582,-1,744.6248779296875,350.2269592285156,651.5177001953125,349.64727783203125
402,player,391,1,522.2850952148438,568.2064208984375,311.35980224609375,848.7009887695312
402,player,1,1,480.1165771484375,353.45928955078125,377.66448974609375,272.9174499511719
402,player,556,1,395.92547607421875,563.9652099609375,219.0409393310547,819.6807861328125
402,player,536,0,952.681396484375,493.64697265625,695.103515625,792.212158203125
402,player,512,0,805.524658203125,374.560791015625,685.3848266601562,443.2313537597656
402,player,53,0,266.2346496582031,335.35345458984375,156.6321563720703,119.54967498779297
402,player,525,0,669.16015625,324.7844543457031,599.6414794921875,233.86962890625
402,player,461,0,779.3763427734375,362.0897216796875,672.0357055664062,400.4903564453125
402,player,582,-1,742.825927734375,348.7537536621094,651.5748291015625,347.8215026855469
403,player,1,1,481.5704650878906,352.91973876953125,379.6171875,271.68743896484375
403,player,556,1,389.52020263671875,563.5170288085938,213.25924682617188,817.2913818359375
403,player,391,1,520.773681640625,568.2088623046875,309.8442077636719,848.8340454101562
403,player,536,0,947.1696166992188,490.27508544921875,694.7735595703125,786.8546142578125
403,player,512,0,807.499755859375,373.0935363769531,686.2947387695312,442.7823486328125
403,player,53,0,265.7845458984375,336.2143859863281,155.89654541015625,121.81421661376953
403,player,525,0,671.613037109375,323.80938720703125,601.79443359375,233.58724975585938
403,player,371,1,741.7068481445312,333.21746826171875,670.3505859375,267.1004638671875
403,player,461,0,777.0550537109375,361.0650939941406,671.9856567382812,398.67987060546875
404,player,391,1,519.8527221679688,568.3583984375,308.5813903808594,848.9598388671875
404,player,1,1,483.61468505859375,352.305419921875,381.78118896484375,270.38079833984375
404,player,536,0,943.6444091796875,488.2580261230469,694.2188110351562,781.5797729492188
404,player,556,1,385.69110107421875,563.973388671875,208.3509521484375,815.7891845703125
404,player,376,0,816.8514404296875,376.24658203125,692.5523681640625,455.85955810546875
404,player,53,0,265.3436584472656,336.8371276855469,155.1685028076172,124.09164428710938
404,player,371,1,742.3704833984375,329.6298522949219,670.82763671875,271.3152770996094
404,player,525,0,673.2219848632812,326.08984375,602.9619140625,236.50738525390625
404,player,461,0,775.2298583984375,360.2898254394531,671.6275634765625,396.4420166015625
405,player,391,1,519.1286010742188,568.4073486328125,307.55206298828125,849.0247802734375
405,player,1,1,484.6651611328125,352.7173767089844,383.4774169921875,270.170654296875
405,player,556,1,381.9263610839844,565.7639770507812,203.89471435546875,815.8296508789062
405,player,536,0,940.6474609375,486.5045166015625,693.57958984375,776.5897216796875
405,player,376,0,817.0863037109375,375.2372741699219,693.2818603515625,454.2647705078125
405,player,371,1,742.353759765625,325.48345947265625,672.7413330078125,268.9331970214844
405,player,53,0,264.8141174316406,336.85205078125,154.48046875,125.51927185058594
405,player,525,0,675.2736206054688,326.07525634765625,604.465576171875,238.64646911621094
405,player,461,0,775.6503295898438,360.1661071777344,671.5806884765625,394.8968505859375
406,player,1,1,484.6478271484375,352.8002014160156,384.5542297363281,270.13421630859375
406,player,391,1,516.9506225585938,568.6819458007812,306.2377014160156,849.1051025390625
406,player,536,0,938.0465087890625,486.5654602050781,692.426513671875,773.193115234375
406,player,556,1,378.27691650390625,567.2346801757812,199.80136108398438,816.6483764648438
406,player,376,0,817.1567993164062,375.3887939453125,693.7230834960938,453.3946533203125
406,player,371,1,742.4029541015625,327.5523681640625,673.1969604492188,269.95355224609375
406,player,53,0,264.59283447265625,336.6955871582031,153.96229553222656,126.19889831542969
406,player,525,0,676.5614013671875,325.9049987792969,605.9677734375,239.98416137695312
406,player,461,0,771.7769775390625,359.32098388671875,670.5635986328125,392.52239990234375
407,player,556,1,375.38665771484375,567.8390502929688,196.2499237060547,817.4050903320312
407,player,1,1,484.49072265625,352.8973693847656,385.1737060546875,270.211181640625
407,player,536,0,937.3460693359375,485.6296081542969,691.775390625,770.2176513671875
407,player,376,0,816.5018310546875,373.80877685546875,694.380126953125,451.0975036621094
407,player,391,1,514.8333740234375,569.2095336914062,304.7193298339844,849.374755859375
407,player,371,1,744.1600952148438,337.5533447265625,670.2801513671875,282.9892578125
407,player,53,0,264.0645751953125,336.700439453125,153.41226196289062,126.57408142089844
407,player,525,0,679.0223388671875,331.0605163574219,605.9951171875,247.63519287109375
407,player,426,0,1015.6082763671875,584.1990356445312,682.8139038085938,972.160888671875
408,player,556,1,372.60772705078125,568.3004150390625,193.0972900390625,818.0269165039062
408,player,1,1,484.64971923828125,353.3567199707031,385.52734375,270.84765625
408,player,376,0,816.5926513671875,373.9637451171875,694.7794799804688,449.77734375
408,player,536,0,936.8867797851562,484.8674621582031,691.4633178710938,767.6655883789062
408,player,391,1,512.8805541992188,569.2642822265625,303.18109130859375,849.4515991210938
408,player,371,1,746.13671875,344.6811218261719,666.4030151367188,300.13623046875
408,player,53,0,263.7835998535156,336.8589782714844,152.92337036132812,126.99952697753906
408,player,525,0,679.927978515625,334.2113952636719,605.2276611328125,256.62420654296875
408,player,426,0,1013.22509765625,584.4710693359375,676.7628173828125,971.6497192382812
409,player,556,1,368.138427734375,568.7290649414062,189.7210693359375,818.4154052734375
409,player,1,1,484.9996337890625,353.33612060546875,385.89044189453125,271.279052734375
409,player,391,1,509.9141540527344,569.5127563476562,301.32037353515625,849.4664306640625
409,player,376,0,817.3389892578125,376.4333190917969,694.37158203125,451.5918273925781
409,player,536,0,935.7178955078125,483.9754638671875,691.2158203125,765.233154296875
409,player,525,0,681.302734375,336.9332580566406,604.2667236328125,265.9765930175781
409,player,371,1,748.6986083984375,344.5478515625,664.8135375976562,311.4256591796875
409,player,53,0,263.82196044921875,337.1718444824219,152.58505249023438,127.71636199951172
409,player,426,0,1011.2725830078125,584.6660766601562,672.2967529296875,971.31591796875
410,player,556,1,363.8593444824219,569.4415283203125,186.2275848388672,818.869384765625
410,player,1,1,485.4287109375,352.28759765625,386.52978515625,270.3175048828125
410,player,376,0,817.9654541015625,377.3606262207031,693.9689331054688,453.8060302734375
410,player,391,1,506.031494140625,577.8780517578125,297.8809814453125,854.9488525390625
410,player,525,0,680.77880859375,338.6278381347656,602.8685913085938,274.0576171875
410,player,536,0,931.171630859375,481.9405212402344,690.4298095703125,761.7341918945312
410,player,371,1,750.75244140625,347.6438293457031,663.338134765625,322.60986328125
410,player,53,0,263.5685119628906,337.2283630371094,152.25668334960938,128.2257080078125
410,player,426,0,1009.806396484375,583.6685180664062,669.2990112304688,970.4105224609375
410,player,461,0,775.1210327148438,369.27984619140625,667.415771484375,402.271240234375
411,player,1,1,485.63897705078125,351.9952087402344,387.09136962890625,269.3567199707031
411,player,391,1,502.4836730957031,585.1134643554688,293.697021484375,863.15380859375
411,player,556,1,358.55328369140625,570.03955078125,182.37367248535156,819.209716796875
411,player,376,0,818.5147705078125,377.5347900390625,693.8209228515625,455.4844055175781
411,player,525,0,680.8358154296875,339.37030029296875,601.723388671875,280.2190246582031
411,player,371,1,751.9525756835938,354.507568359375,660.277587890625,337.89288330078125
411,player,536,0,927.542236328125,480.925048828125,689.2263793945312,758.3924560546875
411,player,53,0,263.189208984375,337.3304748535156,151.87893676757812,128.64608764648438
411,player,461,0,776.0675048828125,370.38458251953125,665.2881469726562,409.9021911621094
411,player,426,0,1009.3867797851562,583.3674926757812,667.3275146484375,969.615234375
412,player,556,1,354.3128662109375,571.3759765625,178.52597045898438,820.0811767578125
412,player,376,0,819.213134765625,377.8389892578125,693.8388061523438,456.96539306640625
412,player,1,1,486.1180419921875,351.1942138671875,387.8213195800781,267.7987976074219
412,player,525,0,682.1942138671875,342.72283935546875,600.304931640625,288.433837890625
412,player,391,1,499.4132080078125,589.8446655273438,289.5147399902344,871.4329223632812
412,player,536,0,925.6485595703125,482.7245178222656,687.3551635742188,757.463623046875
412,player,371,1,755.8555297851562,358.2142333984375,658.2686157226562,352.4520263671875
412,player,53,0,262.7708435058594,337.5029602050781,151.44537353515625,129.10093688964844
412,player,461,0,775.58837890625,371.03277587890625,663.5166015625,415.50830078125
413,player,556,1,351.1752014160156,573.6865234375,174.91567993164062,822.0694580078125
413,player,376,0,819.5430908203125,378.0404968261719,693.8831176757812,458.17236328125
413,player,371,1,758.7449951171875,358.52252197265625,657.8247680664062,362.58526611328125
413,player,536,0,924.2932739257812,482.9521179199219,685.6909790039062,756.93017578125
413,player,525,0,685.9443969726562,345.1123352050781,599.8807373046875,297.078369140625
413,player,391,1,497.7869873046875,592.12548828125,286.0564880371094,878.21435546875
413,player,1,1,487.28472900390625,350.130126953125,388.977294921875,265.6087646484375
413,player,53,0,262.14923095703125,337.71826171875,150.88900756835938,129.609375
413,player,461,0,774.43310546875,370.4203186035156,662.2017211914062,418.3684997558594
414,player,556,1,347.7811279296875,576.108154296875,171.38165283203125,824.8374633789062
414,player,376,0,819.6843872070312,378.31182861328125,693.858154296875,459.2540283203125
414,player,371,1,760.0415649414062,357.17156982421875,658.462158203125,367.8013916015625
414,player,536,0,923.04638671875,483.5581359863281,684.0743408203125,756.9537353515625
414,player,525,0,687.2673950195312,345.1675109863281,600.0489501953125,302.92041015625
414,player,391,1,496.5925598144531,589.5673828125,283.81378173828125,880.8494262695312
414,player,53,0,261.52215576171875,337.39337158203125,150.31198120117188,129.40182495117188
414,player,1,1,487.83734130859375,350.5448303222656,389.833740234375,264.7695617675781
414,player,461,0,774.31005859375,366.7674255371094,662.6117553710938,416.2574462890625
415,player,556,1,343.3465576171875,578.721435546875,167.58880615234375,828.1661376953125
415,player,376,0,819.8563842773438,377.91827392578125,694.0416259765625,459.56536865234375
415,player,371,1,761.2520751953125,356.3516540527344,659.5828857421875,370.40545654296875
415,player,525,0,687.857177734375,344.6708984375,600.5347900390625,306.19659423828125
415,player,536,0,922.077392578125,484.29095458984375,682.52734375,757.4580078125
415,player,53,0,260.9947509765625,337.23223876953125,149.74285888671875,128.9698028564453
415,player,1,1,490.1444091796875,351.0867919921875,391.1102294921875,265.18280029296875
415,player,391,1,496.42547607421875,584.54833984375,282.9644775390625,879.2002563476562
416,player,556,1,338.87005615234375,580.9276123046875,163.65724182128906,831.563232421875
416,player,536,0,920.251220703125,484.0772399902344,681.079833984375,757.4798583984375
416,player,376,0,820.303466796875,377.164306640625,694.58203125,459.0283508300781
416,player,371,1,762.4608154296875,354.46746826171875,661.40869140625,370.10662841796875
416,player,525,0,687.5697021484375,342.77532958984375,601.4019775390625,306.0267028808594
416,player,53,0,260.1445007324219,337.12982177734375,149.04208374023438,128.42857360839844
416,player,391,1,497.19940185546875,583.9759521484375,282.7003173828125,877.7962646484375
416,player,1,1,493.0394287109375,350.689208984375,393.09912109375,265.31707763671875
417,player,536,0,918.9804077148438,483.39373779296875,679.9960327148438,756.868896484375
417,player,376,0,820.57275390625,376.9178771972656,695.1109619140625,458.4501953125
417,player,525,0,689.620361328125,341.5050048828125,603.1251831054688,304.637451171875
417,player,53,0,260.04736328125,336.802490234375,148.58432006835938,127.60758972167969
417,player,371,1,763.3427734375,353.74322509765625,663.159912109375,369.1915283203125
417,player,556,1,333.01995849609375,582.1577758789062,159.32887268066406,834.2200927734375
417,player,1,1,495.1077880859375,350.0229187011719,395.3126525878906,264.83392333984375
417,player,391,1,497.40264892578125,586.0148315429688,282.3169250488281,878.2646484375
417,player,426,0,1000.009765625,585.4381103515625,663.18310546875,969.7730712890625
418,player,536,0,917.3697509765625,482.6696472167969,679.066162109375,755.7874755859375
418,player,376,0,821.193359375,376.6276550292969,695.76220703125,457.8361511230469
418,player,53,0,260.0113830566406,336.7771301269531,148.27513122558594,127.03363037109375
418,player,525,0,692.611328125,341.17803955078125,605.409423828125,303.7008056640625
418,player,556,1,325.55145263671875,584.5563354492188,154.19094848632812,837.0973510742188
418,player,371,1,764.1904296875,355.3031921386719,664.0112915039062,370.45819091796875
418,player,1,1,495.6781005859375,350.5062561035156,396.84423828125,265.1903076171875
418,player,391,1,496.6415710449219,587.3845825195312,281.68017578125,879.432861328125
418,player,426,0,998.4119873046875,585.71142578125,660.0230712890625,969.9427490234375
419,player,536,0,915.8115234375,483.5021057128906,677.7708740234375,755.6063232421875
419,player,376,0,821.4002685546875,376.951904296875,696.1329345703125,457.79730224609375
419,player,53,0,259.86083984375,336.9179992675781,147.99761962890625,126.83583068847656
419,player,525,0,694.263427734375,341.3683166503906,607.4075927734375,303.5190734863281
419,player,371,1,764.1332397460938,358.87396240234375,663.2421875,375.28558349609375
419,player,556,1,318.7320556640625,584.8041381835938,148.88455200195312,838.6604614257812
419,player,1,1,497.75616455078125,351.1490173339844,398.4469909667969,266.4748840332031
419,player,391,1,495.6841125488281,587.8137817382812,280.9481506347656,880.4139404296875
419,player,426,0,995.8211669921875,583.4785766601562,657.9180297851562,968.551025390625
420,player,536,0,913.5875854492188,484.1340637207031,676.1151123046875,755.8033447265625
420,player,376,0,820.7860717773438,377.5258483886719,695.9644165039062,458.306640625
420,player,53,0,259.5159912109375,337.0448913574219,147.66400146484375,126.83604431152344
420,player,391,1,494.40716552734375,589.7579345703125,279.8712463378906,882.2592163085938
420,player,371,1,764.9642944335938,360.79510498046875,662.3251342773438,380.65631103515625
420,player,1,1,501.1727294921875,351.6199951171875,400.6263427734375,268.31317138671875
420,player,556,1,312.01202392578125,584.5254516601562,143.53424072265625,839.0077514648438
420,player,525,0,696.219970703125,342.4716491699219,609.0065307617188,304.9580078125
420,player,426,0,993.3240966796875,580.6616821289062,656.6763916015625,965.7874755859375
421,player,536,0,910.0287475585938,482.7718505859375,674.46337890625,754.602294921875
421,player,53,0,259.1336364746094,337.621826171875,147.22850036621094,127.58555603027344
421,player,376,0,820.633544921875,377.6775207519531,695.7499389648438,458.77984619140625
421,player,371,1,765.742431640625,363.5744323730469,660.9884033203125,387.30804443359375
421,player,556,1,294.7744140625,584.1796264648438,135.13584899902344,837.7713623046875
421,player,1,1,504.89593505859375,352.4469299316406,403.2025146484375,270.98431396484375
421,player,391,1,492.1120300292969,589.9952392578125,278.51312255859375,883.4623413085938
421,player,525,0,697.8590087890625,343.4244689941406,610.2864379882812,307.22711181640625
421,player,426,0,992.3624267578125,583.35986328125,654.9181518554688,965.567138671875
422,player,536,0,907.3389892578125,480.7977294921875,673.242919921875,752.0792236328125
422,player,556,1,294.426513671875,583.33740234375,129.6346893310547,836.35009765625
422,player,53,0,257.98248291015625,338.1760559082031,146.4203338623047,128.6829071044922
422,player,461,0,771.3395385742188,362.6383361816406,663.3797607421875,410.03436279296875
422,player,376,0,821.3338623046875,377.1744079589844,696.0216064453125,458.635986328125
422,player,391,1,489.65594482421875,587.4259643554688,277.2869567871094,882.3682861328125
422,player,1,1,507.2840576171875,353.315185546875,405.53558349609375,274.07867431640625
422,player,426,0,990.7407836914062,584.7625122070312,653.005615234375,966.1713256835938
422,player,525,0,699.0733642578125,344.3777160644531,611.2098388671875,309.98138427734375
423,player,536,0,905.1514892578125,480.6347961425781,671.8866577148438,750.140869140625
423,player,556,1,294.06689453125,579.5147094726562,126.2188720703125,832.6947021484375
423,player,53,0,256.88885498046875,338.5526428222656,145.4133758544922,129.76719665527344
423,player,391,1,487.3492431640625,584.8222045898438,276.18994140625,879.756103515625
423,player,461,0,771.6317138671875,364.198974609375,663.4122314453125,407.7388610839844
423,player,376,0,821.6461791992188,376.7620544433594,696.450927734375,458.14471435546875
423,player,595,-1,510.70068359375,352.19989013671875,414.2151184082031,277.1136779785156
423,player,426,0,990.2438354492188,583.2575073242188,652.0345458984375,965.625244140625
423,player,525,0,699.58349609375,344.1529235839844,612.0664672851562,311.5650329589844
424,player,536,0,904.4793701171875,478.5903015136719,671.4444580078125,747.2313232421875
424,player,556,1,289.55706787109375,580.0031127929688,122.66120910644531,830.3426513671875
424,player,391,1,485.6309814453125,584.3736572265625,275.06109619140625,877.6396484375
424,player,376,0,822.4827270507812,376.3358459472656,697.1575927734375,457.46759033203125
424,player,461,0,771.2484130859375,363.6058654785156,663.519775390625,405.5528564453125
424,player,53,0,256.0076599121094,338.7593688964844,144.38165283203125,130.63670349121094
424,player,605,-1,701.5718994140625,416.25921630859375,550.5528564453125,536.1134643554688
424,player,595,-1,510.889404296875,352.9371643066406,414.10107421875,278.041015625
424,player,426,0,990.3338623046875,584.060302734375,651.2147827148438,965.7607421875
424,player,525,0,700.5145263671875,343.6336364746094,613.1298828125,312.08721923828125
425,player,536,0,904.0455322265625,477.8500061035156,671.2630615234375,744.7256469726562
425,player,391,1,483.67413330078125,585.822998046875,273.6037902832031,877.1056518554688
425,player,461,0,771.6993408203125,363.398681640625,663.8148193359375,403.9537048339844
425,player,556,1,284.4222717285156,580.5130004882812,118.8292236328125,828.8082275390625
425,player,376,0,822.9697875976562,376.8038635253906,697.6015014648438,457.56732177734375
425,player,53,0,255.4712371826172,339.302978515625,143.43594360351562,131.8805694580078
425,player,595,-1,512.0765991210938,355.5108642578125,413.8228759765625,281.9284362792969
425,player,605,-1,702.560791015625,416.0777893066406,550.9187622070312,536.0338134765625
425,player,525,0,702.7569580078125,344.02984619140625,614.4646606445312,313.1646728515625
426,player,536,0,902.9912719726562,475.6405334472656,671.5308227539062,741.275146484375
426,player,376,0,823.27099609375,376.4869689941406,698.1043701171875,457.332763671875
426,player,556,1,279.41082763671875,580.136962890625,114.91160583496094,827.1837158203125
426,player,391,1,480.82965087890625,586.5913696289062,271.776611328125,877.0814819335938
426,player,53,0,255.45455932617188,340.0055847167969,142.7381134033203,133.65785217285156
426,player,461,0,771.7764282226562,362.4884033203125,664.3618774414062,401.9197998046875
426,player,595,-1,513.9722900390625,356.87213134765625,413.99383544921875,286.33502197265625
426,player,525,0,705.2694091796875,345.0378723144531,615.853759765625,315.3587951660156
426,player,426,0,986.7312622070312,584.4228515625,649.6952514648438,965.8477172851562
427,player,536,0,902.1885375976562,475.05780029296875,671.6588745117188,738.5084228515625
427,player,556,1,277.1803894042969,580.7206420898438,111.68148803710938,826.38330078125
427,player,376,0,822.7693481445312,376.7523193359375,698.1712036132812,457.4049377441406
427,player,53,0,255.27865600585938,341.15228271484375,142.0896453857422,136.36907958984375
427,player,461,0,772.1798095703125,361.4918212890625,665.2140502929688,399.5413818359375
427,player,391,1,477.9859619140625,586.4310302734375,269.8262634277344,876.765625
427,player,595,-1,517.3150024414062,358.12286376953125,415.00482177734375,291.1112976074219
427,player,525,0,707.87451171875,346.939453125,616.9951171875,319.3367004394531
427,player,426,0,983.052001953125,584.960693359375,647.6563110351562,966.0042724609375
428,player,556,1,275.8035888671875,581.1143188476562,109.15806579589844,826.04443359375
428,player,536,0,901.025146484375,474.6082458496094,671.5529174804688,736.261962890625
428,player,53,0,255.2059326171875,343.10675048828125,141.42837524414062,140.80142211914062
428,player,376,0,821.9122924804688,377.0132751464844,697.8416137695312,457.6346435546875
428,player,391,1,475.3968200683594,588.3070068359375,267.6126708984375,877.642333984375
428,player,595,-1,520.4436645507812,359.5128173828125,416.446044921875,296.2599182128906
428,player,461,0,773.0183715820312,361.38885498046875,666.0855712890625,397.97430419921875
428,player,525,0,711.03173828125,361.6042785644531,613.78515625,339.1603698730469
429,player,556,1,272.79827880859375,582.4312744140625,106.56529235839844,826.5445556640625
429,player,536,0,900.0828247070312,473.9230651855469,671.4301147460938,734.1838989257812
429,player,391,1,472.45111083984375,589.6470336914062,265.1990966796875,878.90869140625
429,player,376,0,821.9901123046875,376.40679931640625,697.8760986328125,457.15863037109375
429,player,53,0,256.3927917480469,343.9734802246094,141.3791961669922,145.02691650390625
429,player,595,-1,522.1123046875,361.0888977050781,417.5926513671875,301.6880187988281
429,player,461,0,773.4796142578125,361.5370788574219,666.7520751953125,397.17071533203125
429,player,525,0,714.577392578125,366.29217529296875,611.32763671875,357.67987060546875
429,player,426,0,978.8963623046875,588.923583984375,644.278564453125,968.2354125976562
430,player,556,1,270.0328369140625,583.5861206054688,104.00891876220703,827.4907836914062
430,player,536,0,900.0875244140625,475.2511291503906,670.9406127929688,733.884765625
430,player,376,0,821.8311767578125,376.0529479980469,697.977783203125,456.46246337890625
430,player,525,0,716.3797607421875,366.34161376953125,610.3216552734375,369.97235107421875
430,player,391,1,469.88543701171875,585.9246826171875,263.3802490234375,877.0632934570312
430,player,53,0,255.85086059570312,344.2021484375,141.10641479492188,148.01132202148438
430,player,595,1,523.5901489257812,360.8532409667969,418.9269104003906,305.1115417480469
430,player,461,0,773.7867431640625,361.18798828125,667.4151611328125,396.29620361328125
430,player,426,0,976.1626586914062,589.23974609375,641.3267822265625,969.7093505859375
431,player,556,1,264.5426330566406,588.0164184570312,100.49826049804688,830.8391723632812
431,player,536,0,900.2398071289062,475.8006286621094,670.4957275390625,734.136474609375
431,player,376,0,821.62939453125,376.0868835449219,697.966064453125,456.0243225097656
431,player,525,0,717.4737548828125,364.70135498046875,610.5872802734375,376.261962890625
431,player,461,0,774.444580078125,361.0957336425781,668.0995483398438,395.69854736328125
431,player,391,1,467.498291015625,584.33642578125,261.733154296875,874.629638671875
431,player,595,1,524.9847412109375,360.02459716796875,420.50128173828125,306.5147705078125
431,player,53,0,253.65200805664062,344.1708068847656,140.05502319335938,149.60960388183594
431,player,426,0,973.2174072265625,588.898193359375,638.7678833007812,970.2843017578125
432,player,556,1,259.1434326171875,590.1592407226562,96.53839111328125,834.1354370117188
432,player,536,0,898.3549194335938,474.11700439453125,670.1943969726562,732.8182373046875
432,player,376,0,821.5687866210938,376.2174987792969,697.890625,455.8698425292969
432,player,461,0,775.7542724609375,361.8113098144531,668.7202758789062,396.24603271484375
432,player,525,0,718.2748413085938,361.33795166015625,612.1693115234375,376.6773376464844
432,player,595,1,525.664794921875,363.0870361328125,421.0070495605469,311.14697265625
432,player,53,0,250.53695678710938,342.71014404296875,138.27996826171875,148.22727966308594
432,player,391,1,464.26580810546875,586.59765625,259.4938049316406,874.3531494140625
432,player,426,0,971.898193359375,586.6936645507812,637.3427734375,969.2527465820312
433,player,556,1,255.1577911376953,594.9595947265625,92.55415344238281,839.3382568359375
433,player,525,0,718.3922119140625,364.4693298339844,612.1766967773438,380.46417236328125
433,player,536,0,896.0032958984375,472.77386474609375,669.74853515625,730.7064819335938
433,player,376,0,821.487060546875,376.3442687988281,697.7684326171875,455.8934631347656
433,player,461,0,777.6717529296875,364.08685302734375,668.9334106445312,399.316650390625
433,player,595,1,526.8782348632812,364.8677673339844,421.3288269042969,316.4012451171875
433,player,53,0,248.84121704101562,342.8076171875,136.43678283691406,147.23046875
433,player,391,1,460.47625732421875,585.2591552734375,257.1518249511719,873.0128173828125
434,player,525,0,718.97021484375,368.0911865234375,611.160888671875,387.002197265625
434,player,536,0,893.1424560546875,471.8320617675781,668.9390258789062,728.3536987304688
434,player,376,0,821.0556640625,376.1068420410156,697.6370849609375,455.615234375
434,player,556,1,249.54782104492188,598.5337524414062,88.16864776611328,844.79541015625
434,player,461,0,779.5244140625,366.0365905761719,668.9794311523438,403.64617919921875
434,player,53,0,248.10467529296875,344.35009765625,134.78501892089844,148.59176635742188
434,player,595,1,528.2275390625,362.10284423828125,422.70654296875,316.7111511230469
434,player,391,1,457.31707763671875,586.068603515625,254.65838623046875,872.472900390625
435,player,536,0,891.7135009765625,471.3751220703125,668.1484985351562,726.344482421875
435,player,525,0,718.5137329101562,367.7387390136719,610.46484375,390.81298828125
435,player,376,0,820.9649658203125,375.299560546875,697.8204956054688,454.57904052734375
435,player,461,0,780.6741943359375,366.302734375,669.2938232421875,406.87554931640625
435,player,556,1,244.45742797851562,596.6468505859375,83.95809936523438,846.6878051757812
435,player,595,1,528.9454956054688,359.42950439453125,424.5300598144531,313.8166198730469
435,player,391,1,454.7569274902344,585.3117065429688,252.41848754882812,871.4359130859375
435,player,53,0,247.38986206054688,345.71380615234375,133.28665161132812,151.2364501953125
436,player,536,0,891.4066162109375,471.3938903808594,667.5416870117188,725.02880859375
436,player,525,0,716.8462524414062,367.4849853515625,609.5360107421875,392.82562255859375
436,player,376,0,821.7034912109375,375.2825927734375,698.1851196289062,453.96533203125
436,player,461,0,781.72705078125,366.15045166015625,669.902099609375,408.923583984375
436,player,556,1,237.74496459960938,596.7036743164062,79.29258728027344,847.4888305664062
436,player,595,1,530.5631103515625,359.5043029785156,426.2772521972656,312.21759033203125
436,player,53,0,246.92999267578125,346.5378723144531,132.04579162597656,154.0115966796875
436,player,391,1,452.408203125,584.8692626953125,250.36358642578125,870.3018798828125
437,player,536,0,890.8382568359375,472.8909912109375,666.5240478515625,725.3228149414062
437,player,376,0,824.0398559570312,375.663330078125,699.0370483398438,454.2105712890625
437,player,525,0,717.1226806640625,367.1387634277344,609.1409301757812,393.78179931640625
437,player,556,1,231.57260131835938,595.7044677734375,74.53323364257812,846.884765625
437,player,461,0,781.8427734375,366.51776123046875,670.2025146484375,410.66705322265625
437,player,595,1,532.0938720703125,357.8017272949219,428.39508056640625,309.3239440917969
437,player,53,0,246.95773315429688,347.1565246582031,131.18777465820312,156.6569366455078
437,player,391,1,448.613037109375,587.4935302734375,247.66934204101562,871.0794677734375
438,player,536,0,889.5421142578125,471.82928466796875,665.8217163085938,724.5628051757812
438,player,525,0,717.858154296875,368.2383728027344,608.7647094726562,395.6982421875
438,player,556,1,224.74346923828125,600.4915771484375,69.26094055175781,849.3262939453125
438,player,595,1,533.1106567382812,358.31524658203125,430.0062561035156,308.18023681640625
438,player,376,0,824.1622314453125,375.94366455078125,699.5264892578125,454.6761474609375
438,player,461,0,781.157958984375,367.7627258300781,669.7207641601562,413.07733154296875
438,player,53,0,246.67385864257812,348.0174255371094,130.43043518066406,159.50119018554688
438,player,391,1,445.166748046875,598.5274658203125,243.71072387695312,878.7025146484375
439,player,536,0,888.4334716796875,470.4840393066406,665.4652099609375,722.9027099609375
439,player,525,0,718.5738525390625,369.4956970214844,608.342041015625,398.4054260253906
439,player,556,1,218.27349853515625,605.4246826171875,63.772186279296875,853.844970703125
439,player,461,0,780.673095703125,369.2191162109375,668.7228393554688,416.1666564941406
439,player,595,1,534.5462036132812,356.9140930175781,431.92822265625,305.9282531738281
439,player,376,0,825.5343627929688,377.0049743652344,699.89501953125,456.230712890625
439,player,391,1,441.4561462402344,600.1005859375,239.94692993164062,884.4451904296875
439,player,53,0,246.9503173828125,349.489013671875,129.9003448486328,163.36778259277344
440,player,536,0,887.8800048828125,468.73382568359375,665.6175537109375,720.372314453125
440,player,525,0,718.7523193359375,370.0335693359375,607.948486328125,400.77459716796875
440,player,556,1,213.85772705078125,607.9302368164062,58.84309387207031,858.1829833984375
440,player,461,0,781.1509399414062,369.943115234375,667.9718017578125,419.00689697265625
440,player,376,0,826.1131591796875,377.7510070800781,700.0454711914062,458.0784912109375
440,player,391,1,437.247802734375,596.9093627929688,236.69927978515625,885.794921875
440,player,595,1,536.537841796875,357.19927978515625,433.8204345703125,305.0460205078125
440,player,53,0,247.07662963867188,349.6429443359375,129.59048461914062,166.1046142578125
441,player,391,1,430.70526123046875,601.0030517578125,232.34835815429688,888.93505859375
441,player,525,0,718.818359375,369.9019470214844,607.758544921875,402.17755126953125
441,player,536,0,888.2996826171875,464.5559997558594,667.13916015625,715.3793334960938
441,player,556,1,209.16659545898438,608.4017944335938,54.283409118652344,861.00146484375
441,player,376,0,828.7908935546875,377.9183654785156,700.9441528320312,459.73236083984375
441,player,595,1,538.1474609375,362.1769104003906,434.352294921875,310.5916748046875
441,player,461,0,781.3167724609375,373.2698669433594,666.349853515625,424.43658447265625
441,player,53,0,246.638916015625,349.79913330078125,129.19985961914062,168.03451538085938
442,player,525,0,719.4375610351562,372.909912109375,606.84716796875,406.44012451171875
442,player,536,0,887.1414794921875,464.96710205078125,667.667724609375,712.37353515625
442,player,391,1,425.56500244140625,600.4449462890625,228.17056274414062,890.26806640625
442,player,595,1,538.9873046875,365.8959045410156,434.0546875,318.6647644042969
442,player,53,0,246.7147216796875,350.1424560546875,128.9417266845703,169.75941467285156
442,player,376,0,829.0855712890625,377.7434997558594,701.6879272460938,460.6563415527344
442,player,461,0,781.30908203125,373.5633850097656,665.1887817382812,428.2780456542969
442,player,556,1,202.37939453125,607.2269897460938,49.425148010253906,861.5692138671875
443,player,536,0,886.1580810546875,464.3708190917969,667.9161376953125,709.85400390625
443,player,525,0,719.972900390625,374.4073486328125,605.9408569335938,410.8924560546875
443,player,595,1,539.9030151367188,368.31561279296875,433.5771484375,326.83538818359375
443,player,53,0,246.999755859375,351.480712890625,128.75338745117188,172.70806884765625
443,player,376,0,829.2601928710938,377.2177429199219,702.422607421875,460.728271484375
443,player,556,1,170.94866943359375,606.0491943359375,37.278690338134766,858.9613037109375
443,player,391,1,422.33856201171875,602.1151123046875,224.39443969726562,892.0180053710938
443,player,461,0,781.8692626953125,373.2408447265625,664.7325439453125,430.49090576171875
444,player,556,1,162.11984252929688,605.7939453125,26.841232299804688,856.4768676757812
444,player,536,0,885.84716796875,466.0816345214844,667.4544067382812,709.58154296875
444,player,595,1,540.285888671875,367.9318542480469,433.4985046386719,331.74542236328125
444,player,391,1,419.25054931640625,603.239501953125,220.97689819335938,893.688232421875
444,player,525,0,720.4340209960938,376.08233642578125,604.9564208984375,415.6438293457031
444,player,376,0,829.052490234375,377.0720520019531,702.8873291015625,460.6016845703125
444,player,53,0,247.69151306152344,352.9945068359375,128.75352478027344,176.73126220703125
444,player,461,0,782.1312255859375,372.85479736328125,664.659423828125,431.5452575683594
445,player,556,1,157.94728088378906,606.0074462890625,18.845853805541992,854.7189331054688
445,player,595,1,540.8591918945312,368.62115478515625,433.4769592285156,335.802734375
445,player,536,0,884.941162109375,465.6923828125,667.0162353515625,709.0145263671875
445,player,525,0,720.1041870117188,376.95196533203125,603.9229736328125,419.63177490234375
445,player,53,0,247.80035400390625,354.33111572265625,128.6637420654297,181.13134765625
445,player,376,0,828.2384643554688,376.9437561035156,702.9744873046875,460.30078125
445,player,391,1,415.269775390625,604.57421875,217.5283203125,895.3841552734375
445,player,461,0,782.0421142578125,372.33184814453125,664.76904296875,431.6622314453125
446,player,536,0,883.8541259765625,467.53558349609375,665.847900390625,710.0511474609375
446,player,595,1,541.9263916015625,370.83941650390625,433.2838134765625,341.1237487792969
446,player,53,0,247.74632263183594,355.1412048339844,128.50393676757812,185.05377197265625
446,player,556,1,166.05743408203125,606.7086181640625,15.974926948547363,854.6227416992188
446,player,525,0,718.7244262695312,379.2727355957031,602.0400390625,424.56060791015625
446,player,376,0,826.005615234375,377.3034973144531,702.1778564453125,460.24700927734375
446,player,391,1,412.923583984375,604.10205078125,214.69207763671875,896.022705078125
446,player,461,0,781.1788940429688,371.6521911621094,664.7991943359375,430.91815185546875
447,player,556,1,166.48793029785156,607.2930908203125,14.218632698059082,854.99169921875
447,player,53,0,247.45106506347656,355.7622375488281,128.2227325439453,188.3826141357422
447,player,536,0,883.025634765625,469.7901916503906,664.1558837890625,712.4760131835938
447,player,595,1,542.6702880859375,371.9560852050781,433.1412353515625,345.95013427734375
447,player,525,0,717.3198852539062,393.636962890625,595.8082885742188,442.64337158203125
447,player,376,0,823.308837890625,377.7459716796875,700.6268310546875,460.39154052734375
447,player,391,1,411.21112060546875,602.869384765625,212.50360107421875,895.5161743164062
447,player,461,0,780.3233642578125,371.3005676269531,664.6629028320312,429.965576171875
447,player,618,-1,894.126953125,609.3301391601562,564.1786499023438,992.3616943359375
448,player,556,1,159.36219787597656,606.24560546875,11.044965744018555,854.0162353515625
448,player,53,0,246.974609375,355.83770751953125,127.84536743164062,190.58309936523438
448,player,536,0,882.023681640625,471.23681640625,662.3262939453125,715.1328735351562
448,player,525,0,715.6680908203125,410.4269104003906,586.1471557617188,471.05621337890625
448,player,595,1,543.2001953125,371.602783203125,433.3231201171875,348.742919921875
448,player,391,1,410.89947509765625,603.1158447265625,210.97064208984375,895.328125
448,player,376,0,823.4866333007812,378.53924560546875,699.38427734375,461.328857421875
448,player,461,0,783.1387939453125,370.8376159667969,665.66650390625,429.15203857421875
449,player,53,0,246.39767456054688,356.7723083496094,127.28211975097656,193.16590881347656
449,player,556,1,153.1728057861328,604.5883178710938,7.225637912750244,851.80517578125
449,player,525,0,714.7420654296875,416.5000305175781,577.796142578125,495.3341064453125
449,player,595,1,544.1854248046875,371.051025390625,433.9260559082031,350.03790283203125
449,player,376,0,824.1795654296875,378.4157409667969,698.8453369140625,461.8819580078125
449,player,536,0,881.8194580078125,472.0758056640625,660.822265625,717.5152587890625
449,player,391,1,407.7296142578125,603.7928466796875,209.03622436523438,895.4400634765625
449,player,461,0,778.4304809570312,370.6153869628906,664.847900390625,427.8778381347656
450,player,53,0,245.43453979492188,358.23992919921875,126.39611053466797,196.64065551757812
450,player,556,1,147.77703857421875,602.8834228515625,3.209258556365967,848.8052978515625
450,player,525,0,714.82763671875,414.34393310546875,573.0223388671875,509.03936767578125
450,player,595,1,546.0528564453125,370.5238952636719,435.107666015625,350.4884033203125
450,player,536,0,882.1429443359375,469.2315368652344,660.8093872070312,716.8065185546875
450,player,391,1,404.0266418457031,605.4906005859375,206.59475708007812,896.3796997070312
450,player,376,0,826.352783203125,379.0852966308594,698.948486328125,463.16204833984375
450,player,461,0,772.3917236328125,370.6244201660156,662.3208618164062,426.4084167480469
451,player,53,0,243.93170166015625,359.1441345214844,125.14527893066406,199.8834991455078
451,player,556,1,143.352294921875,604.7025146484375,-0.7201671600341797,847.8101806640625
451,player,525,0,714.6900024414062,414.6148376464844,569.7966918945312,518.1968994140625
451,player,595,1,547.051513671875,370.3215637207031,436.27825927734375,350.66339111328125
451,player,536,0,883.6222534179688,463.69659423828125,662.9417724609375,711.9776000976562
451,player,391,1,402.0860900878906,606.3828735351562,204.388427734375,897.4454345703125
451,player,376,0,826.7962646484375,378.0267639160156,699.5485229492188,462.94171142578125
451,player,461,0,769.8294067382812,371.01824951171875,659.6930541992188,425.6012268066406
452,player,53,0,242.64129638671875,359.6224060058594,123.7821273803711,202.4466094970703
452,player,556,1,139.60882568359375,605.3621215820312,-4.372860431671143,847.359130859375
452,player,525,0,714.1483764648438,416.389404296875,567.0125122070312,525.8115234375
452,player,595,1,547.9981689453125,369.5286865234375,437.5732421875,349.97308349609375
452,player,391,1,400.6867370605469,606.6807250976562,202.54185485839844,898.2403564453125
452,player,536,0,884.52001953125,466.10986328125,663.83251953125,710.8765258789062
452,player,461,0,769.9002075195312,371.4059753417969,657.87158203125,425.5015563964844
452,player,376,0,827.949462890625,377.7010803222656,700.4304809570312,462.58001708984375
453,player,53,0,241.64251708984375,359.64093017578125,122.50369262695312,204.00689697265625
453,player,556,1,132.0763397216797,606.0575561523438,-8.946964263916016,847.021240234375
453,player,525,0,713.5513916015625,417.8664245605469,564.5867919921875,532.1246337890625
453,player,595,1,549.309814453125,368.5564880371094,439.12457275390625,348.55364990234375
453,player,391,1,400.3193359375,606.2521362304688,201.28253173828125,898.4530029296875
453,player,536,0,884.3954467773438,463.7365417480469,665.1162109375,708.21923828125
453,player,376,0,826.9617919921875,375.25079345703125,701.594482421875,459.6845703125
453,player,461,0,774.5565795898438,369.8265075683594,658.7845458984375,424.237060546875
454,player,556,1,128.7657470703125,606.2711791992188,-12.885923385620117,846.7182006835938
454,player,53,0,241.75509643554688,359.720458984375,121.70927429199219,205.13929748535156
454,player,525,0,713.043212890625,417.93853759765625,562.8286743164062,536.2484741210938
454,player,595,1,550.422607421875,369.8426818847656,440.1968994140625,349.2427062988281
454,player,391,1,400.4767761230469,606.0667724609375,200.525146484375,898.48046875
454,player,376,0,826.7659912109375,376.23309326171875,701.9227294921875,458.8094177246094
454,player,536,0,884.0498657226562,463.752685546875,665.846435546875,706.476806640625
454,player,461,0,771.448974609375,369.8952941894531,658.3268432617188,423.1535339355469
455,player,556,1,125.47566223144531,606.390869140625,-16.405263900756836,846.3739013671875
455,player,53,0,241.15774536132812,359.7113342285156,120.96009826660156,205.78582763671875
455,player,525,0,712.8819580078125,418.09759521484375,561.589111328125,539.0661010742188
455,player,595,1,551.3272705078125,369.25250244140625,441.36285400390625,349.11505126953125
455,player,536,0,883.4140625,464.8894348144531,665.7838134765625,706.2186889648438
455,player,391,1,402.4812316894531,607.9164428710938,200.4017791748047,899.83642578125
455,player,376,0,831.6347045898438,376.58721923828125,703.5750732421875,459.1187744140625
455,player,620,-1,776.4210205078125,364.6169128417969,667.5921020507812,406.28668212890625
456,player,53,0,240.34677124023438,359.03924560546875,120.21842956542969,205.22418212890625
456,player,525,0,712.9154052734375,418.7268981933594,560.61279296875,541.50439453125
456,player,595,1,551.9033203125,367.7884521484375,442.698974609375,347.40765380859375
456,player,391,1,404.72637939453125,609.1439208984375,200.81536865234375,901.662353515625
456,player,556,1,119.01518249511719,609.3836059570312,-20.60179901123047,847.7716064453125
456,player,536,0,883.3677978515625,463.61016845703125,666.129150390625,705.0040283203125
456,player,461,0,765.5771484375,368.9241943359375,656.4296875,420.7617492675781
456,player,376,0,830.6513671875,374.175537109375,705.233154296875,456.69488525390625
457,player,525,0,712.543212890625,416.7912902832031,560.4185180664062,541.193603515625
457,player,391,1,405.7696533203125,608.1256103515625,201.46908569335938,902.256591796875
457,player,595,1,553.205322265625,366.6042175292969,444.33221435546875,345.07598876953125
457,player,53,0,239.49349975585938,357.79473876953125,119.51766967773438,203.11965942382812
457,player,536,0,883.3372802734375,464.2521057128906,666.144287109375,704.73583984375
457,player,376,0,830.8026123046875,372.9382019042969,706.8245239257812,453.83453369140625
457,player,556,1,108.20291900634766,612.8521118164062,-26.49333953857422,850.3182373046875
457,player,461,0,765.3818359375,370.39886474609375,654.612060546875,420.78240966796875
458,player,556,1,100.85720825195312,609.1266479492188,-32.44523620605469,848.8894653320312
458,player,391,1,398.4230041503906,606.3104248046875,200.0595703125,900.9764404296875
458,player,525,0,712.2850341796875,417.0574951171875,560.1336059570312,541.2230224609375
458,player,595,1,554.74560546875,366.69482421875,445.9140625,343.8443298339844
458,player,536,0,881.6188354492188,463.4344787597656,665.9161376953125,703.7529296875
458,player,53,0,239.4678955078125,356.8917236328125,119.13627624511719,200.5629119873047
458,player,376,0,830.2076416015625,373.427001953125,707.4825439453125,452.427001953125
458,player,461,0,765.0689697265625,371.8544006347656,652.81640625,422.33135986328125
458,player,635,-1,876.7813720703125,391.3343811035156,731.8374633789062,515.5606079101562
459,player,556,1,99.03761291503906,604.4454345703125,-36.83462905883789,844.565673828125
459,player,595,1,556.28271484375,367.5678405761719,447.25787353515625,344.2331848144531
459,player,391,1,403.48822021484375,605.5742797851562,200.6040802001953,899.9974975585938
459,player,525,0,711.8897094726562,418.5985412597656,559.379638671875,542.6846923828125
459,player,536,0,881.7454833984375,460.542724609375,666.71044921875,700.7523193359375
459,player,53,0,236.99769592285156,357.604248046875,117.85160827636719,199.51312255859375
459,player,376,0,828.7786865234375,375.2806396484375,706.7544555664062,453.306884765625
459,player,461,0,762.02197265625,372.3823547363281,650.45849609375,423.57794189453125
459,player,625,-1,845.3267822265625,372.98284912109375,723.1445922851562,453.02410888671875
460,player,595,1,557.4951782226562,367.7954406738281,448.49932861328125,344.88922119140625
460,player,391,1,406.974853515625,605.3829345703125,201.9326171875,899.46630859375
460,player,556,1,93.18781280517578,610.9003295898438,-41.407657623291016,845.8436279296875
460,player,376,0,829.08251953125,374.8646545410156,706.53466796875,453.47503662109375
460,player,53,0,235.23779296875,358.3661193847656,116.25592041015625,199.5995330810547
460,player,525,0,711.5134887695312,419.89422607421875,558.3992919921875,544.8389892578125
460,player,536,0,882.4669189453125,458.6669616699219,668.0263671875,697.31396484375
460,player,461,0,755.5379638671875,374.44708251953125,646.07080078125,425.9072265625
460,player,635,-1,879.3297119140625,407.8575439453125,726.5584716796875,531.76513671875
460,player,641,-1,245.88156127929688,355.48162841796875,126.01679992675781,192.9193878173828
461,player,556,1,86.99889373779297,619.2464599609375,-46.17200469970703,851.9739990234375
461,player,595,1,558.446533203125,371.638427734375,448.64691162109375,349.83978271484375
461,player,376,0,830.123779296875,372.5398254394531,707.6005249023438,451.25018310546875
461,player,53,0,233.03289794921875,358.68438720703125,114.32421875,199.7843017578125
461,player,391,1,406.7418518066406,603.220703125,202.94741821289062,897.6889038085938
461,player,461,0,752.6121826171875,375.25726318359375,641.975830078125,427.9747619628906
461,player,525,0,710.4937744140625,421.4326477050781,557.001708984375,547.6090087890625
461,player,536,0,883.07080078125,456.8404235839844,669.6353759765625,693.615478515625
461,player,635,-1,880.8370361328125,403.8567199707031,725.037353515625,538.6448974609375
461,player,352,-1,858.7198486328125,600.124755859375,544.9561157226562,970.7433471679688
462,player,556,1,81.00015258789062,624.0966186523438,-50.98780059814453,858.8326416015625
462,player,376,0,830.7021484375,371.6260681152344,708.8253784179688,448.9005126953125
462,player,595,1,559.3858642578125,371.9775085449219,448.9843444824219,353.55194091796875
462,player,391,1,405.2405090332031,603.2639770507812,203.19027709960938,896.46240234375
462,player,461,0,753.8323974609375,375.1404724121094,639.756591796875,429.3244323730469
462,player,53,0,230.89108276367188,358.96142578125,112.20279693603516,199.98719787597656
462,player,525,0,709.05419921875,422.76324462890625,555.2625732421875,550.5369262695312
462,player,536,0,883.7247314453125,456.1795349121094,671.0807495117188,690.7167358398438
462,player,635,-1,880.3321533203125,405.7056579589844,723.2222900390625,544.8279418945312
462,player,641,-1,241.40997314453125,356.7283020019531,124.13935852050781,193.97274780273438
463,player,376,0,832.190673828125,372.0405578613281,709.9476318359375,447.9684143066406
463,player,595,1,559.8792114257812,379.8968505859375,447.3590393066406,364.9494323730469
463,player,536,0,883.938720703125,454.5810852050781,672.5926513671875,687.5180053710938
463,player,53,0,229.1781005859375,358.509033203125,110.18986511230469,199.30191040039062
463,player,391,1,404.16729736328125,604.8372192382812,202.8978271484375,896.6259765625
463,player,461,0,752.6517944335938,375.162353515625,637.9171142578125,430.09869384765625
463,player,556,1,76.25629425048828,626.506103515625,-55.47319793701172,864.5888671875
463,player,525,0,708.418701171875,417.0993347167969,555.5459594726562,546.9630126953125
463,player,644,-1,921.38818359375,299.7542724609375,888.5551147460938,236.30331420898438
464,player,376,0,833.1103515625,373.87286376953125,710.2840576171875,449.38800048828125
464,player,595,1,560.15234375,379.5492858886719,446.48468017578125,372.0007629394531
464,player,461,0,748.970458984375,375.2923278808594,635.4617919921875,430.3466796875
464,player,536,0,885.4492797851562,453.18646240234375,674.4609985351562,684.399169921875
464,player,53,0,226.251708984375,358.2276916503906,107.75370788574219,198.10333251953125
464,player,391,1,402.40557861328125,605.0296020507812,202.2054443359375,896.7418212890625
464,player,525,0,706.908447265625,399.7537536621094,560.340576171875,527.3702392578125
464,player,556,1,70.35321044921875,626.4569091796875,-60.088375091552734,867.8974609375
464,player,3,-1,923.2891235351562,294.3851623535156,898.3612670898438,217.2962188720703
465,player,595,1,559.6135864257812,374.9451599121094,446.89752197265625,371.35284423828125
465,player,376,0,833.6009521484375,371.7755432128906,711.453125,448.1546630859375
465,player,461,0,746.2249755859375,376.055908203125,632.7003173828125,431.030517578125
465,player,556,1,66.33797454833984,627.4666748046875,-64.23690032958984,870.453857421875
465,player,391,1,399.06524658203125,605.2828369140625,200.8138885498047,896.7620849609375
465,player,536,0,886.592041015625,450.7605285644531,676.7905883789062,680.429931640625
465,player,53,0,224.12893676757812,358.41375732421875,105.31825256347656,197.29031372070312
465,player,525,0,705.460205078125,393.36328125,564.9212036132812,507.96771240234375
465,player,625,-1,861.10009765625,371.0448303222656,728.9764404296875,452.6482238769531
466,player,595,1,559.1827392578125,377.539306640625,446.35638427734375,373.80548095703125
466,player,461,0,744.543701171875,376.9403991699219,630.0521240234375,432.2396545410156
466,player,376,0,835.9581298828125,368.429931640625,714.2527465820312,444.05560302734375
466,player,536,0,887.0844116210938,448.3988342285156,679.2158813476562,675.8955688476562
466,player,650,-1,39.23348617553711,630.1483154296875,-94.17825317382812,875.0984497070312
466,player,391,1,395.3660583496094,606.8447265625,198.74391174316406,897.552490234375
466,player,53,0,223.6858367919922,358.13360595703125,103.58395385742188,196.33517456054688
466,player,525,0,705.358154296875,403.19879150390625,564.9043579101562,505.3338623046875
466,player,3,-1,921.7743530273438,291.186279296875,899.50439453125,212.93533325195312
466,player,352,-1,835.2386474609375,586.0782470703125,542.151611328125,960.7203979492188
467,player,461,0,743.3493041992188,376.77978515625,627.9906005859375,432.72662353515625
467,player,595,1,559.4912109375,384.09814453125,444.4659118652344,382.72509765625
467,player,376,0,837.8643798828125,369.03839111328125,716.4589233398438,442.24163818359375
467,player,391,1,390.54547119140625,605.8195190429688,196.17214965820312,897.0770263671875
467,player,650,-1,36.6152229309082,631.6807250976562,-94.90707397460938,875.947998046875
467,player,536,0,888.4227294921875,444.4497985839844,682.478515625,669.69873046875
467,player,53,0,221.8948211669922,357.3601379394531,101.8140869140625,194.45938110351562
467,player,659,-1,908.7196044921875,351.8797302246094,806.362548828125,407.864990234375
467,player,525,0,704.632080078125,403.54473876953125,564.5565795898438,503.8953857421875
467,player,352,-1,829.8814086914062,589.81689453125,538.1346435546875,956.1847534179688
468,player,595,1,559.7860107421875,388.311279296875,442.29705810546875,393.165771484375
468,player,461,0,742.070068359375,376.84478759765625,626.2064208984375,432.9757995605469
468,player,376,0,839.8353881835938,370.0216064453125,718.1558227539062,442.3150634765625
468,player,391,1,386.2432861328125,603.8336181640625,193.50267028808594,895.1775512695312
468,player,53,0,218.74444580078125,356.48284912109375,99.48963928222656,191.6641845703125
468,player,659,-1,910.1495361328125,366.6525573730469,800.5661010742188,423.8406982421875
468,player,536,0,890.2896118164062,441.5401916503906,686.1109619140625,663.3326416015625
468,player,525,0,703.7174072265625,397.5539855957031,565.8236083984375,496.82037353515625
468,player,650,-1,33.743370056152344,633.5149536132812,-96.17493438720703,877.531494140625
468,player,352,-1,825.197021484375,601.0101928710938,531.9093017578125,959.7738647460938
469,player,595,1,560.4910278320312,391.28607177734375,440.3998107910156,403.2502136230469
469,player,461,0,740.7937622070312,377.3854675292969,624.444091796875,433.57830810546875
469,player,53,0,217.49400329589844,356.830810546875,97.4558334350586,190.14285278320312
469,player,391,1,382.4031982421875,604.1724853515625,190.67698669433594,893.9107666015625
469,player,536,0,891.3526000976562,439.4842224121094,689.4712524414062,657.5103759765625
469,player,659,-1,912.073974609375,369.5798034667969,796.2008056640625,437.4819030761719
469,player,376,0,842.2626953125,366.7173767089844,721.3206176757812,439.1064453125
469,player,650,-1,30.476415634155273,633.5515747070312,-97.93978881835938,878.3652954101562
469,player,525,0,704.2471923828125,404.60400390625,564.7166748046875,499.38189697265625
469,player,352,-1,821.1467895507812,607.3671264648438,525.4987182617188,965.6693115234375
470,player,595,1,560.10888671875,392.8500061035156,438.656005859375,411.44659423828125
470,player,53,0,217.21395874023438,357.226806640625,95.991455078125,189.64096069335938
470,player,391,1,377.64178466796875,604.532470703125,187.4934844970703,893.0078125
470,player,461,0,738.2423095703125,378.8016357421875,621.98486328125,435.20562744140625
470,player,536,0,893.6556396484375,438.81683349609375,692.5576171875,653.3479614257812
470,player,659,-1,914.6470336914062,406.1996154785156,779.7841186523438,482.78955078125
470,player,376,0,844.259765625,363.97509765625,725.096923828125,434.29473876953125
470,player,525,0,703.5114135742188,405.62908935546875,563.4580688476562,501.99530029296875
470,player,650,-1,27.51549530029297,632.4901123046875,-99.96295166015625,877.99853515625
470,player,352,-1,816.943359375,608.118896484375,520.1212158203125,969.6956787109375
471,player,595,1,559.5665283203125,392.2326354980469,437.48785400390625,416.0524597167969
471,player,53,0,217.24411010742188,358.239990234375,94.97093200683594,190.65634155273438
471,player,461,0,738.6953735351562,381.0821533203125,619.7805786132812,438.727294921875
471,player,391,1,373.7830810546875,606.1044311523438,184.21798706054688,893.1991577148438
471,player,536,0,892.3057250976562,438.10235595703125,694.4063720703125,649.904296875
471,player,666,-1,919.3146362304688,363.3857727050781,802.0798950195312,446.44970703125
471,player,376,0,844.957275390625,363.580322265625,727.9338989257812,430.8172607421875
471,player,525,0,702.6375732421875,405.3289794921875,562.447021484375,503.30780029296875
471,player,665,-1,703.16357421875,375.9693908691406,586.7822875976562,418.7879638671875
471,player,352,-1,812.5723876953125,606.4310302734375,515.8807373046875,971.04296875
472,player,53,0,217.6953125,359.1729431152344,94.41155242919922,192.60348510742188
472,player,595,1,559.323974609375,393.41900634765625,436.35845947265625,420.29412841796875
472,player,391,1,371.10302734375,609.2723999023438,181.07009887695312,895.221923828125
472,player,461,0,738.2325439453125,380.725830078125,618.313232421875,440.59100341796875
472,player,536,0,889.980712890625,436.948974609375,695.3102416992188,646.4583129882812
472,player,376,0,845.9144287109375,362.36529541015625,730.5682373046875,427.349365234375
472,player,666,-1,923.1483154296875,362.9886474609375,803.4739990234375,446.4357604980469
472,player,352,0,807.67529296875,600.6587524414062,513.0956420898438,968.148681640625
472,player,665,-1,701.6341552734375,375.7052307128906,586.3553466796875,418.3361511230469
472,player,525,0,702.92236328125,408.3222961425781,561.00439453125,507.16015625
473,player,53,0,217.72019958496094,359.0838623046875,94.06484985351562,193.75531005859375
473,player,595,1,558.8823852539062,395.5350036621094,434.96429443359375,425.26568603515625
473,player,391,1,368.9358215332031,612.5242919921875,178.14508056640625,898.510986328125
473,player,461,0,736.3558959960938,378.9198913574219,617.33837890625,439.68878173828125
473,player,525,0,703.1923828125,412.10382080078125,559.054931640625,513.4091796875
473,player,536,0,889.5794677734375,436.34222412109375,695.9835815429688,643.6535034179688
473,player,352,0,806.3111572265625,600.6530151367188,510.94140625,966.1802978515625
473,player,376,0,846.8296508789062,361.5572509765625,732.8987426757812,424.3202209472656
473,player,666,-1,927.080322265625,358.771484375,807.4440307617188,442.36871337890625
473,player,668,-1,918.5160522460938,351.1934509277344,816.3156127929688,408.78448486328125
474,player,53,0,217.32974243164062,359.1481018066406,93.68040466308594,194.53721618652344
474,player,391,1,365.27618408203125,617.0504150390625,174.85476684570312,903.3330078125
474,player,595,1,558.45703125,394.91558837890625,434.0627136230469,427.7910461425781
474,player,525,0,702.8928833007812,414.21923828125,557.0830078125,519.505126953125
474,player,536,0,890.0421142578125,436.400390625,696.5383911132812,641.9218139648438
474,player,461,0,734.6304931640625,378.7638854980469,616.1869506835938,438.752685546875
474,player,376,0,846.3995361328125,360.9480285644531,734.5137939453125,421.644287109375
474,player,352,0,802.6757202148438,604.9051513671875,507.7392578125,967.2440185546875
474,player,668,-1,914.4351806640625,340.1624450683594,819.8707885742188,396.06964111328125
474,player,666,-1,930.0144653320312,354.5760192871094,812.7908935546875,435.5382385253906
475,player,53,0,216.68896484375,360.3851623535156,93.08041381835938,196.5844268798828
475,player,391,1,361.84912109375,619.9429321289062,171.53858947753906,908.0994873046875
475,player,595,1,558.5057983398438,395.30718994140625,433.3990783691406,429.85565185546875
475,player,525,0,702.6558837890625,413.88885498046875,555.8206787109375,523.1228637695312
475,player,352,0,800.0286865234375,614.544189453125,503.02703857421875,973.509033203125
475,player,536,0,889.8111572265625,436.47314453125,696.8062744140625,640.8395385742188
475,player,461,0,732.8792724609375,383.9345703125,613.1675415039062,443.4219665527344
475,player,376,0,847.4732666015625,360.3901062011719,736.1364135742188,419.41595458984375
476,player,53,0,215.19879150390625,362.4635925292969,91.94273376464844,200.4342803955078
476,player,595,1,558.520751953125,395.0906982421875,433.02484130859375,430.96826171875
476,player,391,1,359.1349792480469,621.1614990234375,168.543212890625,911.8006591796875
476,player,525,0,703.0469360351562,411.24786376953125,555.8866577148438,522.932373046875
476,player,536,0,890.3975830078125,436.74969482421875,697.0604248046875,640.4288940429688
476,player,352,0,795.294677734375,603.0020751953125,501.1225891113281,970.4115600585938
476,player,376,0,850.4788818359375,362.8685302734375,737.1917724609375,420.9747314453125
476,player,461,0,727.7950439453125,385.1676940917969,609.13818359375,447.2156677246094
476,player,666,-1,937.4623413085938,350.113525390625,820.643798828125,427.06597900390625
477,player,391,1,357.31683349609375,620.6444091796875,166.1434326171875,913.7591552734375
477,player,53,0,213.97503662109375,365.6064758300781,90.48374938964844,206.84967041015625
477,player,595,1,558.5719604492188,394.1252136230469,433.0314025878906,430.6651611328125
477,player,352,0,790.7338256835938,598.215087890625,499.7132263183594,965.2099609375
477,player,525,0,702.4999389648438,412.7513732910156,555.3206176757812,524.2261352539062
477,player,376,0,849.94580078125,363.51361083984375,737.4490966796875,422.6251220703125
477,player,536,0,891.4342651367188,437.514404296875,697.2740478515625,640.9193115234375
477,player,461,0,724.3145751953125,382.5234069824219,606.2269897460938,446.5350036621094
477,player,666,-1,941.4342651367188,351.8808288574219,826.2431640625,423.9129638671875
478,player,391,1,356.43463134765625,620.4434204101562,164.3595428466797,914.8467407226562
478,player,53,0,213.0072021484375,366.38330078125,89.09879302978516,211.89569091796875
478,player,595,1,558.6234130859375,392.1568603515625,433.52911376953125,428.3614196777344
478,player,376,0,849.091552734375,365.6020812988281,736.517333984375,425.84661865234375
478,player,525,0,701.9212646484375,417.7167053222656,553.3480224609375,529.8279418945312
478,player,536,0,893.4636840820312,437.729736328125,697.93896484375,641.6028442382812
478,player,461,0,722.3988037109375,379.51300048828125,604.6764526367188,442.69622802734375
478,player,352,0,786.9671630859375,603.8805541992188,496.68145751953125,965.0390625
478,player,675,-1,708.8434448242188,399.23297119140625,571.4833374023438,490.0392761230469
478,player,666,-1,946.6134033203125,348.7974853515625,832.9380493164062,419.0729675292969
479,player,53,0,211.59039306640625,371.7336120605469,87.25230407714844,221.8228759765625
479,player,391,1,358.8970947265625,617.474609375,164.115966796875,913.8096923828125
479,player,595,1,558.63623046875,390.5393371582031,434.2501220703125,425.12066650390625
479,player,376,0,848.46240234375,366.2383117675781,735.458251953125,428.5533142089844
479,player,352,0,784.9050903320312,613.8326416015625,492.1949157714844,970.7525634765625
479,player,525,0,700.5096435546875,421.4501953125,550.56494140625,536.9140014648438
479,player,536,0,894.80078125,437.7308044433594,698.7649536132812,642.1649169921875
479,player,461,0,719.4349365234375,380.586181640625,602.3409423828125,441.0273132324219
479,player,666,0,949.9674682617188,344.9092102050781,840.14453125,412.02752685546875
480,player,53,0,210.3753662109375,375.0022888183594,85.34666442871094,232.24029541015625
480,player,352,0,780.9510498046875,622.427734375,486.6064453125,979.2728271484375
480,player,391,1,359.2978515625,615.337646484375,164.24468994140625,911.7843017578125
480,player,376,0,848.6980590820312,366.8031005859375,734.6258544921875,430.9405212402344
480,player,595,1,558.32666015625,386.8353271484375,435.5197448730469,418.9545593261719
480,player,525,0,698.1146850585938,420.4599609375,548.27685546875,540.3436279296875
480,player,536,0,895.4115600585938,437.6939392089844,699.4943237304688,642.551513671875
480,player,461,0,713.53466796875,387.4017028808594,596.710693359375,446.50164794921875
480,player,666,0,954.2797241210938,338.8072509765625,849.0579833984375,401.1400146484375
480,player,676,-1,222.23779296875,359.8159484863281,98.33617401123047,200.32919311523438
481,player,53,0,209.34088134765625,375.9090576171875,83.64479064941406,240.017578125
481,player,352,0,774.899658203125,626.7984008789062,480.63006591796875,986.9876098632812
481,player,595,1,557.700927734375,385.05133056640625,436.5699462890625,412.92327880859375
481,player,376,0,848.87109375,367.7342834472656,733.778076171875,433.50213623046875
481,player,675,-1,701.912353515625,421.9276428222656,562.6614990234375,511.640869140625
481,player,391,1,354.7090759277344,617.7870483398438,162.87069702148438,911.7479858398438
481,player,536,0,895.3377685546875,438.2880554199219,699.74609375,643.3125
482,player,53,0,208.5972900390625,376.1576232910156,82.23457336425781,245.29067993164062
482,player,595,1,557.0482177734375,383.0129089355469,437.53253173828125,406.68475341796875
482,player,352,0,768.939208984375,626.8414916992188,475.2568359375,991.6788330078125
482,player,675,-1,700.25830078125,419.62176513671875,557.0535888671875,523.31884765625
482,player,376,0,849.0278930664062,370.011474609375,732.3941650390625,437.597412109375
482,player,391,1,343.546630859375,624.644775390625,158.38922119140625,915.3868408203125
482,player,536,0,896.193359375,438.45086669921875,700.106689453125,644.0230102539062
482,player,672,-1,911.8079833984375,340.3373107910156,823.7730712890625,372.17230224609375
482,player,682,-1,907.08740234375,405.88092041015625,743.0579223632812,564.0370483398438
483,player,53,0,208.06387329101562,375.97021484375,81.12547302246094,248.41726684570312
483,player,595,1,556.2987060546875,379.30859375,438.82281494140625,398.42950439453125
483,player,352,0,765.7251586914062,622.7357788085938,471.741455078125,992.1571044921875
483,player,376,0,849.1507568359375,370.2585754394531,731.4387817382812,440.53326416015625
483,player,675,-1,699.1956787109375,416.7796630859375,553.8753662109375,528.06982421875
483,player,391,1,336.7720031738281,629.97412109375,153.23379516601562,920.6871948242188
483,player,536,0,895.9273681640625,438.6324157714844,700.2015380859375,644.619140625
484,player,53,0,207.42723083496094,375.6488952636719,80.18145751953125,249.96783447265625
484,player,595,1,555.8013305664062,379.0069580078125,439.5645751953125,392.6706848144531
484,player,352,0,761.04052734375,617.28271484375,469.32135009765625,988.9911499023438
484,player,675,-1,697.8848876953125,415.98199462890625,551.6192016601562,530.258544921875
484,player,376,0,849.6094970703125,370.5704345703125,730.8455200195312,442.81915283203125
484,player,391,1,335.61517333984375,635.297607421875,149.17840576171875,927.3873291015625
484,player,536,0,895.7169799804688,438.326904296875,700.3043212890625,644.7232666015625
484,player,666,0,966.55322265625,342.0584716796875,857.3228149414062,399.0549011230469
484,player,672,-1,905.6468505859375,323.6175842285156,829.3787841796875,352.06549072265625
485,player,53,0,206.2694091796875,375.4981384277344,79.13156127929688,250.64193725585938
485,player,595,1,555.552978515625,378.3067932128906,440.13604736328125,388.1156005859375
485,player,352,0,755.7340087890625,618.3399047851562,466.214111328125,987.240234375
485,player,675,-1,697.6759643554688,416.3840637207031,549.97216796875,532.0504150390625
485,player,666,0,972.281982421875,357.4518737792969,857.4597778320312,414.97796630859375
485,player,376,0,849.8983154296875,370.27410888671875,730.6678466796875,444.0228271484375
485,player,391,1,335.3527526855469,644.2327880859375,145.82635498046875,937.22705078125
485,player,536,0,895.4129028320312,436.5960693359375,700.8668212890625,643.2587280273438
485,player,672,-1,906.8289184570312,315.2006530761719,837.4195556640625,328.995361328125
486,player,53,0,205.1146697998047,375.4890441894531,78.0040054321289,250.92413330078125
486,player,595,1,555.2630615234375,374.3781433105469,441.39776611328125,380.69256591796875
486,player,352,0,749.265380859375,612.3567504882812,463.697509765625,982.1609497070312
486,player,675,-1,697.5828247070312,416.475830078125,548.8460083007812,533.294921875
486,player,376,0,849.6067504882812,368.4619445800781,731.1607666015625,442.8567810058594
486,player,536,0,894.9715576171875,435.51910400390625,701.4674682617188,641.3278198242188
486,player,666,0,981.080322265625,365.5438232421875,856.707275390625,434.6995849609375
486,player,672,-1,907.0299072265625,303.75286865234375,848.320556640625,299.8074951171875
486,player,391,1,333.7290954589844,649.1958618164062,142.863037109375,946.5339965820312
487,player,53,0,203.77015686035156,375.7316589355469,76.73554992675781,251.2433319091797
487,player,595,1,555.4803466796875,372.20867919921875,442.84613037109375,373.42431640625
487,player,666,0,980.419677734375,368.84613037109375,854.5530395507812,450.84100341796875
487,player,675,0,696.6910400390625,416.4019470214844,547.851318359375,533.9457397460938
487,player,352,0,744.0770874023438,610.9579467773438,461.0122985839844,977.7069091796875
487,player,376,0,850.135498046875,368.1051330566406,731.7913818359375,441.7763366699219
487,player,536,0,895.1741943359375,435.6848449707031,701.8614501953125,640.2353515625
487,player,672,-1,905.8441162109375,300.7763977050781,856.4837646484375,276.9049072265625
487,player,391,1,331.79437255859375,650.161865234375,140.35536193847656,953.0479736328125
488,player,595,1,554.8941650390625,369.0978698730469,444.37957763671875,365.06597900390625
488,player,666,0,980.2291259765625,369.54248046875,852.78759765625,462.0244140625
488,player,53,0,201.72842407226562,375.81195068359375,75.11719512939453,251.29580688476562
488,player,675,0,695.2623291015625,417.1854553222656,546.5292358398438,534.98828125
488,player,376,0,850.3145751953125,368.5272216796875,732.094970703125,441.54095458984375
488,player,352,0,737.0008544921875,612.9411010742188,457.09930419921875,975.5715942382812
488,player,536,0,895.37353515625,435.2638854980469,702.3195190429688,639.1746826171875
488,player,672,-1,905.0869140625,296.0964050292969,863.8934326171875,255.9043426513672
488,player,391,1,328.65570068359375,645.7421875,138.19703674316406,954.4133911132812
489,player,666,0,984.8078002929688,369.2012634277344,853.2191162109375,469.41357421875
489,player,595,1,553.422607421875,366.413330078125,445.55072021484375,356.3574523925781
489,player,53,0,200.02012634277344,375.54010009765625,73.42292785644531,250.77476501464844
489,player,461,0,693.868896484375,417.2005615234375,577.840576171875,478.0291442871094
489,player,352,0,733.1731567382812,619.4201049804688,452.38983154296875,977.8075561523438
489,player,376,0,850.6116943359375,368.41387939453125,732.4327392578125,441.29931640625
489,player,536,0,894.7486572265625,433.9222106933594,702.8892211914062,637.2543334960938
489,player,391,1,324.58282470703125,635.500732421875,136.41357421875,948.7418212890625
489,player,672,-1,904.0866088867188,292.439697265625,870.2313232421875,237.35958862304688
490,player,595,1,552.2127685546875,364.2848815917969,446.43597412109375,348.0751953125
490,player,666,0,988.760009765625,369.7633972167969,854.4837646484375,475.19232177734375
490,player,53,0,198.62359619140625,375.4226989746094,71.78914642333984,250.11343383789062
490,player,352,0,729.394775390625,623.1456909179688,447.69927978515625,981.22998046875
490,player,376,0,850.1527099609375,367.377685546875,732.9072265625,439.9925537109375
490,player,461,0,692.0818481445312,419.30377197265625,564.4181518554688,500.3779296875
490,player,536,0,894.7810668945312,433.51824951171875,703.406982421875,635.6541137695312
490,player,391,1,320.10009765625,639.4490356445312,133.7736358642578,947.2239990234375
490,player,672,0,903.41796875,290.3491516113281,875.19482421875,222.468505859375
491,player,595,1,550.3418579101562,363.7086486816406,446.4976501464844,341.798095703125
491,player,53,0,197.44546508789062,375.5849609375,70.260986328125,249.73959350585938
491,player,666,0,991.6915283203125,369.891845703125,856.16162109375,479.377685546875
491,player,352,0,727.9256591796875,629.4605712890625,443.1490478515625,987.0498046875
491,player,536,0,894.27197265625,431.1716613769531,704.395751953125,632.5
491,player,461,0,686.4244384765625,421.4718017578125,553.298828125,516.4412841796875
491,player,376,0,849.4256591796875,364.7732238769531,733.9989624023438,436.2835998535156
491,player,391,1,315.36407470703125,634.150146484375,131.1370391845703,942.643798828125
491,player,672,0,902.287353515625,288.81805419921875,878.8158569335938,210.61436462402344
492,player,595,1,549.22216796875,363.8256530761719,446.110107421875,337.723876953125
492,player,666,0,993.3592529296875,369.7167663574219,857.8486328125,482.090087890625
492,player,53,0,195.76812744140625,375.8963928222656,68.5990219116211,249.67730712890625
492,player,352,0,726.02392578125,631.6065673828125,439.3356628417969,991.9620361328125
492,player,536,0,894.043701171875,427.53778076171875,706.2236328125,627.2003173828125
492,player,461,0,682.2823486328125,421.95513916015625,544.625732421875,526.947509765625
492,player,376,0,849.179931640625,364.5997314453125,734.69677734375,433.66033935546875
492,player,391,1,308.1119689941406,627.0641479492188,127.92268371582031,934.7310791015625
492,player,672,0,903.57568359375,288.0992736816406,882.000244140625,202.12557983398438
493,player,595,1,548.794189453125,363.7041931152344,445.73773193359375,334.8830871582031
493,player,536,0,893.4381103515625,423.43072509765625,708.6607055664062,620.013916015625
493,player,53,0,192.71054077148438,375.9857177734375,66.32971954345703,249.36538696289062
493,player,666,0,996.538330078125,373.25921630859375,858.3671875,487.75482177734375
493,player,352,0,724.023193359375,632.424072265625,436.2135925292969,995.5096435546875
493,player,461,0,678.4315795898438,422.65301513671875,537.5772094726562,534.0748901367188
493,player,376,0,849.3521728515625,363.79559326171875,735.522705078125,431.110107421875
493,player,391,1,304.97686767578125,628.9617309570312,124.8519058227539,930.592529296875
493,player,672,0,905.433837890625,288.5718994140625,884.4813232421875,197.48153686523438
494,player,595,1,548.323974609375,364.2333679199219,445.192138671875,333.6015625
494,player,536,0,893.524169921875,418.48651123046875,712.0122680664062,610.85888671875
494,player,352,0,722.453125,633.6178588867188,433.5831298828125,998.4111328125
494,player,53,0,188.31988525390625,375.63037109375,63.17408752441406,248.16387939453125
494,player,666,0,1003.9561767578125,373.8714904785156,860.72705078125,492.79705810546875
494,player,461,0,674.6053466796875,420.81884765625,532.2775268554688,536.5789184570312
494,player,376,0,849.392822265625,361.1299133300781,737.1268310546875,426.57977294921875
494,player,391,1,303.18316650390625,614.6456298828125,123.30532836914062,918.5563354492188
494,player,672,0,905.2499389648438,288.94873046875,885.83251953125,194.9380340576172
495,player,595,1,547.11083984375,364.0747985839844,444.4478759765625,332.44073486328125
495,player,536,0,893.53076171875,415.08660888671875,715.4036865234375,601.7858276367188
495,player,461,0,672.0281982421875,418.51025390625,528.6378173828125,535.726806640625
495,player,391,1,301.02642822265625,602.6976928710938,122.5008544921875,902.6536865234375
495,player,666,0,1008.14892578125,374.31109619140625,863.3594970703125,496.9345703125
495,player,53,0,185.08966064453125,374.6382141113281,59.925209045410156,245.72344970703125
495,player,376,0,849.1217041015625,360.59735107421875,738.292236328125,423.0281982421875
495,player,352,0,720.1699829101562,633.4232788085938,431.3381652832031,1000.05224609375
496,player,595,1,545.2191772460938,363.5960388183594,443.4154052734375,330.9027099609375
496,player,666,0,1011.7498779296875,373.97149658203125,866.3306884765625,499.645263671875
496,player,461,0,670.3478393554688,418.5968933105469,525.7119140625,535.0935668945312
496,player,536,0,893.279052734375,413.7677001953125,718.0044555664062,594.64599609375
496,player,53,0,181.28311157226562,375.4345703125,56.28900146484375,244.66314697265625
496,player,352,0,717.5939331054688,631.43603515625,429.58306884765625,999.8223266601562
496,player,391,1,297.4300231933594,601.5216674804688,121.04461669921875,891.2791748046875
496,player,376,0,848.7178955078125,365.76531982421875,736.8799438476562,426.24322509765625
497,player,595,1,543.48046875,363.00030517578125,442.2789611816406,328.998291015625
497,player,53,0,177.2249755859375,376.45745849609375,52.293514251708984,244.7532196044922
497,player,536,0,892.3541259765625,413.6481628417969,719.4573974609375,589.8084106445312
497,player,666,0,1014.3453979492188,374.1690673828125,868.9730834960938,501.86419677734375
497,player,391,1,293.3923034667969,605.5205078125,118.69845581054688,886.302001953125
497,player,461,0,668.929931640625,418.9635314941406,523.2579956054688,534.8994750976562
497,player,376,0,848.333740234375,368.1744689941406,734.8977661132812,430.8595275878906
497,player,352,0,713.29248046875,628.3319091796875,427.9075012207031,997.618896484375
498,player,595,1,542.264404296875,362.99853515625,441.10791015625,327.615234375
498,player,53,0,174.1046905517578,375.48956298828125,48.53110122680664,243.195556640625
498,player,352,0,694.0138549804688,623.5259399414062,422.7921142578125,992.22314453125
498,player,666,0,1015.2958984375,372.615966796875,871.6768798828125,501.8490295410156
498,player,461,0,667.9970703125,417.3462219238281,521.80224609375,533.1116943359375
498,player,391,1,288.88671875,608.5986938476562,115.71231842041016,884.8195190429688
498,player,376,0,848.2536010742188,368.6589660644531,733.395263671875,434.36590576171875
498,player,536,0,891.6630249023438,414.0431213378906,720.0507202148438,586.9654541015625
499,player,595,1,540.4240112304688,362.5237121582031,439.81256103515625,325.9398193359375
499,player,352,0,682.0633544921875,614.2703247070312,418.016357421875,982.4647827148438
499,player,461,0,669.0534057617188,406.1008605957031,524.2930297851562,520.9388427734375
499,player,53,0,171.09805297851562,374.7644348144531,44.948272705078125,240.8832550048828
499,player,376,0,847.9652709960938,369.36492919921875,732.0516357421875,437.362548828125
499,player,666,0,1015.956298828125,373.2396545410156,873.3587646484375,502.52960205078125
499,player,391,1,284.9495849609375,612.2966918945312,112.43960571289062,886.04638671875
499,player,536,0,891.5772705078125,414.0130310058594,720.421142578125,585.0817260742188
500,player,595,1,536.2936401367188,363.4845886230469,437.2545166015625,325.49664306640625
500,player,461,0,667.0697631835938,398.7572326660156,527.3381958007812,505.37701416015625
500,player,53,0,168.21401977539062,374.1390380859375,41.52191162109375,238.21893310546875
500,player,391,1,280.3739929199219,618.0951538085938,108.68788146972656,890.351318359375
500,player,352,0,675.4222412109375,615.5829467773438,412.9863586425781,976.5087890625
500,player,536,0,891.6265869140625,415.4153747558594,720.1755981445312,585.15771484375
500,player,666,0,1016.4749755859375,375.2947692871094,873.69482421875,505.07275390625
500,player,376,0,848.64501953125,367.26123046875,732.2156982421875,437.1490173339844
501,player,595,1,532.5189208984375,364.9244079589844,433.8856201171875,326.4577941894531
501,player,352,0,669.052490234375,609.6399536132812,409.0914306640625,968.6359252929688
501,player,461,0,664.4996948242188,399.3511657714844,528.3065185546875,495.60650634765625
501,player,391,1,276.0582580566406,621.6871337890625,104.84244537353516,895.2044067382812
501,player,53,0,166.46340942382812,375.44488525390625,38.550453186035156,237.92462158203125
501,player,376,0,849.0606689453125,369.5740051269531,731.5585327148438,439.5089111328125
501,player,666,0,1015.2984619140625,378.0146789550781,872.3475341796875,509.30322265625
501,player,536,0,891.8272705078125,420.4734191894531,718.2838745117188,589.8594360351562
502,player,595,1,529.5670166015625,366.130126953125,430.34564208984375,328.1500244140625
502,player,352,0,663.9788208007812,607.7828369140625,405.5647888183594,962.06494140625
502,player,391,1,272.3302307128906,622.5498657226562,101.26139831542969,898.6741943359375
502,player,536,0,892.095458984375,431.7962341308594,713.2053833007812,603.09228515625
502,player,376,0,847.5847778320312,367.7200927734375,731.3724365234375,438.9195556640625
502,player,461,0,663.591064453125,404.8230285644531,527.10205078125,494.7239685058594
502,player,53,0,163.25228881835938,375.9458923339844,35.34237289428711,237.96200561523438
502,player,666,0,1019.5421752929688,380.9233703613281,871.4882202148438,515.3290405273438
503,player,391,1,266.95440673828125,624.9075927734375,97.31563568115234,902.103271484375
503,player,352,0,657.95068359375,618.8947143554688,399.8628234863281,964.178955078125
503,player,376,0,845.6104736328125,365.44317626953125,731.496826171875,435.894775390625
503,player,595,1,526.1893920898438,362.2362060546875,427.8046875,324.264404296875
503,player,536,0,892.3786010742188,436.0147399902344,708.5533447265625,615.4251708984375
503,player,53,0,162.77032470703125,375.2438659667969,33.09907150268555,237.0339813232422
503,player,666,0,1023.1968994140625,378.63543701171875,873.05419921875,517.3614501953125
503,player,461,0,662.4857177734375,403.3411560058594,526.3722534179688,492.540283203125
504,player,391,1,261.61865234375,626.9547119140625,93.166748046875,905.3040771484375
504,player,352,0,651.7794189453125,621.67822265625,394.1224060058594,966.84814453125
504,player,376,0,844.4605712890625,364.55657958984375,731.5494384765625,432.85400390625
504,player,536,0,891.1876220703125,437.3677673339844,704.7210693359375,624.517578125
504,player,666,0,1027.5126953125,370.396484375,879.0953369140625,510.92401123046875
504,player,461,0,658.1220703125,393.7340393066406,527.1749877929688,480.8009033203125
504,player,53,0,162.88983154296875,375.6083984375,31.67192268371582,236.90896606445312
504,player,595,1,509.254638671875,356.44049072265625,421.47821044921875,312.75970458984375
505,player,461,0,655.1896362304688,384.3794860839844,529.41650390625,462.979248046875
505,player,352,0,645.6279907226562,623.029541015625,388.6000061035156,969.01904296875
505,player,391,1,255.67984008789062,629.0270385742188,88.72347259521484,908.3302001953125
505,player,376,0,844.3086547851562,366.8265380859375,730.6495971679688,433.2921142578125
505,player,666,0,1032.4161376953125,370.28424072265625,884.5825805664062,507.12042236328125
505,player,53,0,160.14566040039062,376.83062744140625,29.620386123657227,238.02960205078125
505,player,595,1,499.11431884765625,356.6615295410156,413.62921142578125,304.3197326660156
505,player,536,0,891.434814453125,435.6846923828125,702.8712158203125,628.9801025390625
506,player,461,0,654.5670776367188,381.1787414550781,531.6009521484375,447.8847961425781
506,player,376,0,843.6158447265625,366.8352966308594,729.8359985351562,433.51214599609375
506,player,595,1,494.84197998046875,359.7749938964844,406.23907470703125,302.0858459472656
506,player,391,1,249.7110595703125,627.2838134765625,84.27227020263672,908.7890625
506,player,352,0,641.5768432617188,621.71435546875,384.18267822265625,969.397705078125
506,player,53,0,155.47781372070312,379.1266174316406,26.374452590942383,241.06747436523438
506,player,536,0,891.3515625,433.9341125488281,702.2377319335938,630.338623046875
506,player,666,0,1036.1358642578125,367.7866516113281,890.4414672851562,502.50946044921875
507,player,595,1,491.67657470703125,360.5444641113281,400.10833740234375,301.1797180175781
507,player,376,0,842.6793212890625,368.57879638671875,728.3282470703125,435.412353515625
507,player,53,0,153.07623291015625,378.6498718261719,23.34596061706543,242.13917541503906
507,player,391,1,243.43692016601562,625.2156982421875,79.73841857910156,907.3408203125
507,player,536,0,890.5892333984375,431.7400207519531,702.34716796875,629.2203979492188
507,player,461,0,652.9293823242188,381.5137939453125,532.37158203125,438.25830078125
507,player,352,0,635.751953125,618.1896362304688,380.3750915527344,967.1661987304688
507,player,666,0,1038.3846435546875,364.0331115722656,896.686767578125,495.93310546875
508,player,53,0,151.38433837890625,378.9975891113281,20.704505920410156,243.0611572265625
508,player,595,1,488.7698974609375,360.1342468261719,395.16387939453125,299.7462158203125
508,player,376,0,841.1815185546875,368.9903259277344,726.7034912109375,436.92529296875
508,player,536,0,889.2178344726562,427.22479248046875,703.5596923828125,624.355712890625
508,player,391,1,236.46243286132812,624.2320556640625,74.89665222167969,905.3029174804688
508,player,666,0,1043.28515625,367.32269287109375,900.7261962890625,495.49249267578125
508,player,692,-1,649.130126953125,421.8923034667969,498.4013671875,537.14697265625
508,player,352,0,622.1116333007812,615.6188354492188,374.7818298339844,963.316162109375
508,player,693,-1,489.9893798828125,359.7259216308594,387.51654052734375,296.09613037109375
509,player,53,0,149.5760955810547,381.27978515625,18.202566146850586,246.30120849609375
509,player,391,1,230.45025634765625,623.9004516601562,70.0881118774414,903.3668212890625
509,player,693,-1,485.34979248046875,358.5963439941406,386.09039306640625,294.1675720214844
509,player,696,-1,873.5709228515625,423.48602294921875,696.075439453125,601.6541748046875
509,player,461,0,644.417724609375,394.13787841796875,526.4215087890625,444.5068359375
509,player,376,0,839.3297119140625,374.0171813964844,723.129638671875,443.014404296875
509,player,352,0,612.47607421875,617.201171875,368.40521240234375,961.1842651367188
509,player,536,0,883.4646606445312,424.50616455078125,703.5638427734375,618.2318115234375
509,player,595,1,485.5511169433594,358.9413757324219,391.05499267578125,296.9829406738281
509,player,672,0,899.61767578125,296.3291931152344,880.9346923828125,202.2198944091797
510,player,53,0,147.66226196289062,383.6840515136719,15.75136947631836,251.16969299316406
510,player,391,1,226.14456176757812,623.7564086914062,65.76671600341797,901.7306518554688
510,player,461,0,641.25732421875,390.28985595703125,522.57861328125,444.1919250488281
510,player,376,0,837.2357177734375,375.39434814453125,719.611572265625,448.1930236816406
510,player,536,0,881.63427734375,420.81243896484375,704.2970581054688,610.7344360351562
510,player,595,1,490.3160400390625,359.5759582519531,389.9699401855469,296.5308837890625
510,player,352,0,608.472412109375,619.8574829101562,362.8196716308594,961.1668701171875
510,player,666,0,1053.1339111328125,373.2273254394531,903.6373291015625,502.09320068359375
510,player,672,0,906.1112670898438,299.12677001953125,878.607177734375,211.3966827392578
510,player,692,-1,628.8399658203125,436.99761962890625,488.16387939453125,549.557861328125
511,player,53,0,145.43081665039062,384.8835144042969,13.2540864944458,255.54718017578125
511,player,391,1,222.4747772216797,624.5298461914062,61.900665283203125,900.9300537109375
511,player,696,-1,863.296630859375,426.8795166015625,691.8299560546875,603.7901611328125
511,player,461,0,639.8768920898438,381.7516174316406,522.0391235351562,434.7015380859375
511,player,376,0,834.3546142578125,376.0061950683594,716.1665649414062,451.89642333984375
511,player,352,0,606.600830078125,619.6827392578125,358.73126220703125,960.9346923828125
511,player,595,1,492.63287353515625,358.4737548828125,390.3634948730469,295.18389892578125
511,player,692,-1,618.4215087890625,439.015380859375,477.73828125,558.5309448242188
511,player,666,0,1054.8289794921875,374.9698181152344,905.2445068359375,508.27178955078125
511,player,705,-1,619.99560546875,413.82086181640625,477.4656066894531,506.3379821777344
512,player,696,-1,860.559326171875,419.5806884765625,690.718017578125,598.2826538085938
512,player,391,1,220.9327850341797,628.7521362304688,58.786861419677734,903.050537109375
512,player,461,0,638.4421997070312,379.0050354003906,521.9931640625,425.3882141113281
512,player,53,0,143.62673950195312,385.3792419433594,10.91647720336914,258.7836608886719
512,player,702,-1,474.711669921875,332.1185607910156,390.07598876953125,190.95213317871094
512,player,352,0,615.2615356445312,626.64892578125,357.25457763671875,965.502197265625
512,player,705,-1,617.5029296875,390.5296630859375,482.7396240234375,482.11444091796875
512,player,666,0,1058.381103515625,377.80023193359375,906.0711059570312,515.4121704101562
512,player,700,-1,475.447509765625,326.43170166015625,394.88262939453125,169.56956481933594
512,player,693,-1,488.80743408203125,345.76019287109375,389.46112060546875,277.465576171875
513,player,696,-1,859.3997802734375,414.4466552734375,691.4081420898438,589.8406982421875
513,player,391,1,219.26785278320312,635.3405151367188,56.04078674316406,908.550048828125
513,player,595,1,486.85504150390625,358.09161376953125,388.60577392578125,293.1445007324219
513,player,53,0,141.78799438476562,388.0425720214844,8.606205940246582,263.9480895996094
513,player,461,0,636.9963989257812,380.4083557128906,521.070068359375,420.7071533203125
513,player,705,-1,617.0088500976562,388.08929443359375,486.66229248046875,463.71209716796875
513,player,352,0,617.5919799804688,628.180908203125,356.6607666015625,969.5238037109375
513,player,666,0,1060.4169921875,381.8280029296875,905.3922119140625,524.1610107421875
513,player,692,-1,604.2677612304688,437.9009094238281,466.74365234375,561.9968872070312
514,player,696,-1,857.7138061523438,413.0999450683594,691.8076171875,582.93701171875
514,player,391,1,215.8506317138672,642.0574340820312,53.058189392089844,916.15771484375
514,player,595,1,482.507568359375,358.6087646484375,385.760009765625,291.9193115234375
514,player,53,0,140.44097900390625,390.6737060546875,6.509731769561768,270.36328125
514,player,705,-1,613.0489501953125,392.6854553222656,486.64501953125,456.22137451171875
514,player,461,0,631.853271484375,383.1139831542969,517.9618530273438,420.04180908203125
514,player,666,0,1060.973388671875,383.1103820800781,904.5390625,531.1368408203125
514,player,352,0,614.32666015625,627.8173217773438,355.4931945800781,971.72509765625
515,player,696,-1,855.7476806640625,411.0486145019531,692.1768798828125,576.3380126953125
515,player,391,1,218.51565551757812,647.8485717773438,51.63062286376953,924.8870239257812
515,player,461,0,631.4326171875,386.11932373046875,514.9557495117188,422.80126953125
515,player,705,-1,616.54345703125,397.6205749511719,486.4919128417969,456.9036865234375
515,player,53,0,138.08343505859375,392.31988525390625,4.195706367492676,276.2508850097656
515,player,352,0,607.660888671875,628.5366821289062,352.918212890625,973.1827392578125
515,player,595,1,478.30792236328125,358.1016845703125,382.49359130859375,289.9959411621094
515,player,700,-1,466.61199951171875,328.4205627441406,391.0118713378906,171.05618286132812
515,player,693,-1,474.37725830078125,353.5038146972656,384.50469970703125,274.47735595703125
516,player,696,-1,854.001953125,409.77081298828125,692.3252563476562,570.6774291992188
516,player,461,0,630.4010009765625,393.3152770996094,510.6668701171875,432.12646484375
516,player,391,1,213.77008056640625,649.707763671875,49.34105682373047,931.4154663085938
516,player,53,0,135.11862182617188,393.5517883300781,1.5219242572784424,281.2131042480469
516,player,693,-1,473.6782531738281,356.9421691894531,380.2465515136719,276.678466796875
516,player,595,1,476.12890625,358.0467834472656,379.58673095703125,288.4136047363281
516,player,713,-1,610.435302734375,397.3211669921875,480.6188659667969,455.45318603515625
516,player,352,0,604.828369140625,628.1732788085938,350.571533203125,973.7431030273438
517,player,696,-1,851.9578857421875,403.52630615234375,693.982421875,560.8463745117188
517,player,461,0,629.9989013671875,401.711669921875,505.4775390625,446.86968994140625
517,player,391,1,206.7728729248047,649.25390625,45.96159744262695,934.93994140625
517,player,693,-1,470.14892578125,357.45855712890625,376.0698547363281,278.3094787597656
517,player,53,0,132.37982177734375,394.5721130371094,-1.2908225059509277,285.3421630859375
517,player,595,1,471.56414794921875,357.207275390625,376.21575927734375,285.80291748046875
517,player,705,-1,613.3311157226562,404.643798828125,483.495361328125,464.2686462402344
517,player,713,-1,600.7808227539062,407.1017150878906,474.9103698730469,464.552001953125
518,player,461,0,623.902587890625,403.1440124511719,499.7143249511719,457.2954406738281
518,player,696,-1,850.2557373046875,398.150146484375,696.4432373046875,549.0791625976562
518,player,693,-1,472.03271484375,359.08392333984375,373.68157958984375,281.581787109375
518,player,391,1,201.46200561523438,648.7037353515625,42.333126068115234,936.55615234375
518,player,53,0,130.0513458251953,395.3977355957031,-4.030027866363525,288.7421875
518,player,352,0,599.3482055664062,631.6644287109375,347.13018798828125,975.8522338867188
519,player,461,0,618.9534912109375,397.3555908203125,495.8590393066406,457.5772705078125
519,player,696,0,850.768798828125,396.031005859375,698.9647216796875,539.4052124023438
519,player,391,1,196.67959594726562,646.3037109375,38.742244720458984,935.8092041015625
519,player,53,0,128.7711639404297,397.16900634765625,-6.338438987731934,292.9303894042969
519,player,693,0,471.8990783691406,359.0908203125,372.0788269042969,283.700927734375
519,player,711,-1,560.8680419921875,623.3610229492188,315.71075439453125,958.8615112304688
519,player,352,0,597.03369140625,632.41162109375,344.19256591796875,977.52685546875
520,player,461,0,616.1934204101562,394.31402587890625,493.2416076660156,454.28472900390625
520,player,696,0,851.8182373046875,396.2509765625,700.8528442382812,533.4364624023438
520,player,391,1,192.14028930664062,647.8961791992188,35.114620208740234,936.03173828125
520,player,53,0,127.74312591552734,399.4847106933594,-8.279151916503906,298.30108642578125
520,player,711,-1,555.169189453125,618.0508422851562,314.9534606933594,955.2608642578125
520,player,693,0,464.8893737792969,356.010986328125,369.1518859863281,280.4534912109375
521,player,696,0,853.0145263671875,396.6001892089844,702.3283081054688,530.016845703125
521,player,391,1,181.1121368408203,649.4797973632812,29.688262939453125,936.4688720703125
521,player,461,0,615.124267578125,394.7084045410156,491.0780029296875,452.44683837890625
521,player,700,-1,468.42950439453125,358.3547058105469,382.2381591796875,210.5399627685547
521,player,53,0,127.36034393310547,399.904052734375,-9.69489574432373,302.2463684082031
521,player,711,-1,550.2413940429688,616.506591796875,313.38031005859375,951.660400390625
522,player,696,0,848.8215942382812,395.5145263671875,702.3660888671875,526.3150024414062
522,player,700,-1,465.99591064453125,359.749755859375,375.33697509765625,237.60769653320312
522,player,461,0,614.139892578125,395.39013671875,489.1619873046875,451.8648986816406
522,player,391,1,173.39633178710938,649.057861328125,24.053659439086914,936.003173828125
522,player,53,0,127.38070678710938,399.0111083984375,-10.589395523071289,303.7478942871094
522,player,711,-1,544.9618530273438,617.1331176757812,310.88525390625,949.37744140625
523,player,391,1,167.9822998046875,647.8648681640625,18.92967987060547,934.611328125
523,player,696,0,844.621826171875,396.02239990234375,700.8914794921875,523.9942626953125
523,player,461,0,612.5386962890625,396.5488586425781,487.076171875,452.53326416015625
523,player,53,0,127.26199340820312,398.16241455078125,-11.199013710021973,303.69451904296875
523,player,700,-1,463.111572265625,359.6932067871094,369.808349609375,254.78219604492188
523,player,711,-1,540.2201538085938,618.5888061523438,307.8219909667969,948.4964599609375
524,player,696,0,844.2249755859375,396.4143371582031,699.6683349609375,522.83203125
524,player,461,0,612.3060302734375,399.52764892578125,484.8622131347656,456.0489501953125
524,player,391,1,162.8425750732422,646.8587646484375,14.203877449035645,932.7483520507812
524,player,53,0,126.76803588867188,397.6910095214844,-11.774506568908691,303.03558349609375
524,player,700,-1,459.81744384765625,359.5611572265625,365.0369873046875,265.38372802734375
524,player,711,-1,533.7945556640625,619.1478271484375,304.06817626953125,947.867919921875
524,ball,-1,-1,558.898193359375,334.0512390136719,556.6298217773438,468.8790283203125
525,player,696,0,844.490966796875,396.4380798339844,698.9481811523438,522.126220703125
525,player,461,0,610.0113525390625,399.2975769042969,482.7201232910156,457.8563232421875
525,player,391,1,157.80052185058594,623.5789794921875,10.214059829711914,916.17138671875
525,player,595,1,439.82305908203125,360.0648498535156,361.7496643066406,283.72149658203125
525,player,53,0,125.75257110595703,396.9610900878906,-12.522567749023438,301.60870361328125
525,player,711,-1,527.975341796875,620.1226196289062,299.9707946777344,947.69775390625
525,ball,-1,-1,558.2196044921875,333.42144775390625,550.3751220703125,449.5132141113281
526,player,696,0,843.9695434570312,397.57904052734375,697.909423828125,522.7357177734375
526,player,391,1,152.17652893066406,620.0615234375,6.092692852020264,902.6749877929688
526,player,461,0,607.197265625,396.9766845703125,480.994140625,456.3155212402344
526,player,595,1,437.26287841796875,361.7239685058594,351.0654296875,284.083251953125
526,player,53,0,123.75555419921875,396.02874755859375,-13.756223678588867,299.317626953125
526,player,711,0,525.6705322265625,621.6500244140625,296.50439453125,948.3839111328125
526,player,666,0,1082.820068359375,395.1521911621094,905.1016845703125,549.10009765625
527,player,696,0,843.435791015625,397.32928466796875,697.1560668945312,522.8346557617188
527,player,391,1,145.2081756591797,616.07666015625,1.494636058807373,890.748291015625
527,player,595,1,432.39813232421875,362.7159729003906,342.1317443847656,284.9347229003906
527,player,711,0,529.0415649414062,622.4802856445312,295.02886962890625,949.548828125
527,player,461,0,605.795166015625,398.6792907714844,478.9623718261719,456.9462585449219
527,player,53,0,121.62144470214844,394.4537658691406,-15.34975528717041,295.6646728515625
527,player,666,0,1085.077880859375,400.3228759765625,903.8485107421875,565.7369995117188
528,player,696,0,841.714111328125,397.0998229980469,696.2086791992188,522.50439453125
528,player,391,1,140.15008544921875,611.45458984375,-2.8726773262023926,879.5045776367188
528,player,461,0,604.6840209960938,397.0098876953125,477.7034912109375,455.49505615234375
528,player,595,1,427.1492614746094,362.2615966796875,334.4826965332031,284.29473876953125
528,player,53,0,119.06547546386719,392.96807861328125,-17.345630645751953,291.17230224609375
528,player,666,0,1086.0380859375,402.6097717285156,902.3140869140625,578.7191772460938
528,player,711,0,513.9581909179688,623.4790649414062,289.9827880859375,949.983154296875
529,player,696,0,839.83251953125,393.791259765625,696.1837158203125,518.8399047851562
529,player,461,0,603.94921875,400.5802917480469,475.718994140625,458.19781494140625
529,player,391,1,136.47042846679688,608.9617919921875,-6.737187385559082,870.2301025390625
529,player,595,1,423.7214050292969,361.63336181640625,328.36981201171875,282.6916809082031
529,player,53,0,116.98237609863281,393.03509521484375,-19.44768524169922,288.080078125
529,player,711,0,501.44012451171875,623.5204467773438,283.40350341796875,949.5131225585938
529,player,666,0,1086.6962890625,402.3395080566406,901.6270751953125,586.9723510742188
530,player,461,0,601.3906860351562,402.25152587890625,473.1517333984375,461.4197692871094
530,player,53,0,114.17365264892578,393.3808288574219,-21.902873992919922,286.1495056152344
530,player,391,1,133.14418029785156,610.6195068359375,-10.235145568847656,865.1109008789062
530,player,711,0,496.897705078125,622.3945922851562,278.065185546875,948.2305908203125
530,player,595,1,421.22442626953125,361.5479736328125,323.4906311035156,281.2393798828125
530,player,696,0,838.3597412109375,389.3875732421875,697.2894897460938,511.9184265136719
530,player,697,-1,836.9254150390625,370.6017761230469,717.977783203125,443.3248596191406
530,player,666,0,1089.22802734375,407.62530517578125,899.6217041015625,597.3275756835938
530,player,746,-1,552.9484252929688,452.29937744140625,390.9660949707031,592.8838500976562
530,player,748,-1,888.0830688476562,284.9314880371094,876.8729858398438,168.32745361328125
531,player,53,0,111.196533203125,393.08282470703125,-24.645261764526367,284.16754150390625
531,player,461,0,598.92333984375,403.1734313964844,470.4300537109375,464.2106628417969
531,player,746,-1,555.6222534179688,450.32781982421875,392.21435546875,591.32373046875
531,player,697,-1,836.257568359375,362.0762634277344,721.0489501953125,434.119873046875
531,player,391,1,127.06683349609375,612.1051025390625,-14.284988403320312,862.3818969726562
531,player,595,1,415.0758056640625,360.21807861328125,318.2997131347656,277.9049987792969
531,player,666,0,1087.5496826171875,409.8564147949219,896.8712158203125,605.898193359375
531,player,711,0,492.1515808105469,622.7125244140625,273.303466796875,947.296875
531,player,696,0,840.699951171875,386.37567138671875,699.8475952148438,504.62115478515625
532,player,53,0,108.25399780273438,393.076904296875,-27.565723419189453,282.51251220703125
532,player,746,-1,552.8749389648438,452.69464111328125,391.67388916015625,592.2240600585938
532,player,461,0,598.1368408203125,406.2750244140625,467.62091064453125,469.1295166015625
532,player,697,-1,836.4271240234375,360.251708984375,723.8150634765625,426.17120361328125
532,player,391,1,123.00559997558594,613.0568237304688,-18.101892471313477,860.979248046875
532,player,666,0,1085.407958984375,415.5776672363281,892.0311889648438,616.3321533203125
532,player,595,1,413.63397216796875,359.6593017578125,314.4976501464844,274.87005615234375
532,player,711,0,484.23992919921875,623.5751342773438,268.0151672363281,946.728759765625
532,player,696,0,842.875244140625,384.4043273925781,702.9267578125,498.1002197265625
532,player,750,-1,833.529296875,386.2360534667969,698.2291259765625,488.586181640625
533,player,461,0,597.549072265625,406.3102722167969,465.5917663574219,472.3026123046875
533,player,53,0,105.40048217773438,393.24969482421875,-30.56984519958496,281.29931640625
533,player,697,-1,836.4573364257812,352.2833557128906,728.7868041992188,412.220458984375
533,player,666,0,1086.176513671875,421.92950439453125,886.4474487304688,628.7056884765625
533,player,746,-1,543.981201171875,453.65924072265625,388.3197021484375,592.8748779296875
533,player,595,1,413.95050048828125,358.9551696777344,312.27911376953125,272.0654602050781
533,player,391,1,119.07632446289062,613.2925415039062,-21.721439361572266,859.9574584960938
533,player,750,-1,828.3836669921875,387.5780029296875,696.105712890625,489.42291259765625
533,player,696,0,842.3130493164062,382.8432922363281,705.326416015625,492.21405029296875
533,player,711,0,477.99774169921875,624.9412231445312,262.7688903808594,946.8131103515625
534,player,697,-1,837.08740234375,351.7466735839844,732.4434814453125,402.623779296875
534,player,461,0,596.94189453125,405.98529052734375,464.153076171875,473.97027587890625
534,player,53,0,102.36985778808594,393.2474365234375,-33.69626998901367,280.13726806640625
534,player,391,1,115.04464721679688,615.013671875,-25.253816604614258,860.19189453125
534,player,595,1,412.849365234375,358.7987365722656,310.4576416015625,269.9123840332031
534,player,666,0,1089.3548583984375,422.1654052734375,883.628662109375,637.2271118164062
534,player,750,-1,815.40380859375,389.5030212402344,689.90576171875,490.5976257324219
534,player,746,-1,538.0721435546875,454.3695983886719,384.1311340332031,593.4049072265625
534,player,696,0,835.6307373046875,381.9983825683594,705.0643920898438,486.838623046875
534,player,711,0,474.82391357421875,623.2435913085938,258.7132263183594,945.6207275390625
535,player,697,-1,837.830322265625,351.2101135253906,735.2833251953125,395.86920166015625
535,player,595,1,411.83978271484375,358.59515380859375,308.93701171875,268.1354064941406
535,player,461,0,596.2294921875,406.69866943359375,462.80438232421875,475.7110595703125
535,player,53,0,99.1775131225586,394.0002136230469,-36.968997955322266,279.912841796875
535,player,391,1,111.74014282226562,616.4698486328125,-28.51439666748047,861.109619140625
535,player,750,-1,806.095703125,391.349853515625,682.2626953125,492.2828369140625
535,player,666,0,1092.511962890625,420.8926086425781,883.2297973632812,641.94189453125
535,player,711,0,472.6048583984375,623.3897705078125,255.47210693359375,944.7972412109375
535,player,746,-1,531.7568359375,454.8400573730469,379.31890869140625,593.6002807617188
535,player,696,0,831.8365478515625,373.0740661621094,706.9984741210938,473.67999267578125
536,player,595,1,411.52203369140625,358.2888488769531,307.888916015625,266.56085205078125
536,player,697,-1,838.1109619140625,349.688720703125,737.837890625,389.80462646484375
536,player,461,0,595.239501953125,405.9778137207031,461.77960205078125,476.00341796875
536,player,711,0,469.6448974609375,623.7352294921875,252.54135131835938,944.2906494140625
536,player,391,1,109.09941101074219,615.8043823242188,-31.392742156982422,861.071044921875
536,player,53,0,97.62236022949219,394.8123779296875,-39.70137023925781,280.5694580078125
536,player,750,-1,801.8906860351562,384.2771911621094,678.4259643554688,485.7522888183594
536,player,746,-1,516.4853515625,455.866455078125,371.15533447265625,593.2646484375
536,player,666,0,1094.3787841796875,419.897216796875,883.9217529296875,644.3082275390625
537,player,697,1,838.743408203125,345.2025451660156,741.5408935546875,380.8611755371094
537,player,595,1,409.8956604003906,357.8830871582031,306.67919921875,264.8311462402344
537,player,461,0,593.7454833984375,405.4119567871094,460.7593688964844,475.4596862792969
537,player,750,-1,800.665771484375,385.8264465332031,674.992919921875,482.97137451171875
537,player,666,0,1095.9931640625,418.69561767578125,885.33935546875,644.94580078125
537,player,53,0,97.35923767089844,395.56353759765625,-41.58146286010742,281.880126953125
537,player,391,1,106.30107116699219,615.8776245117188,-34.073238372802734,860.9032592773438
537,player,746,-1,509.7317199707031,455.5093078613281,363.7698974609375,592.0991821289062
537,player,711,0,466.48785400390625,615.1903686523438,250.76478576660156,938.418701171875
537,player,748,-1,890.12890625,283.8647155761719,878.160400390625,167.16217041015625
538,player,697,1,839.7093505859375,338.42523193359375,747.087890625,367.3687438964844
538,player,595,1,406.6158447265625,357.2409362792969,304.79095458984375,262.49871826171875
538,player,750,-1,801.7109985351562,387.9803771972656,672.3426513671875,483.4697265625
538,player,461,0,592.72705078125,406.3429260253906,459.5276794433594,475.9561767578125
538,player,666,0,1097.400390625,416.5467834472656,887.5736083984375,643.6140747070312
538,player,391,1,102.15229797363281,616.7550659179688,-37.018959045410156,861.107177734375
538,player,53,0,97.32197570800781,396.415283203125,-42.820396423339844,283.7635803222656
538,player,746,0,510.27880859375,455.6985168457031,359.10833740234375,591.5652465820312
538,player,748,-1,892.1882934570312,280.5086364746094,881.4996337890625,162.12120056152344
538,player,711,0,462.72882080078125,619.9519653320312,248.06759643554688,937.3551635742188
539,player,697,1,840.7677612304688,337.00396728515625,751.6492919921875,357.06866455078125
539,player,750,1,800.7036743164062,388.87957763671875,669.9839477539062,484.60516357421875
539,player,595,1,406.3466796875,356.5556945800781,303.59283447265625,260.0932312011719
539,player,461,0,593.3216552734375,407.4872741699219,458.6407165527344,477.509765625
539,player,53,0,97.9345932006836,395.3160095214844,-43.38555908203125,283.7247619628906
539,player,666,0,1098.3653564453125,416.159423828125,889.4673461914062,642.4951171875
539,player,391,1,97.79960632324219,616.56103515625,-40.19285202026367,860.8077392578125
539,player,746,0,508.5396728515625,454.8250427246094,355.6864013671875,590.2570190429688
540,player,750,1,797.3319702148438,389.18994140625,667.263427734375,485.3152770996094
540,player,595,1,406.11700439453125,355.4246826171875,302.9428405761719,257.08428955078125
540,player,697,1,840.062744140625,338.2369079589844,753.8567504882812,351.7259521484375
540,player,53,0,97.90396881103516,396.1986999511719,-43.767616271972656,284.77008056640625
540,player,461,0,594.183349609375,412.4664306640625,457.1251220703125,483.65386962890625
540,player,666,0,1100.24072265625,412.1886901855469,892.9362182617188,638.4506225585938
540,player,391,1,93.42217254638672,616.3595581054688,-43.523990631103516,860.1737060546875
540,player,759,-1,392.35479736328125,327.3265075683594,302.2957458496094,140.81039428710938
540,player,711,0,460.35821533203125,623.9122314453125,245.24362182617188,938.981201171875
541,player,391,1,91.189208984375,616.45068359375,-46.33672332763672,859.6697998046875
541,player,750,1,794.6107177734375,388.10064697265625,664.9999389648438,484.39111328125
541,player,595,1,404.34375,355.05865478515625,301.9252014160156,254.4463653564453
541,player,697,1,840.63427734375,336.8403015136719,756.072998046875,346.6944885253906
541,player,461,0,594.571044921875,413.6842041015625,455.9703369140625,488.91009521484375
541,player,666,0,1103.6552734375,411.07342529296875,896.6561279296875,635.140380859375
541,player,53,0,97.82942962646484,400.66754150390625,-44.05888366699219,290.8355712890625
541,player,758,-1,23.58328628540039,294.2332763671875,-141.6431121826172,-168.54835510253906
541,player,759,-1,389.81024169921875,328.9432678222656,300.9777526855469,142.6829833984375
542,player,750,1,793.20751953125,385.7396240234375,663.897216796875,481.23138427734375
542,player,697,1,841.9663696289062,335.4378356933594,758.5582275390625,341.94122314453125
542,player,595,1,401.37615966796875,354.3596496582031,300.2818298339844,251.47869873046875
542,player,53,0,97.21131896972656,403.47100830078125,-44.49314880371094,298.0522766113281
542,player,461,0,594.55126953125,412.39715576171875,455.527099609375,491.0314636230469
542,player,746,0,502.4213562011719,450.8561096191406,352.2396545410156,585.1720581054688
542,player,391,1,89.39305877685547,615.2731323242188,-48.68720245361328,858.411376953125
542,player,759,-1,386.60943603515625,326.8172912597656,299.28265380859375,140.53456115722656
542,player,666,0,1105.0286865234375,410.9230041503906,899.5350341796875,632.9777221679688
542,player,711,0,452.344970703125,618.9468994140625,241.81674194335938,936.4332275390625
543,player,750,1,792.368408203125,381.78692626953125,664.292236328125,475.01031494140625
543,player,697,1,843.528564453125,340.5749206542969,758.5348510742188,344.9986572265625
543,player,53,0,96.50546264648438,405.2325744628906,-45.049312591552734,304.7491455078125
543,player,461,0,593.960693359375,412.5048828125,455.01873779296875,492.4591979980469
543,player,746,0,493.47406005859375,452.3595275878906,346.85748291015625,582.4293212890625
543,player,666,0,1106.3685302734375,411.1728515625,901.68408203125,631.9112548828125
543,player,595,1,392.83294677734375,347.03955078125,297.35772705078125,239.1138458251953
543,player,711,0,443.89996337890625,620.8820190429688,237.12181091308594,935.4556884765625
543,player,391,1,84.9552993774414,614.7063598632812,-51.50635528564453,856.8966064453125
544,player,750,1,791.2781982421875,377.6581726074219,665.6542358398438,466.54058837890625
544,player,697,1,845.2618408203125,350.01617431640625,755.1959228515625,357.90875244140625
544,player,53,0,96.89449310302734,406.63812255859375,-45.266136169433594,310.8076171875
544,player,595,1,395.4858093261719,350.3661804199219,295.84088134765625,235.69509887695312
544,player,391,1,83.96280670166016,615.605712890625,-53.625144958496094,856.461181640625
544,player,666,0,1108.306884765625,409.9989929199219,904.1492919921875,630.3530883789062
544,player,461,0,593.3525390625,414.14508056640625,454.08966064453125,494.9731750488281
544,player,711,0,435.3256530761719,622.2833862304688,231.62939453125,935.1552734375
544,player,746,0,500.6810302734375,453.32476806640625,345.49151611328125,582.2100830078125
545,player,697,1,846.792236328125,359.3842468261719,749.7562255859375,376.8193054199219
545,player,53,0,96.3358154296875,407.17864990234375,-45.62078857421875,315.31622314453125
545,player,666,0,1110.4697265625,409.2505187988281,906.70166015625,628.8700561523438
545,player,461,0,582.9349365234375,415.8287658691406,449.6656188964844,497.2475280761719
545,player,759,-1,383.0631103515625,335.1913757324219,295.1806640625,150.0784149169922
545,player,711,0,431.47613525390625,624.0775146484375,226.84530639648438,935.8379516601562
545,player,750,1,790.00537109375,373.5475158691406,667.591796875,456.5557861328125
546,player,53,0,94.74395751953125,407.3945617675781,-46.45680618286133,318.3135986328125
546,player,697,1,849.2344970703125,358.06842041015625,747.5469970703125,387.9419250488281
546,player,666,0,1112.083251953125,409.29425048828125,908.806640625,628.0883178710938
546,player,759,-1,381.4028625488281,342.52911376953125,290.5048828125,165.83038330078125
546,player,750,1,786.1478271484375,369.3629150390625,669.0919799804688,445.1737060546875
546,player,461,0,576.421630859375,415.9058837890625,444.63348388671875,498.14959716796875
546,player,711,0,430.1416931152344,623.7073364257812,223.41668701171875,935.9663696289062
546,player,771,-1,43.14399719238281,616.2681274414062,-91.59392547607422,848.85009765625
546,player,748,-1,907.4192504882812,282.63751220703125,887.9906005859375,163.80148315429688
547,player,697,1,850.288330078125,356.3522644042969,747.1464233398438,393.406982421875
547,player,666,0,1112.753662109375,411.2890319824219,909.49755859375,629.4007568359375
547,player,53,0,93.65705108642578,407.096435546875,-47.41326141357422,319.7831115722656
547,player,711,0,425.7419128417969,622.4550170898438,220.13714599609375,934.9879760742188
547,player,461,0,573.4471435546875,415.70001220703125,440.4328918457031,498.230712890625
547,player,759,-1,379.8704833984375,344.8271179199219,286.4573669433594,178.88302612304688
547,player,750,1,785.6702880859375,368.8101806640625,670.1096801757812,437.12786865234375
547,player,391,1,86.31334686279297,612.228759765625,-54.325889587402344,854.0150756835938
548,player,759,-1,373.4788818359375,345.28155517578125,281.29180908203125,187.12710571289062
548,player,697,1,852.7821044921875,347.456787109375,751.3447875976562,387.3447265625
548,player,666,0,1114.445556640625,412.6998291015625,909.8192138671875,631.6429443359375
548,player,711,0,422.8182373046875,622.8320922851562,217.183837890625,934.4031982421875
548,player,53,0,94.07066345214844,407.3477783203125,-47.87785339355469,321.08282470703125
548,player,461,0,571.5961303710938,416.6705017089844,436.86822509765625,499.07000732421875
548,player,750,1,783.6500854492188,366.6444091796875,670.8894653320312,429.3341369628906
549,player,759,1,369.8398742675781,344.98028564453125,276.58880615234375,191.61557006835938
549,player,697,1,855.3465576171875,341.40228271484375,757.4638671875,376.8193664550781
549,player,53,0,95.45494079589844,406.5332336425781,-47.65214538574219,321.1312255859375
549,player,666,0,1118.510986328125,415.81121826171875,909.8446044921875,636.1731567382812
549,player,461,0,570.1987915039062,415.6234436035156,434.3343200683594,498.42535400390625
549,player,711,0,424.0182189941406,624.6078491210938,215.407958984375,935.2096557617188
549,player,750,1,775.8697509765625,362.3601989746094,670.3720092773438,418.72747802734375
550,player,759,1,369.61895751953125,345.3082275390625,273.38934326171875,194.933837890625
550,player,53,0,97.1116943359375,406.1800231933594,-46.87413787841797,320.94146728515625
550,player,697,1,857.39013671875,340.91583251953125,762.3316650390625,369.6546936035156
550,player,666,0,1120.276611328125,419.25836181640625,908.8807373046875,642.2531127929688
550,player,750,1,774.8505249023438,360.8503723144531,670.2467651367188,410.05218505859375
550,player,461,0,569.3795166015625,413.6993103027344,432.8642883300781,495.98590087890625
551,player,759,1,369.36083984375,345.7621154785156,271.1310119628906,197.65097045898438
551,player,53,0,98.09149169921875,406.68182373046875,-45.997215270996094,321.5250244140625
551,player,697,1,861.252197265625,336.2589111328125,768.7861938476562,360.07061767578125
551,player,666,0,1119.43212890625,423.6119689941406,906.15869140625,649.860595703125
551,player,750,1,777.8343505859375,361.0068664550781,671.104248046875,404.91693115234375
552,player,53,0,99.1448974609375,407.13970947265625,-45.028533935546875,322.5670471191406
552,player,759,1,369.487060546875,346.2825927734375,269.62060546875,200.11367797851562
552,player,750,1,778.1009521484375,361.8829650878906,671.4295654296875,402.57623291015625
552,player,666,0,1122.639404296875,427.2288513183594,903.767822265625,658.1437377929688
552,player,697,1,864.156982421875,333.8951110839844,774.9864501953125,351.4263916015625
552,player,711,0,417.5296630859375,623.5266723632812,212.62286376953125,934.6475830078125
552,player,746,0,490.3783264160156,459.196044921875,340.2681884765625,586.5084838867188
552,player,783,-1,882.03466796875,293.3526611328125,858.4262084960938,198.08518981933594
553,player,53,0,102.12398529052734,407.4905700683594,-43.26980972290039,324.00628662109375
553,player,759,1,370.13433837890625,345.9388122558594,268.9475402832031,201.3498077392578
553,player,666,0,1123.7989501953125,429.9366455078125,901.40380859375,665.9009399414062
553,player,746,0,489.251708984375,461.7397155761719,336.07098388671875,591.5125732421875
553,player,750,1,778.5865478515625,361.5730285644531,671.9164428710938,400.766357421875
553,player,697,1,866.4951782226562,332.75506591796875,780.304443359375,344.74749755859375
553,player,711,0,415.6182861328125,624.1167602539062,210.24212646484375,934.5308837890625
553,player,783,-1,882.3140869140625,317.2250061035156,846.9537963867188,228.38870239257812
554,player,53,0,105.29585266113281,408.6654052734375,-40.93268966674805,326.6885986328125
554,player,759,1,369.2562255859375,344.5686340332031,268.4127197265625,200.24388122558594
554,player,666,0,1121.068359375,432.58746337890625,897.9967041015625,672.9266357421875
554,player,711,0,414.29559326171875,622.9786376953125,208.45089721679688,933.65771484375
554,player,750,1,780.169921875,359.9228515625,673.3680419921875,397.9394836425781
554,player,697,1,867.88134765625,332.65380859375,784.2734375,340.4499816894531
554,player,746,0,487.7042236328125,462.9833679199219,332.6367492675781,595.750244140625
555,player,53,0,108.72805786132812,411.6518859863281,-38.1431999206543,332.3027038574219
555,player,666,0,1120.744140625,435.03887939453125,894.677734375,679.500244140625
555,player,759,1,368.3799133300781,342.921142578125,268.01678466796875,197.24119567871094
555,player,697,1,869.8165893554688,332.5506896972656,787.551513671875,337.762451171875
555,player,711,0,413.3355712890625,589.765380859375,210.3829345703125,911.3912353515625
555,player,746,0,486.53338623046875,463.0776062011719,330.0172119140625,598.483642578125
555,player,761,-1,759.886962890625,356.55694580078125,660.1350708007812,375.4627990722656
555,player,461,0,573.0164794921875,408.7310791015625,434.28125,489.72125244140625
556,player,697,1,872.7686767578125,332.25872802734375,790.806640625,336.0193176269531
556,player,461,0,575.3759765625,408.67303466796875,435.9990539550781,485.83160400390625
556,player,53,0,111.62147521972656,413.2709045410156,-35.25917434692383,338.1531677246094
556,player,666,0,1123.352294921875,435.9526672363281,892.8726196289062,684.7445068359375
556,player,759,1,365.4459228515625,341.44903564453125,266.8834228515625,192.9532470703125
556,player,711,0,412.22222900390625,578.69091796875,212.500244140625,889.259033203125
556,player,761,-1,756.6097412109375,354.5519104003906,659.75732421875,372.8263244628906
556,player,746,0,483.3749084472656,463.392333984375,327.25933837890625,600.2582397460938
557,player,697,1,874.1356201171875,331.5542907714844,793.6954956054688,334.22088623046875
557,player,461,0,577.9859619140625,409.1400146484375,437.8692626953125,484.04736328125
557,player,53,0,115.44580841064453,415.4545593261719,-31.978897094726562,344.89654541015625
557,player,666,0,1127.601806640625,437.2285461425781,892.3585205078125,689.5549926757812
557,player,595,1,376.01519775390625,340.9573669433594,289.14422607421875,218.69528198242188
557,player,761,-1,754.5740966796875,357.7063903808594,657.6812744140625,374.4443359375
557,player,711,0,411.3277587890625,601.7218017578125,211.22715759277344,890.373046875
557,player,788,-1,367.84796142578125,315.54931640625,281.0494689941406,83.54743194580078
557,player,746,0,466.1041564941406,462.82940673828125,320.07110595703125,599.3296508789062
557,player,789,-1,895.70166015625,270.2100830078125,907.1847534179688,113.28631591796875
558,player,53,0,119.56184387207031,417.0621032714844,-28.33455467224121,351.5781555175781
558,player,666,0,1130.491943359375,436.7052917480469,893.045166015625,692.49072265625
558,player,697,1,874.62646484375,332.45147705078125,795.3410034179688,334.1602783203125
558,player,595,1,377.1267395019531,342.1537170410156,285.003173828125,209.37405395507812
558,player,461,0,575.2913818359375,412.77191162109375,437.3306579589844,486.3017578125
558,player,711,0,409.17474365234375,611.10546875,208.87193298339844,897.0704345703125
558,player,746,0,456.48138427734375,461.1640625,312.595947265625,596.3253784179688
558,player,761,-1,753.9737548828125,360.5636291503906,655.1054077148438,378.6278991699219
558,player,789,-1,900.4000244140625,279.68463134765625,903.7515258789062,127.09548950195312
558,player,758,-1,38.49448776245117,290.3671875,-134.84544372558594,-172.72804260253906
559,player,53,0,124.40767669677734,418.2022399902344,-24.18370819091797,357.76092529296875
559,player,666,0,1132.1219482421875,434.7663879394531,894.74951171875,692.9370727539062
559,player,697,1,875.015869140625,330.78009033203125,797.283935546875,332.20684814453125
559,player,461,0,573.140625,417.24169921875,435.22662353515625,492.0422058105469
559,player,595,1,377.52825927734375,343.1185607910156,282.29119873046875,204.63922119140625
559,player,711,0,406.7757568359375,619.5535888671875,205.86756896972656,906.6693115234375
559,player,746,0,453.11090087890625,459.7361145019531,306.88604736328125,592.7518310546875
559,player,761,-1,753.9871826171875,359.9161071777344,653.6669311523438,380.6259765625
559,player,789,-1,905.1705322265625,305.6423645019531,889.8544921875,170.7203369140625
560,player,53,0,127.90237426757812,420.65936279296875,-20.237152099609375,364.9370422363281
560,player,666,0,1133.4283447265625,434.5115661621094,896.3277587890625,693.1253051757812
560,player,697,1,875.5996704101562,328.69940185546875,799.6737060546875,328.552978515625
560,player,595,1,374.915283203125,341.94952392578125,279.73284912109375,199.676513671875
560,player,461,0,579.7415161132812,417.3363342285156,436.00189208984375,496.5282287597656
560,player,761,-1,753.0648193359375,358.153564453125,653.0526123046875,379.846923828125
560,player,748,-1,918.7479248046875,291.1089782714844,891.7416381835938,177.66693115234375
560,player,711,0,406.2646789550781,625.341552734375,203.224365234375,916.5198974609375
560,player,746,0,452.67071533203125,459.3636779785156,303.0929870605469,590.045654296875
560,player,771,-1,49.275882720947266,608.4573974609375,-89.91053771972656,843.8333740234375
561,player,53,0,129.69590759277344,422.00445556640625,-17.03676414489746,371.30572509765625
561,player,595,1,373.3638916015625,340.2504577636719,277.77685546875,193.993896484375
561,player,666,0,1136.591552734375,434.922119140625,898.064208984375,693.8486938476562
561,player,697,1,876.4852905273438,327.65985107421875,801.9937744140625,325.0517883300781
561,player,461,0,585.4293212890625,416.44451904296875,438.5799560546875,499.123291015625
561,player,748,-1,919.53662109375,280.47113037109375,900.130859375,172.6112823486328
561,player,711,0,404.0918884277344,624.463134765625,201.0059814453125,922.2349853515625
561,player,761,-1,747.5770874023438,357.9873046875,650.860107421875,378.5362854003906
561,player,771,-1,50.84832763671875,605.0668334960938,-88.39979553222656,838.2909545898438
561,player,758,-1,43.64952850341797,290.26678466796875,-128.01168823242188,-174.7191925048828
562,player,53,0,130.49932861328125,422.4447021484375,-14.669591903686523,376.025634765625
562,player,697,1,878.4185791015625,326.0168151855469,804.8992919921875,321.0530090332031
562,player,666,0,1139.409423828125,434.9589538574219,899.9622192382812,694.5827026367188
562,player,595,1,371.9668273925781,333.0514831542969,277.27197265625,180.43173217773438
562,player,461,0,588.738525390625,414.6049499511719,441.7803039550781,499.30224609375
562,player,761,1,745.2149658203125,357.5376281738281,648.7965698242188,376.9114685058594
562,player,746,0,456.4266662597656,458.9643249511719,301.8978576660156,588.2659912109375
562,player,711,0,402.47174072265625,616.2568359375,199.9065704345703,920.652587890625
562,player,748,-1,922.8179931640625,276.85504150390625,908.7310180664062,164.84564208984375
562,player,789,-1,901.1422119140625,311.984130859375,876.332763671875,206.47572326660156
563,player,666,0,1141.445068359375,434.29644775390625,902.0399169921875,694.6825561523438
563,player,53,0,132.19601440429688,422.0198059082031,-12.497488975524902,378.809326171875
563,player,697,1,880.350830078125,324.30633544921875,808.2218017578125,316.6424255371094
563,player,595,1,372.2706298828125,333.65447998046875,276.95196533203125,172.47714233398438
563,player,461,0,590.5161743164062,415.79443359375,444.15716552734375,500.78643798828125
563,player,761,1,746.2723388671875,357.3563232421875,647.8776245117188,375.7701416015625
563,player,746,0,458.91888427734375,459.8300476074219,301.7799072265625,588.13525390625
563,player,771,-1,53.57476043701172,600.360107421875,-86.67240905761719,831.5318603515625
563,player,711,0,401.37445068359375,612.2009887695312,199.28280639648438,916.9505004882812
564,player,666,0,1144.2890625,435.3104248046875,903.7567138671875,695.8175048828125
564,player,53,0,133.34091186523438,421.4335021972656,-10.651313781738281,380.09259033203125
564,player,595,1,378.053955078125,335.47760009765625,278.6634216308594,170.55331420898438
564,player,697,1,881.97705078125,324.3238830566406,810.9261474609375,313.9909973144531
564,player,461,0,591.2515869140625,419.35833740234375,445.08929443359375,505.36444091796875
564,player,746,0,459.6719970703125,459.2496032714844,302.0391845703125,587.58642578125
564,player,761,1,746.1302490234375,354.2832336425781,648.3334350585938,371.5298156738281
564,player,771,-1,54.31418228149414,602.5927734375,-85.30003356933594,828.7857666015625
564,player,711,0,399.81494140625,615.8558349609375,198.10403442382812,916.7898559570312
564,player,788,-1,371.8912658691406,298.24151611328125,286.14080810546875,58.46341323852539
565,player,666,0,1147.771484375,435.725830078125,905.665771484375,697.183837890625
565,player,461,0,592.0638427734375,422.55816650390625,445.199462890625,511.5687255859375
565,player,53,0,134.048583984375,420.8833923339844,-9.178336143493652,380.39141845703125
565,player,595,1,377.15631103515625,334.2646789550781,279.65167236328125,167.5440673828125
565,player,761,1,752.5672607421875,355.8377990722656,650.2515258789062,371.2681884765625
565,player,697,1,882.4261474609375,325.105712890625,812.4794921875,313.2550048828125
565,player,783,-1,882.5255126953125,428.0249938964844,795.2791137695312,363.9298095703125
565,player,746,0,459.84173583984375,456.73284912109375,302.6742248535156,584.923828125
565,player,771,-1,55.72132873535156,601.736083984375,-84.0007553100586,826.4913330078125
565,player,711,0,395.4191589355469,619.804931640625,195.77584838867188,918.918701171875
566,player,666,0,1150.087158203125,434.2572021484375,908.16748046875,697.0567016601562
566,player,461,0,593.0635375976562,424.5911865234375,445.1148681640625,517.68505859375
566,player,595,1,377.7943115234375,333.1435546875,280.7522888183594,164.15475463867188
566,player,761,1,757.9255981445312,355.7810974121094,653.3306884765625,371.639892578125
566,player,697,1,882.8846435546875,354.2452392578125,800.9060668945312,346.12738037109375
566,player,746,0,460.3203430175781,456.0776672363281,303.3487854003906,582.6307983398438
566,player,771,-1,56.197975158691406,600.8605346679688,-83.02542877197266,824.4091796875
566,player,53,0,132.40733337402344,420.15655517578125,-8.810194969177246,379.5885009765625
566,player,711,0,387.3301086425781,620.541259765625,192.00579833984375,920.2510986328125
567,player,666,0,1151.6927490234375,434.230224609375,910.2509765625,697.084716796875
567,player,461,0,594.9719848632812,425.94677734375,445.3572082519531,523.1640625
567,player,761,1,758.55126953125,354.88818359375,655.868896484375,370.94256591796875
567,player,783,-1,885.3880615234375,427.5075988769531,762.7236328125,451.8257751464844
567,player,771,0,59.329864501953125,592.8059692382812,-81.55232238769531,817.4749145507812
567,player,595,1,378.985107421875,333.97589111328125,281.77667236328125,163.2411346435547
567,player,746,0,460.8887939453125,457.74609375,303.6955261230469,582.7361450195312
567,player,789,-1,886.03173828125,333.90863037109375,852.239990234375,254.15260314941406
567,player,711,0,382.1734313964844,619.3018188476562,188.26861572265625,919.9974365234375
567,player,53,0,131.4204559326172,418.20556640625,-8.8939208984375,376.76300048828125
568,player,666,0,1152.73828125,435.36407470703125,911.417236328125,698.1204833984375
568,player,595,1,376.0614013671875,334.6071472167969,281.1846618652344,163.10659790039062
568,player,746,0,459.9223327636719,458.37335205078125,303.5077819824219,583.2935791015625
568,player,771,0,57.603271484375,585.6025390625,-81.20198822021484,807.5523071289062
568,player,461,0,596.841064453125,427.5106506347656,445.74908447265625,528.4197998046875
568,player,761,1,754.2338256835938,353.9049072265625,656.4149169921875,368.8836669921875
568,player,53,0,131.09259033203125,417.5224609375,-9.055347442626953,374.11859130859375
568,player,789,-1,887.4715576171875,325.6280212402344,840.80517578125,275.5828857421875
568,player,711,0,377.9609375,619.451904296875,184.68235778808594,919.656982421875
568,player,783,-1,888.07958984375,423.6626892089844,743.69775390625,505.744140625
569,player,666,0,1154.08154296875,436.94451904296875,911.8826904296875,700.1974487304688
569,player,771,0,65.18297576904297,583.6970825195312,-78.69889831542969,800.2559814453125
569,player,746,0,460.19921875,457.9320068359375,303.5469055175781,583.274658203125
569,player,595,1,372.9497985839844,333.5850524902344,279.77349853515625,161.2135467529297
569,player,761,1,751.9459228515625,351.1734619140625,656.9891967773438,364.16510009765625
569,player,789,-1,892.0057373046875,320.72265625,837.1782836914062,284.18212890625
569,player,461,0,596.497314453125,426.1788635253906,446.2069396972656,530.514892578125
569,player,53,0,130.99420166015625,415.3926696777344,-9.151806831359863,369.9752502441406
569,player,711,0,373.53369140625,619.7359619140625,181.12355041503906,919.3316040039062
569,player,783,-1,890.8604736328125,422.6313171386719,732.5253295898438,540.1109619140625
570,player,666,0,1156.9012451171875,438.65496826171875,912.2470703125,703.171630859375
570,player,746,0,461.13037109375,456.5026550292969,304.1065979003906,582.02783203125
570,player,595,1,372.691162109375,333.6592712402344,278.7414855957031,160.04879760742188
570,player,461,0,595.870361328125,425.33526611328125,446.50146484375,530.9973754882812
570,player,771,0,69.77767181396484,582.23583984375,-75.69200134277344,794.7711181640625
570,player,789,-1,893.7279052734375,321.27734375,835.1478881835938,290.646728515625
570,player,53,0,133.4836883544922,413.3641052246094,-8.243417739868164,365.25396728515625
570,player,761,1,748.8283081054688,347.40118408203125,657.6829833984375,356.38580322265625
570,player,814,-1,580.9320068359375,425.662353515625,433.02099609375,528.6397094726562
570,player,711,0,370.49627685546875,618.8297729492188,178.062255859375,918.3453369140625
571,player,666,0,1158.954345703125,442.55584716796875,911.42138671875,708.425048828125
571,player,595,1,372.9880676269531,333.6037292480469,278.19696044921875,159.2565155029297
571,player,746,0,462.32647705078125,454.45452880859375,305.1947021484375,579.4279174804688
571,player,461,0,597.64599609375,424.4801025390625,447.46923828125,530.65283203125
571,player,789,-1,894.5723876953125,322.26568603515625,833.6544189453125,296.1368713378906
571,player,53,0,136.77601623535156,412.7610168457031,-6.411919593811035,361.8721618652344
571,player,771,0,70.46459197998047,580.69287109375,-73.5413818359375,790.107177734375
571,player,761,1,748.3494873046875,345.30816650390625,658.7432861328125,348.8362121582031
571,player,783,-1,895.0794067382812,423.22515869140625,726.3207397460938,563.3690185546875
571,player,711,0,368.27166748046875,620.0372314453125,175.36386108398438,918.3320922851562
572,player,666,0,1162.4176025390625,445.55877685546875,910.5894775390625,714.52392578125
572,player,746,0,461.4822998046875,454.31268310546875,305.65338134765625,577.527099609375
572,player,595,1,373.263671875,332.8263854980469,278.0941162109375,157.72219848632812
572,player,461,0,598.411376953125,423.8110046386719,448.50494384765625,529.85205078125
572,player,53,0,140.8404541015625,413.1363525390625,-3.717834711074829,360.567138671875
572,player,783,1,896.90673828125,425.2142639160156,722.13818359375,580.4424438476562
572,player,711,0,368.4076232910156,619.7797241210938,173.66879272460938,918.1678466796875
572,player,789,-1,896.0578002929688,324.0113830566406,832.3761596679688,301.96978759765625
572,player,761,1,748.5985107421875,343.4456787109375,660.2105102539062,341.77642822265625
573,player,746,0,461.139404296875,454.4267883300781,305.822021484375,576.36572265625
573,player,461,0,598.6307373046875,422.0792236328125,449.66302490234375,527.661376953125
573,player,666,0,1164.885498046875,447.96270751953125,909.7310791015625,720.5968627929688
573,player,53,0,146.1478729248047,412.70025634765625,0.019009828567504883,359.82696533203125
573,player,595,1,373.6791687011719,331.254150390625,278.4812316894531,154.63629150390625
573,player,711,0,366.8135070800781,617.0828247070312,172.3621368408203,916.2305908203125
573,player,783,1,900.04150390625,423.6904296875,720.891357421875,590.453125
573,player,761,1,744.1431884765625,347.09039306640625,658.2848510742188,340.9275207519531
573,player,824,-1,921.1962890625,274.316650390625,927.0482177734375,139.81356811523438
573,player,822,-1,59.02681350708008,583.5547485351562,-79.38947296142578,785.086669921875
574,player,746,0,461.4859619140625,455.1986999511719,305.9153747558594,576.3609619140625
574,player,595,1,374.761474609375,329.28350830078125,279.52593994140625,150.0751190185547
574,player,666,0,1167.1181640625,451.3031921386719,908.4100341796875,727.3572387695312
574,player,461,0,597.80029296875,422.818359375,449.969970703125,526.8790283203125
574,player,53,0,149.37615966796875,411.4211730957031,3.687379837036133,358.25360107421875
574,player,711,0,365.80914306640625,615.3903198242188,171.38250732421875,913.81640625
574,player,783,1,904.8426513671875,423.5906677246094,721.551513671875,597.3041381835938
574,player,761,1,743.1273193359375,341.136962890625,658.8848266601562,333.26708984375
574,player,818,-1,36.0263671875,431.47308349609375,-110.17308807373047,383.4399108886719
574,player,789,-1,903.58203125,324.8686218261719,833.6895141601562,307.675048828125
575,player,53,0,151.34091186523438,410.46148681640625,6.833771705627441,356.35693359375
575,player,461,0,596.1778564453125,423.0232238769531,449.59521484375,526.4117431640625
575,player,666,0,1170.05908203125,453.8766784667969,907.2986450195312,733.997802734375
575,player,746,0,458.38385009765625,457.0890197753906,304.6664733886719,577.8214721679688
575,player,595,1,374.0959167480469,327.8800354003906,280.20654296875,145.0830078125
575,player,711,0,366.20892333984375,607.3427734375,171.54759216308594,907.035888671875
575,player,783,1,909.3702392578125,422.5600280761719,723.699462890625,601.2387084960938
575,player,761,1,749.6319580078125,341.58270263671875,661.355712890625,329.5841369628906
575,player,804,-1,917.5137939453125,273.31756591796875,924.8475952148438,134.4088592529297
575,player,789,-1,909.5787353515625,324.5147705078125,836.7303466796875,311.6748046875
576,player,53,0,152.3926239013672,410.17523193359375,9.279946327209473,354.91644287109375
576,player,461,0,594.9844970703125,422.5800476074219,449.0703125,525.5576171875
576,player,711,0,366.40203857421875,602.7766723632812,172.10690307617188,899.6278076171875
576,player,803,-1,1153.89892578125,454.9034423828125,891.5236206054688,744.99267578125
576,player,595,1,372.52880859375,326.7342224121094,280.2457275390625,140.03407287597656
576,player,761,1,751.171630859375,345.37078857421875,662.076416015625,331.8177490234375
576,player,824,-1,930.349609375,271.82080078125,931.72998046875,137.62161254882812
576,player,783,1,912.590576171875,421.8248596191406,726.320556640625,603.4249267578125
576,player,746,0,454.9835205078125,459.1351013183594,302.4296875,580.3441772460938
576,player,789,-1,913.5601196289062,324.7228088378906,839.9496459960938,314.99249267578125
577,player,461,0,596.76806640625,421.9720764160156,449.45233154296875,524.5821533203125
577,player,53,0,151.2042999267578,409.9955749511719,10.43324089050293,353.6375427246094
577,player,711,0,367.67095947265625,599.3789672851562,173.1228790283203,892.6356201171875
577,player,666,0,1169.4974365234375,457.2540588378906,905.0543212890625,740.8943481445312
577,player,761,1,747.52587890625,350.24835205078125,659.5001831054688,338.5011291503906
577,player,789,-1,916.8570556640625,323.2013244628906,843.870361328125,315.7360534667969
577,player,595,1,372.2817687988281,326.1431884765625,280.2845764160156,135.8966064453125
577,player,783,1,917.0811767578125,420.2899475097656,729.9185791015625,603.8667602539062
577,player,746,0,446.08966064453125,458.7691650390625,298.1746826171875,580.8231811523438
577,player,824,-1,932.2047119140625,283.7781982421875,928.8221435546875,152.7305145263672
578,player,461,0,598.1776733398438,419.5523681640625,450.73907470703125,521.7086181640625
578,player,666,0,1162.07275390625,457.239013671875,901.5953979492188,744.7865600585938
578,player,53,0,149.57565307617188,409.3493347167969,10.596417427062988,351.87615966796875
578,player,595,1,373.7077331542969,311.7218933105469,283.66326904296875,112.87118530273438
578,player,711,0,371.16229248046875,601.3569946289062,174.57669067382812,889.6439819335938
578,player,789,-1,923.66650390625,322.0679626464844,849.2513427734375,315.68145751953125
578,player,761,1,741.2037353515625,350.99664306640625,655.3948974609375,342.9788513183594
578,player,746,0,450.9790954589844,456.7200622558594,297.3105163574219,579.6918334960938
578,player,824,-1,932.6820678710938,291.3686828613281,923.027587890625,172.62803649902344
579,player,461,0,599.928466796875,418.57989501953125,452.3800048828125,519.05419921875
579,player,53,0,148.50997924804688,408.9615478515625,10.316890716552734,350.16192626953125
579,player,666,0,1159.5255126953125,460.5752868652344,897.3251953125,749.6951904296875
579,player,788,-1,382.6872863769531,327.0229797363281,288.054931640625,85.53535461425781
579,player,789,-1,927.1103515625,321.4802551269531,854.1900634765625,315.3563537597656
579,player,711,0,371.5771484375,603.0066528320312,175.4891815185547,888.82177734375
579,player,829,-1,729.3865356445312,333.269775390625,654.724609375,287.32476806640625
579,player,839,-1,21.85741424560547,582.20947265625,-111.86178588867188,774.2070922851562
579,player,746,0,455.51593017578125,456.1543273925781,298.30255126953125,578.8539428710938
579,player,818,-1,72.63587188720703,426.7125549316406,-96.63545227050781,382.21453857421875
580,player,461,0,601.7061157226562,419.02252197265625,453.9173583984375,517.9417724609375
580,player,53,0,149.66983032226562,409.034423828125,10.565946578979492,349.2652587890625
580,player,666,0,1160.368408203125,463.5625305175781,893.591796875,755.240966796875
580,player,788,-1,388.1728820800781,320.5888977050781,292.73895263671875,94.9144058227539
580,player,761,1,732.9329833984375,345.8922424316406,651.73583984375,339.00164794921875
580,player,789,-1,930.6217041015625,321.81524658203125,858.4197998046875,315.9606628417969
580,player,839,-1,25.219144821166992,581.7510986328125,-110.84248352050781,774.1168212890625
580,player,829,-1,727.3845825195312,329.375,655.4881591796875,282.3055725097656
580,player,824,-1,940.5513305664062,281.80523681640625,927.1923828125,173.95970153808594
580,player,711,0,374.3211669921875,606.9020385742188,176.4922637939453,891.0377197265625
581,player,461,0,603.235107421875,420.0521545410156,455.1632080078125,518.3837280273438
581,player,53,0,153.28121948242188,408.7074279785156,12.08625602722168,348.7218017578125
581,player,666,0,1163.37548828125,463.8574523925781,891.8563232421875,759.3018798828125
581,player,761,1,732.6158447265625,339.1082763671875,651.734375,328.3502502441406
581,player,788,-1,390.0567321777344,319.85748291015625,296.67950439453125,100.24405670166016
581,player,824,-1,948.046875,278.9809265136719,934.11572265625,172.03329467773438
581,player,839,-1,31.900943756103516,577.399169921875,-108.22894287109375,771.275634765625
581,player,789,-1,936.6019287109375,320.41815185546875,863.8553466796875,315.40301513671875
581,player,746,0,439.69488525390625,453.809814453125,294.20654296875,574.6416015625
581,player,711,0,376.9634704589844,608.2020263671875,177.75509643554688,893.5042724609375
582,player,761,1,733.2747802734375,341.5832214355469,651.0490112304688,324.4531555175781
582,player,461,0,606.674072265625,421.3292236328125,456.77716064453125,520.26220703125
582,player,53,0,158.30001831054688,408.5319519042969,14.951908111572266,348.744384765625
582,player,666,0,1166.64990234375,463.1368713378906,891.8932495117188,761.6432495117188
582,player,839,-1,33.141075134277344,575.963623046875,-106.1797866821289,768.431640625
582,player,788,-1,387.6898193359375,311.2655029296875,300.05633544921875,91.06169891357422
582,player,789,-1,937.6033935546875,321.6543884277344,867.1240844726562,316.6283874511719
582,player,746,0,444.833740234375,453.2345275878906,293.3024597167969,571.8475952148438
582,player,824,-1,947.6964721679688,279.5434265136719,938.1778564453125,171.49227905273438
582,player,711,0,377.56011962890625,608.0287475585938,178.75558471679688,895.0336303710938
582,ball,-1,-1,723.0477905273438,298.4796447753906,550.3751220703125,449.5132141113281
583,player,761,1,733.53955078125,343.99237060546875,649.8121948242188,324.7994689941406
583,player,461,0,608.22265625,421.8426208496094,458.20220947265625,522.1372680664062
583,player,53,0,159.98458862304688,408.573486328125,17.440597534179688,349.00067138671875
583,player,666,0,1167.8397216796875,462.8248596191406,892.36083984375,763.0183715820312
583,player,839,-1,32.607479095458984,576.093505859375,-105.00942993164062,766.64111328125
583,player,788,-1,386.6309509277344,306.9368591308594,302.7254638671875,78.60011291503906
583,player,789,-1,937.0166625976562,322.63470458984375,868.5771484375,318.51629638671875
583,player,746,0,448.09759521484375,453.03387451171875,293.8052062988281,570.150390625
583,player,824,0,946.6102294921875,280.08978271484375,940.1300048828125,171.73008728027344
583,player,711,0,377.5048522949219,608.0778198242188,179.38629150390625,896.05615234375
583,ball,-1,-1,723.0503540039062,298.4787902832031,550.3751220703125,449.5132141113281
584,player,666,0,1170.10009765625,461.72955322265625,893.7088012695312,763.248779296875
584,player,461,0,607.606689453125,421.7433776855469,458.95343017578125,523.19873046875
584,player,53,0,167.83938598632812,408.5910949707031,21.97958755493164,350.08990478515625
584,player,761,1,735.5206298828125,341.5601806640625,650.586669921875,322.3841247558594
584,player,839,-1,34.26327133178711,575.281005859375,-103.75592041015625,764.98486328125
584,player,788,-1,385.4580993652344,303.4541320800781,304.7160339355469,65.15792083740234
584,player,746,0,447.72613525390625,452.1158447265625,294.15948486328125,568.1504516601562
584,player,783,1,940.5015869140625,403.34259033203125,745.6373291015625,590.6925048828125
584,player,789,-1,941.985595703125,319.2636413574219,872.8309326171875,316.3297119140625
585,player,844,-1,161.84120178222656,410.8366394042969,23.789335250854492,357.49407958984375
585,player,666,0,1173.633056640625,461.01470947265625,895.8204956054688,763.12353515625
585,player,461,0,606.3248291015625,421.9350280761719,458.98052978515625,523.9503784179688
585,player,761,1,737.4140625,341.77862548828125,651.665283203125,321.29736328125
585,player,822,-1,62.665470123291016,574.9874267578125,-78.377685546875,778.9267578125
585,player,839,-1,37.83490753173828,574.2242431640625,-101.86156463623047,763.3758544921875
585,player,788,-1,389.6415710449219,304.84857177734375,307.418701171875,59.116783142089844
585,player,789,-1,945.0389404296875,320.3165588378906,876.1043090820312,316.525146484375
585,player,746,0,447.50225830078125,451.0688171386719,294.4862060546875,565.8438720703125
586,player,844,-1,163.12017822265625,414.81878662109375,24.109573364257812,362.15863037109375
586,player,461,0,609.916748046875,422.94976806640625,459.91192626953125,525.7802734375
586,player,761,1,739.389892578125,344.8992004394531,651.8998413085938,324.5014953613281
586,player,666,0,1176.998046875,461.24041748046875,898.0059814453125,763.4742431640625
586,player,789,-1,948.8861083984375,319.88031005859375,879.7359619140625,316.5908203125
586,player,839,-1,40.96364212036133,573.9337768554688,-99.67096710205078,762.3487548828125
586,player,746,0,449.2525939941406,451.283935546875,295.23236083984375,564.712646484375
586,player,788,0,397.5020751953125,312.62274169921875,310.6946716308594,67.71060943603516
586,player,822,-1,58.60923385620117,575.2318725585938,-78.96045684814453,774.7984619140625
586,player,711,0,369.51129150390625,613.135498046875,177.15536499023438,899.4871826171875
587,player,461,0,612.8054809570312,425.62908935546875,460.7957763671875,529.8494262695312
587,player,844,-1,166.48788452148438,414.52203369140625,25.570884704589844,365.23590087890625
587,player,666,0,1179.5111083984375,462.47412109375,899.6046142578125,764.837646484375
587,player,746,0,452.35052490234375,451.9424743652344,296.6153564453125,564.888916015625
587,player,761,1,741.1107177734375,343.60089111328125,653.1235961914062,325.26116943359375
587,player,789,-1,952.17333984375,320.30010986328125,882.990234375,317.52178955078125
587,player,788,0,401.3591613769531,320.9911193847656,312.5944519042969,85.74195861816406
587,player,839,-1,43.842716217041016,571.7725219726562,-97.39834594726562,760.2474365234375
587,player,711,0,363.5982666015625,614.1917114257812,173.99468994140625,902.0145263671875
588,player,666,0,1182.05126953125,463.6781311035156,900.84033203125,766.834716796875
588,player,461,0,615.087890625,429.0008544921875,461.284912109375,535.955810546875
588,player,844,-1,171.518310546875,411.55975341796875,28.50126075744629,364.45233154296875
588,player,761,1,742.8823852539062,341.1924133300781,655.4246215820312,323.1206359863281
588,player,746,0,454.3452453613281,451.2249755859375,298.27874755859375,564.5172729492188
588,player,789,-1,955.8309326171875,317.5707702636719,887.6853637695312,315.314697265625
588,player,788,0,397.9627685546875,320.5398254394531,312.58026123046875,96.35363006591797
588,player,839,0,45.782039642333984,571.9796142578125,-95.31855010986328,759.1903686523438
589,player,666,0,1184.992919921875,463.6436767578125,902.4436645507812,768.33154296875
589,player,844,-1,176.37774658203125,410.336181640625,32.25714111328125,363.10418701171875
589,player,746,0,455.824462890625,451.8427429199219,299.7377624511719,564.9955444335938
589,player,461,0,615.4771728515625,431.7567443847656,461.06317138671875,542.5888671875
589,player,789,-1,959.21142578125,320.98797607421875,890.168701171875,318.33856201171875
589,player,761,1,743.92529296875,338.54534912109375,658.2728271484375,318.7056579589844
589,player,788,0,392.5030212402344,319.1054992675781,310.70159912109375,100.461669921875
589,player,839,0,46.984195709228516,571.1229858398438,-93.6099853515625,757.9384765625
589,player,848,-1,9.98544979095459,567.47216796875,-123.56326293945312,739.27783203125
590,player,746,0,457.05767822265625,454.8046569824219,300.5979309082031,568.1907348632812
590,player,666,0,1188.10205078125,463.37725830078125,904.4237060546875,769.3399658203125
590,player,844,-1,180.5653076171875,409.366943359375,36.292808532714844,361.6007080078125
590,player,761,1,743.752685546875,338.8607177734375,659.9456787109375,316.19158935546875
590,player,461,0,610.5833740234375,434.08642578125,458.8050537109375,548.6419677734375
590,player,839,0,47.927276611328125,570.4522094726562,-92.21912384033203,756.6820068359375
590,player,783,1,960.6845703125,390.85845947265625,766.9486083984375,572.1547241210938
590,player,788,0,396.1436767578125,321.0374755859375,310.52716064453125,106.36555480957031
591,player,666,0,1191.092041015625,461.53570556640625,907.2545166015625,768.8238525390625
591,player,746,0,457.99334716796875,455.4930419921875,301.3458251953125,570.9950561523438
591,player,844,-1,185.01834106445312,411.0586853027344,40.47585678100586,363.05328369140625
591,player,761,1,742.8829345703125,339.19873046875,660.6043701171875,314.85675048828125
591,player,461,0,614.5579833984375,436.1923828125,458.10113525390625,554.9351196289062
591,player,789,-1,964.8497924804688,325.2206726074219,891.5682373046875,325.9266357421875
591,player,788,0,396.1579284667969,321.5953674316406,310.30462646484375,110.98748779296875
591,player,839,0,48.97608184814453,570.7653198242188,-90.9858169555664,756.1873168945312
592,player,666,0,1193.743896484375,460.3869323730469,910.27099609375,767.8158569335938
592,player,746,0,458.6919860839844,455.4724426269531,302.0605163574219,572.8638305664062
592,player,761,1,741.2840576171875,338.92236328125,660.5811767578125,313.4689636230469
592,player,844,1,191.13424682617188,409.99932861328125,45.50345230102539,363.4898376464844
592,player,783,1,965.7437744140625,392.7303466796875,781.5855102539062,562.3989868164062
592,player,461,0,619.0418090820312,437.1866455078125,458.8275146484375,560.3784790039062
592,player,839,0,49.264320373535156,570.7327270507812,-90.09564208984375,755.8629760742188
592,player,788,0,393.96014404296875,318.6954345703125,309.8857421875,109.59908294677734
593,player,761,1,740.6781005859375,339.384521484375,660.182861328125,313.0458068847656
593,player,666,0,1195.2606201171875,462.1236267089844,911.9304809570312,768.60009765625
593,player,844,1,194.91116333007812,410.1335144042969,50.1544189453125,364.354248046875
593,player,746,0,459.02203369140625,454.9190673828125,302.7225036621094,573.594970703125
593,player,461,0,621.3199462890625,435.916259765625,460.3241271972656,562.9412841796875
593,player,783,1,966.8070068359375,391.2306213378906,792.034912109375,554.7164916992188
593,player,839,0,48.988521575927734,573.2347412109375,-89.56209564208984,757.548583984375
593,player,788,0,389.5415344238281,320.3880920410156,307.5128173828125,110.46517944335938
593,player,711,0,347.332275390625,613.1669921875,167.55758666992188,901.9262084960938
594,player,761,1,740.8357543945312,339.1055603027344,660.0830078125,312.4569396972656
594,player,666,0,1197.5843505859375,464.4460754394531,912.6869506835938,771.0470581054688
594,player,746,0,459.109130859375,453.8628234863281,303.35516357421875,573.0945434570312
594,player,844,1,198.20138549804688,408.9973449707031,54.4532470703125,364.00048828125
594,player,461,0,621.8696899414062,435.5041809082031,461.56988525390625,564.2722778320312
594,player,783,1,969.7696533203125,391.45806884765625,799.6383666992188,550.228515625
594,player,788,0,389.82220458984375,319.1993713378906,306.3229675292969,109.38877868652344
594,player,839,0,48.961055755615234,570.5560913085938,-89.26676177978516,756.5885009765625
595,player,761,1,740.6448974609375,339.01422119140625,659.9860229492188,311.94244384765625
595,player,666,0,1199.838134765625,466.2171630859375,913.0623168945312,774.1434326171875
595,player,461,0,621.2249755859375,434.2480773925781,462.47735595703125,563.895751953125
595,player,844,1,202.62258911132812,408.1689453125,58.92422103881836,363.3316650390625
595,player,746,0,459.641357421875,452.9537048339844,304.0888366699219,571.9701538085938
595,player,788,0,391.8235168457031,319.03240966796875,306.3792724609375,108.73527526855469
595,player,783,1,971.521728515625,392.8833923339844,804.531982421875,548.8502807617188
595,player,839,0,48.230106353759766,568.92578125,-89.32746887207031,754.6512451171875
595,player,711,0,344.5495910644531,610.304931640625,162.8349609375,899.8157958984375
596,player,761,1,739.3135375976562,339.8323059082031,659.1554565429688,312.42449951171875
596,player,461,0,619.9564819335938,432.828369140625,463.00640869140625,562.1910400390625
596,player,666,0,1201.4794921875,468.2006530761719,912.9427490234375,777.7675170898438
596,player,746,0,460.30572509765625,453.57049560546875,304.67803955078125,571.877685546875
596,player,783,1,972.6314697265625,376.4216613769531,814.930419921875,531.9183349609375
596,player,53,0,206.5455322265625,408.1278991699219,39.262290954589844,354.68914794921875
596,player,788,0,392.684814453125,318.9956359863281,306.76568603515625,108.37998962402344
596,player,711,0,343.8441467285156,609.820068359375,159.6089324951172,898.079345703125
597,player,461,0,618.8035278320312,432.39154052734375,463.0888671875,560.5601806640625
597,player,746,0,460.43695068359375,453.4820861816406,305.1180725097656,571.7473754882812
597,player,851,-1,718.9404296875,339.67425537109375,637.51953125,305.8297119140625
597,player,789,0,974.459716796875,322.4423522949219,897.0399169921875,328.7379150390625
597,player,666,0,1202.596435546875,469.7528076171875,912.5375366210938,781.3659057617188
597,player,53,0,208.50808715820312,405.3180847167969,51.39707946777344,354.69805908203125
597,player,788,0,393.73858642578125,318.5063781738281,307.5363464355469,107.605224609375
597,player,711,0,346.67431640625,605.0681762695312,158.67892456054688,894.0050048828125
598,player,461,0,616.37744140625,431.2106018066406,462.65411376953125,558.1485595703125
598,player,711,0,349.033203125,603.1689453125,158.88563537597656,890.2535400390625
598,player,789,0,975.5498046875,322.9702453613281,900.6939697265625,331.30987548828125
598,player,851,-1,716.9158935546875,337.8453063964844,637.4767456054688,303.3878173828125
598,player,666,0,1204.400146484375,471.2442321777344,912.1535034179688,784.948974609375
598,player,53,0,211.08938598632812,409.54547119140625,59.961647033691406,359.8055419921875
598,player,746,0,459.44512939453125,456.8859558105469,304.5227966308594,574.7332763671875
598,player,788,0,396.9204406738281,313.1926574707031,310.4172058105469,99.96587371826172
599,player,461,0,611.8414306640625,430.1783752441406,461.17120361328125,555.164306640625
599,player,851,-1,715.3466796875,337.542724609375,637.00927734375,301.2462158203125
599,player,666,0,1195.376953125,473.2005310058594,908.7437744140625,788.0541381835938
599,player,53,0,211.667724609375,406.18218994140625,65.96034240722656,359.3724670410156
599,player,746,0,447.244140625,459.7083740234375,299.75836181640625,578.1494140625
599,player,783,1,977.0498046875,389.8330993652344,817.4099731445312,534.5466918945312
599,player,788,0,398.788330078125,315.20751953125,312.6099548339844,98.1583251953125
599,player,711,0,349.80474853515625,599.003173828125,159.58065795898438,885.082763671875
600,player,53,0,213.4423828125,401.9947814941406,70.79349517822266,354.4889221191406
600,player,461,0,610.6790771484375,428.4385681152344,460.25286865234375,551.4482421875
600,player,851,-1,714.894287109375,336.62176513671875,636.8822021484375,298.68585205078125
600,player,746,0,439.68426513671875,459.8094482421875,294.213134765625,579.7635498046875
600,player,666,0,1187.26171875,475.485595703125,903.4862060546875,791.1568603515625
600,player,711,0,351.247802734375,599.7857666015625,160.3699188232422,882.3443603515625
600,player,783,1,980.4290771484375,392.0028076171875,819.1546630859375,538.6693725585938
600,player,788,0,400.01617431640625,320.03961181640625,313.5072021484375,104.00894927978516
600,player,839,0,37.060760498046875,571.7823486328125,-92.7718505859375,754.7269897460938
601,player,53,0,214.3784637451172,400.982177734375,74.35052490234375,350.252197265625
601,player,461,0,610.8440551757812,427.6914978027344,459.88861083984375,548.3313598632812
601,player,851,-1,714.9443969726562,336.27667236328125,636.9430541992188,296.60955810546875
601,player,666,0,1184.984619140625,476.28802490234375,899.154541015625,793.5960083007812
601,player,711,0,351.9224853515625,601.0457763671875,160.96554565429688,881.4530029296875
601,player,746,0,438.0463562011719,459.48748779296875,290.1307678222656,580.3636474609375
601,player,788,0,400.67596435546875,322.2686767578125,313.8865661621094,111.02761840820312
601,player,783,1,982.00927734375,393.0657653808594,820.3306884765625,542.5186767578125
601,player,839,0,34.194366455078125,572.2620239257812,-95.88763427734375,754.9232177734375
601,player,789,0,983.1858520507812,318.00177001953125,908.1114501953125,328.0390625
