frame,object_type,track_id,team_id,frame_x,frame_y,court_x,court_y
0,player,1,-1,984.597412109375,511.4832763671875,761.5439453125,827.3528442382812
0,player,2,-1,820.0399169921875,415.6431579589844,739.7427978515625,548.291748046875
0,player,3,-1,549.8443603515625,524.2225952148438,448.133056640625,754.9158935546875
0,player,4,-1,683.1903076171875,353.9429931640625,691.0756225585938,292.5074157714844
0,player,5,-1,1053.11767578125,559.1517944335938,761.3573608398438,932.0469360351562
0,player,6,-1,498.1427917480469,544.8365478515625,403.24658203125,786.4362182617188
0,player,7,-1,847.3676147460938,413.3103332519531,765.2861328125,549.0482177734375
1,player,1,-1,984.6620483398438,510.758544921875,761.8148803710938,826.83837890625
1,player,2,-1,819.6615600585938,416.40228271484375,739.3255004882812,549.04833984375
1,player,3,-1,551.1766357421875,524.5950927734375,448.3967590332031,755.3026733398438
1,player,4,-1,683.6531982421875,353.71575927734375,691.3272705078125,292.2433776855469
1,player,5,-1,1054.520263671875,561.8614501953125,760.7943115234375,933.7861938476562
1,player,6,-1,498.31109619140625,544.449462890625,403.34100341796875,786.17333984375
1,player,8,-1,615.156982421875,351.29180908203125,628.728515625,258.75152587890625
1,player,9,-1,206.7203369140625,362.36920166015625,224.29837036132812,165.92762756347656
2,player,1,-1,983.7630615234375,509.79351806640625,762.1121826171875,825.7382202148438
2,player,3,-1,552.3239135742188,523.1088256835938,449.10467529296875,754.5259399414062
2,player,2,-1,816.0657958984375,416.75640869140625,737.8655395507812,549.5543212890625
2,player,5,-1,1055.0198974609375,560.3634033203125,761.0260009765625,934.04931640625
2,player,4,-1,683.27490234375,353.85186767578125,691.3062744140625,292.2180480957031
2,player,6,-1,499.0716247558594,544.3457641601562,403.5985107421875,785.9873046875
2,player,9,-1,205.83444213867188,366.94036865234375,223.7335205078125,172.62939453125
2,player,8,-1,612.4679565429688,350.8525085449219,627.984375,257.79742431640625
2,player,10,-1,848.4371948242188,414.92340087890625,764.2267456054688,554.177734375
3,player,1,-1,980.637939453125,508.27734375,762.0770263671875,823.6776123046875
3,player,3,-1,553.019287109375,521.71875,449.97576904296875,753.024658203125
3,player,2,-1,815.6388549804688,415.7760009765625,737.186279296875,548.8155517578125
3,player,4,-1,683.0377197265625,353.83367919921875,691.2210083007812,292.1482238769531
3,player,5,-1,1055.281005859375,557.836181640625,762.0595703125,932.7057495117188
3,player,6,-1,499.8858642578125,546.0325927734375,403.72308349609375,787.1287841796875
3,player,9,-1,200.94049072265625,367.3733215332031,221.68258666992188,177.04469299316406
3,player,8,-1,609.8681640625,351.780029296875,626.270751953125,258.2044677734375
3,player,10,-1,847.00634765625,412.8790283203125,764.675048828125,551.8929443359375
3,ball,-1,-1,1065.8603515625,301.10540771484375,1169.525634765625,200.15264892578125
4,player,1,-1,978.2531127929688,507.04107666015625,761.9071044921875,821.2491455078125
4,player,3,-1,553.3560791015625,520.8318481445312,450.77880859375,751.402099609375
4,player,2,-1,818.88427734375,416.98504638671875,737.2027587890625,549.9200439453125
4,player,6,-1,500.95428466796875,545.9491577148438,404.0701904296875,787.893798828125
4,player,5,-1,1053.8096923828125,558.2141723632812,762.2755126953125,931.95556640625
4,player,4,-1,681.4815673828125,353.2696228027344,690.8848266601562,291.12811279296875
4,player,9,-1,196.38478088378906,367.2647399902344,218.80950927734375,179.21578979492188
4,player,8,-1,609.1883544921875,352.9189453125,624.5012817382812,260.0229797363281
4,player,10,-1,841.3661499023438,414.11181640625,762.7987670898438,551.1423950195312
4,ball,-1,-1,1066.99267578125,300.93914794921875,1169.65380859375,200.12460327148438
5,player,1,-1,976.675537109375,506.66961669921875,761.5408935546875,819.2732543945312
5,player,3,-1,553.4345703125,521.3820190429688,451.2247314453125,750.77197265625
5,player,2,-1,818.2740478515625,417.68658447265625,736.75439453125,551.3079833984375
5,player,6,-1,502.0127868652344,544.274658203125,404.78472900390625,787.281982421875
5,player,5,-1,1053.775634765625,556.4944458007812,762.97119140625,930.4160766601562
5,player,4,-1,680.7362060546875,353.11328125,690.483154296875,290.1574401855469
5,player,8,-1,607.9525146484375,352.8195495605469,622.9710693359375,260.9159851074219
5,player,9,-1,205.4449462890625,368.0690612792969,219.97027587890625,182.88040161132812
5,player,10,-1,839.539794921875,414.82366943359375,760.748779296875,551.2191162109375
5,ball,-1,-1,1067.874755859375,299.4126281738281,1170.15869140625,199.5509796142578
6,player,1,-1,975.0526123046875,507.470947265625,760.6211547851562,818.4417724609375
6,player,3,-1,554.358642578125,522.7715454101562,451.5018310546875,751.4892578125
6,player,2,-1,817.7198486328125,417.887451171875,736.2215576171875,552.3641967773438
6,player,6,-1,502.4194030761719,543.823486328125,405.4103698730469,786.593994140625
6,player,5,-1,1054.19384765625,556.2257690429688,763.6063232421875,929.281494140625
6,player,4,-1,679.7890625,353.4591979980469,689.7577514648438,289.9012756347656
6,player,9,-1,207.45880126953125,367.7865295410156,221.42259216308594,185.08541870117188
6,player,8,-1,607.1658325195312,354.24462890625,621.1831665039062,263.438720703125
6,player,10,-1,840.8443603515625,415.171630859375,759.6510009765625,551.761962890625
7,player,1,1,972.767578125,508.8369140625,758.9832763671875,818.709228515625
7,player,3,1,554.9315795898438,523.6095581054688,451.6781311035156,752.6339111328125
7,player,2,1,820.0645751953125,417.6487731933594,736.651611328125,553.0338745117188
7,player,6,0,504.20965576171875,543.563232421875,406.2818603515625,786.099365234375
7,player,4,1,678.2183837890625,353.22479248046875,688.8594360351562,289.22027587890625
7,player,5,0,1054.40234375,554.6194458007812,764.595703125,927.5733032226562
7,player,8,-1,606.7792358398438,355.63519287109375,619.3797607421875,267.0067138671875
7,player,9,-1,209.0218505859375,367.343017578125,222.92193603515625,186.0516357421875
8,player,1,1,970.852783203125,508.02630615234375,757.7332763671875,818.1414794921875
8,player,3,1,555.5963134765625,524.853515625,451.74151611328125,754.36669921875
8,player,6,0,505.5923767089844,543.541748046875,407.18182373046875,785.869384765625
8,player,4,1,679.4283447265625,353.6562194824219,688.498046875,289.5263671875
8,player,8,0,606.2858276367188,356.62713623046875,617.6796264648438,270.66851806640625
8,player,5,0,1053.5615234375,551.0842895507812,766.2210693359375,924.214111328125
8,player,2,1,820.4481811523438,416.62420654296875,737.4554443359375,552.4401245117188
9,player,1,1,968.9898681640625,507.360595703125,756.6968994140625,817.138427734375
9,player,3,1,556.6026611328125,524.8123168945312,452.0367431640625,755.54248046875
9,player,6,0,506.21453857421875,543.3507690429688,407.94293212890625,785.6316528320312
9,player,4,1,678.2259521484375,352.4267578125,688.3816528320312,287.85272216796875
9,player,5,0,1054.00732421875,548.8196411132812,768.1378173828125,920.64990234375
9,player,8,0,605.9173583984375,356.8277282714844,616.378173828125,273.2879333496094
9,player,10,-1,832.667724609375,417.11279296875,755.7570190429688,553.3284912109375
9,player,11,-1,662.0908203125,351.49859619140625,673.7758178710938,275.53179931640625
9,player,7,-1,800.1619873046875,351.0066833496094,779.7335815429688,468.9029846191406
10,player,1,1,966.703369140625,507.5294189453125,755.40283203125,816.4256591796875
10,player,3,1,557.2991943359375,523.9803466796875,452.5435791015625,755.7371826171875
10,player,4,1,676.0523681640625,351.7758483886719,687.8521728515625,285.5873718261719
10,player,6,0,506.707275390625,543.6810302734375,408.50787353515625,785.7509765625
10,player,2,1,825.2711181640625,416.42999267578125,739.45947265625,552.3283081054688
10,player,8,0,605.8526611328125,356.9902648925781,615.451416015625,275.2117004394531
10,player,5,0,1054.6396484375,546.011474609375,770.4771728515625,916.613525390625
10,player,9,-1,194.19569396972656,363.44189453125,219.0559844970703,179.120849609375
11,player,1,1,964.9466552734375,508.009033203125,753.96337890625,816.1702880859375
11,player,3,1,558.6197509765625,524.0592651367188,453.1836853027344,756.02880859375
11,player,4,1,675.811767578125,350.25726318359375,688.0737915039062,281.9273376464844
11,player,6,0,507.27935791015625,543.7479858398438,409.00213623046875,785.9205322265625
11,player,5,0,1055.331298828125,545.4166259765625,772.3589477539062,913.6651611328125
11,player,8,0,606.2512817382812,356.75189208984375,615.0691528320312,276.1734313964844
11,player,10,-1,833.2906494140625,417.0314636230469,753.4401245117188,554.32373046875
11,player,7,-1,799.7661743164062,391.554931640625,769.7847900390625,468.071044921875
11,player,9,-1,176.27877807617188,370.3428955078125,210.1685791015625,182.71438598632812
12,player,3,1,558.98974609375,522.9597778320312,453.88226318359375,755.419677734375
12,player,1,1,963.8693237304688,508.40435791015625,752.6260986328125,816.2052612304688
12,player,4,1,674.87548828125,351.871826171875,687.2156982421875,281.7326354980469
12,player,6,0,507.509033203125,546.81640625,408.93817138671875,788.2264404296875
12,player,5,0,1055.1253662109375,539.1887817382812,775.6734619140625,907.75341796875
12,player,10,0,832.4681396484375,418.86297607421875,750.947265625,556.785400390625
12,player,8,0,606.271484375,356.8758239746094,614.7823486328125,276.97540283203125
12,player,9,-1,177.02203369140625,369.50701904296875,204.67138671875,183.91372680664062
12,player,7,-1,798.0089111328125,390.80377197265625,763.1061401367188,466.47259521484375
13,player,1,1,963.8388061523438,508.93701171875,751.5645751953125,816.6123046875
13,player,3,1,560.8242797851562,522.638427734375,454.84405517578125,754.9282836914062
13,player,4,1,671.3323974609375,352.0458984375,685.3932495117188,281.43365478515625
13,player,6,0,508.2350158691406,546.7457275390625,409.07928466796875,789.731201171875
13,player,5,0,1055.22705078125,539.2669677734375,777.824462890625,903.9688720703125
13,player,8,0,606.459228515625,356.63714599609375,614.7457275390625,277.1826477050781
13,player,10,0,832.3385009765625,416.2017822265625,750.3779296875,555.6134033203125
13,player,9,-1,176.15838623046875,369.1521301269531,200.81802368164062,184.0705108642578
13,player,7,-1,796.8203125,391.53729248046875,758.0831298828125,466.1606750488281
14,player,1,1,964.3280639648438,509.49676513671875,750.8006591796875,817.3217163085938
14,player,3,1,561.9513549804688,522.060546875,455.848388671875,754.2625732421875
14,player,4,1,669.3544921875,350.9588317871094,684.0003662109375,279.46087646484375
14,player,5,0,1056.3363037109375,540.8524169921875,778.9312744140625,902.6124877929688
14,player,6,0,508.54046630859375,546.14599609375,409.32952880859375,790.3087158203125
14,player,10,0,837.62353515625,416.53778076171875,751.405517578125,555.7234497070312
14,player,8,0,607.1158447265625,356.92041015625,614.83837890625,277.793212890625
14,player,9,-1,174.0225830078125,369.6998291015625,197.57260131835938,184.72476196289062
14,player,7,-1,798.8287963867188,399.4866943359375,752.042236328125,475.2406005859375
14,ball,-1,-1,118.25308227539062,301.037353515625,1170.15869140625,199.5509796142578
15,player,1,1,965.258544921875,508.9349365234375,750.7266235351562,817.4503173828125
15,player,3,1,565.0453491210938,522.7191162109375,457.1465759277344,754.575439453125
15,player,5,0,1056.6121826171875,542.5482177734375,779.1302490234375,902.8369140625
15,player,4,1,668.2347412109375,350.630859375,682.85546875,277.578125
15,player,6,0,509.0818176269531,546.3120727539062,409.59716796875,790.8432006835938
15,player,10,0,838.1046142578125,420.32611083984375,750.6571044921875,559.751708984375
15,player,8,0,608.765625,354.4406433105469,616.3627319335938,274.87689208984375
15,player,7,-1,797.6385498046875,400.15545654296875,747.477294921875,481.7696838378906
15,player,12,-1,195.17056274414062,367.8850402832031,212.2107391357422,185.4488067626953
15,player,9,-1,173.80184936523438,369.5175476074219,195.39425659179688,184.85659790039062
15,ball,-1,-1,117.52180480957031,301.37615966796875,1170.15869140625,199.5509796142578
16,player,3,1,564.8712158203125,523.1015625,457.8798522949219,755.0531616210938
16,player,1,1,965.6990966796875,509.397216796875,750.6259765625,817.9041748046875
16,player,5,0,1056.306396484375,542.3759765625,779.248046875,902.8499755859375
16,player,6,0,510.5457763671875,545.4241943359375,410.2474365234375,790.674560546875
16,player,10,0,837.313720703125,418.80108642578125,750.5654296875,560.7257080078125
16,player,4,1,668.7113647460938,350.66778564453125,682.2565307617188,276.463623046875
16,player,7,1,798.41552734375,406.27313232421875,742.2164306640625,492.86004638671875
16,player,9,-1,162.32786560058594,370.78857421875,190.0645751953125,185.45497131347656
16,player,8,0,609.218994140625,353.6672058105469,617.79296875,271.93316650390625
17,player,3,1,566.4959716796875,523.9764404296875,458.60089111328125,756.1517333984375
17,player,1,1,966.816650390625,509.57513427734375,750.7723388671875,818.41748046875
17,player,6,0,511.9996337890625,544.9270629882812,411.0885009765625,790.32421875
17,player,10,0,836.8169555664062,418.96466064453125,750.2952270507812,561.4785766601562
17,player,5,0,1056.9473876953125,541.508056640625,779.771728515625,902.351318359375
17,player,4,1,668.2933349609375,350.823486328125,681.6607055664062,275.91156005859375
17,player,7,1,797.7374267578125,404.75677490234375,739.2153930664062,498.3380432128906
17,player,8,0,609.5848999023438,352.3284912109375,619.3450927734375,268.1472473144531
17,player,9,-1,172.34426879882812,369.75250244140625,190.0135955810547,185.50430297851562
17,player,12,-1,195.73443603515625,368.37841796875,212.37783813476562,186.24049377441406
18,player,3,1,566.49560546875,523.9769287109375,459.0694274902344,756.8661499023438
18,player,1,1,966.8171997070312,509.5733642578125,750.8682861328125,818.7498779296875
18,player,6,0,511.9996032714844,544.927490234375,411.6351318359375,790.0968017578125
18,player,10,0,836.8172607421875,418.96435546875,750.1198120117188,561.9675903320312
18,player,5,0,1056.9501953125,541.5040283203125,780.1141967773438,902.0247802734375
18,player,4,1,668.293212890625,350.8232421875,681.2734985351562,275.5523681640625
18,player,7,1,797.7374267578125,404.7574462890625,737.264404296875,501.89947509765625
18,player,8,0,609.584716796875,352.3283996582031,620.35400390625,265.6862487792969
18,player,9,-1,172.33956909179688,369.75250244140625,189.97886657714844,185.5358123779297
18,player,12,-1,195.73406982421875,368.3779296875,212.48635864257812,186.75433349609375
19,player,1,1,969.8282470703125,509.10498046875,751.8304443359375,818.8681030273438
19,player,10,0,835.4049072265625,417.6820068359375,750.1223754882812,560.8222045898438
19,player,3,1,567.4166259765625,524.3294677734375,459.53759765625,757.668701171875
19,player,6,0,517.3629150390625,544.761962890625,413.29290771484375,790.2449951171875
19,player,5,0,1059.41650390625,542.7225341796875,780.487060546875,902.77587890625
19,player,4,1,664.9802856445312,352.06097412109375,679.388427734375,276.68646240234375
19,player,7,1,792.376220703125,394.2535400390625,738.7653198242188,491.8575439453125
19,player,8,0,611.7401123046875,350.9530334472656,622.25634765625,262.3633117675781
19,player,9,-1,158.831787109375,370.1309814453125,185.3771514892578,184.52117919921875
19,player,12,-1,189.27719116210938,370.394287109375,210.28253173828125,189.27761840820312
20,player,1,1,971.21435546875,509.012939453125,752.827392578125,818.9893798828125
20,player,3,1,568.8687744140625,523.8484497070312,460.28375244140625,757.9454345703125
20,player,4,1,665.0097045898438,351.7763671875,678.2914428710938,277.0230712890625
20,player,10,0,835.4110717773438,417.09002685546875,750.369140625,559.4645385742188
20,player,6,0,519.81640625,544.7151489257812,414.9620361328125,790.4971923828125
20,player,7,1,791.0924072265625,395.8727111816406,738.6656494140625,487.0501708984375
20,player,5,0,1060.6029052734375,542.319091796875,781.1427001953125,903.0953979492188
20,player,8,0,612.4710693359375,351.44677734375,623.5537719726562,261.0024719238281
20,player,9,-1,157.45787048339844,369.1287841796875,181.9408416748047,182.2241973876953
20,player,12,-1,187.88076782226562,367.89263916015625,208.48556518554688,187.08738708496094
20,ball,-1,-1,1031.02099609375,339.90966796875,1160.23388671875,211.91421508789062
21,player,1,1,973.044921875,508.84930419921875,753.9808349609375,819.096435546875
21,player,4,1,665.759521484375,351.5694274902344,677.9171142578125,277.03662109375
21,player,10,0,834.8671875,417.1627197265625,750.341796875,558.6038818359375
21,player,3,1,569.8748779296875,523.2318115234375,461.1258850097656,757.7423706054688
21,player,6,0,521.8072509765625,544.0825805664062,416.61572265625,790.36572265625
21,player,5,0,1061.24658203125,541.3189697265625,782.063720703125,902.7119140625
21,player,7,1,791.0064697265625,388.72113037109375,741.6314697265625,475.6324462890625
21,player,8,0,614.131103515625,350.920654296875,625.1585693359375,259.5572509765625
21,player,12,-1,189.28970336914062,369.72723388671875,207.7152099609375,188.522216796875
22,player,1,1,974.7313232421875,508.5997314453125,755.2310791015625,819.1204223632812
22,player,3,1,570.5432739257812,522.834228515625,461.90875244140625,757.3646240234375
22,player,6,0,519.1707153320312,543.9232177734375,417.0853576660156,789.96337890625
22,player,5,0,1062.38671875,540.8582763671875,783.0862426757812,902.2530517578125
22,player,10,0,834.3275146484375,418.84564208984375,749.4783935546875,559.7322387695312
22,player,4,1,665.98583984375,351.7961730957031,677.6553955078125,277.3944091796875
22,player,7,1,790.5718383789062,368.8298645019531,752.4193115234375,443.7719421386719
22,player,12,-1,195.08572387695312,367.53076171875,209.2769775390625,186.91477966308594
22,player,8,0,617.1312866210938,352.33245849609375,626.68017578125,261.0050354003906
22,player,9,-1,150.83340454101562,363.29888916015625,177.5466766357422,171.21932983398438
23,player,1,1,976.1511840820312,507.5155029296875,756.7735595703125,818.463134765625
23,player,6,0,519.9046630859375,544.2999877929688,417.509765625,790.0263671875
23,player,10,0,831.9971923828125,423.603271484375,746.3256225585938,565.0999145507812
23,player,3,1,570.8155517578125,522.6046142578125,462.5257873535156,756.9679565429688
23,player,7,1,790.20068359375,382.5316467285156,753.0396728515625,440.04400634765625
23,player,4,1,666.9904174804688,351.47540283203125,677.9573974609375,277.2901611328125
23,player,5,0,1063.3380126953125,541.8970947265625,783.6104736328125,902.6907958984375
23,player,8,0,618.276123046875,352.89849853515625,627.840576171875,262.8918151855469
23,player,12,1,196.79840087890625,349.90875244140625,211.78268432617188,159.04922485351562
23,player,9,0,151.0594482421875,371.15966796875,174.65042114257812,175.80979919433594
24,player,1,1,977.7842407226562,507.0582275390625,758.3386840820312,817.8345947265625
24,player,3,1,570.0004272460938,520.9218139648438,463.0286865234375,755.372802734375
24,player,7,1,790.6859130859375,412.3168029785156,741.1237182617188,471.4885559082031
24,player,6,0,523.5243530273438,545.1185913085938,418.52618408203125,790.9266357421875
24,player,4,1,666.8082275390625,349.73565673828125,678.822998046875,274.7174377441406
24,player,10,0,833.5985107421875,422.28594970703125,745.2640380859375,567.4073486328125
24,player,8,0,619.2235107421875,352.07977294921875,629.2262573242188,263.0588073730469
24,player,5,0,1063.750732421875,541.5960693359375,784.151123046875,902.8139038085938
24,player,12,1,195.97186279296875,364.39471435546875,212.3760528564453,163.20858764648438
24,player,9,0,137.70640563964844,372.01947021484375,168.2503662109375,178.48410034179688
24,ball,-1,-1,1062.275146484375,623.197021484375,1160.23388671875,211.91421508789062
25,player,1,1,979.8416748046875,506.5367431640625,760.04638671875,817.2117309570312
25,player,7,1,791.33740234375,413.82366943359375,732.9773559570312,493.59759521484375
25,player,3,1,570.87841796875,520.3361206054688,463.6779479980469,753.9622802734375
25,player,6,0,524.0990600585938,544.3944702148438,419.43218994140625,791.04296875
25,player,4,1,666.8395385742188,349.94671630859375,679.3072509765625,273.3511962890625
25,player,10,0,832.4664306640625,424.8900146484375,743.2080078125,571.4341430664062
25,player,5,0,1064.9698486328125,545.4884643554688,783.4395751953125,905.4578857421875
25,player,8,0,620.240234375,351.5035400390625,630.6909790039062,262.4610595703125
25,player,9,0,142.69671630859375,374.9957580566406,165.74960327148438,185.1298828125
25,player,12,1,196.74830627441406,364.97119140625,212.9980010986328,166.86495971679688
25,ball,-1,-1,1063.07275390625,623.1656494140625,1160.23388671875,211.91421508789062
26,player,7,1,791.1920166015625,409.9528503417969,729.16845703125,503.8118896484375
26,player,1,1,981.30517578125,506.373291015625,761.5740966796875,816.8055419921875
26,player,3,1,572.54638671875,520.6895141601562,464.4476623535156,753.44775390625
26,player,4,1,666.600830078125,350.2889099121094,679.3973999023438,272.92431640625
26,player,10,0,831.9282836914062,425.62994384765625,741.424072265625,574.7440185546875
26,player,6,0,525.57080078125,543.2261962890625,420.5480651855469,790.4020385742188
26,player,5,0,1064.936767578125,545.93359375,782.8167114257812,907.454833984375
26,player,12,1,199.11178588867188,368.50830078125,214.02609252929688,174.749755859375
26,player,8,0,622.101318359375,351.46044921875,632.2889404296875,262.2320556640625
26,player,9,0,143.9132843017578,375.37054443359375,164.5284423828125,190.13125610351562
26,ball,-1,-1,1038.256103515625,338.4349670410156,1151.8994140625,223.020263671875
27,player,1,1,983.03271484375,506.875244140625,762.8125,817.0460205078125
27,player,7,1,790.8115234375,418.18414306640625,723.3587646484375,519.1466064453125
27,player,3,1,573.8460693359375,521.28076171875,465.16119384765625,753.66552734375
27,player,10,0,830.4760131835938,425.94866943359375,739.7236328125,577.0752563476562
27,player,4,1,667.0277099609375,351.19927978515625,679.2178955078125,273.9962158203125
27,player,5,0,1065.8690185546875,542.9677734375,783.6488037109375,906.9437866210938
27,player,6,0,525.8646240234375,543.8310546875,421.25213623046875,790.438232421875
27,player,12,1,196.45150756835938,369.8918151855469,213.7264404296875,181.58456420898438
27,player,8,0,624.120849609375,350.967041015625,634.2013549804688,261.6140441894531
27,player,9,0,151.44667053222656,370.5716857910156,166.32821655273438,187.28590393066406
27,ball,-1,-1,1065.94873046875,623.86474609375,1151.8994140625,223.020263671875
28,player,1,1,986.1336059570312,508.00921630859375,763.9736938476562,818.2743530273438
28,player,3,1,575.6624755859375,520.8324584960938,466.1544189453125,753.61376953125
28,player,7,1,790.550537109375,421.2080993652344,718.3494262695312,532.2269287109375
28,player,4,1,666.6705322265625,351.34674072265625,678.919189453125,274.8604431152344
28,player,10,0,830.3887939453125,425.8493347167969,738.6326904296875,578.4823608398438
28,player,6,0,526.74560546875,544.9937133789062,421.744384765625,791.3540649414062
28,player,5,0,1066.72900390625,543.0077514648438,784.374267578125,906.7012329101562
28,player,12,1,195.63279724121094,371.25750732421875,213.18978881835938,187.91650390625
28,player,8,0,626.3072509765625,350.08135986328125,636.529541015625,260.19598388671875
28,player,9,0,157.0919189453125,366.5501708984375,169.48524475097656,180.15052795410156
28,ball,-1,-1,1067.5283203125,624.3526000976562,1151.8994140625,223.020263671875
29,player,1,1,987.2198486328125,507.55853271484375,765.155517578125,818.8333740234375
29,player,3,1,578.4924926757812,520.3557739257812,467.58544921875,753.446533203125
29,player,4,1,667.8743896484375,352.26641845703125,678.7456665039062,276.8702392578125
29,player,10,0,830.8333740234375,426.95709228515625,737.6136474609375,580.5501098632812
29,player,6,0,528.709716796875,544.7149658203125,422.57421875,791.9033203125
29,player,5,0,1067.335693359375,543.0716552734375,784.9637451171875,906.6295166015625
29,player,7,1,794.064697265625,411.18743896484375,720.0162963867188,530.5372314453125
29,player,12,1,195.933349609375,368.9347839355469,213.05447387695312,188.68365478515625
29,player,8,0,627.4610595703125,348.4149475097656,639.0888061523438,256.99639892578125
30,player,1,1,988.823486328125,506.41876220703125,766.7255859375,818.497802734375
30,player,3,1,580.4261474609375,520.402099609375,468.9842224121094,753.528564453125
30,player,10,0,829.4278564453125,429.87603759765625,735.4105224609375,584.6622924804688
30,player,4,1,669.331298828125,351.5318603515625,679.4306030273438,277.3070068359375
30,player,5,0,1068.812744140625,542.6471557617188,785.835205078125,906.4232177734375
30,player,6,0,529.9515991210938,544.160400390625,423.49371337890625,791.963134765625
30,player,7,1,791.7608642578125,411.2003479003906,720.416015625,529.2215576171875
30,player,16,-1,629.5065307617188,347.9551086425781,646.3508911132812,249.842529296875
30,ball,-1,-1,1070.2451171875,623.903564453125,1151.8994140625,223.020263671875
31,player,1,1,990.286865234375,507.02911376953125,767.885986328125,818.8408203125
31,player,3,1,581.8782348632812,521.192138671875,470.10546875,754.2962036132812
31,player,10,0,829.040283203125,431.98040771484375,733.054931640625,589.3717041015625
31,player,5,0,1069.9892578125,541.6614990234375,787.01708984375,905.7488403320312
31,player,7,1,789.4645385742188,416.15435791015625,718.0613403320312,533.40185546875
31,player,4,1,670.90771484375,352.1582946777344,680.1429443359375,278.66595458984375
31,player,6,0,530.2903442382812,542.8677978515625,424.36956787109375,791.1097412109375
31,player,8,0,649.3057861328125,352.88226318359375,646.3607788085938,263.9364013671875
31,player,12,1,196.93310546875,367.9381103515625,213.35385131835938,187.83767700195312
31,ball,-1,-1,1071.19677734375,623.820068359375,1151.8994140625,223.020263671875
32,player,1,1,991.4459838867188,506.8900146484375,768.974609375,819.0559692382812
32,player,3,1,583.8566284179688,522.4315795898438,471.09222412109375,755.8880615234375
32,player,10,0,830.7886962890625,433.5704345703125,731.405517578125,594.1544799804688
32,player,5,0,1071.1820068359375,541.0656127929688,788.2696533203125,905.0191650390625
32,player,7,1,788.8804931640625,417.7869567871094,715.73046875,537.7742919921875
32,player,6,0,531.1466064453125,542.2756958007812,425.2342529296875,790.1993408203125
32,player,4,1,672.012451171875,352.1647033691406,680.974609375,279.68896484375
32,player,12,1,200.67970275878906,367.90679931640625,214.8193359375,187.68411254882812
32,player,8,0,643.262939453125,352.44219970703125,649.2305297851562,267.1070861816406
32,ball,-1,-1,1073.041015625,623.860595703125,1151.8994140625,223.020263671875
33,player,1,1,993.0413818359375,507.0032958984375,770.0328369140625,819.4061889648438
33,player,3,1,585.250244140625,522.7020263671875,472.026123046875,757.2376098632812
33,player,10,0,830.4860229492188,434.10052490234375,730.0451049804688,597.7509765625
33,player,5,0,1072.449462890625,541.3509521484375,789.2769775390625,904.8222045898438
33,player,7,1,788.2117309570312,414.02618408203125,715.4765014648438,536.586669921875
33,player,4,1,673.8628540039062,352.3294677734375,682.0675048828125,280.8056945800781
33,player,6,0,531.4127807617188,540.039794921875,426.2049255371094,788.0281372070312
33,player,12,1,201.35699462890625,370.0615234375,215.88780212402344,190.81497192382812
34,player,1,1,994.721923828125,506.937255859375,771.1566162109375,819.720947265625
34,player,10,0,830.7093505859375,434.36712646484375,729.12158203125,600.3692016601562
34,player,3,1,585.3373413085938,522.8734741210938,472.622802734375,758.2506103515625
34,player,5,0,1073.365234375,542.0484008789062,789.899169921875,905.20751953125
34,player,7,1,787.6004638671875,415.5697021484375,714.5327758789062,537.3878784179688
34,player,6,0,532.4259643554688,539.77294921875,427.120361328125,786.50390625
34,player,4,1,674.2813720703125,352.66461181640625,682.7770385742188,282.05450439453125
34,player,12,1,203.4246826171875,370.81182861328125,217.2388458251953,194.18218994140625
35,player,1,1,998.648681640625,507.059814453125,772.8056640625,820.3297729492188
35,player,10,0,831.8068237304688,435.45831298828125,728.4126586914062,603.2333984375
35,player,3,1,585.967041015625,522.8331298828125,473.17279052734375,758.9291381835938
35,player,5,0,1074.78173828125,541.3795166015625,790.8655395507812,905.1375122070312
35,player,7,1,784.6400146484375,414.71722412109375,713.3834228515625,536.7125854492188
35,player,6,0,532.89208984375,540.1441650390625,427.76953125,785.81591796875
35,player,4,1,675.309814453125,352.5427551269531,683.6348876953125,282.8155517578125
35,player,12,1,204.21792602539062,369.93292236328125,218.43182373046875,195.1873016357422
36,player,1,1,998.1776123046875,506.98870849609375,773.787841796875,820.6361694335938
36,player,3,1,586.5440673828125,522.47412109375,473.7387390136719,759.146728515625
36,player,10,0,832.03466796875,435.03326416015625,728.1781005859375,604.7049560546875
36,player,5,0,1075.70263671875,539.86083984375,792.2418212890625,904.1895751953125
36,player,6,0,534.05615234375,539.5294799804688,428.56646728515625,785.0177001953125
36,player,7,1,783.7130126953125,413.77264404296875,712.7305908203125,535.1782836914062
36,player,4,1,675.2119140625,352.6314697265625,684.1221313476562,283.4239501953125
36,player,12,1,208.04083251953125,369.0340576171875,220.54754638671875,194.97970581054688
37,player,1,1,1000.02587890625,507.2197265625,774.7955322265625,821.1510009765625
37,player,3,1,587.5912475585938,522.8369140625,474.29644775390625,759.6444091796875
37,player,5,0,1077.16748046875,538.8448486328125,793.8359375,903.03125
37,player,10,0,832.841552734375,433.975341796875,728.6578369140625,604.7103271484375
37,player,6,0,537.0584716796875,542.554931640625,429.33160400390625,786.895751953125
37,player,7,1,781.3981323242188,417.9385681152344,710.0302734375,538.3482666015625
37,player,4,1,673.7113037109375,353.2040710449219,683.6943359375,284.4498291015625
37,player,12,1,204.50953674316406,368.3404541015625,220.76837158203125,193.41455078125
38,player,1,1,1000.812255859375,506.88214111328125,775.765869140625,821.3043212890625
38,player,3,1,588.75439453125,523.0082397460938,474.9127197265625,760.189453125
38,player,10,0,833.6898193359375,433.2498779296875,729.4876708984375,604.08740234375
38,player,5,0,1080.57080078125,539.8265991210938,795.3128662109375,903.1640625
38,player,6,0,538.1566162109375,542.9949951171875,430.0225524902344,788.5142211914062
38,player,7,1,781.7703857421875,419.33538818359375,707.8533935546875,541.9041137695312
38,player,4,1,670.505615234375,354.092041015625,681.9711303710938,285.9879455566406
38,player,12,1,206.02658081054688,369.2313232421875,221.375,193.87844848632812
39,player,1,1,1002.871337890625,508.42279052734375,776.341552734375,822.6822509765625
39,player,3,1,589.6005249023438,522.8848266601562,475.5440979003906,760.5189208984375
39,player,10,0,833.0234375,433.87933349609375,729.5970458984375,604.2327270507812
39,player,5,0,1081.657958984375,538.8054809570312,796.8882446289062,902.6770629882812
39,player,7,1,779.0966796875,415.573486328125,707.0906372070312,540.0031127929688
39,player,4,1,672.8074340820312,354.4002685546875,681.49267578125,287.6905517578125
39,player,6,0,540.4471435546875,544.5150146484375,430.78057861328125,790.820068359375
39,player,12,1,205.77728271484375,369.91937255859375,221.64671325683594,195.15313720703125
40,player,1,1,1005.0543212890625,508.6124267578125,777.1806640625,823.8892822265625
40,player,3,1,590.8316650390625,523.831298828125,476.079833984375,761.5401611328125
40,player,7,1,776.2247314453125,417.62957763671875,704.9749755859375,540.6488037109375
40,player,10,0,833.1453857421875,433.52215576171875,729.8399047851562,603.9907836914062
40,player,5,0,1081.7607421875,540.9996337890625,797.1563110351562,903.7728881835938
40,player,6,0,541.0717163085938,544.6190185546875,431.40570068359375,792.4404296875
40,player,8,0,664.5845336914062,354.32135009765625,657.492919921875,274.3409423828125
40,player,12,1,205.87217712402344,369.1760559082031,221.89688110351562,194.90972900390625
40,player,17,-1,221.32931518554688,368.24224853515625,237.44273376464844,195.75827026367188
41,player,1,1,1007.11181640625,507.88397216796875,778.494384765625,824.313720703125
41,player,3,1,592.4246826171875,523.646484375,476.8532409667969,762.1929931640625
41,player,7,1,774.9315185546875,418.89288330078125,702.7478637695312,542.263671875
41,player,10,0,833.521240234375,433.13568115234375,730.2525634765625,603.4922485351562
41,player,5,0,1081.198486328125,541.4195556640625,797.052001953125,904.7108154296875
41,player,6,0,541.2257690429688,544.6318359375,431.8467102050781,793.5145263671875
41,player,12,1,206.778076171875,370.4595031738281,222.29278564453125,196.72552490234375
41,player,8,0,662.2197265625,354.53857421875,661.98291015625,279.0699462890625
42,player,1,1,1009.8101806640625,507.102783203125,780.294677734375,824.2420043945312
42,player,7,1,773.0499267578125,412.6605224609375,703.1141967773438,536.5331420898438
42,player,3,1,593.46044921875,523.036865234375,477.7245788574219,762.2438354492188
42,player,5,0,1081.5562744140625,540.7620849609375,797.2996215820312,904.9279174804688
42,player,10,0,834.052490234375,434.1656494140625,730.2736206054688,604.2219848632812
42,player,6,0,542.5572509765625,544.1953125,432.5187072753906,794.0067138671875
42,player,4,1,670.670166015625,354.71453857421875,680.3363647460938,288.9864501953125
42,player,12,1,207.44735717773438,370.2354431152344,222.78817749023438,197.65899658203125
42,player,8,0,647.4017944335938,351.1697082519531,661.2915649414062,275.6191711425781
43,player,1,1,1011.4391479492188,506.8568115234375,781.9542846679688,824.1483154296875
43,player,7,1,770.8985595703125,412.52490234375,702.771240234375,532.4474487304688
43,player,3,1,594.805419921875,523.3180541992188,478.5679931640625,762.5948486328125
43,player,6,0,543.9033813476562,544.2302856445312,433.27056884765625,794.455078125
43,player,5,0,1082.2021484375,540.19287109375,797.81201171875,904.753662109375
43,player,10,0,833.4871826171875,435.53033447265625,729.6053466796875,605.9661865234375
43,player,4,1,666.140625,355.0433654785156,677.9351806640625,289.7574462890625
43,player,12,1,207.68341064453125,371.0633850097656,223.1425018310547,199.49346923828125
44,player,1,1,1011.671630859375,504.6964111328125,783.8873901367188,822.5386962890625
44,player,7,1,769.8862915039062,416.46221923828125,700.7584228515625,533.88037109375
44,player,3,1,596.06201171875,523.6738891601562,479.3572692871094,763.189453125
44,player,5,0,1081.7802734375,540.133544921875,798.068359375,904.57080078125
44,player,6,0,544.482666015625,543.461181640625,434.01861572265625,794.246826171875
44,player,10,0,829.3668212890625,437.00592041015625,727.455810546875,608.13525390625
44,player,4,1,659.734375,354.3292236328125,674.52392578125,288.50433349609375
44,player,12,1,212.31546020507812,374.86553955078125,224.70220947265625,206.67678833007812
45,player,1,1,1012.7636108398438,502.521484375,786.221923828125,819.991455078125
45,player,7,1,768.5408935546875,414.07830810546875,699.955810546875,532.1482543945312
45,player,3,1,596.5601806640625,523.5943603515625,480.0074462890625,763.5562744140625
45,player,5,0,1081.456298828125,539.640869140625,798.3350219726562,904.1123046875
45,player,6,0,545.5376586914062,542.183837890625,434.9591369628906,793.2862548828125
45,player,10,0,827.726318359375,438.45513916015625,725.0543823242188,610.7826538085938
45,player,12,1,211.75686645507812,384.33538818359375,224.98329162597656,224.4683837890625
45,player,4,1,663.7513427734375,354.1861572265625,673.7102661132812,287.9612121582031
46,player,1,1,1013.646240234375,501.84027099609375,788.212158203125,817.9072265625
46,player,12,1,212.76904296875,388.8612060546875,225.23985290527344,242.2603759765625
46,player,5,0,1083.9493408203125,535.736328125,800.4863891601562,901.4854736328125
46,player,6,0,546.46435546875,541.1722412109375,435.953369140625,792.012939453125
46,player,3,1,596.475341796875,523.6278076171875,480.4029541015625,763.81298828125
46,player,7,1,767.842041015625,409.5784912109375,700.9469604492188,526.11083984375
46,player,10,0,826.786376953125,438.291748046875,723.2923583984375,612.2586059570312
46,player,4,1,665.76318359375,354.2122802734375,673.84423828125,287.8815002441406
47,player,1,1,1013.867919921875,501.3270263671875,789.7530517578125,816.1929931640625
47,player,12,1,214.31260681152344,387.27423095703125,225.9967803955078,251.86766052246094
47,player,5,0,1084.4193115234375,535.610595703125,802.039794921875,899.7320556640625
47,player,10,0,822.8473510742188,438.4276123046875,720.9965209960938,612.9782104492188
47,player,6,0,546.54541015625,541.1465454101562,436.62310791015625,791.1732788085938
47,player,3,1,596.890869140625,523.3290405273438,480.81842041015625,763.7896728515625
47,player,7,1,766.763427734375,411.26312255859375,700.6260986328125,523.90087890625
47,player,4,1,669.9134521484375,354.37408447265625,675.253173828125,288.544677734375
47,player,8,0,650.5567626953125,354.7701721191406,660.4544067382812,278.85516357421875
48,player,1,1,1014.3892822265625,501.5833740234375,790.7872314453125,815.3096923828125
48,player,10,0,818.307861328125,438.64447021484375,718.1563110351562,613.2275390625
48,player,5,0,1084.369384765625,537.1402587890625,802.4866943359375,899.578125
48,player,6,0,547.2459716796875,539.7396240234375,437.4520263671875,789.6759033203125
48,player,3,1,597.381103515625,522.7852783203125,481.3118896484375,763.40673828125
48,player,7,1,765.3399658203125,408.62615966796875,701.0079956054688,519.4610595703125
48,player,12,1,215.54922485351562,389.4512939453125,226.76324462890625,261.16754150390625
48,player,4,1,670.3175048828125,354.42669677734375,676.2822875976562,289.09698486328125
49,player,1,1,1014.7052001953125,501.90673828125,791.4161376953125,814.998779296875
49,player,7,1,764.1922607421875,410.87188720703125,700.055908203125,518.8973999023438
49,player,5,0,1085.4810791015625,537.472412109375,802.9163208007812,899.7761840820312
49,player,10,0,813.2025146484375,440.59088134765625,714.171875,614.7723999023438
49,player,3,1,597.9229736328125,522.4405517578125,481.8312683105469,762.94287109375
49,player,6,0,547.6329345703125,538.9312133789062,438.2139892578125,788.1526489257812
49,player,12,1,200.68893432617188,394.6684265136719,222.21421813964844,272.46258544921875
49,player,4,1,666.211669921875,353.5071105957031,675.9576416015625,287.68048095703125
49,player,17,-1,217.4284210205078,392.95574951171875,234.60385131835938,229.54246520996094
50,player,7,1,761.5035400390625,413.0711669921875,697.8114624023438,520.6287231445312
50,player,1,1,1014.850830078125,502.19384765625,791.7532958984375,815.0192260742188
50,player,5,0,1085.29150390625,539.2850341796875,802.501953125,901.0557250976562
50,player,3,1,598.3743286132812,521.4498291015625,482.46875,761.9334716796875
50,player,6,0,547.3850708007812,538.2991943359375,438.75189208984375,786.6887817382812
50,player,10,0,812.3677978515625,440.2619934082031,711.4696044921875,615.3846435546875
50,player,8,0,652.094482421875,352.4620361328125,661.356201171875,277.8779296875
50,player,12,1,200.05300903320312,398.7293701171875,218.86767578125,285.00506591796875
50,player,17,-1,218.46304321289062,397.89544677734375,232.80154418945312,258.03570556640625
50,ball,-1,-1,163.82708740234375,322.95684814453125,1151.8994140625,223.020263671875
51,player,7,1,759.3798828125,417.71612548828125,694.001220703125,526.478759765625
51,player,1,1,1015.0632934570312,501.88214111328125,792.1417846679688,814.8208618164062
51,player,5,0,1086.3681640625,538.3973388671875,802.8001708984375,901.398681640625
51,player,6,0,549.0952758789062,537.9210815429688,439.5738830566406,785.5982055664062
51,player,3,1,598.948486328125,521.333984375,483.04656982421875,761.2362060546875
51,player,10,0,813.265625,440.34075927734375,709.9343872070312,615.94189453125
51,player,8,0,651.2559204101562,352.13922119140625,661.791015625,276.6845703125
51,player,17,-1,219.91209411621094,400.00189208984375,231.96630859375,279.41046142578125
51,player,12,1,197.54278564453125,400.5240783691406,215.8180694580078,295.1870422363281
51,ball,-1,-1,164.83392333984375,327.4306640625,1151.8994140625,223.020263671875
52,player,7,1,757.7396240234375,416.8964538574219,691.3477783203125,529.2537231445312
52,player,5,0,1087.212890625,538.103271484375,803.295654296875,901.49609375
52,player,1,1,1015.2220458984375,501.8077392578125,792.46142578125,814.650146484375
52,player,6,0,549.7218017578125,537.1837768554688,440.3790283203125,784.4064331054688
52,player,3,1,598.449462890625,518.0550537109375,483.9297790527344,758.2623291015625
52,player,10,0,811.6673583984375,441.2724914550781,708.152587890625,617.0422973632812
52,player,8,0,650.4307861328125,352.38360595703125,661.6968994140625,276.1587219238281
52,player,12,1,203.50711059570312,402.54071044921875,215.62452697753906,305.0137634277344
52,player,17,-1,216.49510192871094,402.521728515625,230.20408630371094,296.1317138671875
53,player,7,1,756.51806640625,417.01885986328125,689.2211303710938,531.0655517578125
53,player,5,0,1087.21826171875,538.62939453125,803.4301147460938,901.8978271484375
53,player,1,1,1015.0596923828125,501.82659912109375,792.6220092773438,814.5399169921875
53,player,6,0,549.5595703125,537.001708984375,440.89300537109375,783.4876098632812
53,player,3,1,598.244873046875,517.9686279296875,484.469970703125,756.2470703125
53,player,10,0,811.292724609375,441.076416015625,706.96142578125,617.5360107421875
53,player,8,0,653.6854248046875,352.56207275390625,662.658447265625,276.4554748535156
53,player,17,-1,225.15036010742188,384.294189453125,232.93270874023438,284.0675048828125
54,player,5,0,1087.66943359375,538.4191284179688,803.6976928710938,902.0579223632812
54,player,7,1,756.2529296875,414.94537353515625,688.526611328125,530.0165405273438
54,player,1,1,1015.1896362304688,501.70867919921875,792.802734375,814.39208984375
54,player,6,0,549.388427734375,536.7783813476562,441.22235107421875,782.715576171875
54,player,3,1,598.1575927734375,517.6307983398438,484.86480712890625,754.6729125976562
54,player,8,0,651.8878173828125,352.3956604003906,662.7462158203125,276.1993713378906
54,player,10,0,812.1801147460938,441.4028625488281,706.3153076171875,618.2503662109375
54,player,17,-1,224.80087280273438,397.17510986328125,233.76930236816406,293.23944091796875
55,player,5,0,1088.842041015625,538.69287109375,804.04541015625,902.4259033203125
55,player,1,1,1014.90625,501.88653564453125,792.7835083007812,814.40380859375
55,player,6,0,549.3011474609375,536.707275390625,441.4270324707031,782.155517578125
55,player,7,1,759.3325805664062,409.81854248046875,690.906494140625,524.126953125
55,player,3,1,597.880859375,517.0531005859375,485.16473388671875,753.1868896484375
55,player,10,0,812.5008544921875,442.1041259765625,705.7300415039062,619.410400390625
55,player,14,-1,213.91293334960938,409.2452697753906,223.59483337402344,350.3214416503906
55,player,8,0,649.54248046875,351.86614990234375,662.2279663085938,275.0016174316406
55,player,12,1,236.35537719726562,387.38421630859375,226.88250732421875,295.2680969238281
56,player,5,0,1089.9779052734375,539.0945434570312,804.3905029296875,903.0079956054688
56,player,1,1,1015.027587890625,501.8817138671875,792.802734375,814.4176025390625
56,player,6,0,549.6837768554688,536.584716796875,441.6722412109375,781.7327270507812
56,player,14,-1,205.60934448242188,408.8916015625,221.03717041015625,349.0079040527344
56,player,7,1,758.5408325195312,407.57171630859375,693.0755004882812,517.7657470703125
56,player,3,1,597.5238647460938,516.8062133789062,485.31903076171875,752.0035400390625
56,player,10,0,813.7352294921875,442.7597351074219,705.4545288085938,620.9002075195312
56,player,8,0,649.7622680664062,351.65130615234375,662.0521850585938,273.9428405761719
56,player,17,1,227.3853759765625,395.5,235.2407684326172,297.31829833984375
57,player,5,0,1090.01513671875,539.273193359375,804.559326171875,903.5036010742188
57,player,6,0,550.2120361328125,536.8336181640625,441.91815185546875,781.6791381835938
57,player,1,1,1014.863037109375,501.80865478515625,792.802001953125,814.359619140625
57,player,7,1,756.087890625,403.2333984375,695.4251708984375,508.5799560546875
57,player,14,-1,202.56369018554688,408.21551513671875,218.45993041992188,346.99664306640625
57,player,3,1,596.931640625,516.3214111328125,485.366455078125,750.8157348632812
57,player,10,0,814.646728515625,441.18975830078125,706.0989990234375,620.46484375
57,player,8,0,649.766845703125,352.0597839355469,661.7740478515625,273.8372802734375
57,player,12,1,241.43345642089844,394.324951171875,235.32220458984375,298.6495056152344
57,player,17,1,217.11395263671875,405.8341979980469,232.34320068359375,311.9905090332031
58,player,5,0,1090.51318359375,539.3017578125,804.774169921875,903.8814086914062
58,player,6,0,551.0545654296875,536.701171875,442.3026123046875,781.6143798828125
58,player,1,1,1014.280517578125,502.05035400390625,792.5670776367188,814.4522705078125
58,player,7,1,753.9105834960938,397.9312744140625,698.3728637695312,496.39849853515625
58,player,3,1,596.8876953125,516.5147705078125,485.3489074707031,750.1880493164062
58,player,14,-1,199.82211303710938,408.3551330566406,215.92630004882812,345.57122802734375
58,player,10,0,812.622314453125,441.26947021484375,705.9261474609375,620.0685424804688
58,player,8,0,649.297607421875,351.96990966796875,661.4715576171875,273.5850830078125
58,player,12,1,241.52252197265625,397.13983154296875,240.6291046142578,304.4921569824219
59,player,5,0,1090.682373046875,539.24267578125,804.9742431640625,904.101806640625
59,player,6,0,551.4813232421875,537.0407104492188,442.59954833984375,781.8509521484375
59,player,1,1,1013.8416748046875,501.77899169921875,792.40771484375,814.277587890625
59,player,7,1,753.306396484375,397.6943359375,700.1992797851562,488.1470947265625
59,player,3,1,596.85107421875,517.197509765625,485.19635009765625,750.298583984375
59,player,4,1,663.3328247070312,353.0027160644531,674.9893188476562,285.70849609375
59,player,14,-1,204.25856018066406,405.031005859375,215.8134765625,340.97967529296875
59,player,10,0,811.5795288085938,446.19903564453125,703.7506103515625,624.360107421875
59,player,12,1,239.3512725830078,400.59027099609375,243.14431762695312,312.4536437988281
59,player,18,-1,217.40655517578125,406.0652160644531,227.18637084960938,340.1493225097656
60,player,6,0,552.3515014648438,537.2963256835938,442.96002197265625,782.257080078125
60,player,5,0,1090.9791259765625,539.311279296875,805.1484375,904.311279296875
60,player,1,1,1013.6539916992188,501.54205322265625,792.3466796875,813.974609375
60,player,14,-1,202.5516357421875,405.02655029296875,215.206298828125,337.80706787109375
60,player,4,1,665.0465698242188,353.4051513671875,674.7686767578125,285.1969299316406
60,player,3,1,598.185302734375,520.8587646484375,484.7226257324219,753.2544555664062
60,player,12,1,239.28897094726562,402.9541320800781,244.59326171875,320.6001281738281
60,player,7,1,752.056884765625,388.5579833984375,704.6810913085938,472.01214599609375
60,player,10,0,807.9121704101562,449.1304931640625,700.2920532226562,629.5360717773438
60,player,17,1,218.19949340820312,407.1946105957031,230.7227783203125,323.3316955566406
61,player,6,0,553.9459228515625,537.3642578125,443.5667419433594,782.6944580078125
61,player,5,0,1091.61962890625,539.0067749023438,805.51953125,904.300537109375
61,player,1,1,1013.7733154296875,501.7950439453125,792.2415771484375,813.973388671875
61,player,4,1,663.8453369140625,353.45489501953125,674.2018432617188,284.79296875
61,player,7,1,751.1241455078125,413.0250244140625,697.7798461914062,489.06378173828125
61,player,12,1,242.83839416503906,407.7784423828125,246.3013916015625,332.2598876953125
61,player,3,1,598.2107543945312,520.48486328125,484.4925842285156,754.8958740234375
61,player,14,-1,206.76223754882812,405.3253173828125,216.11436462402344,336.56884765625
61,player,10,0,807.80615234375,450.0396728515625,697.6965942382812,633.72998046875
62,player,6,0,554.1783447265625,537.2137451171875,444.04180908203125,782.8883056640625
62,player,5,0,1092.0108642578125,538.91162109375,805.8857421875,904.2620239257812
62,player,1,1,1013.681396484375,502.55755615234375,791.8651123046875,814.5247802734375
62,player,4,1,663.523193359375,353.2590637207031,673.80615234375,284.21612548828125
62,player,7,1,749.7186279296875,419.22821044921875,690.6146850585938,506.595458984375
62,player,3,1,598.043701171875,519.5979614257812,484.4720764160156,755.279052734375
62,player,12,1,244.38519287109375,410.4986267089844,247.69688415527344,343.3238220214844
62,player,10,0,806.00439453125,451.5679931640625,694.9849853515625,637.696044921875
62,player,14,-1,210.54855346679688,402.76373291015625,218.01931762695312,332.9510803222656
62,player,19,-1,618.3338623046875,343.68438720703125,640.2584838867188,228.0005340576172
63,player,6,0,554.4329833984375,537.3773193359375,444.3848876953125,783.152099609375
63,player,5,0,1092.2685546875,539.0579833984375,806.130859375,904.35009765625
63,player,1,1,1013.9051513671875,503.24505615234375,791.418701171875,815.4046020507812
63,player,4,1,664.070068359375,353.0318298339844,673.8262939453125,283.5848083496094
63,player,7,1,749.7484741210938,421.99462890625,684.9733276367188,520.8812255859375
63,player,10,0,806.0567016601562,447.60491943359375,694.6209716796875,636.618896484375
63,player,3,1,597.8497924804688,518.318359375,484.6571960449219,754.5419921875
63,player,12,1,245.5838623046875,411.1834716796875,248.9244384765625,351.4715576171875
63,player,14,-1,211.00283813476562,402.9680480957031,219.3896484375,330.90618896484375
63,player,19,-1,617.4777221679688,344.1484375,639.780517578125,228.5872802734375
64,player,6,0,554.318359375,537.312255859375,444.591064453125,783.2677612304688
64,player,1,1,1014.0765380859375,504.3572998046875,790.7564697265625,816.8021850585938
64,player,5,0,1092.19873046875,539.3636474609375,806.1640625,904.5977783203125
64,player,4,1,660.3095703125,353.2247314453125,672.4976806640625,283.0032653808594
64,player,7,1,749.7156372070312,420.49517822265625,681.8336181640625,528.6026611328125
64,player,10,0,804.6513671875,447.4666442871094,694.0465087890625,635.6605224609375
64,player,3,1,597.96142578125,518.470703125,484.7757568359375,754.1876831054688
64,player,12,1,246.2184600830078,411.75701904296875,249.87646484375,357.527587890625
64,player,14,-1,211.85598754882812,402.7650146484375,220.5588836669922,329.4124755859375
65,player,6,0,554.5682373046875,537.2772827148438,444.79095458984375,783.337158203125
65,player,1,1,1014.1209106445312,505.283935546875,789.9929809570312,818.38818359375
65,player,5,0,1091.822998046875,539.6741943359375,805.9869384765625,904.92919921875
65,player,4,1,656.3314208984375,352.12176513671875,670.7488403320312,280.59222412109375
65,player,7,1,749.2340698242188,429.791748046875,676.3775024414062,543.109130859375
65,player,10,0,801.2203369140625,449.7720947265625,691.9266967773438,636.8602294921875
65,player,3,1,598.2987060546875,518.5790405273438,484.915283203125,754.06689453125
65,player,18,-1,233.205322265625,415.62725830078125,231.49774169921875,353.4547424316406
66,player,6,0,554.7457275390625,537.2645263671875,444.9656677246094,783.386962890625
66,player,1,1,1014.4794921875,505.816162109375,789.3875732421875,819.8341064453125
66,player,5,0,1092.96044921875,538.345947265625,806.61376953125,904.3792724609375
66,player,4,1,654.1103515625,351.90789794921875,668.95166015625,278.45782470703125
66,player,7,1,747.4005126953125,434.65765380859375,670.644287109375,557.2200927734375
66,player,10,0,801.3359375,451.09063720703125,690.1244506835938,638.86572265625
66,player,3,1,597.92724609375,518.6995849609375,484.89093017578125,754.0499267578125
66,player,12,1,246.63653564453125,417.27423095703125,250.23037719726562,368.0962219238281
66,player,18,-1,256.6073913574219,417.55413818359375,241.29408264160156,366.80828857421875
67,player,6,0,554.97998046875,537.1630859375,445.15234375,783.3643798828125
67,player,1,1,1014.1778564453125,505.92987060546875,788.8780517578125,820.8321533203125
67,player,5,0,1092.969482421875,538.3881225585938,807.0081787109375,904.049560546875
67,player,4,1,653.5480346679688,352.07073974609375,667.5277099609375,277.23553466796875
67,player,7,1,745.2537841796875,437.8136901855469,665.25146484375,569.2926025390625
67,player,10,0,798.6055908203125,451.8851013183594,687.9339599609375,640.6492919921875
67,player,3,1,598.205810546875,518.2819213867188,485.0245361328125,753.744140625
67,player,21,-1,174.06910705566406,409.2193603515625,188.2578125,338.1781311035156
67,player,20,-1,183.31570434570312,410.028076171875,196.39364624023438,343.8318786621094
67,player,18,-1,254.13821411132812,419.01544189453125,246.80239868164062,376.9493408203125
68,player,6,0,555.3171997070312,536.978515625,445.38531494140625,783.242919921875
68,player,1,1,1015.4064331054688,506.89398193359375,788.49169921875,822.2771606445312
68,player,5,0,1093.20458984375,538.67431640625,807.2156982421875,904.0364990234375
68,player,7,1,744.2264404296875,434.69451904296875,662.5023193359375,573.9733276367188
68,player,10,0,798.2640380859375,451.9386901855469,686.3985595703125,641.8265991210938
68,player,4,1,653.0089721679688,352.43682861328125,666.2717895507812,276.8975830078125
68,player,3,1,599.17138671875,517.4496459960938,485.5113525390625,752.9898681640625
68,player,18,-1,248.27044677734375,421.6517333984375,248.41879272460938,386.01202392578125
68,player,21,-1,177.06741333007812,407.7637939453125,189.232421875,336.68792724609375
68,player,20,-1,182.6085205078125,408.9361572265625,196.2097625732422,342.40777587890625
69,player,6,0,555.2589111328125,536.8413696289062,445.54547119140625,783.0604248046875
69,player,1,1,1014.3878173828125,506.5140380859375,788.1312866210938,822.8600463867188
69,player,10,0,798.4989013671875,452.1022033691406,685.40869140625,642.76318359375
69,player,5,0,1093.634521484375,538.8331909179688,807.3929443359375,904.162109375
69,player,7,1,744.343994140625,428.67767333984375,662.8001708984375,571.0028076171875
69,player,4,1,653.703125,352.93792724609375,665.4854125976562,277.4707946777344
69,player,3,1,600.0439453125,517.5568237304688,486.0229797363281,752.6517333984375
69,player,18,-1,242.38978576660156,420.73284912109375,247.75767517089844,390.2322998046875
69,player,12,1,223.37698364257812,421.29083251953125,243.15493774414062,377.28955078125
70,player,6,0,555.2901611328125,537.0338134765625,445.625244140625,783.0831298828125
70,player,1,1,1016.1737060546875,508.51348876953125,787.597412109375,824.8231811523438
70,player,7,1,743.17919921875,432.4162292480469,661.3826904296875,572.7197265625
70,player,10,0,798.7366943359375,452.56390380859375,684.672119140625,643.8164672851562
70,player,5,0,1093.90478515625,539.192626953125,807.4412841796875,904.4942016601562
70,player,4,1,652.8919677734375,352.79290771484375,664.7604370117188,277.5419616699219
70,player,3,1,600.217041015625,519.8213500976562,485.9599609375,754.1641845703125
70,player,21,-1,172.98223876953125,404.88653564453125,188.66891479492188,331.6752014160156
70,player,20,-1,178.68826293945312,407.12603759765625,194.92584228515625,338.81427001953125
70,player,19,-1,624.9351196289062,349.9972229003906,639.7235107421875,238.44314575195312
71,player,1,1,1014.0096435546875,507.4693603515625,787.105224609375,825.174560546875
71,player,6,0,554.59716796875,536.5655517578125,445.58770751953125,782.7056274414062
71,player,7,1,742.832763671875,430.17572021484375,661.126220703125,571.5552978515625
71,player,10,0,797.50537109375,452.75030517578125,683.7940673828125,644.559326171875
71,player,5,0,1095.037109375,539.2989501953125,807.6966552734375,904.8631591796875
71,player,4,1,659.1453857421875,353.23822021484375,666.2085571289062,278.95709228515625
71,player,3,1,601.3756713867188,516.904296875,486.7714538574219,753.0252685546875
71,player,12,1,235.6739044189453,418.27685546875,242.46185302734375,380.9927978515625
71,player,20,-1,183.1536865234375,409.1240234375,195.41900634765625,339.4366760253906
72,player,1,1,1017.5665283203125,508.76416015625,787.178466796875,826.6189575195312
72,player,6,0,554.5487060546875,536.5068359375,445.56134033203125,782.4140014648438
72,player,5,0,1098.09765625,539.4512939453125,808.5164794921875,905.4299926757812
72,player,7,1,741.93798828125,429.4354248046875,660.95751953125,569.9652709960938
72,player,10,0,796.1153564453125,453.5484619140625,682.5731201171875,645.64453125
72,player,4,1,658.716064453125,353.39501953125,666.941650390625,280.04779052734375
72,player,20,-1,179.50277709960938,408.66448974609375,194.61880493164062,338.8846435546875
72,player,12,1,239.41891479492188,418.345458984375,243.14437866210938,383.8669738769531
72,player,3,1,602.5276489257812,515.9217529296875,487.77691650390625,751.6273193359375
72,player,17,1,174.4282684326172,403.2981262207031,216.13571166992188,321.1383972167969
73,player,1,1,1019.04541015625,508.5146484375,787.6790771484375,827.4969482421875
73,player,6,0,555.3223876953125,536.4149780273438,445.74578857421875,782.218505859375
73,player,5,0,1099.842041015625,539.4451904296875,809.45556640625,905.9254150390625
73,player,7,1,741.4630737304688,427.01544189453125,661.5446166992188,566.42919921875
73,player,10,0,791.737548828125,456.1343688964844,679.7194213867188,648.30126953125
73,player,4,1,656.9034423828125,353.481689453125,666.7744750976562,280.66534423828125
73,player,20,-1,182.3648681640625,406.1473083496094,195.07130432128906,335.69232177734375
73,player,3,1,603.433349609375,516.431640625,488.55499267578125,751.181884765625
73,player,12,1,246.63816833496094,417.8564147949219,245.81399536132812,385.9036865234375
73,player,17,1,174.25550842285156,401.7501220703125,206.64309692382812,317.72216796875
74,player,1,1,1022.933837890625,508.40130615234375,788.99609375,828.2971801757812
74,player,10,0,790.0330810546875,454.7022399902344,677.8810424804688,648.5747680664062
74,player,5,0,1102.155029296875,539.7523193359375,810.489990234375,906.616943359375
74,player,6,0,557.203369140625,535.905029296875,446.4036865234375,781.8695068359375
74,player,3,1,604.508544921875,515.6990966796875,489.47161865234375,750.4192504882812
74,player,7,1,740.4105224609375,429.36932373046875,660.8157348632812,566.4190673828125
74,player,4,1,654.9081420898438,353.84014892578125,665.8508911132812,281.3375244140625
74,player,20,-1,184.5224609375,406.1669921875,196.03936767578125,333.87237548828125
74,player,12,1,252.84634399414062,418.0750732421875,249.41854858398438,388.1250915527344
74,player,17,1,174.17123413085938,400.37158203125,200.4850616455078,313.7257080078125
75,player,1,1,1024.9005126953125,508.47723388671875,790.3042602539062,829.029052734375
75,player,6,0,559.3463134765625,535.5555419921875,447.4064025878906,781.55712890625
75,player,5,0,1104.20458984375,540.7990112304688,811.2568359375,907.8861083984375
75,player,10,0,788.6217041015625,454.25286865234375,676.452880859375,648.2152099609375
75,player,4,1,656.2352294921875,353.48358154296875,665.8405151367188,281.42755126953125
75,player,7,1,739.6821899414062,435.2249755859375,658.1563110351562,572.1973876953125
75,player,3,1,605.8731079101562,514.4142456054688,490.66082763671875,749.0487060546875
75,player,20,0,186.5164794921875,406.52606201171875,197.27923583984375,333.3513488769531
75,player,12,1,254.2933349609375,417.926513671875,252.21177673339844,389.5434875488281
75,player,17,1,173.91600036621094,402.5821228027344,196.33982849121094,313.92877197265625
75,ball,-1,-1,1053.980712890625,334.6546630859375,1146.077880859375,232.4656524658203
76,player,1,1,1025.5941162109375,509.60009765625,790.9078369140625,830.3636474609375
76,player,6,0,560.0704345703125,534.9785766601562,448.329833984375,780.9924926757812
76,player,10,0,786.4526977539062,453.7513427734375,675.10205078125,647.3265991210938
76,player,5,0,1107.6094970703125,541.1060791015625,812.43017578125,909.16064453125
76,player,4,1,655.5263671875,353.4273681640625,665.6187133789062,281.32305908203125
76,player,7,1,739.0408935546875,433.26080322265625,656.9041748046875,573.9424438476562
76,player,3,1,606.0770263671875,514.3035278320312,491.50653076171875,748.0892333984375
76,player,20,0,187.80198669433594,406.0775146484375,198.50289916992188,332.5888977050781
76,player,12,1,253.84652709960938,416.53558349609375,253.99594116210938,388.779052734375
76,player,17,1,173.75192260742188,402.68939208984375,193.59072875976562,314.1796569824219
77,player,1,1,1022.433349609375,509.03302001953125,790.739013671875,830.5733642578125
77,player,6,0,560.302001953125,534.9260864257812,448.9947509765625,780.60546875
77,player,5,0,1113.222412109375,540.40185546875,814.7457275390625,909.9620361328125
77,player,3,1,608.10107421875,513.3169555664062,492.7569580078125,746.87060546875
77,player,20,0,189.44326782226562,408.7406921386719,199.71243286132812,335.5826110839844
77,player,7,1,737.9041748046875,421.2596435546875,659.8887329101562,562.727783203125
77,player,10,0,784.3372192382812,453.56353759765625,673.7105102539062,646.384765625
77,player,4,1,655.7915649414062,353.7348937988281,665.4385986328125,281.72064208984375
77,player,12,1,256.78045654296875,417.7530517578125,255.9552459716797,390.02099609375
78,player,1,1,1024.220947265625,509.71392822265625,790.813720703125,831.3392333984375
78,player,6,0,560.4765625,534.787841796875,449.492431640625,780.2672119140625
78,player,3,1,611.3411865234375,511.5081787109375,494.7425231933594,744.9442749023438
78,player,5,0,1114.87109375,539.3449096679688,817.0196533203125,909.934326171875
78,player,20,0,189.80416870117188,409.44439697265625,200.58468627929688,338.4364013671875
78,player,7,1,736.8661499023438,419.6651306152344,662.088623046875,553.666259765625
78,player,10,0,782.6474609375,452.607421875,672.6644287109375,644.742431640625
78,player,4,1,656.1336669921875,354.069091796875,665.3006591796875,282.49053955078125
78,player,12,1,258.9136657714844,417.01141357421875,257.9341735839844,390.1750793457031
78,player,19,-1,607.841796875,351.2349853515625,633.4196166992188,244.59742736816406
79,player,1,1,1025.5216064453125,509.46551513671875,791.2710571289062,831.7633666992188
79,player,3,1,612.4786987304688,511.607666015625,496.29705810546875,743.8621826171875
79,player,6,0,560.8046264648438,534.595947265625,449.927490234375,779.9337158203125
79,player,5,0,1115.838623046875,539.7281494140625,818.58056640625,910.232666015625
79,player,4,1,656.9049072265625,353.5369567871094,665.6858520507812,282.33135986328125
79,player,10,0,780.024169921875,452.677734375,671.2449951171875,643.5
79,player,7,1,737.0203857421875,423.2659606933594,662.3008422851562,551.5477294921875
79,player,12,1,261.6428527832031,415.04656982421875,260.207275390625,388.23260498046875
79,player,20,0,189.96897888183594,409.40655517578125,201.2042236328125,340.2621154785156
79,player,19,-1,608.0453491210938,352.4826354980469,628.9248046875,250.41734313964844
80,player,1,1,1027.5703125,510.00872802734375,791.866455078125,832.5901489257812
80,player,3,1,613.460205078125,510.287353515625,497.822021484375,742.2139892578125
80,player,6,0,560.8796997070312,534.7261352539062,450.2064208984375,779.8173828125
80,player,5,0,1116.46337890625,542.6061401367188,818.6859741210938,912.294921875
80,player,12,1,265.44610595703125,419.75018310546875,262.4599304199219,392.8941955566406
80,player,10,0,779.08056640625,453.10772705078125,669.9219970703125,643.0009765625
80,player,4,1,656.383544921875,353.53863525390625,665.7606201171875,282.1687927246094
80,player,19,-1,608.85888671875,352.7376708984375,626.1828002929688,254.66259765625
80,player,20,0,195.19786071777344,409.21868896484375,203.2373809814453,341.7705383300781
80,player,7,1,737.1803588867188,427.0811462402344,661.166015625,554.109130859375
81,player,1,1,1031.0611572265625,510.9107666015625,792.7689208984375,834.04736328125
81,player,3,1,614.9888916015625,510.39569091796875,499.1735534667969,741.35205078125
81,player,6,0,561.4674072265625,534.669189453125,450.53924560546875,779.7464599609375
81,player,5,0,1116.749755859375,545.0087890625,817.94775390625,915.1649169921875
81,player,12,1,264.5191650390625,418.5689392089844,263.73944091796875,394.4499816894531
81,player,19,-1,607.4566040039062,351.347412109375,624.445556640625,255.25637817382812
81,player,14,-1,203.80780029296875,408.58343505859375,218.51881408691406,334.8461608886719
81,player,10,0,778.205078125,453.537353515625,668.6810302734375,642.990478515625
81,player,7,1,737.7799072265625,431.9166564941406,658.954833984375,560.7213745117188
81,player,8,0,651.6049194335938,353.635009765625,661.378662109375,276.0562744140625
81,ball,-1,-1,246.06985473632812,331.967529296875,1146.077880859375,232.4656524658203
82,player,3,1,616.107666015625,510.48846435546875,500.3128662109375,740.9554443359375
82,player,1,1,1032.059326171875,511.71551513671875,793.3001708984375,835.6446533203125
82,player,6,0,561.8253173828125,534.9838256835938,450.7887878417969,779.956787109375
82,player,5,0,1117.7021484375,546.9134521484375,816.99853515625,918.2883911132812
82,player,12,1,267.7205810546875,417.8817138671875,265.5977783203125,394.98565673828125
82,player,19,0,602.6815795898438,349.57830810546875,622.3569946289062,252.50796508789062
82,player,14,-1,198.8372039794922,408.19744873046875,215.66519165039062,337.37384033203125
82,player,10,0,776.3244018554688,452.6206970214844,667.66455078125,641.9710083007812
82,player,7,1,737.1287841796875,432.4671630859375,657.1470947265625,565.5078125
82,player,8,0,641.3760986328125,353.69659423828125,657.8593139648438,276.5428161621094
82,ball,-1,-1,246.76321411132812,330.94537353515625,1146.077880859375,232.4656524658203
83,player,3,1,616.912109375,511.09033203125,501.13092041015625,741.2306518554688
83,player,1,1,1032.771728515625,511.43505859375,793.9222412109375,836.540771484375
83,player,6,0,563.9515380859375,534.9314575195312,451.47296142578125,780.2219848632812
83,player,5,0,1118.673095703125,547.1514892578125,816.517822265625,920.538330078125
83,player,12,1,269.559326171875,415.82568359375,267.5370788574219,393.1029968261719
83,player,14,-1,198.32534790039062,408.0322265625,213.65821838378906,338.7579040527344
83,player,19,0,597.5430908203125,352.1670837402344,618.2997436523438,253.8567352294922
83,player,7,1,736.4345703125,431.4051818847656,656.132080078125,567.4884033203125
83,player,8,0,642.5052490234375,353.04913330078125,656.2078857421875,276.07440185546875
83,player,10,0,775.24853515625,452.84771728515625,666.6350708007812,641.4187622070312
84,player,3,1,617.948486328125,511.61492919921875,501.813720703125,741.9005126953125
84,player,1,1,1034.1492919921875,511.57550048828125,794.609130859375,837.3321533203125
84,player,6,0,564.4514770507812,535.02099609375,452.0231018066406,780.4984130859375
84,player,5,0,1119.4326171875,546.080322265625,816.7657470703125,921.3907470703125
84,player,7,1,736.0120849609375,430.03082275390625,655.8162841796875,567.3515625
84,player,12,1,272.0091857910156,417.12860107421875,269.43115234375,393.66796875
84,player,20,0,189.8673553466797,407.4951171875,202.96812438964844,340.05029296875
84,player,19,0,596.6153564453125,353.1319885253906,614.9974975585938,256.0102233886719
84,player,8,0,643.1612548828125,352.9202880859375,655.4063720703125,275.66455078125
84,player,10,0,774.0609130859375,452.82318115234375,665.6497802734375,640.9288330078125
85,player,3,1,617.324951171875,511.850341796875,502.0535888671875,742.4671630859375
85,player,1,1,1034.1226806640625,511.90081787109375,794.9285888671875,838.07470703125
85,player,6,0,564.6832275390625,534.8152465820312,452.4715881347656,780.5470581054688
85,player,7,1,735.613525390625,429.07916259765625,655.8199462890625,566.26171875
85,player,5,0,1119.8834228515625,548.5567016601562,816.1376953125,923.5147094726562
85,player,12,1,273.7599792480469,416.49365234375,271.2491149902344,393.46893310546875
85,player,8,0,648.644287109375,353.87548828125,656.34619140625,277.3985595703125
85,player,20,0,185.57492065429688,407.19610595703125,201.4655303955078,338.10296630859375
85,player,19,0,597.700439453125,351.9487609863281,613.6491088867188,255.8372802734375
85,player,10,0,772.1761474609375,453.13201904296875,664.3932495117188,640.7220458984375
86,player,1,1,1034.1514892578125,511.52496337890625,795.282470703125,838.2935791015625
86,player,7,1,735.08984375,425.95745849609375,656.7385864257812,562.3203735351562
86,player,3,1,616.9942626953125,511.62744140625,502.17266845703125,742.6361083984375
86,player,6,0,563.5040893554688,535.2095336914062,452.41162109375,780.772216796875
86,player,8,0,650.4761962890625,353.6288757324219,657.6707763671875,278.39324951171875
86,player,5,0,1123.227783203125,550.4510498046875,815.8121337890625,926.308349609375
86,player,12,1,278.3648986816406,407.92523193359375,274.61480712890625,383.5577392578125
86,player,19,0,589.71044921875,355.79876708984375,608.6935424804688,260.28643798828125
86,player,20,0,189.35690307617188,407.87005615234375,201.64346313476562,338.078125
86,player,10,0,770.5524291992188,454.6944580078125,662.6231689453125,641.8707275390625
87,player,1,1,1033.7974853515625,511.40667724609375,795.470458984375,838.3239135742188
87,player,3,1,617.1844482421875,511.35003662109375,502.3544921875,742.546630859375
87,player,6,0,563.52392578125,535.3563842773438,452.3525390625,781.0264892578125
87,player,7,1,734.509521484375,426.2701721191406,657.0614624023438,560.0225830078125
87,player,12,1,278.2890625,414.03045654296875,276.2174987792969,384.4525146484375
87,player,8,0,644.53564453125,353.00732421875,656.7848510742188,277.4579162597656
87,player,5,0,1123.9090576171875,550.862548828125,815.6080932617188,928.4267578125
87,player,20,0,189.14035034179688,408.23504638671875,201.67822265625,338.49200439453125
87,player,23,-1,588.1593627929688,354.60516357421875,599.2068481445312,263.1705017089844
87,player,10,0,768.89501953125,456.0026550292969,660.5975952148438,643.6591796875
88,player,1,1,1033.708740234375,510.57879638671875,795.8784790039062,837.7490234375
88,player,8,0,637.74755859375,353.6213073730469,653.6839599609375,276.9188232421875
88,player,3,1,617.2596435546875,511.36065673828125,502.4892578125,742.5028076171875
88,player,6,0,565.1683349609375,534.92236328125,452.7845458984375,781.0059814453125
88,player,5,0,1125.1927490234375,551.7158813476562,815.4619140625,930.4202880859375
88,player,23,-1,586.6990966796875,355.3514404296875,598.4517211914062,264.0618591308594
88,player,7,1,734.136474609375,444.77655029296875,651.0424194335938,576.7992553710938
88,player,10,0,767.1512451171875,456.00347900390625,658.8070678710938,644.6642456054688
88,player,20,0,192.96527099609375,409.2302551269531,202.8519287109375,340.39788818359375
88,player,12,1,279.9449462890625,413.182861328125,277.8428039550781,384.19757080078125
89,player,8,0,644.521484375,353.8721923828125,653.8443603515625,277.7230224609375
89,player,1,1,1033.222900390625,509.93756103515625,796.2640991210938,836.8804931640625
89,player,3,1,616.8087158203125,511.29364013671875,502.4779968261719,742.3855590820312
89,player,6,0,565.502197265625,534.7973022460938,453.167236328125,780.9281005859375
89,player,7,1,733.381103515625,450.2913818359375,645.1788330078125,592.8480224609375
89,player,19,0,584.7061157226562,353.24005126953125,604.6914672851562,258.9305419921875
89,player,5,0,1125.4892578125,551.4020385742188,815.54638671875,931.5458984375
89,player,10,0,766.6699829101562,456.00347900390625,657.5125122070312,645.2738647460938
89,player,14,-1,197.2008056640625,411.0210266113281,211.879150390625,343.21923828125
89,player,12,1,282.8736572265625,415.791259765625,279.5509338378906,387.42742919921875
90,player,8,0,644.68896484375,353.7419738769531,654.0565795898438,278.08135986328125
90,player,3,1,616.911376953125,512.3609008789062,502.27764892578125,743.1432495117188
90,player,7,1,733.0559692382812,444.1748352050781,643.2105712890625,597.4595947265625
90,player,6,0,564.6536865234375,534.8786010742188,453.1973571777344,780.8699951171875
90,player,19,0,581.1339111328125,354.1043395996094,600.5796508789062,258.86602783203125
90,player,1,1,1032.375,509.0953369140625,796.6221923828125,835.6474609375
90,player,10,0,765.9404296875,457.46954345703125,656.0023193359375,646.9345092773438
90,player,5,0,1125.9595947265625,552.0718994140625,815.4685668945312,932.721435546875
90,player,12,1,284.8149719238281,416.12652587890625,281.2200622558594,390.122314453125
90,player,20,0,187.1882781982422,409.719970703125,201.80352783203125,341.6294860839844
91,player,8,0,643.008544921875,353.71417236328125,653.6412963867188,278.0766906738281
91,player,3,1,617.121337890625,513.778564453125,501.9104309082031,744.744873046875
91,player,7,1,732.4057006835938,444.96746826171875,641.4976196289062,601.154296875
91,player,6,0,563.964599609375,535.1101684570312,453.0113525390625,780.9461669921875
91,player,5,0,1126.403076171875,552.342041015625,815.422119140625,933.6829223632812
91,player,1,1,1032.1490478515625,509.543212890625,796.6328125,835.147705078125
91,player,23,-1,578.524169921875,356.74676513671875,594.7290649414062,265.6594543457031
91,player,10,0,764.5103149414062,458.04229736328125,654.450439453125,648.4026489257812
91,player,20,0,188.03700256347656,411.71966552734375,201.31390380859375,344.9755554199219
91,player,12,1,286.79010009765625,418.93023681640625,282.6396484375,395.357177734375
92,player,8,0,645.3765258789062,354.39666748046875,653.8950805664062,279.3170166015625
92,player,3,1,617.2041015625,513.9090576171875,501.6657409667969,745.8928833007812
92,player,7,1,731.7850341796875,433.42633056640625,643.9620971679688,592.2352294921875
92,player,6,0,563.232421875,535.1157836914062,452.71282958984375,780.9423828125
92,player,1,1,1032.0572509765625,509.647216796875,796.57861328125,834.8897705078125
92,player,5,0,1126.830322265625,552.7589721679688,815.3399658203125,934.59326171875
92,player,20,0,191.68209838867188,417.57464599609375,201.90264892578125,354.60552978515625
92,player,10,0,763.6812744140625,460.49871826171875,652.438720703125,651.4920654296875
92,player,12,1,289.4604187011719,422.26715087890625,284.0516662597656,402.88677978515625
92,player,19,0,575.761474609375,355.46832275390625,595.6233520507812,260.1386413574219
93,player,8,0,644.8268432617188,353.9757080078125,654.0429077148438,279.4642028808594
93,player,3,1,617.779541015625,514.3125,501.5676574707031,746.9954833984375
93,player,7,1,731.1835327148438,434.2908935546875,645.10693359375,587.2412109375
93,player,19,0,573.0316162109375,351.47662353515625,592.859375,254.89427185058594
93,player,6,0,563.878173828125,532.5992431640625,453.10345458984375,779.1592407226562
93,player,1,1,1030.9801025390625,509.6912841796875,796.2646484375,834.6676635742188
93,player,5,0,1127.70703125,553.2666015625,815.30419921875,935.55810546875
93,player,10,0,763.00634765625,461.697998046875,650.5719604492188,654.5115356445312
93,player,20,0,192.89450073242188,416.0892028808594,202.71170043945312,359.21295166015625
93,player,12,1,291.4007568359375,421.1962890625,285.6544189453125,406.7479248046875
94,player,8,0,645.7047119140625,353.6816101074219,654.5507202148438,279.24755859375
94,player,3,1,618.326904296875,514.779541015625,501.5447998046875,748.114501953125
94,player,6,0,563.10693359375,532.7587890625,453.143310546875,778.05615234375
94,player,7,1,730.422607421875,445.77740478515625,641.9227905273438,595.0999755859375
94,player,1,1,1031.333984375,509.04833984375,796.38623046875,834.092529296875
94,player,20,0,189.5262908935547,420.8135986328125,202.03811645507812,367.47900390625
94,player,5,0,1130.097412109375,553.9049682617188,815.59423828125,936.7474975585938
94,player,10,0,762.61474609375,462.904052734375,648.875732421875,657.5126342773438
94,player,12,1,293.9921569824219,422.990478515625,287.30084228515625,411.5793151855469
94,player,23,-1,574.6971435546875,349.53045654296875,593.5264892578125,255.84201049804688
95,player,8,0,644.7728271484375,353.6600341796875,654.5764770507812,278.9662780761719
95,player,3,1,617.2849731445312,514.6296997070312,501.3016357421875,748.642578125
95,player,6,0,562.4046630859375,533.5869750976562,452.858154296875,777.8880615234375
95,player,10,0,762.615234375,465.53790283203125,646.9546508789062,661.7915649414062
95,player,20,0,191.93560791015625,424.4337158203125,202.19932556152344,377.33428955078125
95,player,1,1,1031.390625,508.2208251953125,796.7879638671875,833.1309814453125
95,player,7,1,730.5609130859375,422.7196044921875,647.5136108398438,577.2794799804688
95,player,5,0,1132.3662109375,553.4508056640625,816.458251953125,937.4105224609375
95,player,23,-1,572.862060546875,348.64068603515625,592.4317016601562,247.93283081054688
95,player,4,1,628.041259765625,356.576904296875,655.122802734375,283.0059814453125
96,player,8,0,644.2003784179688,353.6458740234375,654.4066162109375,278.69586181640625
96,player,3,1,616.3123779296875,513.9639892578125,501.03704833984375,748.3961181640625
96,player,6,0,560.397216796875,534.9295654296875,451.9605712890625,778.59765625
96,player,10,0,762.2723388671875,466.53173828125,645.3075561523438,665.415283203125
96,player,20,0,191.7415313720703,423.21026611328125,202.2898712158203,382.29608154296875
96,player,7,1,729.2236328125,421.570556640625,651.1573486328125,564.3673706054688
96,player,23,-1,571.944580078125,351.53851318359375,590.39404296875,246.9205322265625
96,player,1,1,1031.9537353515625,508.984619140625,796.9012451171875,833.0975341796875
96,player,5,0,1132.869140625,553.5169677734375,817.10986328125,937.9183349609375
96,player,4,1,626.4720458984375,355.9887390136719,647.9071655273438,282.5400695800781
97,player,8,0,643.789794921875,353.2939453125,654.2982177734375,277.9730529785156
97,player,6,0,560.3258056640625,534.6826171875,451.40155029296875,778.8739624023438
97,player,3,1,615.8236083984375,513.1309204101562,500.9128723144531,747.5553588867188
97,player,20,0,190.92794799804688,423.8465576171875,202.08038330078125,386.1798095703125
97,player,10,0,761.0087890625,467.845947265625,643.4967041015625,668.8084716796875
97,player,1,1,1031.772216796875,507.1470947265625,797.6182250976562,831.7440185546875
97,player,23,-1,569.7965087890625,352.28082275390625,588.0839233398438,247.08328247070312
97,player,5,0,1133.9593505859375,555.1035766601562,817.213134765625,939.28857421875
97,player,7,1,729.2697143554688,430.00079345703125,650.6676025390625,564.6422729492188
97,player,4,1,625.671875,355.55511474609375,643.1140747070312,281.53271484375
97,ball,-1,-1,148.06300354003906,336.1737060546875,1146.077880859375,232.4656524658203
98,player,8,0,640.7383422851562,353.72210693359375,653.0327758789062,277.74957275390625
98,player,6,0,559.4639892578125,534.4776000976562,450.8646240234375,778.8370361328125
98,player,3,1,615.714599609375,512.0894165039062,501.017333984375,746.1962890625
98,player,23,0,567.3017578125,350.32171630859375,586.4099731445312,244.0382080078125
98,player,20,0,193.455078125,424.53704833984375,202.68057250976562,389.7646789550781
98,player,10,0,760.2364501953125,468.08062744140625,642.0423583984375,671.1504516601562
98,player,1,1,1031.508544921875,507.3289794921875,797.9515380859375,830.973876953125
98,player,7,1,728.1765747070312,438.09442138671875,647.3707275390625,572.7753295898438
98,player,5,0,1134.968017578125,555.7431030273438,817.2799072265625,940.638427734375
98,player,4,1,624.426025390625,354.90740966796875,639.827392578125,279.81695556640625
99,player,8,0,640.333251953125,353.6466979980469,652.1038818359375,277.44970703125
99,player,6,0,560.5025634765625,535.1797485351562,450.6480712890625,779.4041748046875
99,player,23,0,562.2638549804688,350.1429748535156,583.6661376953125,241.19247436523438
99,player,3,1,615.8846435546875,512.0663452148438,501.1323547363281,745.3089599609375
99,player,20,0,192.22207641601562,424.78851318359375,202.69032287597656,392.2608947753906
99,player,10,0,760.5771484375,468.97442626953125,640.9149780273438,673.481201171875
99,player,7,1,724.9193115234375,440.6832275390625,643.479736328125,580.2814331054688
99,player,1,1,1031.53369140625,506.763427734375,798.3865966796875,830.0684814453125
99,player,12,1,293.4681396484375,423.66107177734375,288.14935302734375,415.431884765625
99,player,5,0,1135.4833984375,555.4154663085938,817.5562744140625,941.3558349609375
100,player,6,0,560.0194702148438,535.083251953125,450.406982421875,779.6650390625
100,player,8,0,637.2747802734375,353.4048156738281,650.5674438476562,276.550537109375
100,player,3,1,616.1050415039062,512.794677734375,501.1134338378906,745.3125
100,player,23,0,560.72607421875,351.62811279296875,580.8538818359375,241.3284454345703
100,player,20,0,193.02923583984375,424.66717529296875,202.94403076171875,393.824951171875
100,player,1,1,1031.9246826171875,509.5093994140625,797.7376708984375,831.4793701171875
100,player,10,0,759.658447265625,468.488525390625,640.0861206054688,674.4921875
100,player,7,1,722.943359375,450.60845947265625,637.293212890625,594.4471435546875
100,player,12,1,293.5799560546875,423.38287353515625,288.76116943359375,417.630126953125
100,player,5,0,1134.9945068359375,555.8690185546875,817.4640502929688,942.0599365234375
100,ball,-1,-1,147.88906860351562,336.7921142578125,1146.077880859375,232.4656524658203
101,player,6,0,559.8632202148438,533.770263671875,450.43389892578125,778.8678588867188
101,player,8,0,635.074462890625,354.44158935546875,648.4242553710938,277.1748046875
101,player,3,1,616.017333984375,511.88079833984375,501.265869140625,744.601806640625
101,player,20,0,192.95465087890625,424.556396484375,203.09056091308594,394.7054443359375
101,player,23,0,558.4495239257812,350.94488525390625,578.482421875,240.1473388671875
101,player,12,1,292.88250732421875,422.583740234375,289.0269775390625,418.0748596191406
101,player,1,1,1031.6435546875,509.2984619140625,797.325927734375,832.2235107421875
101,player,7,1,723.6549072265625,451.671142578125,633.1417846679688,604.7139282226562
101,player,10,0,758.5499267578125,465.45904541015625,640.1793212890625,672.3974609375
101,player,5,0,1133.8951416015625,554.947509765625,817.4844970703125,941.8817138671875
101,ball,-1,-1,147.71832275390625,336.6370849609375,1146.077880859375,232.4656524658203
102,player,6,0,558.8660888671875,533.2966918945312,450.2901611328125,777.9261474609375
102,player,3,1,615.4171142578125,511.5372314453125,501.28533935546875,743.824951171875
102,player,20,0,192.53677368164062,424.155517578125,203.07464599609375,394.7695617675781
102,player,8,0,634.694580078125,354.9453430175781,646.7078857421875,278.2470397949219
102,player,10,0,758.0712890625,464.9849853515625,640.2578125,670.5753173828125
102,player,1,1,1031.8914794921875,509.34356689453125,797.1019287109375,832.7591552734375
102,player,23,0,557.3615112304688,351.11785888671875,576.5121459960938,239.5020294189453
102,player,7,1,717.7333984375,450.66619873046875,629.1221313476562,609.9024658203125
102,player,12,1,293.0760498046875,423.2698974609375,289.191650390625,419.16802978515625
102,player,5,0,1132.9525146484375,555.1084594726562,817.2276611328125,941.79443359375
102,ball,-1,-1,147.65066528320312,336.2659606933594,1146.077880859375,232.4656524658203
103,player,20,0,189.38290405273438,424.7921142578125,202.091796875,395.2289733886719
103,player,6,0,557.3594970703125,532.9517822265625,449.89013671875,776.9437255859375
103,player,3,1,615.0609130859375,512.1787719726562,501.0780944824219,743.7872924804688
103,player,1,1,1032.2786865234375,510.2528076171875,796.7122192382812,833.7862548828125
103,player,8,0,632.7205810546875,356.2452392578125,644.4293212890625,280.54034423828125
103,player,10,0,756.8001708984375,466.4549865722656,639.518310546875,670.5718994140625
103,player,7,1,717.16650390625,455.00811767578125,625.0436401367188,617.2628173828125
103,player,12,1,291.83673095703125,423.70184326171875,288.8863525390625,420.24566650390625
103,player,23,0,557.3193359375,350.74847412109375,575.341552734375,238.5373992919922
103,player,5,0,1132.767578125,556.5734252929688,816.4984130859375,942.6073608398438
103,ball,-1,-1,146.86827087402344,335.9493103027344,1146.077880859375,232.4656524658203
104,player,20,0,188.84117126464844,424.64923095703125,201.29476928710938,395.3065185546875
104,player,6,0,556.93798828125,532.5095825195312,449.6025085449219,775.9485473632812
104,player,3,1,614.941650390625,512.0361328125,500.9427490234375,743.642822265625
104,player,1,1,1032.315673828125,510.371337890625,796.423828125,834.5411376953125
104,player,8,0,632.3788452148438,357.4806213378906,642.360595703125,283.71917724609375
104,player,12,1,291.20135498046875,422.1884765625,288.6419982910156,419.151123046875
104,player,7,1,715.0156860351562,453.2177734375,622.3407592773438,620.1919555664062
104,player,10,0,757.0220947265625,466.28729248046875,639.1480712890625,670.4420776367188
104,player,23,0,558.5595703125,350.565673828125,575.0650634765625,237.79156494140625
104,player,5,0,1133.991943359375,557.2769775390625,816.0506591796875,943.6471557617188
104,ball,-1,-1,146.69046020507812,336.829833984375,1146.077880859375,232.4656524658203
105,player,20,0,189.92007446289062,424.511474609375,201.1063690185547,395.30694580078125
105,player,8,0,630.180908203125,356.2701416015625,640.7449951171875,283.83428955078125
105,player,6,0,556.5202026367188,532.1497802734375,449.3748779296875,775.0053100585938
105,player,3,1,614.8353271484375,512.0245971679688,500.83056640625,743.5313110351562
105,player,12,1,290.7564697265625,421.9781494140625,288.36968994140625,418.1530456542969
105,player,1,1,1032.5029296875,510.1834716796875,796.351806640625,834.9130859375
105,player,23,0,557.19775390625,350.49969482421875,574.4434814453125,237.04672241210938
105,player,7,1,715.0060424804688,458.18560791015625,619.1036376953125,626.6712646484375
105,player,10,0,755.7486572265625,467.0274658203125,638.341796875,670.8941650390625
105,player,5,0,1135.2041015625,557.2861938476562,816.029052734375,944.4163818359375
105,ball,-1,-1,143.11761474609375,337.2110595703125,1146.077880859375,232.4656524658203
106,player,12,1,291.19793701171875,422.1646728515625,288.3074035644531,417.7632751464844
106,player,8,0,627.4407958984375,355.5279541015625,639.0615234375,282.5436706542969
106,player,6,0,556.0524291992188,531.0244750976562,449.30328369140625,773.5291748046875
106,player,3,1,615.042236328125,512.943115234375,500.6222229003906,744.1849365234375
106,player,20,0,191.44686889648438,424.07562255859375,201.4593505859375,394.9564208984375
106,player,1,1,1032.2510986328125,510.5626220703125,796.1028442382812,835.404541015625
106,player,7,1,714.995849609375,461.45806884765625,616.0379028320312,633.8515625
106,player,23,0,555.5631103515625,350.44415283203125,573.5008544921875,236.28494262695312
106,player,10,0,753.2827758789062,467.57891845703125,636.9931030273438,671.4525146484375
106,player,5,0,1136.561767578125,557.3588256835938,816.294677734375,945.058349609375
106,ball,-1,-1,533.358642578125,338.03070068359375,1146.077880859375,232.4656524658203
107,player,7,1,711.9310913085938,454.6380615234375,615.2186279296875,632.0097045898438
107,player,8,0,625.5176391601562,353.7386474609375,638.006591796875,278.94622802734375
107,player,12,1,292.5445251464844,422.9078369140625,288.59954833984375,418.49786376953125
107,player,23,0,554.091796875,351.3060302734375,572.0980224609375,236.8746795654297
107,player,6,0,555.5120849609375,529.874755859375,449.31982421875,771.6796875
107,player,3,1,615.5299072265625,513.6243896484375,500.4697570800781,745.1740112304688
107,player,1,1,1032.992919921875,511.1959228515625,795.8863525390625,836.232666015625
107,player,10,0,750.3865356445312,467.21112060546875,635.4557495117188,671.2366943359375
107,player,20,0,186.38601684570312,424.60009765625,200.14593505859375,394.82196044921875
107,player,5,0,1138.627197265625,558.966064453125,816.361572265625,946.5860595703125
107,ball,-1,-1,143.10206604003906,335.80853271484375,1146.077880859375,232.4656524658203
108,player,7,1,710.8690185546875,453.22442626953125,614.8160400390625,629.4036254882812
108,player,12,1,292.281982421875,422.6309814453125,288.7373352050781,418.6319580078125
108,player,23,0,553.6347045898438,351.1721496582031,571.0753173828125,237.00759887695312
108,player,6,0,555.5576171875,528.8121337890625,449.5219421386719,769.6951904296875
108,player,8,0,623.1806030273438,352.4428405761719,637.0309448242188,274.4839172363281
108,player,3,1,615.5658569335938,513.8765869140625,500.32843017578125,746.0137939453125
108,player,1,1,1033.2467041015625,511.31793212890625,795.7620849609375,836.877685546875
108,player,20,0,188.31869506835938,424.1876220703125,199.88832092285156,394.4521789550781
108,player,10,0,749.2619018554688,466.822998046875,634.273681640625,670.6560668945312
108,player,5,0,1140.6361083984375,559.5485229492188,816.6494750976562,948.0711669921875
108,ball,-1,-1,142.81263732910156,335.2618408203125,1146.077880859375,232.4656524658203
109,player,7,1,710.78466796875,451.4600524902344,615.0588989257812,626.0549926757812
109,player,23,0,552.87158203125,350.504150390625,570.3735961914062,236.02432250976562
109,player,6,0,554.0921020507812,528.86083984375,449.28778076171875,768.3251953125
109,player,1,1,1033.15283203125,511.58221435546875,795.560546875,837.4767456054688
109,player,3,1,615.2040405273438,513.7290649414062,500.17645263671875,746.416748046875
109,player,20,0,187.62966918945312,423.767822265625,199.52731323242188,393.65264892578125
109,player,12,1,295.4390869140625,422.3249816894531,289.8033447265625,418.6895751953125
109,player,8,0,621.7431640625,353.44134521484375,635.5302124023438,272.83807373046875
109,player,10,0,748.8499145507812,466.88616943359375,633.3763427734375,670.297607421875
109,player,5,0,1141.950927734375,560.2886352539062,816.8693237304688,949.571044921875
109,ball,-1,-1,142.86196899414062,334.6209716796875,1146.077880859375,232.4656524658203
110,player,3,1,614.9962158203125,513.2241821289062,500.12847900390625,746.2732543945312
110,player,23,0,553.3258056640625,351.1463623046875,569.8578491210938,236.38014221191406
110,player,1,1,1033.0428466796875,511.59674072265625,795.3974609375,837.86767578125
110,player,6,0,553.8515014648438,528.5804443359375,449.1243896484375,767.207763671875
110,player,28,-1,305.62921142578125,421.55218505859375,300.741943359375,419.2278747558594
110,player,20,0,188.92819213867188,422.27996826171875,199.73580932617188,391.52691650390625
110,player,7,1,710.2822265625,452.73773193359375,614.6964721679688,625.0260009765625
110,player,10,0,747.4697265625,467.078369140625,632.366943359375,670.1109008789062
110,player,8,0,619.901123046875,354.7802734375,633.4274291992188,273.4522399902344
110,player,5,0,1142.96142578125,559.538818359375,817.5040283203125,950.17333984375
110,ball,-1,-1,143.0917510986328,333.8250732421875,1146.077880859375,232.4656524658203
111,player,28,-1,308.2110595703125,421.46551513671875,301.5259704589844,419.3912353515625
111,player,3,1,614.912353515625,512.7862548828125,500.1654052734375,745.8356323242188
111,player,6,0,554.3703002929688,528.7457275390625,449.11669921875,766.6451416015625
111,player,23,0,552.74951171875,350.8932189941406,569.4107055664062,236.17193603515625
111,player,20,0,190.62281799316406,421.291748046875,200.4193115234375,389.15887451171875
111,player,1,1,1032.8760986328125,511.469970703125,795.2978515625,838.0187377929688
111,player,10,0,746.0084228515625,466.50665283203125,631.4927368164062,669.357421875
111,player,7,1,709.9014282226562,451.370849609375,614.7650146484375,623.044677734375
111,player,8,0,616.3072509765625,352.4246520996094,631.74169921875,270.0710144042969
111,player,5,0,1141.89501953125,556.1351928710938,818.8900146484375,948.4527587890625
111,ball,-1,-1,143.037353515625,333.9101257324219,1146.077880859375,232.4656524658203
112,player,3,1,615.042236328125,512.5424194335938,500.27142333984375,745.3735961914062
112,player,20,0,191.20831298828125,421.3884582519531,201.03753662109375,387.79351806640625
112,player,28,-1,305.8398742675781,422.3138732910156,301.2353210449219,420.22723388671875
112,player,1,1,1033.02099609375,511.3564453125,795.3104248046875,838.0479736328125
112,player,23,0,551.337158203125,350.5295715332031,568.759765625,235.33419799804688
112,player,6,0,556.5390625,528.3244018554688,449.71234130859375,766.1389770507812
112,player,10,0,744.9415283203125,466.918701171875,630.5159912109375,669.1353149414062
112,player,7,1,709.2332763671875,456.5096435546875,613.1019897460938,626.4657592773438
112,player,8,0,616.78662109375,353.4395446777344,630.4237670898438,269.3805236816406
112,player,5,0,1141.471435546875,551.6976318359375,821.2944946289062,944.617919921875
112,ball,-1,-1,143.12667846679688,333.4082946777344,1146.077880859375,232.4656524658203
113,player,3,1,615.0167236328125,512.204345703125,500.40283203125,744.81005859375
113,player,20,0,191.97947692871094,424.2430419921875,201.56906127929688,390.3216552734375
113,player,1,1,1033.14794921875,511.52496337890625,795.2869873046875,838.1964721679688
113,player,6,0,556.221923828125,528.7215576171875,449.9544677734375,766.0792846679688
113,player,12,1,298.77410888671875,422.5729064941406,291.4715881347656,419.3496398925781
113,player,23,0,551.3779296875,350.7595520019531,568.2740478515625,235.1317596435547
113,player,8,0,616.4140625,356.9654541015625,628.121826171875,273.8756408691406
113,player,7,1,708.6237182617188,455.7109375,612.089599609375,627.8983154296875
113,player,10,0,744.3047485351562,469.07623291015625,629.0679321289062,670.8234252929688
113,player,5,0,1141.5159912109375,553.1074829101562,822.3571166992188,942.9857788085938
114,player,3,1,614.7850341796875,511.4830322265625,500.57763671875,743.8667602539062
114,player,20,0,192.44442749023438,424.83148193359375,202.03318786621094,392.6954040527344
114,player,6,0,559.4849243164062,529.0479736328125,450.85137939453125,766.5407104492188
114,player,1,1,1032.9454345703125,511.486572265625,795.23681640625,838.249755859375
114,player,12,1,294.3979797363281,423.4488525390625,291.1590881347656,420.33489990234375
114,player,8,0,616.0367431640625,356.39813232421875,626.7102661132812,275.9559020996094
114,player,23,0,550.5982666015625,350.52166748046875,567.7716064453125,234.55775451660156
114,player,10,0,743.593017578125,470.9465637207031,627.3843994140625,673.4839477539062
114,player,7,1,707.7256469726562,451.53106689453125,612.4242553710938,624.861572265625
114,player,5,0,1142.876953125,556.5416259765625,822.1201171875,944.09619140625
115,player,3,1,615.11767578125,511.21484375,500.8291320800781,743.0728759765625
115,player,6,0,562.8492431640625,528.9561767578125,452.26983642578125,767.0391845703125
115,player,1,1,1032.970703125,511.08172607421875,795.3604125976562,837.999267578125
115,player,20,0,189.38113403320312,429.5831604003906,201.2501220703125,399.387451171875
115,player,12,1,293.0348815917969,424.5316162109375,290.444091796875,422.0697021484375
115,player,8,0,616.43798828125,357.9964599609375,625.3341064453125,279.59613037109375
115,player,10,0,742.7652587890625,471.63116455078125,625.8694458007812,675.7330932617188
115,player,7,1,706.902099609375,450.15863037109375,612.8253173828125,621.5226440429688
115,player,5,0,1144.174072265625,558.08837890625,821.7050170898438,945.837890625
115,player,23,0,550.3320922851562,350.26763916015625,567.4386596679688,233.77972412109375
116,player,1,1,1032.727294921875,511.83245849609375,795.103515625,838.3492431640625
116,player,3,1,614.958984375,511.0472412109375,500.98724365234375,742.4139404296875
116,player,6,0,563.501708984375,527.7490844726562,453.55999755859375,766.5206909179688
116,player,20,0,189.00823974609375,427.773681640625,200.69119262695312,401.6319274902344
116,player,12,1,295.07135009765625,424.20391845703125,290.61932373046875,423.03094482421875
116,player,7,1,706.2099609375,446.58697509765625,613.9708862304688,615.90185546875
116,player,8,0,616.5427856445312,358.5577392578125,624.2672119140625,282.75762939453125
116,player,10,0,742.0348510742188,472.51470947265625,624.4326171875,677.8936767578125
116,player,5,0,1145.2508544921875,559.5737915039062,821.1478271484375,947.932861328125
116,player,23,0,552.0399780273438,351.0264587402344,567.5521240234375,234.5916290283203
116,ball,-1,-1,153.60595703125,325.83367919921875,1146.077880859375,232.4656524658203
117,player,6,0,563.80712890625,527.7183227539062,454.478515625,766.18505859375
117,player,3,1,615.2091064453125,510.62640380859375,501.2387390136719,741.6793212890625
117,player,1,1,1032.475830078125,511.94732666015625,794.8330078125,838.6380615234375
117,player,7,1,703.905517578125,448.1663818359375,613.6002807617188,613.5377807617188
117,player,20,0,191.33409118652344,423.8475036621094,201.16368103027344,398.7906799316406
117,player,8,0,616.607666015625,354.337890625,625.1666870117188,278.88397216796875
117,player,10,0,743.9404907226562,477.9290771484375,622.4298095703125,684.086181640625
117,player,12,1,294.765869140625,424.52984619140625,290.61041259765625,423.9951477050781
117,player,23,0,552.1615600585938,350.96356201171875,567.688232421875,235.04190063476562
117,player,5,0,1145.18017578125,553.6105346679688,822.9085693359375,945.712646484375
117,ball,-1,-1,158.08523559570312,323.45281982421875,1146.077880859375,232.4656524658203
118,player,6,0,563.7765502929688,528.262451171875,454.97357177734375,766.3680419921875
118,player,3,1,615.80029296875,510.30450439453125,501.61614990234375,741.0000610351562
118,player,7,1,702.9444580078125,446.8902893066406,613.476806640625,610.6973876953125
118,player,1,1,1031.94287109375,511.69293212890625,794.621826171875,838.6033935546875
118,player,20,0,191.24197387695312,428.7439880371094,201.26925659179688,402.58013916015625
118,player,8,0,615.2469482421875,354.1451416015625,625.3662109375,275.93145751953125
118,player,10,0,743.3160400390625,478.03424072265625,620.9342041015625,688.1460571289062
118,player,12,1,295.90936279296875,425.0640869140625,290.8940734863281,425.3433837890625
118,player,23,0,550.458740234375,350.28875732421875,567.420654296875,234.1406707763672
118,player,5,0,1145.82568359375,554.4912109375,823.8804321289062,944.848876953125
119,player,6,0,563.549072265625,527.7713012695312,455.32513427734375,766.104736328125
119,player,7,1,703.2135009765625,447.699951171875,613.2276611328125,609.6473999023438
119,player,3,1,615.8052978515625,509.93011474609375,501.939697265625,740.2676391601562
119,player,20,0,191.96893310546875,429.72357177734375,201.52020263671875,406.2329406738281
119,player,1,1,1031.755126953125,511.50732421875,794.5076904296875,838.434326171875
119,player,8,0,613.8717041015625,354.1614685058594,625.0272216796875,273.873046875
119,player,12,1,294.663818359375,425.11920166015625,290.7015686035156,426.1564025878906
119,player,23,0,549.8980712890625,350.701416015625,566.91845703125,234.0931396484375
119,player,5,0,1146.6173095703125,554.6011352539062,824.651123046875,944.411376953125
119,player,10,0,742.0919189453125,476.31268310546875,620.13671875,689.2191162109375
120,player,6,0,563.53125,528.41064453125,455.4383850097656,766.4061279296875
120,player,7,1,702.1724853515625,448.8438720703125,612.4349365234375,609.9542846679688
120,player,20,0,191.65859985351562,430.25042724609375,201.572265625,409.1746520996094
120,player,3,1,615.9248657226562,509.44158935546875,502.28057861328125,739.4207153320312
120,player,1,1,1031.21875,511.46282958984375,794.3197021484375,838.2503662109375
120,player,12,1,294.3334045410156,425.56658935546875,290.434814453125,427.157958984375
120,player,8,0,614.51123046875,353.51629638671875,625.2639770507812,271.69189453125
120,player,23,0,549.885498046875,350.8778076171875,566.5292358398438,234.31927490234375
120,player,5,0,1147.661865234375,553.9345092773438,825.6290893554688,943.800537109375
120,player,10,0,742.060302734375,479.69976806640625,618.6387939453125,692.7775268554688
120,ball,-1,-1,166.9046630859375,303.8839111328125,1146.077880859375,232.4656524658203
121,player,6,0,563.6787109375,528.4105224609375,455.5479736328125,766.6136474609375
121,player,7,1,701.4354248046875,448.88336181640625,611.7041625976562,610.1229248046875
121,player,20,0,192.64395141601562,429.60162353515625,201.92271423339844,410.4486083984375
121,player,3,1,616.019287109375,510.24542236328125,502.36029052734375,739.50390625
121,player,1,1,1030.2401123046875,511.54315185546875,793.9300537109375,838.1099853515625
121,player,12,1,291.9487609863281,425.67218017578125,289.54058837890625,427.6878662109375
121,player,8,0,614.596923828125,353.14520263671875,625.5863037109375,269.7546691894531
121,player,23,0,551.6357421875,351.56402587890625,566.644775390625,235.67965698242188
121,player,10,0,740.7789306640625,478.9698486328125,617.5384521484375,694.3654174804688
121,player,5,0,1150.1231689453125,550.6205444335938,828.030517578125,941.5708618164062
121,ball,-1,-1,169.0683135986328,296.6661376953125,1146.077880859375,232.4656524658203
122,player,7,1,700.5361938476562,449.23468017578125,610.8759765625,610.48193359375
122,player,6,0,563.5656127929688,528.2677001953125,455.61639404296875,766.6337890625
122,player,3,1,616.262451171875,510.57623291015625,502.40496826171875,739.8350830078125
122,player,12,1,290.6846008300781,425.31976318359375,288.6156921386719,427.50579833984375
122,player,20,0,192.4081573486328,426.6506652832031,202.18618774414062,407.87579345703125
122,player,8,0,615.0092163085938,353.7012939453125,625.7255859375,269.3376159667969
122,player,1,1,1030.251708984375,511.49908447265625,793.6959228515625,837.9884033203125
122,player,23,0,551.07080078125,351.81512451171875,566.444580078125,236.86270141601562
122,player,5,0,1155.510009765625,557.220458984375,828.40478515625,944.49853515625
122,player,10,0,741.076904296875,475.11920166015625,618.0074462890625,692.1559448242188
123,player,7,1,700.548828125,450.1912536621094,610.0571899414062,611.6201171875
123,player,3,1,616.2933349609375,510.89239501953125,502.37677001953125,740.29833984375
123,player,6,0,563.8778076171875,527.6078491210938,455.85162353515625,766.1822509765625
123,player,20,0,192.4860382080078,426.20068359375,202.3970947265625,405.69293212890625
123,player,12,1,289.98828125,425.96148681640625,287.74676513671875,428.0434265136719
123,player,8,0,615.0701904296875,354.24346923828125,625.6331176757812,269.84521484375
123,player,1,1,1029.7548828125,511.92138671875,793.2672119140625,838.169189453125
123,player,10,0,739.2696533203125,478.0035400390625,617.0089111328125,693.0146484375
123,player,23,0,550.1318969726562,350.983642578125,566.2701416015625,236.3040771484375
123,player,5,0,1154.96630859375,558.5805053710938,828.03564453125,947.1729125976562
124,player,3,1,616.3231811523438,511.0013427734375,502.34356689453125,740.6864013671875
124,player,7,1,700.10302734375,451.7950439453125,608.9285888671875,613.8267822265625
124,player,6,0,563.7991943359375,527.2996826171875,456.0389404296875,765.653564453125
124,player,12,1,289.9261779785156,425.44195556640625,287.2120361328125,427.79876708984375
124,player,20,0,193.06993103027344,426.6717834472656,202.69219970703125,404.87603759765625
124,player,8,0,615.0499267578125,354.5819091796875,625.439453125,270.6534118652344
124,player,1,1,1030.071044921875,512.0922241210938,793.0023193359375,838.4327392578125
124,player,10,0,734.3981323242188,478.510009765625,614.9404296875,693.5789184570312
124,player,5,0,1154.901123046875,554.2976684570312,829.3316040039062,946.3418579101562
124,player,23,0,550.2681884765625,350.815673828125,566.2589111328125,235.7112579345703
125,player,12,1,288.8832702636719,425.1153564453125,286.58380126953125,427.16424560546875
125,player,3,1,615.7999877929688,510.62603759765625,502.2681884765625,740.6044921875
125,player,6,0,564.0949096679688,527.2291870117188,456.24517822265625,765.281005859375
125,player,20,0,193.85256958007812,425.25360107421875,203.17123413085938,402.78802490234375
125,player,7,1,699.567138671875,450.568603515625,608.4090576171875,614.0592651367188
125,player,10,0,733.7750244140625,477.8397216796875,613.6224365234375,693.3243408203125
125,player,8,0,615.51953125,354.687744140625,625.4317016601562,271.3843078613281
125,player,1,1,1029.8289794921875,512.186279296875,792.7366943359375,838.6513671875
125,player,5,0,1156.755126953125,557.1476440429688,829.556640625,947.6463012695312
125,player,23,0,553.1204833984375,352.3725891113281,566.7056884765625,237.94009399414062
126,player,3,1,616.05126953125,510.015625,502.4075012207031,740.0972290039062
126,player,12,1,287.1875915527344,424.90753173828125,285.6885070800781,426.34454345703125
126,player,6,0,563.9775390625,527.2640991210938,456.344482421875,765.055419921875
126,player,20,0,194.57159423828125,425.30255126953125,203.69692993164062,401.56060791015625
126,player,7,1,699.0740966796875,456.0098876953125,606.3453369140625,619.239501953125
126,player,10,0,733.2470703125,478.39715576171875,612.4697875976562,693.5850219726562
126,player,1,1,1029.6605224609375,512.582275390625,792.37744140625,839.0601806640625
126,player,5,0,1158.74267578125,558.5725708007812,829.634033203125,949.4869995117188
126,player,8,0,614.674072265625,354.3685302734375,625.2620849609375,271.3065185546875
126,player,23,0,552.4603881835938,351.4312744140625,567.0841674804688,237.93807983398438
127,player,3,1,616.3612060546875,509.86871337890625,502.60589599609375,739.6785278320312
127,player,12,1,287.0443115234375,424.92803955078125,285.0618896484375,425.820556640625
127,player,6,0,564.35986328125,527.01220703125,456.54632568359375,764.7518920898438
127,player,20,0,195.2984619140625,425.1094970703125,204.26446533203125,400.6133728027344
127,player,7,1,698.247802734375,457.0799560546875,604.4697265625,623.517578125
127,player,10,0,732.7267456054688,479.0103759765625,611.4114379882812,694.2276611328125
127,player,5,0,1160.92529296875,559.2627563476562,829.9242553710938,951.2506713867188
127,player,1,1,1028.9000244140625,512.8516235351562,791.8604736328125,839.4558715820312
127,player,8,0,614.09814453125,354.9786682128906,624.7302856445312,272.0535583496094
127,player,23,0,554.9638671875,353.12689208984375,567.6173095703125,240.70217895507812
128,player,12,1,285.979248046875,423.99554443359375,284.4219970703125,424.3111267089844
128,player,3,1,616.2772216796875,509.908203125,502.7056884765625,739.4302368164062
128,player,6,0,564.482177734375,526.1832275390625,456.85223388671875,763.9468383789062
128,player,5,0,1162.50390625,559.6967163085938,830.3096923828125,952.7680053710938
128,player,10,0,732.6181030273438,478.650146484375,610.7965698242188,694.3316650390625
128,player,7,1,698.134521484375,459.81500244140625,602.4366455078125,628.79150390625
128,player,20,0,194.79135131835938,422.02337646484375,204.59811401367188,396.3519287109375
128,player,1,1,1028.763427734375,512.8886108398438,791.477783203125,839.7283935546875
128,player,8,0,612.471435546875,354.1595764160156,624.1434936523438,271.1842346191406
128,player,23,0,554.8843383789062,352.062744140625,568.290771484375,240.94415283203125
129,player,3,1,616.3968505859375,509.52471923828125,502.87957763671875,738.9798583984375
129,player,6,0,564.3349609375,525.802490234375,457.0816955566406,763.127685546875
129,player,12,1,284.8177490234375,423.358642578125,283.7167053222656,422.48504638671875
129,player,20,0,195.44393920898438,420.98944091796875,205.05242919921875,392.43505859375
129,player,7,1,698.4173583984375,460.00482177734375,601.1377563476562,632.41796875
129,player,5,0,1163.1854248046875,558.81787109375,831.0306396484375,953.2825317382812
129,player,10,0,732.2551879882812,479.17578125,610.1539916992188,694.8117065429688
129,player,1,1,1028.489013671875,513.2416381835938,791.0330200195312,840.1329345703125
129,player,8,0,611.14501953125,354.2200927734375,623.2932739257812,270.54852294921875
129,player,23,0,555.8536376953125,353.22589111328125,568.6702880859375,242.90548706054688
130,player,12,1,283.64410400390625,422.838134765625,282.9538879394531,420.5831604003906
130,player,6,0,564.2373046875,525.5479125976562,457.2514953613281,762.397216796875
130,player,3,1,616.2412109375,509.6326904296875,502.93133544921875,738.758544921875
130,player,20,0,195.50588989257812,419.6839599609375,205.41729736328125,388.35565185546875
130,player,7,1,699.035400390625,457.7156982421875,601.116455078125,632.7391967773438
130,player,5,0,1164.62939453125,559.026611328125,831.7470703125,953.844970703125
130,player,10,0,732.397705078125,478.46380615234375,609.97412109375,694.5346069335938
130,player,1,1,1028.47802734375,513.4573974609375,790.6622314453125,840.547119140625
130,player,8,0,610.272705078125,353.8079833984375,622.600341796875,269.4452209472656
130,player,23,0,556.9671630859375,353.4701843261719,569.2130126953125,244.66632080078125
131,player,12,1,282.78021240234375,422.17767333984375,282.2586975097656,418.501220703125
131,player,3,1,616.941162109375,509.0030517578125,503.2703857421875,738.1809692382812
131,player,6,0,563.9945068359375,525.7357788085938,457.26953125,762.04345703125
131,player,7,1,699.0977783203125,456.7681884765625,601.3924560546875,632.082763671875
131,player,20,0,195.67242431640625,415.8263854980469,205.85714721679688,381.1241455078125
131,player,5,0,1165.912109375,558.8936157226562,832.5482788085938,954.2242431640625
131,player,10,0,732.2991943359375,478.5966796875,609.7939453125,694.4583740234375
131,player,1,1,1028.212646484375,513.6317749023438,790.2930908203125,840.918212890625
131,player,8,0,608.8654174804688,354.15631103515625,621.546875,269.05792236328125
131,player,23,0,557.58984375,353.41241455078125,569.7958374023438,245.80145263671875
132,player,3,1,617.5137939453125,508.4205322265625,503.75506591796875,737.3973388671875
132,player,12,1,282.39715576171875,422.53472900390625,281.6595458984375,417.51898193359375
132,player,6,0,563.7984619140625,525.9087524414062,457.2030029296875,761.927001953125
132,player,7,1,699.4881591796875,458.30584716796875,601.235595703125,633.1033935546875
132,player,20,0,197.41433715820312,416.60498046875,206.6448211669922,377.53826904296875
132,player,5,0,1168.01904296875,559.9053955078125,833.1736450195312,955.221435546875
132,player,10,0,731.4528198242188,478.8992919921875,609.3701171875,694.5911865234375
132,player,8,0,607.9884033203125,354.1739501953125,620.5604248046875,268.72760009765625
132,player,1,1,1028.334228515625,513.9202880859375,789.97705078125,841.3721313476562
132,player,28,-1,303.80340576171875,422.03741455078125,300.46453857421875,420.24755859375
133,player,12,1,281.83111572265625,421.890625,281.158203125,416.082763671875
133,player,3,1,617.0242919921875,508.28033447265625,503.9763488769531,736.738037109375
133,player,6,0,563.634765625,526.3391723632812,457.0445251464844,762.1594848632812
133,player,7,1,698.8875732421875,458.9168395996094,600.7952880859375,634.2711181640625
133,player,5,0,1171.0810546875,560.8809814453125,833.9107666015625,956.6653442382812
133,player,10,0,729.7180786132812,478.82257080078125,608.6622924804688,694.4625244140625
133,player,20,0,199.67153930664062,417.6136474609375,207.8045654296875,376.64605712890625
133,player,1,1,1028.361083984375,513.897705078125,789.7863159179688,841.6534423828125
133,player,8,0,607.1253051757812,354.13104248046875,619.64453125,268.3497009277344
133,player,23,0,556.3759765625,352.83233642578125,569.9566650390625,245.5548095703125
134,player,3,1,617.2958984375,507.86383056640625,504.27484130859375,736.005615234375
134,player,6,0,563.4109497070312,526.606689453125,456.840087890625,762.4921875
134,player,12,1,281.46063232421875,422.0736083984375,280.70452880859375,415.32196044921875
134,player,5,0,1172.008544921875,561.6517333984375,834.317626953125,958.1236572265625
134,player,1,1,1028.8275146484375,513.8014526367188,789.8104858398438,841.805419921875
134,player,7,1,698.06591796875,460.51715087890625,599.8299560546875,636.413818359375
134,player,10,0,728.85205078125,479.0481262207031,607.912353515625,694.4945068359375
134,player,20,0,201.58670043945312,421.758544921875,208.9656982421875,381.1598205566406
134,player,8,0,606.669921875,353.91790771484375,618.974609375,267.74639892578125
134,player,28,-1,303.1752014160156,420.6639404296875,299.91656494140625,418.620361328125
135,player,3,1,616.957763671875,507.37548828125,504.4853820800781,735.11865234375
135,player,6,0,563.2996215820312,527.0205078125,456.60797119140625,763.0076904296875
135,player,12,1,280.85498046875,422.222412109375,280.2143859863281,414.9368591308594
135,player,20,0,202.34347534179688,422.4820861816406,209.91845703125,385.01751708984375
135,player,5,0,1171.9525146484375,561.1506958007812,834.7510986328125,958.7730712890625
135,player,7,1,697.47216796875,463.3627014160156,598.238037109375,640.3251953125
135,player,1,1,1029.0921630859375,513.7683715820312,789.90234375,841.90185546875
135,player,28,-1,302.85870361328125,420.36578369140625,299.4959411621094,417.18701171875
135,player,10,0,727.7828979492188,478.84503173828125,607.2019653320312,694.2510375976562
135,player,23,0,556.403076171875,353.92864990234375,569.7058715820312,246.9833984375
136,player,20,0,203.46710205078125,425.1400146484375,210.76254272460938,390.72674560546875
136,player,6,0,562.9071044921875,527.1365966796875,456.3409729003906,763.39794921875
136,player,3,1,616.0340576171875,507.39031982421875,504.386962890625,734.477783203125
136,player,12,1,278.65667724609375,420.5897216796875,279.3798828125,412.57916259765625
136,player,1,1,1029.09619140625,513.7565307617188,789.9674072265625,841.95654296875
136,player,7,1,696.8135986328125,458.7771911621094,598.3234252929688,638.6497192382812
136,player,28,-1,302.23236083984375,417.9049072265625,299.288330078125,413.3411560058594
136,player,10,0,727.8499755859375,478.93109130859375,606.7337036132812,694.1713256835938
136,player,5,0,1172.18310546875,561.0090942382812,835.1356201171875,959.1284790039062
136,player,23,0,556.25439453125,354.11175537109375,569.431884765625,248.15838623046875
137,player,6,0,562.711669921875,527.8603515625,455.99407958984375,764.1737670898438
137,player,3,1,615.009765625,507.4522705078125,504.0526123046875,734.0255126953125
137,player,20,0,204.68824768066406,423.972900390625,211.7291259765625,393.21087646484375
137,player,7,1,696.1766357421875,459.5390625,597.989013671875,638.1988525390625
137,player,1,1,1029.4052734375,513.7357788085938,790.0921630859375,842.001953125
137,player,23,0,556.0973510742188,354.3939514160156,569.1072387695312,249.31005859375
137,player,28,1,300.95880126953125,417.2552185058594,298.8352966308594,409.95318603515625
137,player,10,0,726.8883666992188,479.64794921875,605.9779052734375,694.6416015625
137,player,5,0,1172.88232421875,561.69775390625,835.2919921875,959.814453125
137,player,12,1,278.356201171875,419.632568359375,278.8318176269531,409.90594482421875
138,player,6,0,562.4549560546875,528.279541015625,455.6334228515625,764.968505859375
138,player,3,1,615.512939453125,507.5916748046875,503.932861328125,733.88232421875
138,player,7,1,695.2496948242188,458.5048828125,597.814208984375,636.8766479492188
138,player,1,1,1029.5098876953125,513.7996215820312,790.1751098632812,842.0846557617188
138,player,20,0,205.1597137451172,427.2554016113281,212.35556030273438,398.65728759765625
138,player,10,0,726.220947265625,478.58795166015625,605.607421875,693.9937744140625
138,player,23,0,556.2168579101562,354.378662109375,568.941650390625,250.05081176757812
138,player,12,1,273.16424560546875,420.15655517578125,276.8626708984375,408.2451171875
138,player,5,0,1173.8843994140625,561.2669067382812,835.7733154296875,960.0792236328125
138,player,8,0,607.2880249023438,353.85003662109375,618.7723999023438,267.33062744140625
139,player,6,0,562.1890869140625,528.3590698242188,455.3204040527344,765.5230102539062
139,player,3,1,614.896484375,507.80914306640625,503.65509033203125,733.9091796875
139,player,20,0,206.59210205078125,424.7292175292969,213.30392456054688,399.43572998046875
139,player,1,1,1029.5572509765625,513.991455078125,790.1702880859375,842.277099609375
139,player,7,1,694.3118896484375,457.8753662109375,597.6248779296875,635.3549194335938
139,player,10,0,724.9268798828125,476.4693603515625,605.6199340820312,691.65966796875
139,player,12,1,272.66705322265625,421.1923828125,275.3445129394531,408.314697265625
139,player,23,0,555.9150390625,354.5576477050781,568.6728515625,250.75411987304688
139,player,5,0,1174.272705078125,561.9194946289062,835.9361572265625,960.6622314453125
139,player,28,1,299.097900390625,419.82025146484375,297.7164001464844,410.53955078125
140,player,6,0,561.96728515625,528.8049926757812,454.98590087890625,766.196044921875
140,player,3,1,614.543212890625,507.75537109375,503.39691162109375,733.8553466796875
140,player,20,0,208.25140380859375,424.5308837890625,214.42828369140625,399.8812561035156
140,player,1,1,1029.3614501953125,514.1346435546875,790.0673217773438,842.4874267578125
140,player,7,1,692.95751953125,458.47760009765625,596.9620361328125,634.795166015625
140,player,12,1,274.7696533203125,422.9212646484375,274.84234619140625,410.56573486328125
140,player,10,0,722.11669921875,477.6976318359375,604.5469970703125,690.944091796875
140,player,23,0,555.4703369140625,354.58050537109375,568.34033203125,251.19139099121094
140,player,28,1,298.68927001953125,421.3025207519531,296.7168273925781,412.5872802734375
140,player,8,0,607.0808715820312,352.58721923828125,619.0393676757812,265.2294006347656
141,player,20,0,208.1492919921875,425.60760498046875,215.07920837402344,401.4034423828125
141,player,3,1,614.3994140625,507.8262939453125,503.17828369140625,733.8641357421875
141,player,6,0,561.637451171875,528.8289184570312,454.6839599609375,766.6250610351562
141,player,7,1,692.099365234375,460.957763671875,595.5982666015625,636.6162109375
141,player,32,-1,219.2218475341797,422.91351318359375,226.1806182861328,398.54827880859375
141,player,1,1,1029.6778564453125,514.038330078125,790.1121826171875,842.5814208984375
141,player,10,0,723.7596435546875,475.705322265625,604.8380737304688,688.9228515625
141,player,12,1,274.18389892578125,422.0670166015625,274.4131164550781,410.98712158203125
141,player,23,0,555.3189697265625,354.35711669921875,568.1468505859375,251.13604736328125
141,player,28,1,297.51507568359375,420.57562255859375,295.7868347167969,412.9619445800781
142,player,6,0,559.9093017578125,529.181396484375,454.00604248046875,767.0277099609375
142,player,3,1,613.9055786132812,507.9158935546875,502.8936462402344,733.8995361328125
142,player,20,0,207.7276611328125,427.9466552734375,215.27024841308594,405.0323486328125
142,player,7,1,691.6165771484375,462.817626953125,594.0609741210938,639.4400024414062
142,player,10,0,719.6485595703125,477.9151916503906,603.3309936523438,689.1357421875
142,player,32,-1,221.40499877929688,423.0982360839844,226.82862854003906,398.985595703125
142,player,1,1,1029.537353515625,514.3629760742188,789.988525390625,842.859619140625
142,player,23,0,556.292724609375,354.361328125,568.3488159179688,251.2217559814453
142,player,12,1,273.5912780761719,422.626953125,273.9083251953125,411.84490966796875
142,player,8,0,607.2869873046875,352.6452331542969,619.2609252929688,263.9713134765625
143,player,6,0,559.4586181640625,528.713623046875,453.53582763671875,766.9075927734375
143,player,3,1,614.0438842773438,508.01177978515625,502.72357177734375,734.009033203125
143,player,10,0,718.7115478515625,478.23583984375,602.0169677734375,689.4651489257812
143,player,20,0,208.326904296875,428.53155517578125,215.54698181152344,408.1184387207031
143,player,7,1,690.583740234375,461.80926513671875,593.0640869140625,640.27099609375
143,player,32,-1,220.69895935058594,423.038818359375,227.04031372070312,399.12884521484375
143,player,23,0,555.8705444335938,354.19769287109375,568.3914794921875,250.99159240722656
143,player,1,1,1029.18359375,514.4381103515625,789.795166015625,843.0653076171875
143,player,8,0,607.4752197265625,352.61834716796875,619.478515625,263.1373291015625
143,player,28,1,294.4891052246094,422.38250732421875,294.094970703125,414.9734191894531
144,player,6,0,559.2421875,528.6776123046875,453.18359375,766.7857666015625
144,player,3,1,614.494873046875,508.10076904296875,502.70794677734375,734.1871337890625
144,player,20,0,209.6392822265625,429.77691650390625,216.06134033203125,411.6709899902344
144,player,7,1,689.3895263671875,460.72161865234375,592.39697265625,639.7162475585938
144,player,10,0,717.6739501953125,478.01666259765625,600.9512939453125,689.4030151367188
144,player,1,1,1028.62255859375,514.2009887695312,789.6204833984375,842.988037109375
144,player,23,0,554.759765625,354.0357666015625,568.0970458984375,250.47653198242188
144,player,8,0,608.12744140625,352.82220458984375,619.7642822265625,262.96490478515625
144,player,28,1,294.42620849609375,422.728271484375,292.9427490234375,416.67022705078125
144,player,5,0,1174.686279296875,561.9390869140625,836.1270751953125,961.0823974609375
145,player,6,0,558.9915771484375,528.8630981445312,452.8617858886719,766.8240356445312
145,player,3,1,614.7936401367188,508.342041015625,502.7230224609375,734.516357421875
145,player,20,0,209.34771728515625,429.4490966796875,216.32383728027344,413.57916259765625
145,player,10,0,717.070556640625,478.0234375,600.0984497070312,689.3159790039062
145,player,7,1,688.1702880859375,462.09368896484375,591.2509155273438,640.49072265625
145,player,1,1,1028.525634765625,514.1022338867188,789.5196533203125,842.8607177734375
145,player,8,0,608.7706298828125,352.80072021484375,620.1751708984375,262.89837646484375
145,player,23,0,554.2678833007812,354.35430908203125,567.63427734375,250.54254150390625
145,player,28,1,293.06658935546875,422.503173828125,291.8079833984375,417.37738037109375
145,player,5,0,1175.03466796875,562.8023681640625,836.0162353515625,961.8860473632812
146,player,6,0,558.72900390625,528.7916870117188,452.600830078125,766.7752685546875
146,player,3,1,615.2359619140625,508.439697265625,502.82366943359375,734.8431396484375
146,player,7,1,687.6248779296875,461.3328857421875,590.5700073242188,640.2552490234375
146,player,10,0,716.0921630859375,478.23846435546875,599.2283325195312,689.357177734375
146,player,1,1,1027.55029296875,513.7474365234375,789.3477783203125,842.4511108398438
146,player,32,-1,219.06982421875,423.81036376953125,226.64651489257812,399.95001220703125
146,player,8,0,609.2346801757812,352.83404541015625,620.58642578125,262.95794677734375
146,player,23,0,554.462890625,353.67706298828125,567.6229858398438,249.63140869140625
146,player,5,0,1175.263427734375,563.5659790039062,835.7191772460938,962.870849609375
146,player,12,1,271.1748352050781,424.0775146484375,272.733642578125,413.8198547363281
147,player,6,0,558.631591796875,528.84130859375,452.3989562988281,766.7725830078125
147,player,3,1,615.90283203125,508.50592041015625,503.0427551269531,735.1621704101562
147,player,20,0,211.6712646484375,427.91278076171875,217.25869750976562,413.30609130859375
147,player,10,0,716.2584838867188,479.67279052734375,598.3130493164062,690.61376953125
147,player,1,1,1027.0556640625,513.6693115234375,789.1448364257812,842.0906982421875
147,player,8,0,609.5322265625,353.10687255859375,620.8524169921875,263.4224548339844
147,player,7,1,686.8714599609375,462.7773132324219,589.5231323242188,641.3424072265625
147,player,23,0,552.74609375,354.5466613769531,566.74853515625,250.08956909179688
147,player,5,0,1176.09375,563.9873657226562,835.55859375,963.8160400390625
147,player,12,1,274.206787109375,423.99078369140625,272.8853454589844,415.3119201660156
148,player,6,0,558.4732666015625,528.4749755859375,452.2918701171875,766.48681640625
148,player,20,0,213.195556640625,428.2020263671875,218.30764770507812,413.61212158203125
148,player,3,1,615.0306396484375,508.291748046875,503.010498046875,735.1302490234375
148,player,8,0,609.254150390625,353.0717468261719,620.944580078125,263.64117431640625
148,player,1,1,1025.7183837890625,513.682373046875,788.6843872070312,841.7598266601562
148,player,10,0,712.9095458984375,478.50970458984375,597.1590576171875,690.1549072265625
148,player,7,1,686.2667846679688,466.7646789550781,587.5859985351562,645.5711669921875
148,player,23,0,551.31201171875,355.48187255859375,565.3902587890625,251.5614471435547
148,player,5,0,1176.031494140625,564.4666137695312,835.2676391601562,964.7049560546875
148,player,12,1,272.8660888671875,423.95440673828125,272.5855407714844,416.1041564941406
149,player,6,0,558.143310546875,527.8567504882812,452.24774169921875,765.816162109375
149,player,20,0,214.61061096191406,427.49517822265625,219.44635009765625,413.14776611328125
149,player,3,1,614.6896362304688,508.5513916015625,502.850341796875,735.28466796875
149,player,8,0,608.85400390625,352.53765869140625,621.068603515625,262.97076416015625
149,player,7,1,686.19775390625,470.6353759765625,585.261962890625,651.7369384765625
149,player,10,0,713.617431640625,475.9427490234375,597.2996826171875,687.728515625
149,player,1,1,1026.3896484375,513.6508178710938,788.5591430664062,841.5756225585938
149,player,23,0,550.3363037109375,355.044921875,564.3203125,251.77511596679688
149,player,12,1,271.267578125,424.12847900390625,271.8973693847656,416.656005859375
149,player,5,0,1176.091064453125,563.6261596679688,835.3948974609375,964.7974853515625
150,player,6,0,558.1661987304688,527.6043090820312,452.2679443359375,765.1944580078125
150,player,20,0,215.862548828125,427.7874755859375,220.5460662841797,413.305908203125
150,player,3,1,615.7652587890625,508.3656005859375,503.0545654296875,735.328125
150,player,8,0,609.4067993164062,352.98028564453125,621.1707153320312,263.23480224609375
150,player,7,1,685.096923828125,470.0107421875,583.625732421875,655.0979614257812
150,player,10,0,711.600341796875,478.48455810546875,596.1640014648438,688.1445922851562
150,player,1,1,1026.66650390625,513.6619262695312,788.5407104492188,841.485595703125
150,player,23,0,547.6754150390625,355.35748291015625,562.6251831054688,252.04776000976562
150,player,12,1,271.6438903808594,424.4373779296875,271.5369873046875,417.40576171875
150,player,33,-1,287.38525390625,422.7747802734375,284.7593688964844,417.929931640625
151,player,6,0,558.1605834960938,527.4376831054688,452.30828857421875,764.666015625
151,player,3,1,614.26318359375,510.915771484375,502.2867431640625,737.220947265625
151,player,20,0,217.241943359375,426.703857421875,221.72763061523438,412.31011962890625
151,player,8,0,609.9686889648438,353.695556640625,621.16015625,264.4949951171875
151,player,7,1,684.3674926757812,469.1816711425781,582.5904541015625,656.4869384765625
151,player,10,0,711.9658203125,480.77301025390625,594.89990234375,690.383056640625
151,player,1,1,1027.1708984375,511.77392578125,789.34326171875,840.1327514648438
151,player,12,1,267.4521789550781,424.235107421875,270.06451416015625,417.237060546875
151,player,23,0,547.35107421875,354.92681884765625,561.5530395507812,251.56727600097656
151,player,33,-1,287.0516662597656,424.2860107421875,284.51934814453125,419.62176513671875
152,player,6,0,558.0721435546875,527.2692260742188,452.34185791015625,764.190185546875
152,player,8,0,610.593505859375,353.9322509765625,621.2755737304688,265.7254943847656
152,player,12,1,268.5994567871094,424.7364501953125,269.4101257324219,417.81634521484375
152,player,3,1,615.4049072265625,509.328857421875,502.3990478515625,737.309814453125
152,player,20,0,218.81369018554688,425.69464111328125,223.0181427001953,410.6647033691406
152,player,1,1,1027.4422607421875,511.80670166015625,789.9187622070312,839.298095703125
152,player,7,1,683.032470703125,468.6919860839844,581.692626953125,656.83837890625
152,player,10,0,710.567138671875,478.7141418457031,594.270751953125,689.975341796875
152,player,23,0,546.7498779296875,355.58587646484375,560.4404907226562,252.13095092773438
152,player,5,0,1177.2027587890625,562.9674682617188,835.9630126953125,964.5525512695312
153,player,6,0,558.089111328125,527.3822021484375,452.348388671875,763.96630859375
153,player,12,1,268.492431640625,424.0694885253906,269.0070495605469,417.4200439453125
153,player,20,0,219.12782287597656,424.74005126953125,224.00091552734375,408.5283203125
153,player,8,0,610.8551025390625,353.973876953125,621.4231567382812,266.61553955078125
153,player,3,1,615.2877197265625,508.97039794921875,502.51654052734375,737.078125
153,player,7,1,682.2528076171875,469.597412109375,580.657958984375,657.7976684570312
153,player,1,1,1027.5518798828125,512.064453125,790.224609375,838.947021484375
153,player,10,0,705.1728515625,477.6546630859375,592.733642578125,688.3399658203125
153,player,23,0,546.7076416015625,356.6808166503906,559.3513793945312,254.05999755859375
153,player,5,0,1177.9068603515625,563.3209838867188,836.3609619140625,964.650146484375
153,ball,-1,-1,264.91021728515625,303.3376159667969,1146.077880859375,232.4656524658203
154,player,6,0,558.0404663085938,527.3139038085938,452.35247802734375,763.76611328125
154,player,20,0,219.8746337890625,423.7192077636719,224.91787719726562,406.03619384765625
154,player,8,0,611.0484619140625,354.8157958984375,621.271240234375,268.413818359375
154,player,3,1,614.7531127929688,509.247314453125,502.40185546875,737.099853515625
154,player,1,1,1027.5228271484375,512.050537109375,790.4215087890625,838.7066040039062
154,player,12,1,268.1199951171875,423.30572509765625,268.6956787109375,416.2494812011719
154,player,10,0,704.8583984375,479.75469970703125,591.0863037109375,689.0350341796875
154,player,7,1,682.5488891601562,468.42315673828125,580.3795166015625,657.4093017578125
154,player,23,0,547.0199584960938,356.0357360839844,558.9556884765625,254.42816162109375
154,player,5,0,1177.802978515625,564.2246704101562,836.2698364257812,965.2328491210938
155,player,6,0,557.8172607421875,527.1851806640625,452.32275390625,763.5224609375
155,player,20,0,220.1128692626953,421.12042236328125,225.72412109375,401.4166564941406
155,player,8,0,611.3922119140625,354.45220947265625,621.423095703125,269.10699462890625
155,player,3,1,614.711181640625,509.63427734375,502.23724365234375,737.412353515625
155,player,1,1,1026.8724365234375,511.98846435546875,790.4144287109375,838.4547729492188
155,player,12,1,271.22528076171875,422.9293212890625,269.4562072753906,415.3721923828125
155,player,10,0,703.909912109375,480.58050537109375,589.5463256835938,690.1033325195312
155,player,23,0,546.9024658203125,355.52471923828125,558.8233642578125,253.92080688476562
155,player,7,1,682.1376953125,468.3814697265625,580.0997924804688,657.0834350585938
155,player,33,-1,284.4308166503906,421.658935546875,283.8194885253906,417.44781494140625
156,player,6,0,557.8734130859375,527.0892333984375,452.3336181640625,763.297119140625
156,player,8,0,611.4873046875,354.34979248046875,621.5918579101562,269.4232177734375
156,player,3,1,614.9461059570312,510.00836181640625,502.11224365234375,737.9261474609375
156,player,20,0,222.07945251464844,423.6334228515625,226.70602416992188,401.53900146484375
156,player,1,1,1027.07373046875,512.0743408203125,790.4271240234375,838.3678588867188
156,player,10,0,702.612548828125,478.1055908203125,588.8688354492188,688.5851440429688
156,player,33,-1,287.008544921875,422.5955810546875,284.0521240234375,417.3729248046875
156,player,12,1,274.8182373046875,422.61285400390625,271.05596923828125,414.8038330078125
156,player,23,0,546.04736328125,354.6425476074219,558.7330932617188,252.2205352783203
156,player,7,1,682.1954345703125,467.38494873046875,580.2017822265625,655.9920654296875
157,player,6,0,557.7099609375,527.3135986328125,452.26220703125,763.3046264648438
157,player,8,0,610.84130859375,354.2138366699219,621.5348510742188,269.35906982421875
157,player,20,0,222.74264526367188,421.6755676269531,227.65118408203125,399.411376953125
157,player,3,1,614.5513916015625,510.219970703125,501.8887939453125,738.3924560546875
157,player,1,1,1025.832763671875,512.0458374023438,790.14453125,838.192626953125
157,player,23,0,545.7529296875,354.868896484375,558.5018310546875,251.40655517578125
157,player,12,1,278.32171630859375,423.353515625,273.0826416015625,415.6400146484375
157,player,7,1,680.82568359375,467.884033203125,579.7669067382812,655.6043090820312
157,player,10,0,702.6397705078125,477.69390869140625,588.54638671875,687.24951171875
157,player,5,0,1179.5467529296875,561.4593505859375,837.6019287109375,964.12060546875
158,player,6,0,557.5916748046875,527.1424560546875,452.21624755859375,763.1727294921875
158,player,8,0,610.8170166015625,353.8210144042969,621.6358032226562,268.75506591796875
158,player,20,0,223.33816528320312,424.08209228515625,228.312744140625,400.8825988769531
158,player,3,1,612.4322509765625,500.55352783203125,503.2187805175781,730.874755859375
158,player,12,1,277.580078125,423.14794921875,274.1955871582031,415.87274169921875
158,player,1,1,1025.8067626953125,511.96533203125,789.984130859375,838.0196533203125
158,player,23,0,546.06884765625,355.05328369140625,558.3988647460938,251.18038940429688
158,player,10,0,699.6619873046875,477.27691650390625,587.6661987304688,685.765869140625
158,player,7,1,679.76220703125,469.17205810546875,578.8551025390625,656.3990478515625
158,player,5,0,1179.6309814453125,561.830322265625,838.351318359375,963.6211547851562
159,player,6,0,557.6768798828125,527.2832641601562,452.18304443359375,763.1986083984375
159,player,8,0,611.2493896484375,353.520263671875,621.959228515625,267.98468017578125
159,player,3,1,612.248046875,500.79681396484375,503.98516845703125,726.1683959960938
159,player,20,0,222.40582275390625,424.16278076171875,228.45806884765625,401.8371887207031
159,player,1,1,1023.78759765625,513.083740234375,788.9806518554688,838.5383911132812
159,player,12,1,276.44891357421875,421.98577880859375,274.6805725097656,414.5738830566406
159,player,7,1,677.852783203125,468.54278564453125,577.9199829101562,656.18896484375
159,player,10,0,696.3056640625,476.3662109375,586.4547729492188,683.7283935546875
159,player,23,0,545.8701171875,354.939697265625,558.3013916015625,250.8463134765625
159,player,5,0,1179.5185546875,560.7111206054688,839.2216796875,962.6314697265625
160,player,6,0,557.997314453125,529.3807373046875,451.8807067871094,764.7965087890625
160,player,8,0,610.907470703125,353.405517578125,622.0970458984375,267.2796325683594
160,player,1,1,1023.4735717773438,512.9592895507812,788.2976684570312,838.7627563476562
160,player,3,1,612.8310546875,500.82989501953125,504.62457275390625,723.1845092773438
160,player,20,0,222.74566650390625,424.94744873046875,228.61199951171875,403.3970947265625
160,player,33,-1,283.21685791015625,420.81427001953125,283.2279052734375,414.88818359375
160,player,10,0,693.2711791992188,476.302490234375,584.8848266601562,682.0844116210938
160,player,7,1,677.62548828125,468.31103515625,577.3131713867188,655.82666015625
160,player,5,0,1179.5703125,559.5916137695312,840.208740234375,961.3325805664062
160,ball,-1,-1,520.6687622070312,333.117431640625,1146.077880859375,232.4656524658203
161,player,6,0,558.0245361328125,529.640380859375,451.64654541015625,766.0291748046875
161,player,20,0,223.54544067382812,427.1470642089844,228.83206176757812,407.013427734375
161,player,1,1,1022.9473266601562,512.9432373046875,787.7320556640625,838.8555908203125
161,player,8,0,610.69384765625,353.46661376953125,622.0918579101562,266.88330078125
161,player,3,1,615.1083984375,510.45391845703125,503.6131591796875,729.0379638671875
161,player,33,-1,283.88623046875,420.6583251953125,282.90802001953125,413.1612548828125
161,player,10,0,692.6924438476562,476.0888671875,583.7686767578125,680.7816162109375
161,player,7,1,676.8939819335938,470.32379150390625,576.1888427734375,657.305908203125
161,player,5,0,1179.4432373046875,557.8071899414062,841.4779052734375,959.4234619140625
161,ball,-1,-1,519.7066040039062,332.4472351074219,1146.077880859375,232.4656524658203
162,player,6,0,558.1757202148438,529.8867797851562,451.4891357421875,767.0242919921875
162,player,20,0,224.7152099609375,427.1820983886719,229.32269287109375,409.522216796875
162,player,1,1,1022.416748046875,512.9728393554688,787.2249145507812,838.894775390625
162,player,8,0,610.076416015625,353.6369934082031,621.8169555664062,266.7957458496094
162,player,3,1,614.9737548828125,509.82073974609375,503.0520324707031,732.3389892578125
162,player,33,-1,283.43048095703125,422.2254943847656,282.4198303222656,413.798095703125
162,player,10,0,692.799072265625,476.27642822265625,583.0213623046875,680.1054077148438
162,player,7,1,676.84033203125,471.96142578125,575.011962890625,659.7012939453125
162,player,23,0,543.876953125,354.4955749511719,557.7071533203125,249.75230407714844
162,player,5,0,1178.8453369140625,557.0531616210938,842.4468994140625,957.6915283203125
163,player,6,0,558.28564453125,530.1602783203125,451.366943359375,767.8814697265625
163,player,20,0,225.4265899658203,426.709716796875,229.88034057617188,410.68548583984375
163,player,1,1,1021.534423828125,512.9201049804688,786.7005615234375,838.81298828125
163,player,33,1,284.557373046875,421.9508056640625,282.466064453125,414.0110778808594
163,player,8,0,609.1669921875,353.84375,621.2550659179688,266.92608642578125
163,player,3,1,613.926513671875,509.5765380859375,502.47509765625,734.20849609375
163,player,10,0,690.529052734375,476.11260986328125,581.9807739257812,679.3267822265625
163,player,23,0,543.0803833007812,356.52398681640625,556.403564453125,251.86129760742188
163,ball,-1,-1,517.1929931640625,336.16729736328125,1146.077880859375,232.4656524658203
164,player,6,0,557.970703125,529.9270629882812,451.2506103515625,768.24169921875
164,player,20,0,226.13644409179688,426.2906494140625,230.478515625,411.0342102050781
164,player,1,1,1020.8458862304688,512.5234985351562,786.3372192382812,838.424560546875
164,player,8,0,609.3387451171875,353.668701171875,621.0126953125,266.7814636230469
164,player,33,1,286.555908203125,418.3211669921875,283.4361572265625,410.15155029296875
164,player,3,1,612.2828369140625,509.83770751953125,501.6348876953125,735.4925537109375
164,player,10,0,689.8806762695312,475.564697265625,581.2787475585938,678.2919311523438
165,player,6,0,557.980712890625,529.9700317382812,451.170166015625,768.5084228515625
165,player,1,1,1019.1470336914062,511.3642578125,786.111328125,837.214599609375
165,player,20,0,226.36373901367188,426.5456848144531,230.92105102539062,411.57562255859375
165,player,8,0,609.1486206054688,353.50177001953125,620.8531494140625,266.4266662597656
165,player,10,0,690.134765625,476.4476318359375,580.6553344726562,678.4016723632812
165,player,3,1,613.0548095703125,509.50732421875,501.3497314453125,736.1328125
165,player,33,1,287.53375244140625,416.0982666015625,284.57427978515625,405.14056396484375
165,player,23,0,540.5469970703125,356.223388671875,554.7979125976562,252.5022735595703
165,player,5,0,1178.98583984375,556.8655395507812,843.1776123046875,956.46435546875
165,ball,-1,-1,377.30841064453125,338.1324768066406,1146.077880859375,232.4656524658203
166,player,6,0,557.677978515625,530.00439453125,451.038330078125,768.6832275390625
166,player,1,1,1018.891357421875,511.13427734375,785.9864501953125,836.244140625
166,player,20,0,226.18637084960938,426.4476318359375,231.1611328125,411.7974548339844
166,player,8,0,608.1375732421875,353.743896484375,620.3189086914062,266.42193603515625
166,player,3,1,611.481689453125,509.4818115234375,500.775390625,736.4000244140625
166,player,12,1,282.18853759765625,421.58209228515625,276.7571716308594,413.84967041015625
166,player,10,0,690.0291137695312,477.19000244140625,580.0260009765625,679.1011962890625
166,player,23,0,539.1266479492188,358.27099609375,552.6325073242188,255.6729736328125
166,player,5,0,1178.992919921875,557.2028198242188,843.5296020507812,955.8677368164062
166,ball,-1,-1,386.4665222167969,342.0188903808594,1146.077880859375,232.4656524658203
167,player,6,0,557.3656005859375,529.0686645507812,451.03594970703125,768.0806884765625
167,player,1,1,1018.5113525390625,510.942626953125,785.8828125,835.4466552734375
167,player,20,0,225.63638305664062,427.7117614746094,231.08241271972656,413.328369140625
167,player,23,0,537.2984619140625,353.4073486328125,552.1415405273438,250.53085327148438
167,player,8,0,606.565673828125,355.6726989746094,618.7326049804688,268.9737243652344
167,player,3,1,611.8062744140625,509.53582763671875,500.472412109375,736.642578125
167,player,12,1,285.69549560546875,423.0513000488281,279.0257568359375,415.4226989746094
167,player,10,0,690.1876220703125,477.4873046875,579.5801391601562,679.824462890625
167,player,5,0,1179.39599609375,558.753662109375,843.2775268554688,956.4285888671875
167,ball,-1,-1,394.02862548828125,346.9866638183594,1146.077880859375,232.4656524658203
168,player,1,1,1018.7088623046875,511.4364013671875,785.68310546875,835.29541015625
168,player,6,0,557.3024291992188,528.1317138671875,451.1790466308594,766.9896240234375
168,player,20,0,225.55026245117188,428.40673828125,230.96710205078125,415.1047058105469
168,player,8,0,602.7496337890625,356.6973571777344,616.0494995117188,271.6307373046875
168,player,23,0,535.2381591796875,352.81201171875,551.3119506835938,246.07635498046875
168,player,3,1,613.1812744140625,508.032958984375,500.9287414550781,735.7376708984375
168,player,12,1,287.7701721191406,423.1166687011719,281.11602783203125,416.7305908203125
168,player,10,0,690.255859375,476.82476806640625,579.4833374023438,679.732421875
168,player,5,0,1180.0218505859375,560.4207153320312,842.6422119140625,957.82177734375
168,ball,-1,-1,403.16094970703125,349.4649963378906,1146.077880859375,232.4656524658203
169,player,6,0,557.1422119140625,527.853759765625,451.28045654296875,766.0613403320312
169,player,1,1,1018.3905029296875,510.0633544921875,785.9780883789062,834.1932983398438
169,player,8,0,602.7772216796875,356.65692138671875,614.329345703125,273.30401611328125
169,player,23,0,531.1268920898438,352.35369873046875,549.51953125,242.0204315185547
169,player,20,0,225.15550231933594,428.6812744140625,230.75941467285156,416.53106689453125
169,player,3,1,611.0743408203125,509.0565185546875,500.48651123046875,735.777587890625
169,player,12,1,292.15911865234375,422.627197265625,283.8365783691406,417.4664306640625
169,player,10,0,689.6647338867188,476.507080078125,579.3487548828125,679.3480834960938
169,player,5,0,1181.4881591796875,559.0755004882812,843.050537109375,958.0396728515625
169,ball,-1,-1,406.3621826171875,346.10693359375,1146.077880859375,232.4656524658203
170,player,1,1,1017.2999267578125,509.81121826171875,785.9964599609375,833.2097778320312
170,player,6,0,556.8311767578125,528.33251953125,451.18865966796875,765.7886962890625
170,player,20,0,225.00030517578125,429.6951904296875,230.52267456054688,418.590087890625
170,player,8,0,602.0400390625,354.83416748046875,613.6256103515625,271.72412109375
170,player,23,0,529.580078125,353.91595458984375,547.339599609375,241.4752197265625
170,player,10,0,692.3431396484375,480.8360595703125,578.8252563476562,683.0228271484375
170,player,12,1,296.7064514160156,419.47088623046875,287.28143310546875,414.7743225097656
170,player,3,1,609.681396484375,508.51446533203125,499.96026611328125,735.2650146484375
170,player,5,0,1187.5316162109375,561.7244262695312,843.6920776367188,960.1729736328125
170,ball,-1,-1,410.41412353515625,338.73492431640625,1146.077880859375,232.4656524658203
171,player,1,1,1015.76806640625,508.95361328125,785.9490966796875,831.833984375
171,player,6,0,556.4518432617188,527.6637573242188,451.150634765625,765.0846557617188
171,player,10,0,692.98046875,480.6068115234375,578.711669921875,685.2724609375
171,player,8,0,600.3175048828125,354.4910888671875,612.713623046875,270.00543212890625
171,player,3,1,608.2239379882812,507.59521484375,499.439697265625,734.0907592773438
171,player,23,0,527.607666015625,355.8721923828125,544.6497802734375,243.71473693847656
171,player,20,0,224.89389038085938,428.5056457519531,230.4022216796875,418.57098388671875
171,player,12,1,295.07952880859375,419.4869384765625,289.0282897949219,412.87652587890625
171,ball,-1,-1,414.7547607421875,334.12225341796875,1146.077880859375,232.4656524658203
172,player,1,1,1014.2682495117188,508.40911865234375,785.751708984375,830.4288330078125
172,player,6,0,556.3851318359375,527.1380615234375,451.1995849609375,764.2305297851562
172,player,10,0,692.2522583007812,480.80316162109375,578.3959350585938,686.8379516601562
172,player,8,0,600.6376953125,355.56134033203125,611.8401489257812,270.44696044921875
172,player,20,0,224.64923095703125,428.6966552734375,230.2406005859375,418.7506103515625
172,player,23,0,526.2784423828125,354.4765625,542.8812866210938,242.99652099609375
172,player,3,1,607.092529296875,506.63006591796875,499.0137939453125,732.474365234375
172,player,12,1,292.95977783203125,419.3145751953125,289.5411682128906,411.2261047363281
172,player,36,-1,1178.69384765625,566.74609375,834.0731811523438,970.6729736328125
172,ball,-1,-1,418.354736328125,328.2414245605469,1146.077880859375,232.4656524658203
173,player,1,1,1013.5913696289062,507.56353759765625,785.7684936523438,828.8526000976562
173,player,6,0,554.957275390625,523.81982421875,451.45172119140625,761.076171875
173,player,12,1,292.5518798828125,421.58758544921875,289.5308837890625,412.7359619140625
173,player,20,0,225.21005249023438,429.05242919921875,230.28305053710938,419.32696533203125
173,player,23,0,525.7828369140625,353.36846923828125,541.9058837890625,240.86050415039062
173,player,10,0,696.3668212890625,480.46270751953125,579.3563842773438,687.9232177734375
173,player,8,0,600.0510864257812,357.15570068359375,610.5009155273438,272.91717529296875
173,player,3,1,607.5450439453125,498.8753662109375,500.458251953125,725.2651977539062
173,player,36,-1,1179.715087890625,567.0474243164062,834.1910400390625,970.9194946289062
173,ball,-1,-1,421.98028564453125,320.43731689453125,1146.077880859375,232.4656524658203
174,player,1,1,1011.3175048828125,507.09674072265625,785.394287109375,827.308837890625
174,player,6,0,555.1896362304688,523.2129516601562,451.7775573730469,758.5870361328125
174,player,10,0,695.6217651367188,481.2252502441406,579.5850830078125,689.208984375
174,player,12,1,295.7744445800781,419.6434326171875,290.68450927734375,411.80389404296875
174,player,8,0,599.2794189453125,359.3023376464844,608.6063842773438,277.4400634765625
174,player,23,0,524.6937866210938,351.4772033691406,541.488037109375,236.57435607910156
174,player,20,0,225.8881072998047,429.00885009765625,230.51487731933594,419.720458984375
174,player,3,1,606.6175537109375,497.99273681640625,501.3457946777344,719.7858276367188
174,player,7,1,671.5220947265625,470.08636474609375,573.3228759765625,659.1392822265625
174,player,36,-1,1182.380126953125,566.9085693359375,834.906982421875,971.18896484375
174,ball,-1,-1,424.8440856933594,316.77264404296875,1146.077880859375,232.4656524658203
175,player,1,1,1009.0909423828125,506.2308349609375,784.9234619140625,825.5
175,player,6,0,555.6165161132812,522.9575805664062,452.1385803222656,756.8104858398438
175,player,8,0,599.14208984375,359.20538330078125,607.3635864257812,280.2286682128906
175,player,10,0,694.9305419921875,479.69671630859375,579.9555053710938,688.690673828125
175,player,12,1,298.854736328125,419.4696960449219,292.38055419921875,411.3121337890625
175,player,20,0,226.05609130859375,430.05511474609375,230.65774536132812,421.17535400390625
175,player,23,0,524.43212890625,352.5198974609375,540.8035888671875,235.28587341308594
175,player,35,-1,676.9407958984375,472.45428466796875,572.53271484375,665.4075317382812
175,player,3,1,605.4270629882812,495.12506103515625,502.222900390625,713.7833862304688
175,player,36,-1,1178.6552734375,567.8983764648438,834.1941528320312,971.669921875
175,ball,-1,-1,488.29119873046875,337.9062805175781,1146.077880859375,232.4656524658203
176,player,1,1,1006.458740234375,504.62884521484375,784.560302734375,822.94775390625
176,player,6,0,555.9368896484375,522.6043701171875,452.51336669921875,755.41455078125
176,player,8,0,599.13037109375,359.58355712890625,606.417724609375,282.5670166015625
176,player,12,1,301.846435546875,419.566650390625,294.3750305175781,411.4107666015625
176,player,23,0,522.8536376953125,352.268798828125,539.8988647460938,233.89173889160156
176,player,10,0,694.4054565429688,479.4236755371094,580.1307373046875,688.0763549804688
176,player,3,1,604.7703247070312,493.9571533203125,502.87188720703125,708.8662109375
176,player,7,1,668.061767578125,472.517822265625,570.6708374023438,660.606201171875
176,player,20,0,238.27513122558594,429.291259765625,234.42626953125,422.48590087890625
176,player,36,-1,1184.2222900390625,568.7434692382812,834.6573486328125,972.8626708984375
176,ball,-1,-1,487.341552734375,338.8290710449219,1146.077880859375,232.4656524658203
177,player,1,1,1004.9765625,502.43927001953125,784.76806640625,819.5665283203125
177,player,6,0,556.2603149414062,521.8974609375,452.9595642089844,753.9981689453125
177,player,8,0,599.5869140625,359.8995361328125,605.8427734375,284.57989501953125
177,player,12,1,302.401123046875,419.09100341796875,295.8877868652344,410.98114013671875
177,player,10,0,693.1531372070312,476.9249267578125,580.5775146484375,685.4346923828125
177,player,23,0,521.61962890625,353.6094055175781,538.47900390625,234.79635620117188
177,player,7,1,670.0301513671875,473.99017333984375,569.0894165039062,663.0188598632812
177,player,20,0,229.67889404296875,429.29339599609375,234.31985473632812,422.4766845703125
177,player,3,1,603.7427978515625,495.18792724609375,502.76910400390625,706.594970703125
177,player,36,-1,1184.486572265625,569.397216796875,834.78271484375,974.0311279296875
177,ball,-1,-1,486.7750549316406,337.9924621582031,1146.077880859375,232.4656524658203
178,player,1,1,1004.278564453125,501.690185546875,785.008544921875,816.7611083984375
178,player,12,1,304.45550537109375,419.6044006347656,297.4371032714844,411.50604248046875
178,player,6,0,557.26904296875,521.8169555664062,453.5122985839844,753.0975341796875
178,player,10,0,690.2951049804688,474.90057373046875,580.6527099609375,681.7249755859375
178,player,8,0,597.6978759765625,357.62823486328125,605.646484375,282.49224853515625
178,player,36,-1,1183.1558837890625,568.178955078125,835.0068969726562,973.9979248046875
178,player,20,0,231.76536560058594,429.83270263671875,234.839599609375,423.2889404296875
178,player,23,0,522.0076904296875,354.3459777832031,537.4627075195312,236.50167846679688
178,player,7,1,673.2382202148438,475.1212158203125,568.6188354492188,665.851318359375
178,player,3,1,603.0328369140625,493.10711669921875,502.9599609375,703.34521484375
178,ball,-1,-1,485.75665283203125,338.2959899902344,1146.077880859375,232.4656524658203
179,player,1,1,1002.8361206054688,499.23065185546875,785.7235717773438,813.000732421875
179,player,12,1,304.41058349609375,420.64227294921875,298.32244873046875,413.0394592285156
179,player,6,0,557.708984375,519.639892578125,454.36181640625,750.89208984375
179,player,10,0,691.9683837890625,474.754150390625,581.1828002929688,679.3336181640625
179,player,8,0,596.5888671875,355.55999755859375,605.8873291015625,278.084228515625
179,player,23,0,521.29248046875,354.9176330566406,536.3856201171875,238.3538360595703
179,player,20,0,231.22840881347656,430.58673095703125,234.97410583496094,424.61187744140625
179,player,36,0,1181.673095703125,565.1412353515625,835.9176025390625,972.1175537109375
179,player,7,1,676.25927734375,476.93609619140625,568.6419677734375,669.5242919921875
179,player,3,1,603.0147705078125,492.341064453125,503.24212646484375,700.597412109375
180,player,1,1,1001.8470458984375,497.5718994140625,786.5637817382812,809.2398071289062
180,player,12,1,301.87451171875,420.55743408203125,298.1439514160156,413.6798095703125
180,player,6,0,558.1881713867188,518.486328125,455.2362060546875,748.6153564453125
180,player,10,0,689.4085693359375,473.8718566894531,581.0859375,676.7906494140625
180,player,23,0,520.23095703125,354.23162841796875,535.5343017578125,238.43630981445312
180,player,8,0,594.06298828125,353.38739013671875,605.9752807617188,271.82147216796875
180,player,20,0,234.71383666992188,431.2313232421875,236.056640625,426.5439453125
180,player,36,0,1174.057373046875,563.466064453125,835.4229736328125,969.3767700195312
180,player,3,1,602.4448852539062,493.9854736328125,502.92999267578125,700.1217651367188
180,player,7,1,675.1201171875,475.72003173828125,568.6705932617188,670.7630615234375
181,player,1,1,999.2952270507812,495.88580322265625,787.107666015625,805.3222045898438
181,player,6,0,558.21826171875,518.7396240234375,455.7672424316406,747.3319091796875
181,player,23,0,518.1130981445312,353.9970397949219,534.3333740234375,237.89633178710938
181,player,12,1,300.7801208496094,420.97271728515625,297.65643310546875,414.46240234375
181,player,10,0,691.167724609375,470.50433349609375,582.3955078125,672.3538208007812
181,player,20,0,237.15162658691406,430.798095703125,237.50881958007812,427.55792236328125
181,player,7,1,678.6212158203125,474.94268798828125,569.81640625,671.2021484375
181,player,3,1,602.7000732421875,493.0206298828125,502.99713134765625,699.0379028320312
181,player,36,0,1170.52685546875,563.2493896484375,834.39404296875,967.216064453125
181,player,8,0,589.9773559570312,351.213134765625,605.4345092773438,264.13018798828125
182,player,12,1,303.322021484375,419.8304443359375,298.2217102050781,413.91412353515625
182,player,6,0,558.8162841796875,518.875244140625,456.236572265625,746.649658203125
182,player,1,1,997.2628173828125,493.9241943359375,787.6931762695312,801.12841796875
182,player,23,0,515.4742431640625,355.37841796875,532.2427368164062,239.2357177734375
182,player,10,0,694.9772338867188,470.1993408203125,584.343994140625,669.5389404296875
182,player,20,0,237.77261352539062,430.95587158203125,238.62701416015625,428.4560546875
182,player,7,1,667.69189453125,476.49755859375,567.2732543945312,671.8758544921875
182,player,35,-1,683.680908203125,474.4063720703125,573.8057861328125,667.6997680664062
182,player,8,0,587.9024658203125,354.15643310546875,603.3273315429688,263.12249755859375
182,player,3,1,600.337158203125,492.9644775390625,502.44354248046875,698.08642578125
183,player,12,1,303.8415832519531,418.63116455078125,298.87066650390625,412.2228088378906
183,player,1,1,995.95849609375,493.7222900390625,787.8233032226562,798.1419677734375
183,player,6,0,559.1689453125,518.7321166992188,456.6543273925781,746.125244140625
183,player,23,0,515.3873901367188,353.6100769042969,531.3849487304688,237.52685546875
183,player,10,0,692.9390869140625,469.2054443359375,585.3385620117188,666.6544189453125
183,player,20,0,239.38394165039062,431.37957763671875,239.8046875,429.67535400390625
183,player,7,1,663.6174926757812,475.335693359375,564.8389282226562,670.951171875
183,player,3,1,599.262939453125,491.6385498046875,502.0867614746094,696.277099609375
183,player,36,0,1171.2513427734375,565.7867431640625,832.9766845703125,967.3410034179688
183,player,8,0,585.7062377929688,407.33282470703125,584.4462890625,330.17108154296875
184,player,12,1,303.60113525390625,418.84234619140625,299.1978759765625,411.34375
184,player,23,0,514.6581420898438,354.1555480957031,530.415771484375,237.1238250732422
184,player,6,0,559.7906494140625,519.0955200195312,457.01544189453125,746.1124267578125
184,player,1,1,993.8533325195312,492.85125732421875,787.709228515625,795.3656005859375
184,player,7,1,660.931640625,476.9887390136719,562.1298828125,671.5460815429688
184,player,20,0,243.23794555664062,432.44134521484375,241.64212036132812,432.0372314453125
184,player,10,0,693.3031616210938,470.2227783203125,585.8048095703125,665.7068481445312
184,player,38,-1,587.052734375,354.6072998046875,598.1395874023438,262.8051452636719
184,player,8,0,585.6759033203125,418.9833984375,568.95947265625,386.73870849609375
184,player,3,1,599.0781860351562,490.5977783203125,502.0277099609375,694.2186279296875
185,player,12,1,304.07562255859375,419.0368957519531,299.5334167480469,411.0463562011719
185,player,23,0,514.2351684570312,354.30035400390625,529.5988159179688,237.0220947265625
185,player,6,0,560.14697265625,519.1292114257812,457.3323974609375,746.15869140625
185,player,7,1,657.2132568359375,479.57977294921875,558.744873046875,673.8365478515625
185,player,10,0,693.8838500976562,469.9432373046875,586.3386840820312,664.896728515625
185,player,20,0,244.55059814453125,433.1724853515625,243.1763916015625,434.51568603515625
185,player,1,1,992.4575805664062,490.0205078125,788.358642578125,791.2815551757812
185,player,8,0,579.8975219726562,452.18212890625,548.9154663085938,456.9161376953125
185,player,38,-1,586.448486328125,348.67291259765625,600.0597534179688,254.14208984375
185,player,36,0,1173.558349609375,567.5906372070312,831.9228515625,968.629638671875
186,player,12,1,304.36346435546875,418.73602294921875,299.869873046875,410.53387451171875
186,player,23,0,513.6994018554688,354.3426818847656,528.8733520507812,236.95367431640625
186,player,6,0,561.8970336914062,518.6532592773438,458.0564270019531,745.9662475585938
186,player,1,1,991.1873168945312,486.0616149902344,789.9776611328125,785.458740234375
186,player,7,1,656.64892578125,480.410400390625,556.191650390625,675.986572265625
186,player,20,0,245.33827209472656,433.82049560546875,244.363525390625,436.92303466796875
186,player,10,0,693.1304931640625,469.7750244140625,586.53076171875,664.155517578125
186,player,8,0,577.5665893554688,446.28875732421875,536.6270141601562,496.58697509765625
186,player,38,-1,585.8883666992188,342.77008056640625,603.2844848632812,239.66226196289062
186,player,36,0,1171.115478515625,568.9464111328125,830.2171020507812,970.074462890625
187,player,23,0,513.3727416992188,354.0174255371094,528.38818359375,236.39682006835938
187,player,1,1,989.8523559570312,484.21600341796875,791.404541015625,780.1195068359375
187,player,12,1,306.7216491699219,419.140625,300.7573547363281,410.9109191894531
187,player,6,0,563.4323120117188,518.7772216796875,458.8851623535156,746.0599975585938
187,player,20,0,247.84567260742188,429.4573974609375,246.16717529296875,433.8695068359375
187,player,7,1,655.8502197265625,480.31854248046875,554.3450927734375,677.236328125
187,player,38,-1,584.676513671875,342.12908935546875,605.1996459960938,229.13372802734375
187,player,8,0,590.8576049804688,440.56915283203125,533.7787475585938,517.9569702148438
187,player,10,0,690.970458984375,470.92010498046875,585.7695922851562,664.48828125
187,player,36,0,1170.3082275390625,567.234130859375,829.537109375,969.9697265625
188,player,1,1,988.9876708984375,484.75360107421875,791.9036865234375,776.99755859375
188,player,23,0,512.135498046875,354.16119384765625,527.6097412109375,236.09664916992188
188,player,12,1,307.63104248046875,419.538330078125,301.56610107421875,411.70880126953125
188,player,6,0,565.7056884765625,518.2257080078125,460.0859680175781,745.8828125
188,player,20,0,250.2415313720703,429.778076171875,248.02859497070312,432.4853515625
188,player,7,1,654.4241943359375,480.3699035644531,552.758056640625,677.96875
188,player,35,-1,672.02294921875,478.07537841796875,570.6056518554688,671.3355712890625
188,player,8,0,587.92578125,436.01019287109375,532.2401123046875,526.961669921875
188,player,38,-1,582.6046142578125,340.8082275390625,606.2178344726562,220.0305633544922
188,player,36,0,1169.66455078125,564.6611938476562,829.8699951171875,968.363525390625
189,player,1,1,987.911376953125,483.706298828125,792.3594970703125,774.056396484375
189,player,23,0,510.41033935546875,355.0438232421875,526.2566528320312,236.9789276123047
189,player,12,1,311.2807312011719,419.9676513671875,303.1446838378906,413.0955810546875
189,player,6,0,566.0048828125,518.3798217773438,460.91290283203125,745.9097900390625
189,player,20,0,251.33212280273438,427.968505859375,249.68885803222656,429.6559143066406
189,player,7,1,652.2867431640625,480.8944091796875,551.03759765625,678.707275390625
189,player,35,-1,670.2752685546875,476.273681640625,568.5252685546875,671.9951171875
189,player,8,0,581.270751953125,397.22210693359375,539.7796630859375,489.42071533203125
189,player,38,-1,579.5462646484375,332.13128662109375,609.0989379882812,200.2396697998047
189,player,36,0,1166.4024658203125,562.7802734375,830.0349731445312,965.987548828125
190,player,12,1,311.6014404296875,420.57379150390625,304.2015380859375,414.7272033691406
190,player,1,1,986.570068359375,483.738037109375,792.301513671875,772.056640625
190,player,23,0,509.15625,356.1268310546875,524.6337890625,238.97113037109375
190,player,6,0,565.2044677734375,517.0148315429688,461.49798583984375,744.81591796875
190,player,35,-1,662.98291015625,480.08294677734375,564.2918701171875,675.0597534179688
190,player,20,0,252.51351928710938,429.1354675292969,251.0369873046875,429.25189208984375
190,player,38,-1,576.2312622070312,332.8359375,609.52587890625,188.07440185546875
190,player,36,0,1165.5377197265625,563.2745361328125,829.7725219726562,964.670654296875
191,player,12,1,311.92718505859375,420.73663330078125,304.96875,416.0080261230469
191,player,1,1,985.4105224609375,484.1205749511719,791.820556640625,770.959716796875
191,player,23,0,507.51678466796875,357.0521240234375,522.7550048828125,241.4055938720703
191,player,6,0,564.1026000976562,515.4906005859375,461.8799133300781,742.8409423828125
191,player,35,-1,658.129638671875,480.14068603515625,560.2522583007812,676.6798095703125
191,player,20,0,252.63037109375,428.5823974609375,251.98716735839844,428.3779296875
191,player,38,1,576.1668701171875,340.02032470703125,607.0818481445312,191.34512329101562
191,player,8,0,578.422119140625,390.6339111328125,545.7321166992188,456.76361083984375
191,player,36,0,1164.396728515625,562.3645629882812,829.6738891601562,963.1995849609375
191,ball,-1,-1,1036.9730224609375,348.3987121582031,1137.1619873046875,244.96807861328125
192,player,12,1,313.04388427734375,419.1318054199219,305.97857666015625,415.1058654785156
192,player,6,0,563.818603515625,515.4414672851562,462.06634521484375,741.4961547851562
192,player,1,1,983.8440551757812,484.985595703125,790.7760009765625,770.793212890625
192,player,20,0,255.54026794433594,428.3917236328125,253.48361206054688,427.88720703125
192,player,23,0,506.6161193847656,356.668212890625,521.3412475585938,242.3284454345703
192,player,37,-1,669.466552734375,476.15411376953125,564.1390991210938,672.72265625
192,player,38,1,574.3667602539062,340.5961608886719,604.6544189453125,194.12954711914062
192,player,7,1,648.8726806640625,481.40362548828125,548.9008178710938,679.3256225585938
192,player,36,0,1163.591796875,564.4387817382812,828.6893310546875,963.3995971679688
192,player,8,0,577.851806640625,431.65802001953125,538.2180786132812,481.7337646484375
192,ball,-1,-1,1036.1129150390625,348.27728271484375,1128.9141845703125,256.4109191894531
193,player,12,1,313.9788818359375,418.5570068359375,306.980224609375,413.9503173828125
193,player,6,0,561.7786254882812,515.7625732421875,461.62176513671875,740.7042236328125
193,player,1,1,982.8770751953125,486.11834716796875,789.417236328125,771.4891357421875
193,player,20,0,256.4761047363281,428.6612548828125,254.71481323242188,427.966064453125
193,player,35,-1,661.63916015625,479.3912353515625,558.7339477539062,677.3967895507812
193,player,23,0,506.0937805175781,355.6075439453125,520.5543212890625,241.33352661132812
193,player,38,1,573.1741943359375,348.044189453125,599.982177734375,206.97799682617188
193,player,36,0,1162.0537109375,567.7893676757812,826.5218505859375,965.3652954101562
193,ball,-1,-1,1035.6639404296875,348.12738037109375,1121.3162841796875,266.8811950683594
194,player,12,1,314.45330810546875,421.00396728515625,307.5045166015625,416.0671691894531
194,player,6,0,562.5211791992188,514.420166015625,461.76007080078125,739.2110595703125
194,player,1,1,980.4932861328125,486.0215148925781,787.9654541015625,771.6661376953125
194,player,35,1,662.002685546875,479.32293701171875,557.859619140625,677.8359375
194,player,20,0,259.9019775390625,433.08502197265625,256.20361328125,433.2982177734375
194,player,23,0,505.07769775390625,354.8857116699219,519.9089965820312,239.51840209960938
194,player,38,1,571.3677978515625,333.943115234375,601.459228515625,193.5914764404297
194,player,36,0,1157.41943359375,570.2604370117188,823.224609375,967.737548828125
194,player,33,1,304.45135498046875,410.42303466796875,291.0589599609375,396.90283203125
194,player,39,-1,597.3800659179688,476.4504699707031,509.42840576171875,655.4031372070312
194,ball,-1,-1,1033.687255859375,347.59210205078125,1114.2626953125,276.2995300292969
195,player,6,0,562.8111572265625,514.7196044921875,461.86810302734375,738.4962158203125
195,player,12,1,315.6690673828125,421.1102294921875,308.1985778808594,417.688720703125
195,player,1,1,979.4628295898438,485.3970947265625,786.9981689453125,771.20654296875
195,player,20,0,260.3258972167969,433.17718505859375,257.28936767578125,436.90814208984375
195,player,38,1,568.4625244140625,338.10626220703125,599.8513793945312,191.03076171875
195,player,23,0,504.8577880859375,354.30523681640625,519.5844116210938,237.4673614501953
195,player,35,1,661.8749389648438,479.35809326171875,557.2489624023438,678.140380859375
195,player,36,0,1157.9815673828125,569.9205932617188,821.3236694335938,969.1241455078125
195,player,39,-1,598.3033447265625,478.4940185546875,509.21978759765625,657.2694091796875
195,player,33,1,302.82861328125,391.516357421875,296.88690185546875,367.7999267578125
195,ball,-1,-1,1032.907958984375,347.3140563964844,1107.759033203125,284.85943603515625
196,player,6,0,562.8997802734375,513.7218627929688,462.14129638671875,737.2645263671875
196,player,1,1,976.989501953125,484.0364990234375,786.259521484375,769.6322021484375
196,player,38,1,567.3334350585938,332.551025390625,600.4683837890625,180.5135040283203
196,player,23,0,503.744873046875,353.73492431640625,519.161865234375,235.16879272460938
196,player,12,1,316.4273681640625,419.755615234375,309.0279541015625,417.2637939453125
196,player,20,0,261.7830810546875,433.40533447265625,258.4071044921875,439.6514587402344
196,player,35,1,662.8251342773438,478.238525390625,557.3818359375,677.4607543945312
196,player,36,0,1157.978271484375,570.5072631835938,819.883056640625,970.3619384765625
196,player,7,1,628.877685546875,495.7713623046875,539.0072021484375,689.9903564453125
196,player,39,-1,601.611328125,488.98211669921875,507.6656799316406,667.7286376953125
196,ball,-1,-1,1032.823486328125,347.30792236328125,1101.770263671875,292.7304382324219
197,player,6,0,564.1860961914062,513.336181640625,462.7103271484375,736.2689208984375
197,player,1,1,976.4267578125,484.9560546875,785.2849731445312,769.283935546875
197,player,20,0,262.61383056640625,434.6717834472656,259.2830505371094,442.91229248046875
197,player,38,1,565.9168701171875,349.345947265625,594.3248291015625,199.17059326171875
197,player,23,0,502.24237060546875,353.42474365234375,518.466552734375,233.041259765625
197,player,12,1,318.45611572265625,419.82586669921875,310.16961669921875,417.275634765625
197,player,36,0,1156.38330078125,570.7284545898438,818.518310546875,971.1806030273438
197,player,35,1,661.3154296875,478.0362548828125,557.1214599609375,676.7135009765625
197,player,7,1,631.4217529296875,492.96136474609375,533.8560791015625,694.8382568359375
197,ball,-1,-1,1031.771728515625,346.9470520019531,1096.2388916015625,299.834228515625
198,player,6,0,566.4105224609375,513.687255859375,463.5715637207031,736.0762939453125
198,player,20,0,263.9927062988281,434.92706298828125,260.23785400390625,445.4485778808594
198,player,1,1,976.0521850585938,486.0423583984375,784.1431884765625,769.8765869140625
198,player,38,1,565.059326171875,353.6734924316406,588.5590209960938,217.49462890625
198,player,23,0,502.0833435058594,356.0834655761719,517.1903076171875,235.50942993164062
198,player,12,1,317.9788513183594,420.5058898925781,310.6918029785156,418.0163269042969
198,player,36,0,1154.353759765625,570.3211669921875,817.3253173828125,971.33544921875
198,player,35,1,665.074462890625,477.04022216796875,558.193359375,675.6978759765625
198,player,7,1,638.388671875,483.14678955078125,534.5726318359375,690.3866577148438
199,player,6,0,569.0985717773438,513.99560546875,464.74566650390625,736.40966796875
199,player,20,0,265.1068115234375,435.1028137207031,261.1719665527344,447.40008544921875
199,player,1,1,974.1285400390625,487.27093505859375,782.447998046875,771.0589599609375
199,player,23,0,501.33233642578125,356.2690734863281,516.0533447265625,237.29306030273438
199,player,12,1,317.57080078125,421.7490234375,310.7698974609375,419.87994384765625
199,player,36,0,1152.244140625,568.7740478515625,816.621826171875,970.395751953125
199,player,38,1,562.478271484375,356.88848876953125,582.8636474609375,233.70233154296875
199,player,35,1,666.6426391601562,476.40850830078125,559.4639892578125,674.62939453125
199,player,7,1,633.7445068359375,487.56060791015625,532.8013305664062,690.8143920898438
200,player,6,0,571.797607421875,512.9385375976562,466.37811279296875,736.0254516601562
200,player,20,0,266.36297607421875,434.4444274902344,262.19818115234375,448.07000732421875
200,player,12,1,318.69647216796875,422.7242126464844,311.049072265625,422.3173828125
200,player,23,0,500.63995361328125,357.1818542480469,514.8190307617188,239.6875457763672
200,player,1,1,973.5072631835938,486.13787841796875,781.6162719726562,770.8915405273438
200,player,36,0,1151.673828125,567.2025146484375,816.5863037109375,968.8350219726562
200,player,38,1,559.283935546875,353.85516357421875,579.094482421875,239.51573181152344
200,player,37,-1,649.5813598632812,478.593017578125,558.2861328125,673.090087890625
201,player,6,0,572.50244140625,513.0216064453125,467.599853515625,735.89794921875
201,player,20,0,267.9523010253906,433.80841064453125,263.38153076171875,447.96307373046875
201,player,12,1,322.7197265625,422.973388671875,312.405517578125,424.5925598144531
201,player,23,0,499.95379638671875,357.1579284667969,513.7918701171875,241.12826538085938
201,player,1,1,972.4609375,487.2747497558594,780.3810424804688,771.5821533203125
201,player,38,1,557.7286376953125,354.16650390625,576.0148315429688,243.55845642089844
201,player,36,0,1151.4737548828125,567.6343994140625,816.3681640625,968.0567016601562
201,player,35,1,656.7442626953125,477.3546142578125,557.4402465820312,673.886962890625
201,player,7,1,638.458251953125,487.0562744140625,532.990478515625,691.0739135742188
202,player,6,0,573.3781127929688,512.62890625,468.6859436035156,735.5810546875
202,player,20,0,269.11090087890625,435.2698974609375,264.3763427734375,449.6131591796875
202,player,1,1,971.678466796875,488.3160400390625,778.98876953125,772.7752685546875
202,player,23,0,498.86773681640625,356.3478698730469,512.9880981445312,240.7667236328125
202,player,12,1,323.6675109863281,425.2381591796875,313.31268310546875,428.7275085449219
202,player,35,1,667.0609130859375,477.3096923828125,558.8560791015625,674.266357421875
202,player,38,1,556.6157836914062,356.615966796875,572.8292236328125,249.564697265625
202,player,36,0,1151.444580078125,567.8470458984375,816.145751953125,967.671875
202,player,7,1,637.499755859375,492.3126220703125,531.6561279296875,695.5241088867188
203,player,6,0,575.0936889648438,512.5345458984375,469.83837890625,735.4417724609375
203,player,20,0,271.1209716796875,436.2768249511719,265.53216552734375,451.984130859375
203,player,1,1,970.114013671875,487.5626220703125,777.9698486328125,772.8343505859375
203,player,38,1,556.6983642578125,356.768310546875,570.7364501953125,253.69554138183594
203,player,23,0,498.3612060546875,355.92266845703125,512.41552734375,239.85601806640625
203,player,12,1,324.4679870605469,425.61102294921875,314.09814453125,431.9150695800781
203,player,7,1,622.7213134765625,503.26043701171875,524.603515625,706.0310668945312
203,player,36,0,1151.082763671875,568.005615234375,815.8658447265625,967.48779296875
203,player,35,1,665.2230224609375,477.2681884765625,559.3023681640625,674.3167724609375
204,player,6,0,576.0638427734375,511.63739013671875,470.9986572265625,734.7312622070312
204,player,20,0,271.47491455078125,436.234619140625,266.39031982421875,453.51409912109375
204,player,1,1,969.033447265625,487.37908935546875,777.102294921875,772.639404296875
204,player,38,1,555.5432739257812,360.770751953125,567.6912841796875,261.8959045410156
204,player,12,1,331.4691162109375,427.86407470703125,316.42572021484375,437.20758056640625
204,player,7,1,620.3526000976562,504.27044677734375,519.2058715820312,713.466064453125
204,player,23,0,496.64617919921875,355.1062927246094,511.69482421875,237.87449645996094
204,player,36,0,1150.06201171875,567.7716064453125,815.5396118164062,967.16015625
204,player,35,1,655.9763793945312,477.145751953125,557.1845703125,673.4363403320312
204,player,33,1,306.2233581542969,431.51593017578125,297.39154052734375,397.05908203125
205,player,6,0,578.4236450195312,509.870361328125,472.67889404296875,733.079833984375
205,player,1,1,968.300048828125,486.77978515625,776.5769653320312,771.98388671875
205,player,20,0,271.30584716796875,435.0149841308594,266.9956359863281,453.158935546875
205,player,38,1,555.048583984375,361.69696044921875,565.250732421875,268.46209716796875
205,player,12,1,332.869873046875,429.9009704589844,318.1147766113281,443.0430603027344
205,player,35,1,655.470947265625,476.63250732421875,555.80224609375,672.3760986328125
205,player,36,0,1148.68310546875,568.0607299804688,814.9217529296875,967.0165405273438
205,player,23,0,495.44854736328125,354.02191162109375,511.12890625,234.8616180419922
205,player,37,-1,634.5678100585938,498.9256591796875,545.8621826171875,688.9685668945312
206,player,6,0,583.05419921875,510.98358154296875,474.7196044921875,733.2579345703125
206,player,20,0,271.9459228515625,435.0445556640625,267.5743713378906,453.023681640625
206,player,12,1,334.73651123046875,428.9217529296875,319.87799072265625,445.94036865234375
206,player,1,1,965.92919921875,487.60198974609375,775.3261108398438,772.0006103515625
206,player,35,1,656.110595703125,476.38104248046875,555.1353149414062,671.525146484375
206,player,38,1,552.493896484375,361.82464599609375,562.77392578125,272.61090087890625
206,player,23,0,495.3583984375,353.4344787597656,510.8983459472656,232.03207397460938
206,player,36,0,1147.42578125,568.0419921875,814.2484130859375,966.822998046875
206,ball,-1,-1,1064.17822265625,300.00079345703125,1102.1876220703125,291.3934631347656
207,player,20,0,271.8038330078125,435.937255859375,267.837646484375,453.8978271484375
207,player,12,1,337.93536376953125,433.13134765625,321.4677734375,452.75982666015625
207,player,1,1,964.8228759765625,487.6585693359375,774.2113647460938,771.9630126953125
207,player,38,1,551.1275634765625,360.8838195800781,561.0076904296875,273.8341064453125
207,player,23,0,495.11346435546875,353.2645263671875,510.7137145996094,229.9141845703125
207,player,6,0,585.7133178710938,509.52960205078125,476.99285888671875,732.45361328125
207,player,7,1,620.45703125,505.7083740234375,515.4202270507812,719.444580078125
207,player,36,0,1146.6485595703125,569.226806640625,813.228515625,967.3270263671875
207,player,35,1,658.565185546875,477.49224853515625,555.072509765625,672.14697265625
208,player,20,0,273.3683776855469,435.1390380859375,268.531005859375,453.7479248046875
208,player,12,1,339.8800964355469,434.9664306640625,322.85272216796875,459.3729248046875
208,player,38,1,550.68310546875,363.6156005859375,558.8499145507812,278.3795166015625
208,player,1,1,964.043212890625,487.81866455078125,773.2294311523438,771.998046875
208,player,23,0,494.484619140625,353.62640380859375,510.27606201171875,228.9930419921875
208,player,37,-1,632.490966796875,509.210205078125,535.0279541015625,707.2540893554688
208,player,6,0,576.07861328125,507.61602783203125,476.4150390625,729.6298828125
208,player,36,0,1146.5565185546875,568.8258056640625,812.6839599609375,967.4165649414062
208,player,35,1,667.4108276367188,474.3685302734375,558.1591796875,670.61962890625
209,player,12,1,343.39166259765625,438.24420166015625,324.3857116699219,467.53082275390625
209,player,20,0,273.1667785644531,435.90277099609375,268.861083984375,454.46527099609375
209,player,6,0,581.8189086914062,506.46441650390625,477.7086181640625,727.3563232421875
209,player,38,1,549.5363159179688,363.7568359375,557.0231323242188,281.3966369628906
209,player,1,1,963.3403930664062,487.325439453125,772.5965576171875,771.5775146484375
209,player,37,-1,633.2959594726562,509.836181640625,528.0538330078125,719.69189453125
209,player,23,0,492.6336975097656,353.19964599609375,509.482666015625,227.54647827148438
209,player,35,1,667.6139526367188,474.0298767089844,560.3062744140625,669.349853515625
209,player,36,0,1146.488525390625,568.7250366210938,812.349853515625,967.41162109375
209,ball,-1,-1,457.8443298339844,337.873291015625,1102.1876220703125,291.3934631347656
210,player,6,0,571.5783081054688,505.396484375,476.1669921875,724.1810302734375
210,player,20,0,275.1785888671875,437.48345947265625,269.53570556640625,456.84893798828125
210,player,38,1,550.2235107421875,364.4324951171875,555.852294921875,284.3701171875
210,player,12,1,345.7411804199219,439.3410339355469,325.9316101074219,474.2281188964844
210,player,1,1,963.9799194335938,487.521240234375,772.2745361328125,771.5103759765625
210,player,35,1,667.07470703125,473.8555908203125,561.6036376953125,668.3251953125
210,player,37,-1,633.6488037109375,507.70159912109375,524.0654296875,726.1431884765625
210,player,36,0,1146.456298828125,568.0120849609375,812.37255859375,966.9935302734375
210,player,23,0,492.3937072753906,353.28497314453125,508.86090087890625,226.7028045654297
210,ball,-1,-1,456.51116943359375,337.74737548828125,1102.1876220703125,291.3934631347656
211,player,38,1,550.227294921875,366.25372314453125,554.5264892578125,288.803955078125
211,player,6,0,586.4956665039062,506.6334228515625,478.69439697265625,724.3350830078125
211,player,12,1,345.31085205078125,439.0423583984375,326.84765625,478.22259521484375
211,player,1,1,963.5108642578125,487.0630187988281,772.1168823242188,771.0699462890625
211,player,20,0,276.0475769042969,438.800537109375,270.1205139160156,459.90777587890625
211,player,35,1,662.8035888671875,474.927734375,561.041748046875,668.2174682617188
211,player,23,0,490.8275451660156,354.19500732421875,507.6659240722656,227.30099487304688
211,player,36,0,1146.4896240234375,566.3392333984375,812.9764404296875,965.752685546875
212,player,38,1,549.7122802734375,364.90411376953125,553.9134521484375,289.775390625
212,player,3,1,570.3093872070312,502.84234619140625,492.14031982421875,700.4891967773438
212,player,1,1,962.3716430664062,486.5744323730469,771.9072265625,770.3062744140625
212,player,12,1,342.8410949707031,438.07281494140625,326.8431701660156,479.5467529296875
212,player,20,0,278.2947998046875,439.71026611328125,271.0795593261719,463.094970703125
212,player,7,1,621.3892822265625,507.10260009765625,512.9010620117188,724.504638671875
212,player,23,0,488.1742858886719,352.5430908203125,506.4505615234375,224.9452362060547
212,player,35,1,667.71875,474.21893310546875,562.1591796875,667.9622802734375
212,player,36,0,1146.3828125,565.9503173828125,813.48095703125,964.7119140625
213,player,38,1,548.4505615234375,366.2396240234375,552.68505859375,292.0938415527344
213,player,12,1,342.3656005859375,437.98687744140625,326.71258544921875,480.2694396972656
213,player,3,1,572.137939453125,501.284912109375,486.4783630371094,703.4609375
213,player,1,1,961.13427734375,487.0716247558594,771.271484375,770.0949096679688
213,player,23,0,487.27105712890625,352.2865295410156,505.4242858886719,222.92678833007812
213,player,35,1,670.775390625,473.0616455078125,563.9945068359375,667.055908203125
213,player,36,0,1146.203857421875,566.2386474609375,813.6685791015625,964.190673828125
213,player,20,0,283.0699462890625,437.65863037109375,273.2640075683594,463.4223937988281
213,player,41,-1,461.65667724609375,351.28607177734375,479.2305603027344,206.11538696289062
214,player,12,1,342.84576416015625,438.79473876953125,326.67138671875,481.6463623046875
214,player,6,0,599.351318359375,505.33685302734375,483.8397216796875,724.4705200195312
214,player,1,1,960.4847412109375,487.696044921875,770.4615478515625,770.3905029296875
214,player,38,1,546.8346557617188,366.37091064453125,551.313720703125,293.59466552734375
214,player,20,0,280.021484375,437.688720703125,273.7928466796875,463.36871337890625
214,player,23,0,487.83294677734375,355.580322265625,504.0272216796875,226.5106201171875
214,player,3,1,574.4547119140625,498.3060302734375,483.96978759765625,703.1655883789062
214,player,36,0,1145.9605712890625,566.8812866210938,813.5128173828125,964.20849609375
214,player,35,1,666.0133056640625,472.9927978515625,563.94091796875,665.9872436523438
214,player,41,-1,460.7835693359375,351.224853515625,478.94683837890625,205.91848754882812
215,player,12,1,342.805908203125,438.14410400390625,326.7099609375,481.84478759765625
215,player,6,0,600.81982421875,504.0205078125,487.8223876953125,723.6337280273438
215,player,1,1,960.241455078125,487.96746826171875,769.7728271484375,770.7738647460938
215,player,23,0,484.966064453125,355.93017578125,502.0501708984375,229.0076904296875
215,player,35,1,668.9088134765625,472.3616943359375,564.8380737304688,664.9952392578125
215,player,41,-1,455.21807861328125,351.12835693359375,476.87579345703125,204.97344970703125
215,player,38,1,547.3533325195312,363.0901184082031,551.60888671875,290.1099853515625
215,player,36,0,1146.074462890625,567.9619750976562,813.0614013671875,964.8553466796875
215,player,20,0,290.56951904296875,437.85394287109375,277.1951599121094,464.546630859375
215,player,3,1,559.80029296875,470.9088134765625,484.04510498046875,678.1953735351562
216,player,12,1,350.0942077636719,436.098876953125,329.0979309082031,480.4990234375
216,player,1,1,960.1747436523438,488.1064453125,769.2567749023438,771.125732421875
216,player,6,0,604.892822265625,504.6964111328125,491.30316162109375,723.9651489257812
216,player,23,0,484.0054016113281,355.4862060546875,500.5614013671875,229.8703155517578
216,player,33,1,309.095947265625,441.4571228027344,297.56719970703125,427.1058349609375
216,player,36,0,1146.8868408203125,567.5751953125,813.08203125,965.109375
216,player,3,1,562.0927734375,469.60662841796875,484.98394775390625,660.9929809570312
216,player,38,1,546.1948852539062,360.36444091796875,552.2691040039062,283.9041748046875
216,player,41,-1,451.70965576171875,351.686279296875,474.181396484375,204.76904296875
216,player,35,1,674.3494873046875,471.34765625,567.132568359375,663.9411010742188
217,player,12,1,351.7027282714844,437.1405029296875,330.98870849609375,480.89654541015625
217,player,1,1,959.4088134765625,489.3441162109375,768.2703857421875,772.2522583007812
217,player,6,0,607.6282348632812,503.748291015625,494.45245361328125,723.6534423828125
217,player,23,0,483.96826171875,355.04547119140625,499.7024230957031,229.7838592529297
217,player,33,1,312.7628479003906,442.27349853515625,298.6581726074219,447.85546875
217,player,36,0,1147.56787109375,568.76904296875,812.8319091796875,966.0140380859375
217,player,38,1,544.9716796875,362.5921630859375,551.593994140625,282.8427734375
217,player,35,1,671.972900390625,470.7817077636719,568.139404296875,662.5481567382812
217,player,41,-1,451.1906433105469,351.37908935546875,472.3301086425781,204.11434936523438
217,player,3,1,550.92724609375,468.53314208984375,482.80914306640625,647.8369140625
218,player,12,1,352.7197265625,437.3768005371094,332.48345947265625,481.5064697265625
218,player,1,1,959.4788208007812,490.97186279296875,767.0491943359375,774.2492065429688
218,player,6,0,606.10986328125,503.47991943359375,496.1705322265625,723.1109619140625
218,player,35,1,677.2374267578125,473.93450927734375,569.3681030273438,664.8658447265625
218,player,42,-1,546.5465698242188,407.34423828125,515.5543823242188,443.1835021972656
218,player,3,1,549.0224609375,469.275390625,480.72894287109375,639.7901611328125
218,player,23,0,484.1658935546875,354.6954040527344,499.30780029296875,229.2398223876953
218,player,36,0,1148.0972900390625,569.0850830078125,812.6768798828125,966.8221435546875
218,player,33,1,308.09765625,444.45941162109375,297.8099365234375,463.192138671875
218,player,45,-1,586.4365844726562,479.9185791015625,498.991455078125,661.3106689453125
219,player,12,1,352.4119873046875,435.9971923828125,333.53729248046875,480.39703369140625
219,player,1,1,959.490966796875,491.44482421875,766.08544921875,775.9127197265625
219,player,45,-1,585.862548828125,480.78594970703125,498.654296875,662.0125732421875
219,player,35,1,676.3854370117188,474.748779296875,569.72900390625,667.0048217773438
219,player,44,-1,545.6644287109375,452.51751708984375,484.3250732421875,579.08837890625
219,player,3,1,545.3103637695312,467.21673583984375,478.7962341308594,632.3478393554688
219,player,38,1,545.873291015625,362.32373046875,551.5384521484375,281.8839111328125
219,player,33,1,304.9859619140625,446.23919677734375,296.19622802734375,474.721923828125
219,player,23,0,483.8489074707031,354.4498291015625,499.0113525390625,228.4890899658203
219,player,36,0,1148.71240234375,569.780029296875,812.471435546875,967.791748046875
220,player,6,0,594.5341796875,497.3768310546875,495.5963134765625,716.8685913085938
220,player,1,1,958.961669921875,491.7769775390625,765.2042236328125,777.2056884765625
220,player,12,1,354.36865234375,434.06719970703125,335.0347595214844,477.7906188964844
220,player,35,1,664.579833984375,479.7086181640625,565.5868530273438,671.635009765625
220,player,38,1,544.5128173828125,371.2193603515625,548.3385009765625,293.25689697265625
220,player,23,0,482.68096923828125,354.38818359375,498.43829345703125,227.77127075195312
220,player,44,-1,543.2255859375,447.09051513671875,484.82647705078125,573.5587768554688
220,player,36,0,1149.033447265625,569.5075073242188,812.5030517578125,968.2877197265625
220,player,41,-1,447.6015930175781,351.9727783203125,469.7440185546875,204.1422882080078
221,player,6,0,594.7210693359375,499.8177490234375,494.7712097167969,714.8099365234375
221,player,12,1,356.24969482421875,432.96368408203125,336.6982421875,475.08746337890625
221,player,1,1,959.091552734375,491.843505859375,764.6398315429688,778.1080322265625
221,player,3,1,539.073486328125,455.69873046875,478.2259521484375,616.1563720703125
221,player,20,0,307.4570007324219,444.25286865234375,283.6949462890625,473.76300048828125
221,player,35,1,656.5479736328125,497.837890625,556.4519653320312,688.9869384765625
221,player,38,1,542.5103759765625,390.912353515625,539.987548828125,325.7342529296875
221,player,41,-1,445.6061096191406,350.9317626953125,467.6388854980469,202.361083984375
221,player,36,0,1149.341552734375,568.9786376953125,812.77490234375,968.326904296875
222,player,12,1,361.0668640136719,430.5908203125,339.49993896484375,471.2232666015625
222,player,1,1,958.7291259765625,492.46820068359375,763.9539794921875,779.1444091796875
222,player,3,1,534.9614868164062,458.095947265625,476.22113037109375,607.5380859375
222,player,45,-1,582.3154296875,487.648681640625,496.062255859375,668.0343627929688
222,player,35,1,659.1792602539062,504.7869873046875,549.5857543945312,706.0047607421875
222,player,41,0,443.9130859375,351.4958190917969,465.5472412109375,201.84388732910156
222,player,38,1,538.6141357421875,372.8040466308594,538.4403686523438,323.208984375
222,player,20,0,313.846435546875,444.8331298828125,289.6968994140625,480.9769287109375
222,player,46,-1,675.3589477539062,476.4976806640625,568.3300170898438,675.0419311523438
223,player,12,1,366.35064697265625,434.985107421875,342.2832336425781,473.9930419921875
223,player,45,-1,578.1224975585938,483.2554931640625,494.19354248046875,667.8404541015625
223,player,1,1,957.04931640625,487.70391845703125,764.8306274414062,775.9913330078125
223,player,35,1,658.3470458984375,506.38330078125,544.5517578125,718.24755859375
223,player,3,1,532.1234741210938,458.6314697265625,474.0268859863281,602.1837158203125
223,player,41,0,443.0836181640625,351.1614074707031,463.9857177734375,200.90618896484375
223,player,20,0,317.8271484375,445.05303955078125,294.7173156738281,486.27862548828125
223,player,38,1,539.9852294921875,357.0691833496094,542.6656494140625,300.0218505859375
223,player,44,-1,539.6524658203125,451.1360778808594,483.2755432128906,573.5946044921875
224,player,12,1,366.1596374511719,434.67388916015625,344.078125,475.4403076171875
224,player,1,1,956.4052734375,487.67230224609375,765.2486572265625,773.86328125
224,player,45,-1,573.5308837890625,482.79180908203125,491.8690185546875,666.9168090820312
224,player,35,1,657.168212890625,504.5113525390625,541.40673828125,724.6417236328125
224,player,20,0,315.38494873046875,446.467041015625,297.1387939453125,490.96270751953125
224,player,41,0,442.1819152832031,351.51141357421875,462.5737609863281,200.71218872070312
224,player,38,1,538.56005859375,360.1845703125,543.961669921875,289.2010803222656
224,player,3,1,527.79296875,458.4722595214844,471.4415283203125,598.15478515625
224,player,47,-1,378.4757995605469,431.8993225097656,358.7680969238281,473.0359802246094
225,player,12,1,369.271728515625,435.9694519042969,345.9769287109375,478.07464599609375
225,player,1,1,955.1793212890625,487.78070068359375,765.1693115234375,772.4620361328125
225,player,43,-1,325.0770568847656,446.95526123046875,309.40350341796875,503.76019287109375
225,player,41,0,442.4090576171875,351.33221435546875,461.7785339355469,200.34506225585938
225,player,35,1,654.2776489257812,504.717529296875,538.5878295898438,728.7212524414062
225,player,42,-1,568.497802734375,481.00286865234375,504.7972106933594,518.904296875
225,player,3,1,528.051513671875,462.01190185546875,469.11865234375,598.8987426757812
225,player,38,1,536.5064697265625,363.9985046386719,542.9530639648438,287.2567443847656
225,player,46,-1,675.9437255859375,476.63958740234375,568.4475708007812,675.21533203125
226,player,1,1,954.1422119140625,487.64373779296875,764.905029296875,771.3574829101562
226,player,35,1,654.1907958984375,504.52001953125,536.7781372070312,731.2105102539062
226,player,12,1,372.0606994628906,433.7181396484375,348.3275146484375,477.64447021484375
226,player,3,1,523.3357543945312,464.2601318359375,465.8755798339844,601.0532836914062
226,player,41,0,441.7925109863281,350.74755859375,461.19464111328125,199.1541290283203
226,player,43,-1,326.9585266113281,446.3476867675781,310.0049743652344,503.31103515625
226,player,42,-1,567.20361328125,479.8121337890625,497.7083740234375,566.9736328125
226,player,38,1,536.2353515625,363.36358642578125,542.3999633789062,285.08050537109375
227,player,1,1,953.7049560546875,487.5670166015625,764.6504516601562,770.54296875
227,player,35,1,657.9092407226562,503.84185791015625,536.6927490234375,732.60205078125
227,player,12,1,375.33233642578125,432.09588623046875,351.0347900390625,475.93426513671875
227,player,20,0,319.0714111328125,446.0954284667969,299.80450439453125,493.9747314453125
227,player,42,-1,566.4217529296875,480.51678466796875,492.7493591308594,598.76416015625
227,player,41,0,441.47552490234375,350.0478515625,460.8798522949219,197.28802490234375
227,player,38,1,535.6438598632812,369.76910400390625,539.930419921875,292.374755859375
227,player,3,1,520.899169921875,462.91510009765625,463.36676025390625,600.9773559570312
228,player,35,1,662.82177734375,502.68597412109375,538.1417846679688,733.00146484375
228,player,1,1,952.8402099609375,486.9265441894531,764.501220703125,769.4401245117188
228,player,12,1,377.6859130859375,430.577880859375,353.6969909667969,473.40606689453125
228,player,38,1,535.8306884765625,369.20989990234375,538.5513916015625,296.3808898925781
228,player,20,0,322.32623291015625,446.17132568359375,302.4601745605469,496.323486328125
228,player,3,1,518.567626953125,463.02935791015625,461.0767517089844,600.82275390625
228,player,41,0,441.3528137207031,349.2130126953125,460.8410339355469,194.79864501953125
228,player,42,-1,568.8973999023438,481.890380859375,489.89697265625,620.8358154296875
228,ball,-1,-1,637.3267822265625,366.75457763671875,1102.1876220703125,291.3934631347656
229,player,1,1,952.281982421875,487.1649169921875,764.174560546875,768.863037109375
229,player,35,1,667.451416015625,500.53985595703125,540.75341796875,731.9449462890625
229,player,12,1,381.358642578125,430.0436096191406,356.5810852050781,471.5441589355469
229,player,38,1,535.106689453125,369.47308349609375,537.340087890625,299.2585144042969
229,player,43,-1,327.8389892578125,444.3161315917969,310.86505126953125,500.989501953125
229,player,41,0,440.1522216796875,349.19720458984375,460.40484619140625,193.01040649414062
229,player,42,-1,570.0830688476562,483.66644287109375,487.9908752441406,636.8175659179688
229,player,3,1,516.3399047851562,462.99969482421875,458.98541259765625,600.4918823242188
230,player,1,1,951.5367431640625,487.66522216796875,763.589111328125,768.8167724609375
230,player,35,1,673.0109252929688,497.97247314453125,544.4691162109375,729.6734008789062
230,player,12,1,386.70111083984375,430.5157470703125,359.9538879394531,471.377197265625
230,player,38,1,534.1068115234375,364.605712890625,537.6708984375,294.3568420410156
230,player,43,-1,331.69903564453125,446.42352294921875,312.3009033203125,502.04266357421875
230,player,42,-1,563.424560546875,484.4402160644531,484.8481140136719,647.2935791015625
230,player,41,0,439.130126953125,349.249267578125,459.755126953125,191.80242919921875
230,player,3,1,517.177978515625,465.2012939453125,457.42901611328125,602.4056396484375
231,player,1,1,950.8118896484375,487.90625,762.936279296875,768.914306640625
231,player,35,1,679.072265625,493.779052734375,549.4442138671875,725.3253173828125
231,player,38,1,533.5610961914062,372.0382080078125,535.5126342773438,301.2190246582031
231,player,12,1,388.5498046875,430.2314453125,362.72998046875,471.14239501953125
231,player,42,0,561.3839721679688,483.1758728027344,482.52349853515625,652.8375854492188
231,player,43,-1,328.33941650390625,444.36065673828125,312.49615478515625,500.259765625
231,player,41,0,438.4779968261719,349.9914245605469,458.924072265625,192.06008911132812
231,player,3,1,532.26025390625,468.80621337890625,459.80328369140625,608.3297119140625
231,player,36,0,1151.478759765625,570.9293212890625,812.7479248046875,969.6262817382812
232,player,1,1,950.2658081054688,488.04779052734375,762.321533203125,769.04248046875
232,player,12,1,393.2945556640625,428.66510009765625,366.1618347167969,469.75140380859375
232,player,42,0,559.253662109375,483.39080810546875,480.4095153808594,656.441650390625
232,player,38,1,533.5894775390625,364.15228271484375,536.44775390625,294.9437255859375
232,player,35,1,683.2139892578125,496.54302978515625,553.0606689453125,725.0780639648438
232,player,43,-1,329.1317443847656,444.80145263671875,312.8026123046875,499.6369323730469
232,player,3,1,533.590576171875,474.2059326171875,460.6466064453125,617.1845703125
232,player,41,0,437.82879638671875,350.00396728515625,458.1567687988281,192.1676025390625
233,player,1,1,949.5571899414062,488.318603515625,761.64306640625,769.2777709960938
233,player,38,1,532.2296142578125,363.80096435546875,536.7101440429688,290.22003173828125
233,player,35,1,693.11328125,491.3543701171875,559.232421875,721.5513916015625
233,player,12,1,396.01220703125,427.8695373535156,369.3132629394531,468.24615478515625
233,player,43,-1,329.63177490234375,445.46441650390625,313.0733337402344,499.97027587890625
233,player,42,0,548.1283569335938,482.92962646484375,476.2003173828125,657.4188232421875
233,player,41,0,437.6850891113281,349.58734130859375,457.7110290527344,191.59042358398438
233,player,7,1,643.92236328125,494.07049560546875,519.8468017578125,719.2381591796875
233,player,36,0,1151.0477294921875,570.3046875,812.8513793945312,970.0817260742188
234,player,1,1,949.0797119140625,488.8311767578125,760.8939819335938,769.7902221679688
234,player,35,1,696.04443359375,493.71502685546875,563.3997802734375,721.423583984375
234,player,43,1,331.7433166503906,447.22332763671875,313.6620788574219,502.2113037109375
234,player,38,1,531.5454711914062,365.19207763671875,536.2383422851562,288.99578857421875
234,player,42,0,551.4017944335938,482.8168029785156,474.3480224609375,658.2410278320312
234,player,12,1,402.83258056640625,428.56231689453125,373.2598876953125,468.7037658691406
234,player,41,0,438.16387939453125,349.5762939453125,457.5893859863281,191.25680541992188
234,player,47,-1,387.1501159667969,428.28985595703125,361.83551025390625,469.96038818359375
234,player,36,0,1156.389404296875,565.62841796875,815.7335815429688,968.0521240234375
235,player,35,1,701.4182739257812,493.93524169921875,567.4268798828125,721.9706420898438
235,player,1,1,948.277099609375,489.32470703125,760.0241088867188,770.4403076171875
235,player,42,0,555.9727783203125,483.18603515625,474.27374267578125,659.4921875
235,player,43,1,335.00885009765625,444.49554443359375,315.27789306640625,501.15167236328125
235,player,12,1,407.4521179199219,428.833984375,377.1388244628906,469.7560119628906
235,player,38,1,530.8763427734375,375.45880126953125,532.727294921875,301.977294921875
235,player,47,-1,386.95465087890625,428.35565185546875,363.76202392578125,468.01397705078125
235,player,48,-1,420.9791259765625,420.15576171875,399.8936462402344,448.1382751464844
235,player,36,0,1156.638916015625,566.2147827148438,817.4557495117188,967.091796875
235,player,41,0,437.96795654296875,349.0921630859375,457.5622253417969,190.28298950195312
236,player,1,1,946.9945678710938,489.7618408203125,758.975341796875,771.0955810546875
236,player,35,1,700.6109619140625,492.49957275390625,570.2032470703125,721.0965576171875
236,player,43,1,344.5189208984375,441.833251953125,319.3636474609375,498.59381103515625
236,player,12,1,413.9665832519531,433.68597412109375,380.7881774902344,476.31658935546875
236,player,3,1,545.208984375,485.45318603515625,462.0992736816406,633.8251953125
236,player,38,1,531.4222412109375,357.9281005859375,535.8052368164062,286.4369201660156
236,player,47,-1,384.7378845214844,431.69744873046875,363.8744812011719,470.1710205078125
236,player,36,0,1145.97314453125,571.3463745117188,814.43408203125,968.6735229492188
237,player,1,1,946.288818359375,490.5074462890625,757.8453369140625,772.0408935546875
237,player,43,1,354.190673828125,441.41680908203125,324.8527526855469,497.428955078125
237,player,35,1,701.439208984375,491.17315673828125,572.5595092773438,719.52001953125
237,player,3,1,547.5400390625,484.69903564453125,463.8002624511719,644.1949462890625
237,player,38,1,531.236083984375,354.875,538.6876220703125,271.93212890625
237,player,12,1,414.5604248046875,433.8128662109375,383.3125305175781,480.77459716796875
237,player,47,-1,389.13800048828125,433.013671875,365.04071044921875,473.4277648925781
237,player,41,0,438.3788146972656,348.994873046875,457.71075439453125,189.55255126953125
237,player,36,0,1145.882080078125,571.9929809570312,812.228271484375,970.0657958984375
238,player,1,1,947.0122680664062,493.52838134765625,756.2069091796875,775.04345703125
238,player,43,1,356.3134765625,440.15020751953125,329.189208984375,495.54425048828125
238,player,35,1,702.297119140625,490.05267333984375,574.5997314453125,717.6533203125
238,player,3,1,541.6067504882812,481.87530517578125,463.89007568359375,647.9750366210938
238,player,12,1,414.21832275390625,435.45416259765625,384.592041015625,485.3851318359375
238,player,38,1,530.4290161132812,360.1727294921875,538.660888671875,269.974365234375
238,player,36,0,1146.072021484375,572.010986328125,810.830078125,970.9944458007812
238,player,49,-1,1129.58203125,569.861328125,799.9407348632812,965.85205078125
238,player,7,1,658.753662109375,479.644775390625,531.6494750976562,705.0259399414062
239,player,1,1,946.5631103515625,494.16143798828125,754.802734375,777.44287109375
239,player,42,0,552.582763671875,478.36468505859375,474.2910461425781,655.8072509765625
239,player,43,1,355.1131591796875,439.14849853515625,331.7862854003906,493.1439514160156
239,player,35,1,704.6732788085938,488.22674560546875,577.01123046875,715.144287109375
239,player,12,1,416.8870849609375,432.80902099609375,386.62359619140625,485.82415771484375
239,player,7,1,657.921142578125,467.8145751953125,542.0902709960938,685.3751220703125
239,player,38,1,529.0303955078125,373.83099365234375,534.1665649414062,287.24957275390625
239,player,49,-1,1129.841552734375,568.0035400390625,800.630859375,964.7933349609375
239,player,36,0,1144.945068359375,571.562744140625,809.8268432617188,971.26171875
240,player,1,1,945.571533203125,494.079833984375,753.6700439453125,778.8580322265625
240,player,35,1,707.9443359375,488.7734375,579.2794799804688,714.2406005859375
240,player,3,1,540.4658203125,483.44091796875,463.3472900390625,651.6920776367188
240,player,7,1,658.3785400390625,467.77044677734375,549.0108032226562,672.6033935546875
240,player,43,1,356.0406188964844,438.7247314453125,333.79547119140625,491.22479248046875
240,player,12,1,418.40380859375,429.5673828125,388.9173889160156,482.76629638671875
240,player,38,1,528.3052978515625,370.75567626953125,531.8900146484375,294.2801513671875
240,player,49,-1,1129.551513671875,568.5282592773438,800.8361206054688,964.389404296875
240,player,36,0,1143.796142578125,572.4435424804688,808.62060546875,971.8587646484375
240,player,47,-1,387.9110412597656,434.17547607421875,365.2717590332031,476.6721496582031
241,player,35,1,712.0738525390625,489.30126953125,581.6790771484375,714.436279296875
241,player,1,1,945.0120239257812,494.57281494140625,752.6175537109375,780.108642578125
241,player,43,1,354.44512939453125,438.10302734375,334.71746826171875,489.1617431640625
241,player,3,1,543.3277587890625,481.3018798828125,464.1607666015625,652.498779296875
241,player,12,1,427.91790771484375,423.45806884765625,394.24749755859375,475.031005859375
241,player,7,1,656.2037353515625,466.21282958984375,553.3275756835938,662.7130126953125
241,player,38,1,527.685546875,369.21563720703125,530.6522216796875,296.6969299316406
241,player,49,-1,1128.92578125,569.575927734375,800.474609375,964.6896362304688
241,player,36,0,1143.386474609375,572.5551147460938,807.7083740234375,972.28173828125
241,player,41,0,435.5552978515625,361.22491455078125,453.9105224609375,206.78521728515625
241,ball,-1,-1,482.3548889160156,440.8835144042969,1102.1876220703125,291.3934631347656
242,player,35,1,713.4727783203125,489.777587890625,583.4735717773438,715.0714721679688
242,player,1,1,944.1514892578125,492.84423828125,752.3336181640625,779.5252685546875
242,player,43,1,355.13958740234375,438.2532958984375,335.49908447265625,488.0481262207031
242,player,41,0,437.58355712890625,379.2398681640625,448.07525634765625,243.0742645263672
242,player,7,1,654.7608642578125,469.30303955078125,554.952880859375,658.916015625
242,player,49,-1,1128.468017578125,569.6520385742188,800.1126098632812,964.8963623046875
242,player,3,1,538.6832275390625,479.53289794921875,463.80328369140625,651.0687866210938
242,player,12,1,426.9404602050781,423.468505859375,397.4207763671875,469.91656494140625
242,player,38,1,528.10009765625,402.706787109375,520.9356079101562,340.64923095703125
242,player,36,0,1142.0118408203125,573.133056640625,806.6163330078125,972.7900390625
242,ball,-1,-1,572.8711547851562,317.77325439453125,1102.1876220703125,291.3934631347656
243,player,35,1,720.959716796875,487.83111572265625,587.084716796875,714.5264892578125
243,player,1,1,943.3016967773438,493.48248291015625,751.7073974609375,779.56591796875
243,player,43,1,358.9810791015625,438.07257080078125,337.1419982910156,487.5064697265625
243,player,12,1,434.35040283203125,428.4637451171875,400.79547119140625,472.80816650390625
243,player,41,0,438.8356628417969,362.6031494140625,448.428955078125,243.93157958984375
243,player,49,-1,1129.528076171875,569.5964965820312,800.1304931640625,965.0738525390625
243,player,7,1,656.585693359375,470.6326904296875,556.157958984375,657.7882080078125
243,player,3,1,532.7461547851562,476.61566162109375,462.555419921875,647.0402221679688
243,player,36,0,1141.310546875,572.9110107421875,805.827880859375,972.944091796875
243,player,38,1,525.824462890625,402.068359375,514.0833740234375,368.22674560546875
243,ball,-1,-1,574.8570556640625,317.1634826660156,1102.1876220703125,291.3934631347656
244,player,35,1,723.206787109375,486.93975830078125,590.25146484375,713.6309814453125
244,player,1,1,941.4329833984375,490.9703369140625,751.7274169921875,777.5008544921875
244,player,43,1,363.6231689453125,438.89556884765625,339.44683837890625,488.47882080078125
244,player,12,1,436.085205078125,430.2291259765625,403.1883239746094,476.76763916015625
244,player,41,0,438.17950439453125,376.00408935546875,445.41021728515625,262.96636962890625
244,player,7,1,661.003173828125,469.1606750488281,558.498779296875,656.14306640625
244,player,49,-1,1128.29638671875,568.4111938476562,800.2728271484375,964.4144897460938
244,player,3,1,534.696044921875,479.7994384765625,461.65228271484375,647.4053955078125
244,player,36,0,1141.928955078125,573.5055541992188,805.2491455078125,973.4273681640625
244,player,38,1,528.8652954101562,415.00274658203125,507.3750915527344,401.347900390625
245,player,35,1,728.4144287109375,484.60919189453125,594.2909545898438,711.569091796875
245,player,1,1,940.2635498046875,490.91583251953125,751.4644775390625,776.01904296875
245,player,12,1,428.59234619140625,430.96728515625,402.42877197265625,479.39727783203125
245,player,43,1,370.05804443359375,438.70538330078125,342.8291015625,489.53509521484375
245,player,7,1,663.7403564453125,463.768798828125,562.16455078125,650.4866333007812
245,player,36,0,1140.49658203125,571.2720947265625,805.31884765625,972.3619384765625
245,player,49,0,1126.99853515625,567.4490966796875,800.4058227539062,963.3338012695312
245,player,38,1,525.6834716796875,395.7818298339844,506.823486328125,400.142578125
245,player,42,0,555.5595703125,460.77783203125,478.7506103515625,637.72412109375
245,player,3,1,536.7735595703125,477.8650207519531,461.98809814453125,646.1209716796875
246,player,12,1,432.7195739746094,433.181884765625,402.7597351074219,483.88330078125
246,player,35,1,733.9017944335938,484.6929931640625,598.3152465820312,710.7677612304688
246,player,1,1,941.1278076171875,492.9920654296875,750.77001953125,776.7301025390625
246,player,43,1,372.6247253417969,440.40911865234375,345.5407409667969,492.2659912109375
246,player,38,1,523.3702392578125,372.5456848144531,511.99542236328125,369.50445556640625
246,player,7,1,667.9654541015625,461.9337158203125,566.17822265625,645.5255737304688
246,player,36,0,1140.4674072265625,568.5750732421875,806.28271484375,970.11181640625
246,ball,-1,-1,579.062255859375,317.1596984863281,1102.1876220703125,291.3934631347656
247,player,35,1,736.7545166015625,484.70166015625,601.66748046875,710.498046875
247,player,1,1,939.7979736328125,491.66815185546875,750.4555053710938,776.0613403320312
247,player,12,1,431.4976806640625,428.32659912109375,403.4532470703125,481.4549560546875
247,player,43,1,382.5045166015625,440.1688232421875,350.1801452636719,494.74505615234375
247,player,3,1,531.727294921875,486.27734375,459.28253173828125,652.1755981445312
247,player,38,1,520.872314453125,363.47894287109375,517.139892578125,336.91900634765625
247,player,36,0,1139.79443359375,566.6548461914062,807.4232177734375,967.486083984375
247,ball,-1,-1,579.7717895507812,317.37579345703125,1102.1876220703125,291.3934631347656
248,player,35,1,739.544189453125,484.3365478515625,604.6707763671875,710.25927734375
248,player,43,1,389.0748291015625,442.4520263671875,354.7621765136719,499.3730773925781
248,player,1,1,936.689697265625,487.91314697265625,750.8114013671875,772.446044921875
248,player,12,1,433.02001953125,428.47906494140625,404.3239440917969,480.19293212890625
248,player,36,0,1139.02587890625,566.458984375,808.061767578125,965.6104736328125
248,player,38,1,521.7920532226562,363.6642150878906,520.7352294921875,316.1033020019531
248,player,3,1,519.3771362304688,489.2347412109375,453.75750732421875,657.57666015625
249,player,35,1,743.0362548828125,485.3675842285156,607.2383422851562,711.2538452148438
249,player,43,1,391.7267150878906,445.7121887207031,358.037353515625,505.9986877441406
249,player,1,1,937.4114990234375,486.6138916015625,751.69580078125,769.1369018554688
249,player,36,0,1138.302001953125,567.720458984375,807.8807373046875,965.0737915039062
249,player,12,1,437.5582275390625,425.59417724609375,406.73236083984375,476.6768493652344
249,player,38,1,520.61669921875,362.43719482421875,523.0406494140625,300.7231750488281
249,player,3,1,514.4113159179688,487.18475341796875,449.23193359375,658.9046630859375
250,player,35,1,748.7008056640625,484.16583251953125,610.7117309570312,711.3927001953125
250,player,3,1,508.59320068359375,487.17755126953125,444.76727294921875,659.2588500976562
250,player,43,1,392.62677001953125,446.8856201171875,360.2566833496094,511.59112548828125
250,player,1,1,935.925537109375,489.453857421875,750.8701171875,769.0848999023438
250,player,36,0,1136.5634765625,568.1583251953125,807.2274169921875,964.85546875
250,player,38,1,521.2557373046875,357.3546142578125,526.2623901367188,283.60308837890625
250,player,7,1,668.8839111328125,474.32366943359375,565.7796630859375,653.4060668945312
250,ball,-1,-1,583.5626220703125,317.2055358886719,1102.1876220703125,291.3934631347656
251,player,35,1,750.394775390625,482.33074951171875,613.9315795898438,710.1072387695312
251,player,3,1,506.61053466796875,485.26434326171875,441.67877197265625,657.6652221679688
251,player,1,1,933.7208862304688,489.5562744140625,749.7381591796875,768.94677734375
251,player,43,1,394.120361328125,447.4799499511719,362.0392761230469,515.973876953125
251,player,36,0,1135.162353515625,568.2423095703125,806.4637451171875,964.6626586914062
251,player,38,1,522.3596801757812,359.12420654296875,528.1971435546875,275.1292724609375
251,player,42,0,570.6282958984375,404.06671142578125,499.81451416015625,568.34375
252,player,35,1,751.7677001953125,477.85968017578125,617.6732788085938,705.6447143554688
252,player,1,1,931.97314453125,485.15277099609375,750.1409912109375,765.251953125
252,player,38,1,520.6800537109375,360.78167724609375,528.3995361328125,271.7706604003906
252,player,36,0,1133.965087890625,568.7520141601562,805.52783203125,964.7478637695312
252,player,43,1,395.6715393066406,447.1806640625,363.6805114746094,518.66552734375
252,player,3,1,499.13800048828125,484.85595703125,437.77587890625,655.6258544921875
252,player,51,-1,560.473876953125,408.00311279296875,527.0933227539062,449.450439453125
252,player,7,1,678.1245727539062,463.2901916503906,570.9078369140625,649.5675048828125
252,player,48,-1,431.1943664550781,456.59307861328125,396.8633728027344,487.2955322265625
253,player,35,1,753.3394165039062,475.1993713378906,621.297119140625,700.6248168945312
253,player,38,1,519.88037109375,354.34619140625,530.1895751953125,260.2818908691406
253,player,51,-1,563.8270263671875,410.2650146484375,527.5029296875,452.37078857421875
253,player,1,1,930.8665771484375,491.3544921875,747.9027099609375,767.614990234375
253,player,3,1,460.76416015625,485.3248291015625,425.0507507324219,651.3705444335938
253,player,43,1,399.54779052734375,448.48565673828125,365.6591796875,522.1085205078125
253,player,36,0,1132.9072265625,567.6561279296875,805.060546875,964.0917358398438
253,player,7,1,680.3916015625,462.2325439453125,575.14208984375,646.3194580078125
253,ball,-1,-1,593.029052734375,311.91290283203125,1102.1876220703125,291.3934631347656
254,player,35,1,756.7979736328125,473.09619140625,625.187255859375,695.8663940429688
254,player,3,1,462.81011962890625,484.3435974121094,417.4710998535156,647.9232177734375
254,player,51,-1,563.0233154296875,452.654052734375,517.1800537109375,498.46551513671875
254,player,1,1,930.3358154296875,488.91552734375,747.1796875,767.2083740234375
254,player,38,1,518.9603881835938,354.552734375,530.978515625,253.00448608398438
254,player,7,1,698.8602294921875,424.1552734375,594.4463500976562,608.956787109375
254,player,36,0,1133.0526123046875,568.17431640625,804.6114501953125,963.976806640625
254,player,43,1,401.4771728515625,441.16973876953125,368.5648193359375,517.0208740234375
254,player,50,-1,538.0953369140625,357.38555908203125,548.4124145507812,257.6131896972656
255,player,35,1,760.1097412109375,469.7126159667969,629.610595703125,690.1463623046875
255,player,51,-1,565.8052978515625,447.86907958984375,512.3348388671875,524.0401611328125
255,player,1,1,929.2589111328125,490.11273193359375,746.0111083984375,767.7880249023438
255,player,38,1,519.736328125,357.7510986328125,530.7915649414062,252.9740447998047
255,player,43,1,403.9658203125,441.2479248046875,371.15557861328125,514.03515625
255,player,36,0,1132.4266357421875,564.2928466796875,805.5169677734375,961.5901489257812
255,player,50,-1,533.95849609375,367.88763427734375,543.8408203125,271.77532958984375
255,player,7,1,703.1323852539062,431.90570068359375,605.7227172851562,593.031494140625
255,player,3,1,460.18182373046875,485.2542724609375,411.7098693847656,646.2513427734375
256,player,35,1,762.7191162109375,469.24639892578125,633.3201904296875,686.2537841796875
256,player,51,-1,568.84912109375,446.4097900390625,510.37646484375,539.5169067382812
256,player,1,1,928.6320190429688,493.478515625,743.9068603515625,770.7184448242188
256,player,38,1,519.96923828125,359.48809814453125,530.23095703125,255.4562530517578
256,player,36,0,1131.207275390625,563.06201171875,806.260498046875,959.226806640625
256,player,7,1,697.473388671875,458.4945068359375,603.448486328125,607.7100219726562
256,player,50,-1,532.0232543945312,358.3895263671875,543.0891723632812,267.5333251953125
256,player,3,1,457.41668701171875,484.91717529296875,407.28692626953125,644.62841796875
256,player,48,-1,436.62420654296875,453.89324951171875,396.833251953125,510.6068420410156
257,player,35,1,758.6994018554688,467.6418762207031,635.152587890625,681.9708862304688
257,player,1,1,927.3755493164062,492.82623291015625,742.4510498046875,772.0162353515625
257,player,38,1,519.2496948242188,360.212646484375,529.4110107421875,258.0118713378906
257,player,3,1,456.9367370605469,473.26824951171875,406.09576416015625,633.1058349609375
257,player,51,-1,570.510986328125,444.03741455078125,510.1275329589844,547.3888549804688
257,player,36,0,1129.11474609375,565.4481811523438,805.4531860351562,958.943603515625
257,player,7,1,695.5494384765625,460.63739013671875,600.8389282226562,619.0311889648438
257,player,42,0,592.6509399414062,410.37567138671875,518.3941040039062,532.7257080078125
258,player,1,1,926.8696899414062,488.1397705078125,743.032470703125,769.171630859375
258,player,35,1,761.246337890625,467.646728515625,637.020263671875,679.4166259765625
258,player,7,1,696.2051391601562,460.4019775390625,599.386962890625,626.2351684570312
258,player,38,1,518.6527709960938,359.57177734375,528.867431640625,258.69500732421875
258,player,3,1,458.07293701171875,490.1640625,403.0167236328125,640.6983032226562
258,player,42,0,594.0499267578125,410.7222900390625,530.7921752929688,510.10662841796875
258,player,36,0,1126.11279296875,566.4439086914062,803.9198608398438,959.1279296875
258,player,12,1,424.5689697265625,455.61065673828125,399.61492919921875,504.2682189941406
258,player,51,-1,580.2380981445312,429.7626953125,516.24365234375,538.8973388671875
258,ball,-1,-1,523.91015625,426.0043029785156,1102.1876220703125,291.3934631347656
259,player,7,1,698.9342041015625,462.4141845703125,598.6116333007812,632.986083984375
259,player,1,1,927.4542236328125,484.33465576171875,744.9235229492188,764.3681640625
259,player,3,1,457.5502624511719,489.04608154296875,401.04632568359375,644.6242065429688
259,player,35,1,763.355712890625,467.189453125,638.9364013671875,677.54345703125
259,player,38,1,517.4537963867188,359.66485595703125,528.0846557617188,259.1303405761719
259,player,42,0,584.5294189453125,410.0830078125,536.1751098632812,493.711181640625
259,player,36,0,1123.0927734375,568.1090698242188,801.6860961914062,960.0037841796875
259,ball,-1,-1,614.3650512695312,325.98797607421875,1102.1876220703125,291.3934631347656
260,player,3,1,456.14202880859375,489.75146484375,399.29095458984375,647.6632690429688
260,player,7,1,700.1842041015625,459.87677001953125,599.1669921875,635.1875610351562
260,player,1,1,927.0287475585938,484.2083740234375,746.0894775390625,761.109619140625
260,player,35,1,764.4396362304688,462.863525390625,641.8151245117188,672.6104736328125
260,player,38,1,517.7383422851562,361.4585876464844,527.1444091796875,261.9812316894531
260,player,51,1,594.1005859375,410.6954345703125,529.4171752929688,514.0932006835938
260,player,36,0,1122.314208984375,568.955078125,799.775146484375,961.009521484375
260,ball,-1,-1,615.64013671875,326.25958251953125,1102.1876220703125,291.3934631347656
261,player,7,1,703.26025390625,459.31756591796875,600.5225219726562,636.3873291015625
261,player,35,1,765.267822265625,461.32464599609375,644.3925170898438,668.1080932617188
261,player,3,1,456.09820556640625,440.68377685546875,406.14825439453125,603.385986328125
261,player,1,1,926.6321411132812,482.6617431640625,747.3052978515625,757.7252197265625
261,player,38,1,516.8719482421875,360.9914855957031,526.3804321289062,263.074951171875
261,player,51,1,596.7764892578125,405.75482177734375,540.2002563476562,492.63995361328125
261,player,36,0,1122.411865234375,567.51123046875,799.0440063476562,960.830078125
261,player,50,-1,518.808837890625,324.73291015625,548.986083984375,211.2904052734375
262,player,7,1,705.5791015625,460.25506591796875,601.76220703125,638.2296142578125
262,player,1,1,926.2666015625,484.98956298828125,747.161376953125,757.3475341796875
262,player,3,1,456.11944580078125,427.172607421875,413.086181640625,560.3203125
262,player,35,1,766.12255859375,462.7265625,645.8562622070312,666.5062866210938
262,player,38,1,515.7022094726562,363.05413818359375,524.89404296875,266.54595947265625
262,player,51,1,596.6937866210938,405.77294921875,547.178955078125,478.70758056640625
262,player,36,0,1121.3746337890625,564.4833374023438,799.3709106445312,958.8653564453125
263,player,7,1,707.2003784179688,459.805908203125,603.1368408203125,639.1654663085938
263,player,1,1,925.851318359375,483.2403259277344,747.5924072265625,755.67578125
263,player,38,1,515.8311767578125,366.0127258300781,523.1211547851562,272.9262390136719
263,player,3,1,468.32843017578125,427.01824951171875,421.20574951171875,533.37109375
263,player,35,1,767.16748046875,460.1727600097656,647.8954467773438,663.2807006835938
263,player,51,1,601.7567138671875,406.7602844238281,552.9573974609375,471.30194091796875
263,player,48,-1,441.264404296875,483.15447998046875,393.6068115234375,553.4954223632812
263,player,36,0,1120.0526123046875,564.2588500976562,799.3656005859375,957.361328125
263,ball,-1,-1,614.13916015625,303.04010009765625,1102.1876220703125,291.3934631347656
264,player,7,1,708.0975952148438,459.54095458984375,604.3502197265625,639.6138916015625
264,player,38,1,515.900146484375,362.66839599609375,522.9530029296875,272.4326171875
264,player,1,1,925.4788818359375,481.9281921386719,748.2525634765625,753.50830078125
264,player,3,1,478.9826965332031,427.613037109375,429.4862060546875,517.5518798828125
264,player,48,-1,435.6531066894531,483.5079650878906,389.9709777832031,581.1943969726562
264,player,51,1,602.3681640625,409.21240234375,556.1849365234375,469.3316650390625
264,player,35,1,770.13134765625,460.58673095703125,649.8880004882812,661.8208618164062
264,player,36,0,1118.84228515625,562.4048461914062,799.72802734375,955.2012939453125
265,player,1,1,922.9153442382812,477.34857177734375,749.6944580078125,748.179931640625
265,player,38,1,514.853515625,362.8233642578125,522.4503173828125,272.2068786621094
265,player,51,1,605.3726196289062,412.1934814453125,558.322265625,471.6998596191406
265,player,35,1,770.4161376953125,459.29791259765625,651.6715087890625,659.7424926757812
265,player,48,-1,429.66094970703125,478.9981689453125,386.65753173828125,594.6456298828125
265,player,7,1,708.8552856445312,455.22235107421875,606.608154296875,636.0147094726562
265,player,36,0,1118.2237548828125,564.2158203125,799.204833984375,954.8232421875
265,player,3,1,471.272216796875,430.78515625,431.9933776855469,509.9109191894531
266,player,1,1,920.901611328125,480.281982421875,749.0396728515625,746.9229736328125
266,player,35,1,774.857421875,461.0521545410156,653.466064453125,660.3607177734375
266,player,38,1,516.2655029296875,361.44189453125,522.9951171875,270.2854309082031
266,player,48,-1,424.8752746582031,477.28350830078125,383.466064453125,601.4155883789062
266,player,36,0,1117.386474609375,566.8741455078125,797.774169921875,956.07861328125
266,player,51,1,607.3414916992188,415.33038330078125,559.3988037109375,476.9110107421875
266,player,7,1,712.98046875,453.9906005859375,609.569091796875,632.911865234375
266,player,3,1,483.5423278808594,428.9827880859375,437.5545654296875,504.2250061035156
267,player,48,-1,418.04632568359375,476.2232666015625,379.70654296875,604.244873046875
267,player,35,1,776.7930908203125,464.0062561035156,654.2096557617188,663.5552368164062
267,player,1,1,920.3883666992188,481.827392578125,747.92236328125,747.305908203125
267,player,38,1,514.0743408203125,361.722412109375,522.5361328125,269.1753845214844
267,player,36,0,1116.5816650390625,565.2457885742188,797.2178955078125,955.8822021484375
267,player,7,1,715.891357421875,452.1937255859375,612.8306884765625,629.490478515625
267,player,51,1,610.4923095703125,415.2344665527344,561.0604248046875,480.51055908203125
268,player,35,1,778.0671997070312,469.405029296875,653.3318481445312,670.4593505859375
268,player,1,1,919.2439575195312,480.8968505859375,747.2381591796875,746.7093505859375
268,player,48,-1,413.4000244140625,477.7011413574219,375.8126220703125,607.0149536132812
268,player,36,0,1114.6690673828125,564.1123046875,796.8160400390625,954.949951171875
268,player,38,1,512.9788818359375,362.39801025390625,521.67724609375,269.2752380371094
268,player,12,1,425.0633850097656,390.2860107421875,406.4910888671875,449.380615234375
268,player,7,1,720.389404296875,452.56182861328125,616.073486328125,628.0223388671875
268,player,51,1,613.79833984375,414.6091613769531,563.3016967773438,482.4956970214844
269,player,1,1,918.3976440429688,481.25341796875,746.44677734375,746.53662109375
269,player,35,1,781.1411743164062,471.30889892578125,652.9808349609375,676.8574829101562
269,player,38,1,512.3882446289062,361.8992919921875,521.0656127929688,268.57073974609375
269,player,36,0,1112.953857421875,559.95166015625,797.59619140625,951.7493286132812
269,player,51,1,617.9766235351562,411.6287536621094,566.87451171875,480.90863037109375
269,player,52,-1,737.129638671875,452.29656982421875,635.4407958984375,628.976806640625
269,player,3,1,489.5527038574219,429.07623291015625,442.90301513671875,501.221435546875
269,player,48,-1,436.39599609375,441.9317626953125,385.0406494140625,576.3578491210938
269,player,43,1,426.46124267578125,436.9078369140625,379.99468994140625,509.73236083984375
269,ball,-1,-1,627.7594604492188,302.7980041503906,1102.1876220703125,291.3934631347656
270,player,1,1,917.0682983398438,486.8890380859375,743.5794677734375,750.8031616210938
270,player,12,1,431.53668212890625,444.0509948730469,403.2459716796875,475.60504150390625
270,player,35,1,783.5609130859375,458.592529296875,657.4593505859375,670.066650390625
270,player,51,1,615.945556640625,412.94195556640625,568.2048950195312,481.12969970703125
270,player,38,1,512.9551391601562,362.77410888671875,520.6053466796875,269.40667724609375
270,player,55,-1,391.080810546875,479.70428466796875,350.7508850097656,611.6926879882812
270,player,36,0,1111.125,560.94873046875,797.3507080078125,950.1321411132812
270,player,53,-1,628.200439453125,412.399169921875,581.5615844726562,483.3716125488281
270,player,52,-1,739.9241333007812,452.08551025390625,636.2726440429688,629.0369873046875
270,player,3,1,491.26287841796875,423.14202880859375,448.11602783203125,493.01947021484375
271,player,1,1,916.5125122070312,492.6583251953125,739.556640625,758.0394287109375
271,player,12,1,429.44744873046875,447.96630859375,399.91204833984375,496.42779541015625
271,player,35,1,786.1768798828125,460.101318359375,660.58251953125,667.2387084960938
271,player,51,1,615.904052734375,414.2833251953125,568.6654052734375,482.75177001953125
271,player,55,-1,394.30474853515625,483.91033935546875,351.08856201171875,615.7555541992188
271,player,36,0,1110.326171875,556.2890625,798.6192626953125,946.224853515625
271,player,38,1,512.2764282226562,362.85601806640625,520.056640625,269.9857482910156
271,player,3,1,488.86700439453125,427.72467041015625,449.8457336425781,492.4207763671875
271,player,53,-1,631.2762451171875,413.6776123046875,582.0916137695312,485.0948791503906
272,player,1,1,915.33642578125,494.3079833984375,736.076171875,763.9188842773438
272,player,35,1,787.9910278320312,461.0316162109375,662.7968139648438,666.3920288085938
272,player,12,1,430.8359680175781,448.95330810546875,397.9794006347656,511.0870361328125
272,player,55,-1,374.66998291015625,480.77557373046875,346.4502868652344,613.850830078125
272,player,36,0,1108.20654296875,556.51513671875,798.88720703125,943.667724609375
272,player,51,1,616.4210205078125,414.08258056640625,569.1768798828125,483.6369934082031
272,player,38,1,511.5285339355469,362.2796630859375,519.6160278320312,269.466796875
272,player,53,-1,634.91455078125,414.2574462890625,583.3408813476562,487.21990966796875
272,player,3,1,485.09295654296875,427.9454345703125,449.82177734375,491.8961181640625
273,player,12,1,434.86956787109375,456.66619873046875,396.6297912597656,528.6248168945312
273,player,1,1,913.9451904296875,494.79254150390625,733.2974853515625,767.9981689453125
273,player,36,0,1105.2567138671875,560.8555297851562,796.9064331054688,944.400146484375
273,player,55,-1,373.50152587890625,481.83660888671875,343.00042724609375,613.4680786132812
273,player,35,1,791.2266845703125,467.5604248046875,662.9892578125,671.865478515625
273,player,38,1,510.37677001953125,361.0525817871094,519.2974853515625,267.26690673828125
273,player,53,-1,635.787353515625,413.19342041015625,584.7346801757812,487.51885986328125
273,player,51,1,619.5992431640625,414.40460205078125,570.35888671875,484.88836669921875
273,player,3,1,486.53326416015625,428.27423095703125,450.159912109375,492.050537109375
274,player,55,-1,368.14801025390625,483.6573486328125,339.12384033203125,614.3853759765625
274,player,1,1,913.097412109375,494.95794677734375,731.2214965820312,770.7067260742188
274,player,36,0,1103.632080078125,565.4488525390625,793.7020263671875,947.4839477539062
274,player,12,1,437.06280517578125,456.0804443359375,396.45526123046875,539.656494140625
274,player,35,1,793.157958984375,454.48681640625,667.9281616210938,663.9793701171875
274,player,3,1,488.7638854980469,429.96685791015625,450.6844482421875,494.18133544921875
274,player,38,1,510.4712219238281,362.2431945800781,518.7803955078125,267.5250244140625
274,player,53,-1,638.1853637695312,414.120361328125,586.0703735351562,488.9749755859375
274,player,52,-1,741.610107421875,445.4944763183594,639.3739013671875,623.038818359375
275,player,55,-1,359.01739501953125,481.20208740234375,334.43756103515625,611.9617919921875
275,player,1,1,912.1138916015625,495.500244140625,729.4395751953125,772.8023681640625
275,player,3,1,483.851318359375,434.8775634765625,448.61572265625,500.2744140625
275,player,36,0,1098.0120849609375,558.5699462890625,792.68798828125,944.986083984375
275,player,35,1,794.37744140625,446.7071533203125,674.1327514648438,651.7877197265625
275,player,38,1,508.9048767089844,361.76312255859375,518.0587158203125,266.8347473144531
275,player,53,-1,633.2835693359375,412.25091552734375,586.0505981445312,487.364990234375
275,player,52,-1,743.5859375,448.34588623046875,641.0206909179688,622.0198974609375
275,player,12,1,440.47930908203125,450.4041748046875,398.21337890625,541.5465087890625
275,player,56,-1,436.3938903808594,353.3973388671875,452.96002197265625,206.39801025390625
276,player,1,1,911.3370361328125,495.75286865234375,728.0001220703125,774.294189453125
276,player,36,0,1096.0531005859375,562.4942016601562,790.2607421875,945.57080078125
276,player,3,1,484.5377502441406,434.84722900390625,447.47503662109375,504.26983642578125
276,player,55,-1,353.58538818359375,481.44091796875,329.9123229980469,610.1224365234375
276,player,53,-1,630.1539916992188,411.36065673828125,585.3751831054688,485.0132141113281
276,player,38,1,508.9671630859375,361.5729675292969,517.664794921875,266.12542724609375
276,player,35,1,795.6681518554688,446.327880859375,678.6535034179688,643.6273193359375
276,player,52,-1,749.2598266601562,441.04876708984375,646.0430297851562,614.9332885742188
276,player,12,1,442.9918212890625,441.51434326171875,401.5563049316406,534.0066528320312
277,player,1,1,910.4376220703125,497.01922607421875,726.40869140625,776.15869140625
277,player,36,0,1094.080078125,571.652587890625,785.2102661132812,951.1893310546875
277,player,52,-1,749.2293701171875,448.0244140625,647.015869140625,616.9705810546875
277,player,35,1,796.5929565429688,444.38824462890625,682.5260009765625,636.5853271484375
277,player,55,-1,350.4749450683594,481.578857421875,326.1241149902344,608.7767944335938
277,player,3,1,487.08709716796875,432.54595947265625,447.9298095703125,504.6956787109375
277,player,53,1,633.0455322265625,398.2572326660156,589.8992919921875,468.82940673828125
277,player,38,1,508.0365295410156,361.3970642089844,517.14794921875,265.3075256347656
277,player,12,1,442.8982849121094,438.46795654296875,404.22589111328125,525.940673828125
277,player,56,-1,437.0404968261719,351.67822265625,453.5986328125,203.909912109375
278,player,55,0,347.895263671875,479.5689392089844,323.1797180175781,605.8433227539062
278,player,35,1,802.2203369140625,444.2344970703125,686.6546020507812,632.3856811523438
278,player,1,1,909.7367553710938,498.2381591796875,724.7869873046875,778.241943359375
278,player,36,0,1093.373046875,575.8388671875,780.4141845703125,957.2024536132812
278,player,53,1,635.4432373046875,400.54083251953125,592.840087890625,461.222900390625
278,player,3,1,467.25811767578125,437.7630615234375,441.49468994140625,508.5103759765625
278,player,38,1,507.9636535644531,362.3662414550781,516.5115966796875,266.1318359375
278,player,52,-1,760.4839477539062,420.63275146484375,660.2362060546875,592.2640380859375
278,player,56,-1,436.9041748046875,352.63348388671875,453.7347412109375,203.70449829101562
279,player,35,1,807.9992065429688,445.40740966796875,690.5187377929688,631.29443359375
279,player,55,0,345.9635009765625,479.17071533203125,320.7880554199219,603.4005737304688
279,player,1,1,909.581298828125,498.81640625,723.4993286132812,780.022705078125
279,player,36,0,1091.740234375,577.1588134765625,776.5144653320312,961.7504272460938
279,player,3,1,467.5038757324219,438.313720703125,437.27978515625,511.58538818359375
279,player,53,1,638.7496337890625,405.0354309082031,594.3253784179688,461.7859802246094
279,player,38,1,508.1834716796875,361.6552734375,516.373779296875,265.69293212890625
279,player,52,1,762.5438232421875,429.32745361328125,666.2986450195312,585.30419921875
279,player,56,-1,435.3492431640625,352.9668273925781,453.20941162109375,203.88052368164062
280,player,35,1,810.2282104492188,442.97174072265625,694.5185546875,628.4988403320312
280,player,36,0,1090.302490234375,575.9827880859375,774.04150390625,963.9335327148438
280,player,55,0,343.9591064453125,478.88372802734375,318.7240295410156,601.3713989257812
280,player,1,1,908.2216796875,499.02294921875,722.253173828125,781.225341796875
280,player,38,1,507.3608703613281,361.23638916015625,516.1287841796875,264.7205810546875
280,player,3,1,475.4815673828125,436.54534912109375,437.16668701171875,512.5171508789062
280,player,53,1,643.0195922851562,404.3873596191406,596.7862548828125,461.8544921875
280,player,56,-1,435.2596435546875,353.8561096191406,452.6235046386719,205.3067626953125
281,player,35,1,815.6744384765625,442.3829345703125,698.8414916992188,626.6318359375
281,player,36,0,1089.841552734375,577.6972045898438,771.7840576171875,966.2992553710938
281,player,1,1,907.7891845703125,499.00933837890625,721.3396606445312,781.9612426757812
281,player,55,0,340.2947998046875,480.861572265625,316.1983337402344,601.534912109375
281,player,38,1,507.7239685058594,362.11737060546875,515.8399658203125,265.3725280761719
281,player,53,1,645.3732299804688,406.7329406738281,598.347900390625,464.8021240234375
281,player,3,1,486.74884033203125,434.0139465332031,440.837158203125,511.5690612792969
281,player,56,-1,434.1716613769531,355.42608642578125,451.49639892578125,208.42552185058594
282,player,35,1,821.9326171875,442.1823425292969,703.4602661132812,625.8114013671875
282,player,1,1,906.648193359375,498.5201416015625,720.6246948242188,781.9742431640625
282,player,36,0,1087.065673828125,577.31298828125,769.831298828125,967.4231567382812
282,player,55,0,334.12799072265625,478.4148864746094,313.14129638671875,598.8521728515625
282,player,38,1,507.59417724609375,363.7894287109375,515.1353759765625,268.1241760253906
282,player,53,1,648.0134887695312,406.19818115234375,600.3276977539062,466.38525390625
282,player,3,1,481.556640625,434.2359619140625,441.67913818359375,510.6803283691406
282,player,54,-1,455.7127685546875,439.91015625,418.962890625,518.7700805664062
282,player,56,-1,434.41558837890625,355.4744873046875,450.83551025390625,210.55325317382812
282,player,52,1,776.114013671875,427.578857421875,674.7415771484375,580.327392578125
283,player,35,1,827.92041015625,441.33074951171875,708.438232421875,625.0301513671875
283,player,55,0,328.4739990234375,476.0223388671875,309.8594970703125,594.3900146484375
283,player,1,1,907.1411743164062,495.79425048828125,721.202392578125,779.9409790039062
283,player,53,1,653.5233154296875,419.173828125,599.1841430664062,482.25762939453125
283,player,36,0,1084.73486328125,579.0359497070312,767.5045166015625,968.9713134765625
283,player,38,1,508.7667236328125,362.36285400390625,515.4722900390625,268.0515441894531
283,player,3,1,469.4852294921875,438.2121276855469,437.98724365234375,513.081787109375
283,player,52,1,778.3714599609375,437.8115234375,677.2155151367188,587.4402465820312
284,player,35,1,831.0296630859375,439.7189636230469,713.1396484375,623.2814331054688
284,player,38,1,507.77227783203125,362.89349365234375,515.208984375,268.63299560546875
284,player,1,1,907.049072265625,495.001953125,721.8234252929688,778.0029296875
284,player,53,1,658.1265869140625,418.3909912109375,600.033447265625,492.1929931640625
284,player,3,1,467.8673095703125,439.1082763671875,434.95635986328125,515.4146118164062
284,player,36,0,1082.2138671875,577.1517333984375,766.0374145507812,968.727294921875
284,player,55,0,327.27587890625,465.5118408203125,308.4241027832031,581.4242553710938
284,player,7,1,765.744140625,442.42315673828125,633.9644165039062,621.7003784179688
284,player,56,0,431.8018493652344,356.2729187011719,449.32696533203125,212.79861450195312
285,player,35,1,833.9876708984375,436.54229736328125,718.2222290039062,619.3790283203125
285,player,53,1,662.0762939453125,418.5694580078125,601.689208984375,499.2362060546875
285,player,38,1,508.12506103515625,362.4375,515.284912109375,268.41229248046875
285,player,7,1,766.640380859375,447.8426513671875,644.025634765625,622.807373046875
285,player,1,1,905.9464721679688,496.26361083984375,721.522705078125,777.6209106445312
285,player,36,0,1078.65380859375,573.3904418945312,765.4995727539062,966.1552734375
285,player,3,1,467.0732421875,439.33709716796875,432.7163391113281,517.0909423828125
285,player,55,0,323.52593994140625,465.317138671875,306.47564697265625,572.4641723632812
285,player,56,0,433.841796875,356.05877685546875,449.0914306640625,214.18710327148438
286,player,35,1,836.1605224609375,437.533935546875,721.755859375,618.00048828125
286,player,1,1,906.1512451171875,496.4461669921875,721.3170166015625,777.5294189453125
286,player,55,0,317.63909912109375,457.42901611328125,304.3393249511719,558.3507690429688
286,player,38,1,508.423583984375,362.2103271484375,515.4984130859375,267.9844970703125
286,player,3,1,466.3271484375,437.1689453125,431.4491271972656,515.8589477539062
286,player,53,1,666.113037109375,417.6810607910156,604.2300415039062,503.26251220703125
286,player,36,0,1076.822021484375,573.7159423828125,764.6422119140625,964.5421752929688
286,player,7,1,771.5416259765625,447.65985107421875,651.9772338867188,623.808349609375
286,ball,-1,-1,779.9029541015625,302.8089599609375,1083.204833984375,275.99609375
287,player,35,1,833.6148681640625,431.8172607421875,725.5343017578125,611.3173217773438
287,player,1,1,905.901123046875,495.04669189453125,721.593994140625,776.3748779296875
287,player,38,1,508.7850646972656,361.65216064453125,515.9171142578125,266.96307373046875
287,player,3,1,463.87261962890625,438.0015869140625,429.7655944824219,515.6871337890625
287,player,36,0,1076.5965576171875,572.2622680664062,764.499755859375,962.6356201171875
287,player,53,1,669.9490966796875,419.3187255859375,606.4892578125,508.0167236328125
287,player,55,0,314.6271057128906,452.4273681640625,302.5894775390625,543.8607788085938
287,player,7,1,773.5194702148438,436.8031005859375,661.409423828125,614.2628173828125
287,ball,-1,-1,782.242919921875,302.04876708984375,1066.050537109375,261.59918212890625
288,player,35,1,838.020751953125,431.47491455078125,729.3677978515625,607.0572509765625
288,player,53,1,673.7465209960938,418.2059326171875,609.4244995117188,510.29449462890625
288,player,3,1,463.9690246582031,437.40972900390625,428.8083190917969,514.9690551757812
288,player,1,1,905.1512451171875,494.92449951171875,721.626708984375,775.46826171875
288,player,36,0,1074.7633056640625,572.867919921875,763.808837890625,961.617919921875
288,player,38,1,508.32904052734375,363.767333984375,515.4360961914062,269.2125244140625
288,player,55,0,311.2209167480469,451.47027587890625,300.5804748535156,533.145263671875
288,player,52,1,773.718017578125,432.7213134765625,679.308349609375,586.6295166015625
288,player,56,0,434.0997314453125,355.5485534667969,449.1470031738281,214.36962890625
288,ball,-1,-1,659.963134765625,306.87445068359375,1066.050537109375,261.59918212890625
289,player,35,1,838.09912109375,431.42694091796875,731.9005126953125,604.2486572265625
289,player,36,0,1072.308349609375,574.2471923828125,762.379638671875,961.5809936523438
289,player,3,1,461.3033447265625,439.81597900390625,426.98004150390625,516.7403564453125
289,player,1,1,905.4349365234375,494.539306640625,721.85009765625,774.605712890625
289,player,53,1,678.1544189453125,415.7649841308594,613.4154052734375,509.5885009765625
289,player,38,1,506.9447326660156,361.83154296875,515.2107543945312,267.79901123046875
289,player,55,0,306.6490783691406,452.598388671875,297.8737487792969,526.896484375
289,player,52,1,775.5482177734375,433.8472900390625,680.7869873046875,587.3900756835938
289,player,56,0,434.9415283203125,355.8057861328125,449.408935546875,214.96766662597656
289,ball,-1,-1,660.3749389648438,301.9307861328125,1066.050537109375,261.59918212890625
290,player,36,0,1070.6153564453125,574.5764770507812,760.9735107421875,961.6276245117188
290,player,3,1,459.77239990234375,439.1707763671875,425.4703063964844,517.0770263671875
290,player,53,1,682.8321533203125,415.76885986328125,617.38623046875,509.6022644042969
290,player,35,1,838.5859375,432.25030517578125,733.3629150390625,603.2762451171875
290,player,1,1,905.2030029296875,494.52911376953125,721.9403076171875,774.0179443359375
290,player,38,1,508.57781982421875,362.1455993652344,515.5201416015625,267.5128479003906
290,player,7,1,784.760986328125,439.5018005371094,669.7447509765625,611.7346801757812
290,player,55,0,304.443115234375,450.63787841796875,295.67138671875,520.6238403320312
290,player,56,0,432.9769287109375,356.14105224609375,448.83074951171875,215.61459350585938
291,player,53,1,687.098388671875,419.7225341796875,619.9277954101562,514.2699584960938
291,player,36,0,1070.073486328125,573.184814453125,760.3809204101562,960.814453125
291,player,3,1,458.15576171875,439.1545715332031,424.0284423828125,517.1232299804688
291,player,35,1,841.519287109375,431.77801513671875,735.32568359375,602.4611206054688
291,player,38,1,507.818359375,362.1256103515625,515.4734497070312,267.2101135253906
291,player,55,0,299.53863525390625,448.99542236328125,292.9954833984375,514.3899536132812
291,player,1,1,906.7106323242188,495.933349609375,721.9022216796875,774.840576171875
291,player,7,1,792.8682861328125,437.34906005859375,678.197021484375,608.7747192382812
292,player,3,1,458.34295654296875,438.80767822265625,423.2076110839844,516.811767578125
292,player,53,1,690.8165893554688,421.98919677734375,621.9276123046875,520.067138671875
292,player,36,0,1068.9493408203125,574.6386108398438,759.287841796875,961.047607421875
292,player,35,1,842.991455078125,431.1764831542969,737.25341796875,601.4818725585938
292,player,38,1,507.5187683105469,366.94189453125,513.9889526367188,273.68048095703125
292,player,55,0,295.9061279296875,450.5647888183594,290.08233642578125,511.6080017089844
292,player,7,1,815.5550537109375,435.5461120605469,690.7169189453125,607.2453002929688
292,player,1,1,906.501220703125,496.7410888671875,721.552001953125,775.976806640625
292,player,52,1,798.0950927734375,435.21331787109375,687.6148681640625,591.3675537109375
293,player,53,1,691.59375,421.1915283203125,623.7130126953125,523.0718383789062
293,player,35,1,844.3692626953125,432.26470947265625,738.4674072265625,602.0421142578125
293,player,36,0,1067.958984375,575.4205932617188,758.113037109375,961.580322265625
293,player,3,1,457.63409423828125,437.77642822265625,422.65728759765625,515.468994140625
293,player,55,0,289.756103515625,453.5897216796875,286.1855163574219,512.3082885742188
293,player,38,1,508.11712646484375,364.85333251953125,513.8062133789062,275.06671142578125
293,player,1,1,903.8546142578125,497.41619873046875,720.43359375,777.0132446289062
293,player,56,0,433.664306640625,355.7054443359375,448.7919921875,215.47645568847656
293,player,52,1,798.525146484375,431.26531982421875,693.6244506835938,590.111328125
294,player,53,1,691.63037109375,424.6326904296875,623.770263671875,528.6342163085938
294,player,55,0,283.4983215332031,455.2531433105469,281.74945068359375,513.8605346679688
294,player,36,0,1066.95458984375,574.2880249023438,757.4849243164062,961.201904296875
294,player,38,1,507.5709533691406,365.49462890625,513.326416015625,276.7943420410156
294,player,3,1,458.1413269042969,437.094970703125,422.5692443847656,513.9346923828125
294,player,1,1,899.3062744140625,499.1719970703125,717.9824829101562,778.6505126953125
294,player,52,1,797.319580078125,435.5541687011719,695.6170043945312,593.3954467773438
294,player,56,0,432.91668701171875,355.55712890625,448.5469970703125,215.07876586914062
294,player,58,-1,792.3751831054688,433.6015625,697.3652954101562,592.6900634765625
295,player,35,1,851.0872802734375,429.75103759765625,742.1506958007812,600.5812377929688
295,player,53,1,691.6531982421875,423.13153076171875,624.2982177734375,530.6849975585938
295,player,36,0,1066.6436767578125,576.33935546875,756.363525390625,962.11669921875
295,player,38,1,507.4438781738281,361.2486572265625,514.1722412109375,271.9635314941406
295,player,54,-1,456.6683349609375,433.8131103515625,420.34234619140625,512.4884033203125
295,player,1,1,900.7595825195312,498.84002685546875,716.8629150390625,779.5816650390625
295,player,52,1,797.0322265625,432.7989501953125,697.8378295898438,592.8021850585938
295,player,55,0,274.9538269042969,457.25177001953125,276.30535888671875,516.0831909179688
295,player,56,0,436.41796875,357.8728942871094,449.03094482421875,218.6312255859375
296,player,53,1,691.8338623046875,419.88446044921875,625.7509765625,528.6148681640625
296,player,38,1,507.2696533203125,361.002197265625,514.7340698242188,268.4549255371094
296,player,36,0,1064.808349609375,578.90380859375,754.4324951171875,964.0511474609375
296,player,55,0,271.5850830078125,457.0482177734375,271.8346252441406,517.0067138671875
296,player,1,1,901.642822265625,500.01708984375,715.9649047851562,781.15283203125
296,player,56,0,425.50592041015625,355.80010986328125,446.11895751953125,216.60067749023438
296,player,52,1,801.2596435546875,429.78497314453125,701.5960083007812,589.83544921875
296,player,54,-1,454.1926574707031,431.3026123046875,420.9813232421875,505.49407958984375
297,player,53,1,691.6791381835938,419.70733642578125,626.7081909179688,527.066162109375
297,player,36,0,1063.14306640625,578.071044921875,753.071044921875,964.7158203125
297,player,38,1,505.51068115234375,362.30059814453125,514.142822265625,267.79925537109375
297,player,55,0,267.8131103515625,456.8873291015625,267.87908935546875,517.0905151367188
297,player,1,1,899.9736328125,501.28302001953125,714.54638671875,782.9944458007812
297,player,54,-1,455.0437927246094,428.3345947265625,422.1948547363281,497.8423767089844
297,player,56,0,425.000244140625,355.78875732421875,444.05633544921875,215.20358276367188
297,player,52,1,800.1097412109375,426.85430908203125,704.8116455078125,584.861083984375
297,player,35,1,857.4700927734375,430.9631042480469,745.863525390625,601.4310913085938
298,player,36,0,1061.3765869140625,578.8001708984375,751.5730590820312,965.4407958984375
298,player,53,1,692.1748046875,420.7359619140625,627.1383666992188,527.1976318359375
298,player,38,1,505.404296875,362.4654541015625,513.676513671875,267.5923767089844
298,player,55,0,264.6982421875,456.129638671875,264.4843444824219,516.0860595703125
298,player,1,1,901.7777099609375,500.962646484375,714.1796264648438,784.0972290039062
298,player,56,0,423.6789245605469,355.8214111328125,442.2575378417969,214.18548583984375
298,player,54,-1,461.24029541015625,423.02618408203125,425.81622314453125,487.69317626953125
298,player,35,1,859.6441650390625,430.83831787109375,748.9407958984375,602.068603515625
298,player,52,1,814.6259765625,423.33819580078125,712.4105224609375,579.4754638671875
298,player,59,-1,845.8702392578125,434.17315673828125,739.7933349609375,608.7967529296875
298,ball,-1,-1,300.79443359375,348.5706787109375,1066.050537109375,261.59918212890625
299,player,53,1,691.8948364257812,422.1644287109375,626.87109375,528.7606811523438
299,player,36,0,1060.18359375,577.3301391601562,750.7932739257812,964.986572265625
299,player,55,0,258.370849609375,456.59326171875,260.4627685546875,515.30712890625
299,player,1,1,901.532958984375,499.94281005859375,714.2179565429688,784.0226440429688
299,player,54,-1,462.80535888671875,419.6853942871094,429.28802490234375,477.5489501953125
299,player,38,1,505.69384765625,360.69195556640625,513.9728393554688,264.99017333984375
299,player,56,0,419.1332702636719,355.35845947265625,439.642333984375,212.29530334472656
299,player,58,-1,796.6689453125,422.3722229003906,702.77587890625,581.826416015625
299,ball,-1,-1,850.8001708984375,399.2559814453125,1066.050537109375,261.59918212890625
300,player,53,1,691.31982421875,422.56683349609375,626.3997192382812,530.142578125
300,player,1,1,902.02734375,499.3226318359375,714.5723876953125,783.5443725585938
300,player,36,0,1060.0537109375,580.5759887695312,749.255615234375,966.5360717773438
300,player,38,1,505.2923278808594,363.91796875,513.1201782226562,267.7877197265625
300,player,54,-1,462.01226806640625,419.43182373046875,431.3587341308594,470.5919189453125
300,player,55,0,255.98974609375,453.99591064453125,257.3486328125,511.9334411621094
300,player,58,-1,798.2840576171875,423.44195556640625,706.3494873046875,576.017333984375
300,player,60,-1,283.1740417480469,452.7973327636719,273.8136901855469,509.5223388671875
300,player,56,0,419.6037292480469,355.4223937988281,438.08868408203125,211.2176513671875
301,player,53,1,689.7819213867188,421.8533935546875,625.8773193359375,530.1394653320312
301,player,3,1,435.70574951171875,419.35919189453125,419.16644287109375,491.5008850097656
301,player,36,0,1059.17578125,580.568603515625,748.0665893554688,967.4776611328125
301,player,38,1,505.8373718261719,366.6627197265625,511.9813232421875,273.4775085449219
301,player,1,1,901.7998046875,498.55718994140625,715.000732421875,782.6329956054688
301,player,55,0,254.52679443359375,453.08343505859375,254.96987915039062,508.66705322265625
301,player,60,-1,280.359619140625,452.1077880859375,273.0711669921875,508.55010986328125
301,player,58,-1,798.9959716796875,423.9425964355469,708.6861572265625,572.8214111328125
301,ball,-1,-1,865.7605590820312,400.38397216796875,1066.050537109375,261.59918212890625
302,player,53,1,689.12939453125,424.1527099609375,624.6071166992188,532.4828491210938
302,player,3,1,437.33447265625,417.57861328125,417.76727294921875,475.07586669921875
302,player,36,0,1055.06787109375,580.9715576171875,746.2730102539062,968.0316162109375
302,player,55,0,252.42147827148438,453.7153015136719,252.78567504882812,506.9923095703125
302,player,38,1,506.6025390625,364.32568359375,512.146728515625,274.025146484375
302,player,1,1,899.0966796875,497.0321044921875,715.11083984375,780.6539306640625
302,player,58,-1,799.7455444335938,423.26806640625,710.677978515625,570.12890625
302,player,35,1,883.753662109375,498.08551025390625,732.9764404296875,662.828857421875
302,player,60,-1,279.49169921875,452.797607421875,272.28790283203125,508.54180908203125
302,player,52,1,820.7980346679688,418.6123046875,721.000244140625,571.7278442382812
302,ball,-1,-1,871.4840087890625,396.26361083984375,1066.050537109375,261.59918212890625
303,player,3,1,436.6279602050781,417.41900634765625,416.6756286621094,464.1470947265625
303,player,53,1,688.9782104492188,426.83843994140625,622.880859375,536.7789306640625
303,player,55,0,251.27919006347656,452.922119140625,251.09280395507812,504.9814758300781
303,player,36,0,1053.5504150390625,577.9271240234375,745.708251953125,966.5469360351562
303,player,58,-1,800.6192626953125,422.95843505859375,712.3425903320312,568.1475219726562
303,player,38,1,507.0544738769531,365.2657165527344,512.140625,275.740234375
303,player,1,1,896.3634033203125,495.62432861328125,714.9664306640625,778.061279296875
303,player,56,0,422.85089111328125,363.3314208984375,436.41046142578125,222.389404296875
303,player,60,-1,279.0509033203125,451.773681640625,271.7344970703125,507.4459533691406
303,ball,-1,-1,288.80908203125,341.58380126953125,1066.050537109375,261.59918212890625
304,player,53,1,688.389404296875,430.25048828125,620.5144653320312,543.0145874023438
304,player,3,1,437.60699462890625,417.4957275390625,416.24505615234375,457.22979736328125
304,player,55,0,249.99058532714844,452.1451110839844,249.67581176757812,502.7521667480469
304,player,36,0,1052.9644775390625,578.0611572265625,745.17138671875,965.6175537109375
304,player,56,0,420.2738342285156,393.3946228027344,428.2901916503906,269.55950927734375
304,player,1,1,893.3211669921875,494.7998046875,714.3825073242188,775.488525390625
304,player,38,1,507.48370361328125,368.5943603515625,511.35302734375,281.4878845214844
304,player,58,-1,802.7313842773438,423.544677734375,713.807373046875,567.6640625
304,player,52,1,831.6630859375,422.8179931640625,728.0328979492188,572.0679931640625
304,player,61,-1,416.5312194824219,359.1729736328125,429.82672119140625,223.89064025878906
304,ball,-1,-1,286.8018493652344,343.40557861328125,1066.050537109375,261.59918212890625
305,player,53,1,688.515869140625,426.89776611328125,620.068603515625,543.6407470703125
305,player,36,0,1052.5125732421875,580.9718627929688,743.8328857421875,966.64404296875
305,player,3,1,441.91448974609375,416.98846435546875,417.3493957519531,452.5972900390625
305,player,55,0,248.70799255371094,452.2607421875,248.3828887939453,501.30035400390625
305,player,1,1,894.9166870117188,494.92181396484375,714.364013671875,774.0426635742188
305,player,52,1,832.7921752929688,422.3017272949219,733.1356201171875,571.8741455078125
305,player,56,0,420.181396484375,382.76904296875,425.0707702636719,286.5877990722656
305,player,38,1,507.5877685546875,369.10528564453125,510.7343444824219,285.933349609375
305,player,58,1,805.3265380859375,422.41064453125,715.9429321289062,566.4442749023438
305,player,61,-1,413.7269592285156,359.1336975097656,428.8853454589844,223.50071716308594
305,ball,-1,-1,285.0799560546875,347.67578125,1066.050537109375,261.59918212890625
306,player,53,1,688.218017578125,429.8926696777344,618.7493896484375,547.09326171875
306,player,36,0,1050.8353271484375,580.1675415039062,742.8413696289062,966.7359619140625
306,player,1,1,896.498779296875,496.94305419921875,714.0748901367188,774.7877807617188
306,player,55,0,247.17080688476562,451.40093994140625,247.15878295898438,499.32244873046875
306,player,7,1,813.2852783203125,422.19464111328125,703.310302734375,592.7279052734375
306,player,52,1,829.5035400390625,421.93438720703125,735.6539306640625,571.0532836914062
306,player,3,1,440.7503662109375,417.14385986328125,417.68951416015625,449.64373779296875
306,player,38,1,508.36181640625,362.0367431640625,512.5693969726562,279.1218566894531
306,player,61,-1,412.8299560546875,368.7068176269531,425.9325866699219,236.79193115234375
306,player,54,-1,465.054443359375,417.64886474609375,433.96612548828125,464.3792419433594
306,ball,-1,-1,283.66387939453125,347.58599853515625,1066.050537109375,261.59918212890625
307,player,53,1,687.8216552734375,428.0645446777344,618.3526000976562,547.4263305664062
307,player,36,0,1049.7386474609375,582.7555541992188,741.1720581054688,968.189453125
307,player,1,1,896.007080078125,496.7962646484375,713.8124389648438,775.1190185546875
307,player,7,1,814.05615234375,422.236572265625,711.7015380859375,583.4097290039062
307,player,3,1,437.09197998046875,413.2843017578125,417.53179931640625,442.9422607421875
307,player,55,0,246.37120056152344,450.34033203125,246.200927734375,496.86102294921875
307,player,38,1,505.44921875,372.84259033203125,509.8058776855469,289.2083740234375
307,player,54,-1,491.95703125,420.143798828125,443.14935302734375,465.84210205078125
307,player,61,-1,410.80712890625,394.4475402832031,418.3039245605469,279.21649169921875
307,ball,-1,-1,281.28363037109375,355.4403076171875,1066.050537109375,261.59918212890625
308,player,53,1,687.7283935546875,432.50567626953125,616.679931640625,552.1604614257812
308,player,7,1,812.7769775390625,423.3069152832031,716.369873046875,578.3202514648438
308,player,36,0,1048.127685546875,584.41943359375,739.2352294921875,969.961669921875
308,player,1,1,895.6253662109375,497.3880615234375,713.3492431640625,775.756103515625
308,player,3,1,433.3656005859375,410.73992919921875,416.77734375,435.256591796875
308,player,54,-1,495.58837890625,420.04864501953125,450.21563720703125,467.0529479980469
308,player,60,-1,273.13232421875,450.177001953125,269.81561279296875,504.5260314941406
308,player,55,0,245.86077880859375,450.29302978515625,245.43560791015625,495.1632080078125
308,player,38,1,509.496826171875,402.4566650390625,501.74835205078125,333.5365905761719
308,ball,-1,-1,278.66741943359375,357.7767333984375,1066.050537109375,261.59918212890625
309,player,53,1,687.3055419921875,434.4796142578125,614.86328125,557.1845703125
309,player,54,-1,494.83270263671875,420.30059814453125,454.5303955078125,468.04266357421875
309,player,7,1,812.1021728515625,424.4547119140625,718.764892578125,576.11279296875
309,player,36,0,1046.5274658203125,582.18603515625,738.2998046875,969.7394409179688
309,player,1,1,891.0969848632812,498.7845458984375,711.4522705078125,776.864013671875
309,player,3,1,430.80609130859375,406.39642333984375,416.3222961425781,424.8924865722656
309,player,35,1,905.351806640625,430.529296875,753.5782470703125,646.026611328125
309,player,60,-1,271.9696044921875,451.386474609375,268.14593505859375,503.7648010253906
309,player,55,0,245.3574981689453,450.1142578125,244.80551147460938,493.82568359375
309,ball,-1,-1,278.239990234375,360.6954040527344,1066.050537109375,261.59918212890625
310,player,7,1,813.4328002929688,422.77191162109375,721.3582763671875,573.0958251953125
310,player,53,1,687.3258666992188,432.0315246582031,614.444091796875,557.9849243164062
310,player,36,0,1045.4478759765625,583.8527221679688,736.9553833007812,970.4631958007812
310,player,1,1,892.897705078125,499.45941162109375,710.44775390625,778.245849609375
310,player,54,-1,495.2474060058594,415.53900146484375,458.49468994140625,463.41412353515625
310,player,3,1,424.4442443847656,404.60369873046875,414.410400390625,415.35455322265625
310,player,35,1,907.4930419921875,429.61761474609375,767.9632568359375,634.423095703125
310,player,60,-1,271.9283447265625,454.43829345703125,266.8206787109375,506.38916015625
310,player,55,0,245.26559448242188,451.5540771484375,244.28160095214844,494.44085693359375
310,ball,-1,-1,278.41015625,361.1054382324219,1066.050537109375,261.59918212890625
311,player,53,1,686.7779541015625,430.60260009765625,614.459228515625,557.0014038085938
311,player,1,1,890.607666015625,500.39605712890625,708.915771484375,779.6673583984375
311,player,7,1,815.3414306640625,423.4027099609375,723.34619140625,571.9633178710938
311,player,54,-1,496.7757568359375,416.39910888671875,461.339111328125,461.52789306640625
311,player,36,0,1043.3553466796875,583.7593994140625,735.6539916992188,970.7352294921875
311,player,35,1,900.2437133789062,436.19879150390625,772.5006713867188,632.5247802734375
311,player,55,0,244.9387969970703,453.6516418457031,243.72085571289062,496.9708251953125
311,player,3,1,425.523193359375,402.8402099609375,413.82989501953125,407.1524658203125
311,player,63,-1,914.5909423828125,431.5289306640625,798.0360717773438,620.0902709960938
311,player,60,-1,271.6556396484375,455.4868469238281,265.8045349121094,509.1341857910156
311,ball,-1,-1,278.62994384765625,366.1264343261719,1066.050537109375,261.59918212890625
312,player,53,1,686.4384765625,431.19537353515625,614.1875,556.9322509765625
312,player,36,0,1042.943603515625,586.0546875,734.0341186523438,972.17626953125
312,player,1,1,888.6524047851562,501.313232421875,707.1333618164062,781.125732421875
312,player,35,1,899.0065307617188,436.779541015625,774.8645629882812,631.7263793945312
312,player,54,-1,499.11834716796875,416.0711669921875,463.96002197265625,460.1714782714844
312,player,7,1,814.4118041992188,426.4630432128906,723.1844482421875,574.2324829101562
312,player,55,0,244.31536865234375,454.46405029296875,243.130859375,499.38885498046875
312,player,63,-1,918.1048583984375,433.567138671875,798.1453247070312,622.3797607421875
312,player,62,-1,474.810302734375,359.955078125,485.48724365234375,246.79550170898438
312,player,56,0,416.6113586425781,401.2449645996094,418.3006591796875,320.5821533203125
312,ball,-1,-1,279.1289367675781,370.8065185546875,1066.050537109375,261.59918212890625
313,player,53,1,685.1943359375,430.96343994140625,613.72705078125,556.5313720703125
313,player,36,0,1043.4993896484375,588.919189453125,732.253662109375,974.752685546875
313,player,54,-1,504.76300048828125,410.350830078125,468.6507873535156,453.37213134765625
313,player,1,1,888.2205810546875,500.97003173828125,705.9786987304688,781.7786865234375
313,player,35,1,911.069091796875,434.0592041015625,780.9066162109375,629.75048828125
313,player,52,1,828.573486328125,425.49420166015625,735.60888671875,574.0355834960938
313,player,55,0,243.665283203125,454.79583740234375,242.54351806640625,501.2384338378906
313,player,62,-1,467.25732421875,365.52435302734375,481.5314636230469,253.79017639160156
313,player,56,0,415.56732177734375,401.91650390625,413.4538879394531,343.38232421875
313,player,3,1,428.2705078125,400.6523742675781,414.7172546386719,399.46636962890625
313,ball,-1,-1,277.90032958984375,371.9109191894531,1066.050537109375,261.59918212890625
314,player,53,1,683.6725463867188,432.27813720703125,612.58642578125,557.4581909179688
314,player,54,0,506.22235107421875,407.7127685546875,472.7530517578125,446.05987548828125
314,player,61,-1,402.0126037597656,401.7520751953125,409.2889099121094,314.8587646484375
314,player,1,1,888.1522827148438,501.5927734375,705.0089111328125,782.6685791015625
314,player,36,0,1042.8265380859375,591.1611328125,730.2926025390625,977.625
314,player,7,1,821.151611328125,428.37371826171875,724.26318359375,578.27001953125
314,player,35,1,904.7943115234375,435.19927978515625,782.6002807617188,628.9637451171875
314,player,52,1,831.9232177734375,427.69085693359375,735.6700439453125,578.497314453125
314,player,55,0,243.531494140625,455.78143310546875,242.06546020507812,503.43365478515625
314,player,3,1,443.602783203125,370.7664794921875,426.4469909667969,357.5635986328125
314,ball,-1,-1,275.76190185546875,374.19287109375,1066.050537109375,261.59918212890625
315,player,61,-1,397.6941833496094,402.9852294921875,401.88006591796875,339.06512451171875
315,player,1,1,888.6175537109375,500.14111328125,704.9668579101562,782.185546875
315,player,54,0,509.3727111816406,407.55010986328125,476.41387939453125,441.44464111328125
315,player,53,1,682.013671875,432.583740234375,611.2777099609375,558.210205078125
315,player,7,1,820.9393310546875,427.28033447265625,725.3270874023438,579.7817993164062
315,player,36,0,1040.846435546875,591.6810302734375,728.4395751953125,979.643310546875
315,player,3,1,445.40313720703125,367.5230712890625,435.41448974609375,326.04754638671875
315,player,35,1,897.3646850585938,436.2789306640625,781.1790771484375,628.7821655273438
315,player,64,-1,459.3996887207031,362.9193115234375,468.5534973144531,253.6883087158203
315,player,56,0,427.49676513671875,364.82763671875,421.62158203125,310.96551513671875
315,ball,-1,-1,273.5501708984375,375.99615478515625,1066.050537109375,261.59918212890625
316,player,1,1,885.0174560546875,500.4163818359375,703.950927734375,781.785400390625
316,player,54,0,511.6572265625,408.2877197265625,479.31231689453125,439.53497314453125
316,player,53,1,679.25146484375,432.9564208984375,609.5252685546875,558.81005859375
316,player,7,1,822.1451416015625,425.81951904296875,726.931396484375,579.4146728515625
316,player,61,-1,391.95587158203125,401.79119873046875,395.48974609375,352.7411193847656
316,player,36,0,1038.311279296875,593.2938232421875,726.22119140625,981.6705322265625
316,player,63,-1,920.7135620117188,435.565185546875,798.0896606445312,626.0162963867188
316,player,3,1,447.71844482421875,368.48797607421875,441.78533935546875,307.1701965332031
316,player,62,-1,471.35662841796875,366.38604736328125,480.10455322265625,260.0137023925781
316,ball,-1,-1,275.767333984375,379.5115661621094,1066.050537109375,261.59918212890625
317,player,1,1,883.0210571289062,501.5494384765625,702.426025390625,782.220458984375
317,player,53,1,678.337158203125,434.7959289550781,607.567626953125,560.9652709960938
317,player,54,0,515.23681640625,407.74346923828125,482.4107666015625,438.03466796875
317,player,63,-1,922.9989013671875,437.9918212890625,797.6561279296875,630.8845825195312
317,player,36,0,1036.027099609375,593.34716796875,724.2730712890625,982.861083984375
317,player,7,1,822.9253540039062,421.7442626953125,729.8033447265625,575.1185913085938
317,player,3,1,446.53369140625,368.28021240234375,445.58270263671875,294.47509765625
317,player,61,1,388.223876953125,400.0775146484375,390.46331787109375,359.13751220703125
317,player,60,-1,268.7790222167969,458.1231689453125,264.14251708984375,513.3081665039062
317,player,62,-1,468.75213623046875,363.6886901855469,478.9940490722656,259.9791259765625
317,ball,-1,-1,279.1583251953125,381.4281005859375,1066.050537109375,261.59918212890625
318,player,53,1,677.6212158203125,436.22979736328125,605.6600952148438,563.7333374023438
318,player,1,1,882.7706298828125,500.70196533203125,701.6459350585938,781.8406372070312
318,player,54,0,517.4791870117188,410.1365966796875,484.5325927734375,440.0460510253906
318,player,36,0,1035.6832275390625,593.70068359375,722.8308715820312,983.805908203125
318,player,63,-1,925.5631103515625,439.27459716796875,797.5409545898438,635.48974609375
318,player,7,1,824.6214599609375,420.53466796875,732.641357421875,571.2528076171875
318,player,3,1,443.78289794921875,366.7393798828125,447.4972229003906,283.7588195800781
318,player,61,1,384.8829040527344,400.76239013671875,386.04364013671875,363.779296875
318,player,60,1,268.58111572265625,459.12921142578125,262.9346923828125,517.0113525390625
319,player,1,1,883.3233642578125,501.05645751953125,701.1622314453125,781.9078369140625
319,player,53,1,678.9049072265625,436.2940673828125,604.7647094726562,565.7192993164062
319,player,36,0,1035.8231201171875,592.8001708984375,722.18359375,983.933837890625
319,player,54,0,522.3970947265625,413.38739013671875,486.6177673339844,445.5548095703125
319,player,3,1,442.9285888671875,365.4590759277344,448.7555847167969,274.898681640625
319,player,7,1,829.243896484375,418.12750244140625,736.79345703125,566.7122802734375
319,player,61,1,381.397216796875,400.7804870605469,382.0841064453125,366.447509765625
319,player,63,-1,928.835693359375,434.57171630859375,800.3878173828125,634.3574829101562
319,player,55,0,241.22528076171875,459.55712890625,240.88583374023438,508.4635925292969
320,player,53,1,680.340576171875,434.3458251953125,605.17919921875,565.196044921875
320,player,54,0,524.9382934570312,414.39703369140625,488.49371337890625,450.5321044921875
320,player,1,1,880.2950439453125,501.53912353515625,699.93701171875,782.0692138671875
320,player,36,0,1035.4793701171875,592.3860473632812,721.8087158203125,983.764892578125
320,player,3,1,443.83233642578125,362.9918518066406,450.45501708984375,265.75634765625
320,player,7,1,832.2689208984375,419.56890869140625,739.782470703125,565.5455932617188
320,player,61,1,378.4361572265625,400.6197509765625,378.615234375,367.669189453125
320,player,55,0,241.26461791992188,461.53631591796875,240.01736450195312,513.71826171875
320,player,63,-1,928.9027099609375,432.91253662109375,802.97705078125,632.0460815429688
320,ball,-1,-1,355.97528076171875,335.1397705078125,1066.050537109375,261.59918212890625
321,player,53,1,679.99462890625,433.229248046875,605.68994140625,563.6979370117188
321,player,1,1,879.0677490234375,501.994873046875,698.6885375976562,782.4185180664062
321,player,54,0,527.0296020507812,415.233642578125,490.138427734375,454.91864013671875
321,player,36,0,1033.50146484375,592.4553833007812,721.1195068359375,983.5576171875
321,player,7,1,832.6290283203125,420.0916748046875,741.617431640625,565.3597412109375
321,player,3,1,444.6531066894531,362.4122314453125,451.9721984863281,259.08502197265625
321,player,61,1,373.845947265625,399.9405822753906,375.03887939453125,367.13812255859375
321,player,55,0,239.8651123046875,463.0118713378906,238.97909545898438,518.4718017578125
321,ball,-1,-1,355.5307312011719,331.21893310546875,1066.050537109375,261.59918212890625
322,player,53,1,681.6235961914062,432.9611511230469,606.568115234375,562.6100463867188
322,player,1,1,878.719482421875,502.4197998046875,697.654296875,782.9381713867188
322,player,54,0,528.8536987304688,415.32550048828125,491.73004150390625,458.0578918457031
322,player,36,0,1027.7322998046875,593.1387939453125,719.234130859375,983.4044189453125
322,player,7,1,830.2186279296875,421.45458984375,741.5653686523438,566.39892578125
322,player,55,0,238.7052001953125,464.373779296875,237.9058380126953,522.8023681640625
322,player,3,1,445.87554931640625,362.7112121582031,453.297119140625,255.31765747070312
322,player,61,1,372.99700927734375,399.47027587890625,372.5235595703125,366.1219177246094
323,player,53,1,681.5728149414062,430.93133544921875,607.748046875,559.8394165039062
323,player,54,0,524.1951904296875,416.885986328125,491.00537109375,461.36834716796875
323,player,1,1,879.8338623046875,502.4859619140625,697.2383422851562,783.4169311523438
323,player,36,0,1026.789794921875,592.8121337890625,717.8995361328125,983.059814453125
323,player,3,1,447.130615234375,363.06695556640625,454.493896484375,253.521484375
323,player,7,1,833.2275390625,420.85504150390625,742.6400146484375,566.75537109375
323,player,55,0,237.90362548828125,467.40374755859375,236.82110595703125,528.519775390625
323,player,65,-1,386.46484375,399.977294921875,379.6116027832031,370.1288146972656
324,player,53,1,680.8250732421875,430.4627685546875,608.4454956054688,557.4887084960938
324,player,1,1,880.145751953125,501.53363037109375,697.35107421875,783.0337524414062
324,player,65,-1,389.5538330078125,409.9520263671875,378.93560791015625,382.46112060546875
324,player,36,0,1026.3499755859375,592.2100219726562,717.1099853515625,982.4727783203125
324,player,3,1,447.2763366699219,361.566162109375,455.680419921875,250.23268127441406
324,player,54,0,529.1591796875,416.15179443359375,492.18682861328125,463.204345703125
324,player,7,1,834.8278198242188,423.019775390625,742.926513671875,569.3486328125
324,player,55,0,237.2567596435547,469.49285888671875,235.8256378173828,534.210205078125
324,player,38,1,502.2479248046875,410.3489990234375,492.4540710449219,370.7984924316406
324,player,60,1,260.44659423828125,470.8100891113281,259.10125732421875,530.1193237304688
325,player,53,1,680.022216796875,432.40496826171875,608.0726318359375,557.8573608398438
325,player,1,1,878.399658203125,503.7738037109375,696.2735595703125,784.33203125
325,player,36,0,1024.482177734375,591.6158447265625,716.3648071289062,981.6337890625
325,player,54,0,527.6995849609375,416.8133850097656,492.36248779296875,464.98712158203125
325,player,65,-1,383.9850769042969,413.46893310546875,376.2471923828125,394.020263671875
325,player,55,0,236.91116333007812,470.5348205566406,235.02822875976562,538.885986328125
325,player,3,1,447.5858154296875,360.39642333984375,456.83807373046875,246.45481872558594
325,player,7,1,835.52001953125,419.6014404296875,744.695068359375,567.6114501953125
325,player,38,1,502.4376525878906,359.131103515625,499.52984619140625,329.47283935546875
326,player,1,1,876.5889892578125,504.85430908203125,694.7808837890625,785.8394775390625
326,player,53,1,679.0748901367188,433.8294677734375,607.1260375976562,559.4447631835938
326,player,36,0,1024.586181640625,593.2913208007812,715.4235229492188,982.0223388671875
326,player,55,0,237.1401824951172,473.2142333984375,234.43194580078125,544.5222778320312
326,player,3,1,449.11419677734375,362.5577392578125,457.58221435546875,247.26913452148438
326,player,65,-1,379.3158874511719,411.98150634765625,373.31182861328125,399.3138427734375
326,player,54,0,531.9526977539062,416.38385009765625,493.84539794921875,466.09796142578125
326,player,63,0,931.259765625,432.53802490234375,805.4830322265625,630.4078369140625
326,player,38,1,502.61883544921875,409.151123046875,491.39886474609375,366.81640625
326,player,7,1,846.335693359375,420.4141845703125,748.6322021484375,568.3740234375
327,player,65,-1,375.82470703125,417.3677978515625,369.5362548828125,408.6432189941406
327,player,1,1,877.09375,502.38433837890625,694.7208251953125,785.002197265625
327,player,53,1,677.4801025390625,434.08282470703125,605.97998046875,560.5786743164062
327,player,36,0,1024.3460693359375,592.7625732421875,714.9110107421875,981.9664306640625
327,player,54,0,531.8933715820312,416.54229736328125,494.7535400390625,466.99041748046875
327,player,3,1,450.26171875,362.4871826171875,458.46759033203125,247.83251953125
327,player,63,0,932.1758422851562,432.1308288574219,807.5467529296875,629.03955078125
327,player,55,0,237.68350219726562,475.834716796875,234.0558319091797,550.73046875
327,player,7,1,843.115234375,419.590087890625,750.601806640625,567.7106323242188
328,player,1,1,876.6983642578125,502.807861328125,694.4483032226562,784.745361328125
328,player,65,-1,372.435791015625,415.9833984375,366.26483154296875,412.76605224609375
328,player,36,0,1024.940185546875,593.7137451171875,714.43408203125,982.4957275390625
328,player,53,1,675.412353515625,434.98114013671875,604.3761596679688,562.0206298828125
328,player,54,0,536.3021240234375,412.7872009277344,497.57464599609375,463.80975341796875
328,player,3,1,450.9189453125,362.782470703125,459.19189453125,248.6955108642578
328,player,7,1,839.2110595703125,419.7572021484375,750.686279296875,567.0684204101562
328,player,63,0,934.0111083984375,432.677490234375,809.1622924804688,628.8468017578125
328,player,55,0,239.06277465820312,477.744384765625,234.08673095703125,556.6934814453125
328,player,66,-1,505.1697998046875,363.88427734375,511.44720458984375,272.8081359863281
328,ball,-1,-1,947.556884765625,334.59112548828125,1058.8629150390625,265.0058898925781
329,player,1,1,875.6292724609375,503.67803955078125,693.728759765625,785.1468505859375
329,player,53,1,674.552978515625,435.2099609375,603.0208740234375,563.1052856445312
329,player,63,0,937.432861328125,434.0321960449219,810.5748291015625,630.335205078125
329,player,36,0,1024.5087890625,595.375732421875,713.558837890625,983.7239990234375
329,player,54,0,537.9933471679688,411.2856140136719,500.2880859375,460.21563720703125
329,player,7,1,842.34716796875,421.2024841308594,751.0542602539062,568.436279296875
329,player,3,1,450.39300537109375,363.6343078613281,459.2811279296875,250.40289306640625
329,player,65,-1,370.24359130859375,424.4525146484375,362.2649841308594,424.845703125
329,player,55,0,240.60195922851562,477.88092041015625,234.51748657226562,560.836181640625
329,player,66,-1,507.1554260253906,373.00250244140625,509.589599609375,285.5123291015625
330,player,53,1,672.3150634765625,434.0495300292969,601.8513793945312,562.4288330078125
330,player,63,0,938.7929077148438,433.8804931640625,811.93896484375,631.2864379882812
330,player,36,0,1024.405029296875,596.5599365234375,712.6323852539062,985.1637573242188
330,player,54,0,537.8914184570312,409.224609375,502.53631591796875,455.51995849609375
330,player,1,1,873.586669921875,503.7061767578125,692.744384765625,785.2625122070312
330,player,65,1,368.57440185546875,427.48486328125,358.748291015625,435.89959716796875
330,player,3,1,450.79144287109375,364.16162109375,459.345458984375,252.3046875
330,player,55,0,244.18316650390625,477.99945068359375,235.76303100585938,563.962158203125
330,player,66,-1,507.32989501953125,374.55902099609375,508.01898193359375,295.86981201171875
330,player,7,1,851.54248046875,421.37921142578125,753.8662109375,570.4024047851562
331,player,36,0,1022.5440673828125,597.3020629882812,711.4227294921875,986.3780517578125
331,player,1,1,871.8212890625,503.945556640625,691.5902099609375,785.3739013671875
331,player,3,1,450.9322509765625,364.7158508300781,459.3011474609375,254.33888244628906
331,player,66,-1,507.5543212890625,378.6298828125,505.98504638671875,308.0013732910156
331,player,54,0,542.5836791992188,407.3241271972656,505.8978271484375,450.7694091796875
331,player,55,0,245.35989379882812,478.622314453125,236.857421875,566.683837890625
331,player,53,1,663.5811767578125,434.7452392578125,598.3984375,561.852294921875
331,player,63,0,942.64892578125,434.50543212890625,813.62646484375,632.8603515625
331,player,65,1,364.3775634765625,430.94769287109375,354.7566223144531,446.4688720703125
331,player,7,1,850.234130859375,421.97271728515625,755.0731811523438,572.1558837890625
331,ball,-1,-1,959.91650390625,340.693359375,1052.27587890625,270.45220947265625
332,player,66,-1,507.56396484375,380.7808837890625,504.09991455078125,318.6897277832031
332,player,36,0,1022.9326171875,599.5582885742188,710.086181640625,988.4208984375
332,player,54,0,544.78662109375,407.6268615722656,508.67218017578125,448.2576904296875
332,player,3,1,450.6230163574219,364.6173095703125,459.19287109375,255.4862518310547
332,player,55,0,246.28416442871094,479.57269287109375,237.76632690429688,569.424560546875
332,player,53,1,664.3307495117188,436.2652587890625,595.9205322265625,563.075927734375
332,player,35,1,869.1865234375,503.2181396484375,748.6468505859375,682.8988037109375
332,player,65,1,363.10455322265625,435.39715576171875,351.2012634277344,458.026611328125
332,player,68,-1,642.4716796875,437.70068359375,572.4319458007812,563.4910278320312
332,player,63,0,944.9073486328125,434.915771484375,815.171875,634.48388671875
332,ball,-1,-1,961.7925415039062,341.443603515625,1046.246337890625,275.75213623046875
333,player,36,0,1022.63134765625,600.51806640625,708.8851318359375,990.2479248046875
333,player,66,-1,507.6170959472656,377.43701171875,503.7742004394531,321.27642822265625
333,player,65,1,362.5806884765625,434.34771728515625,348.8752136230469,464.3597412109375
333,player,3,1,448.9479675292969,361.60638427734375,459.28662109375,251.76368713378906
333,player,54,0,550.53662109375,406.955078125,512.39013671875,446.44610595703125
333,player,55,0,251.2447967529297,478.5614013671875,239.7576446533203,570.7052001953125
333,player,68,-1,639.732177734375,437.9637451171875,571.5820922851562,563.492919921875
333,player,35,1,867.156005859375,502.60626220703125,727.18798828125,717.446533203125
333,player,67,-1,967.9140625,435.3197021484375,835.805419921875,644.7456665039062
333,player,7,1,857.099853515625,422.0482177734375,757.7979736328125,574.04052734375
333,ball,-1,-1,264.9394836425781,351.7285461425781,1046.246337890625,275.75213623046875
334,player,66,-1,507.28265380859375,374.40472412109375,504.26513671875,318.90557861328125
334,player,36,0,1021.8912353515625,601.646240234375,707.6329345703125,991.9944458007812
334,player,54,0,559.0059204101562,408.1093444824219,517.0647583007812,447.4679260253906
334,player,3,1,448.48321533203125,361.5877685546875,459.1959228515625,249.2628173828125
334,player,53,1,662.5780029296875,436.86065673828125,593.6387329101562,564.299560546875
334,player,65,1,362.080078125,434.07611083984375,347.2528991699219,468.1343994140625
334,player,67,-1,972.175537109375,436.24945068359375,836.5679321289062,646.015380859375
334,player,55,0,254.92843627929688,479.8681640625,241.9717254638672,573.0870971679688
334,player,68,-1,640.8189697265625,436.47869873046875,571.7529907226562,562.1083984375
334,player,35,1,865.1716918945312,504.296875,712.216064453125,741.01611328125
334,ball,-1,-1,265.8265380859375,352.40228271484375,1046.246337890625,275.75213623046875
335,player,66,1,506.7225341796875,373.78582763671875,504.5687255859375,316.47528076171875
335,player,54,0,561.85205078125,404.6760559082031,521.8838500976562,444.4718017578125
335,player,67,-1,977.5665283203125,441.05035400390625,836.39501953125,651.7880859375
335,player,36,0,1019.8834228515625,603.01025390625,706.014892578125,993.72802734375
335,player,53,1,659.1234741210938,434.5498962402344,591.8486938476562,562.4436645507812
335,player,3,1,448.77880859375,362.34808349609375,459.0528564453125,248.756591796875
335,player,55,0,258.5826416015625,481.0655212402344,244.32484436035156,576.0733032226562
335,player,7,1,862.0615234375,430.260009765625,757.6146240234375,583.9286499023438
335,player,61,1,358.1490478515625,439.31298828125,360.8100891113281,409.488525390625
335,player,1,1,865.0573120117188,507.037841796875,688.1972045898438,787.212890625
336,player,67,-1,978.1553344726562,441.07684326171875,836.4324951171875,655.6190185546875
336,player,66,1,506.61346435546875,372.37200927734375,505.112548828125,312.9878845214844
336,player,55,0,261.5641174316406,479.83758544921875,246.73504638671875,577.1409912109375
336,player,54,0,569.06494140625,404.39129638671875,527.286376953125,442.943603515625
336,player,53,1,656.0762939453125,430.55401611328125,590.9876708984375,556.8789672851562
336,player,3,1,449.50616455078125,362.8587646484375,459.0806579589844,249.2391357421875
336,player,36,0,1019.7830810546875,604.093017578125,704.643310546875,995.4287109375
336,player,7,1,865.974365234375,440.54345703125,754.495849609375,600.6105346679688
336,player,61,1,353.705810546875,438.24102783203125,352.04571533203125,436.10784912109375
336,player,1,1,864.7039794921875,507.63751220703125,685.7191162109375,788.826416015625
337,player,67,-1,978.803955078125,441.09149169921875,836.62841796875,658.182373046875
337,player,66,1,506.1336975097656,372.8765869140625,505.1729736328125,311.344482421875
337,player,55,0,263.099853515625,480.35137939453125,248.68385314941406,578.4492797851562
337,player,53,1,653.9325561523438,436.7395935058594,588.0157470703125,559.324951171875
337,player,7,1,870.8203125,439.48345947265625,754.230224609375,610.9053955078125
337,player,36,0,1018.9681396484375,604.9047241210938,703.3561401367188,996.9134521484375
337,player,54,0,572.4555053710938,403.6053466796875,532.0465087890625,441.390869140625
337,player,3,1,449.3525390625,363.3495788574219,458.92926025390625,250.23135375976562
337,player,61,1,350.2239685058594,436.4469299316406,345.56097412109375,451.15582275390625
337,player,1,1,863.1112060546875,507.3740234375,683.7958984375,789.5499877929688
338,player,67,-1,981.2393798828125,441.23193359375,837.361572265625,660.2019653320312
338,player,66,1,506.2344055175781,373.12420654296875,505.17822265625,310.6197814941406
338,player,53,1,643.045654296875,439.17529296875,582.3118286132812,562.3092041015625
338,player,7,1,870.7686767578125,445.13348388671875,751.83203125,622.87646484375
338,player,55,0,267.56170654296875,482.39849853515625,251.02056884765625,581.5882568359375
338,player,3,1,449.69488525390625,363.9379577636719,458.80413818359375,251.74923706054688
338,player,36,0,1018.1629638671875,605.5545654296875,702.171142578125,998.17138671875
338,player,65,1,349.68609619140625,438.35302734375,342.055908203125,473.95513916015625
338,player,54,0,578.6544189453125,399.5089111328125,538.1898803710938,436.23382568359375
338,player,1,1,859.9676513671875,508.20721435546875,681.5130004882812,790.3861694335938
339,player,67,-1,979.8248291015625,440.93756103515625,837.58154296875,661.1143798828125
339,player,66,1,505.9795227050781,373.75494384765625,504.9287109375,310.9642333984375
339,player,53,1,639.1370849609375,434.2144775390625,578.8851928710938,558.89013671875
339,player,36,0,1017.9391479492188,605.7731323242188,701.2937622070312,999.090576171875
339,player,7,1,871.4652099609375,449.29852294921875,748.862548828125,634.54638671875
339,player,55,0,269.0160217285156,483.09661865234375,252.88442993164062,584.3991088867188
339,player,65,1,347.51141357421875,442.4293212890625,337.5594177246094,481.83056640625
339,player,3,1,449.4642028808594,364.29998779296875,458.55902099609375,253.22036743164062
339,player,54,0,583.5631103515625,412.071533203125,540.14453125,447.83123779296875
339,player,69,-1,622.5240478515625,443.0120849609375,552.215576171875,573.1505126953125
340,player,66,1,506.08868408203125,375.85540771484375,504.239501953125,313.99566650390625
340,player,36,0,1018.1053466796875,605.9090576171875,700.721435546875,999.7716064453125
340,player,53,1,640.07421875,429.46343994140625,578.2797241210938,551.8931884765625
340,player,7,1,872.9891357421875,444.82373046875,749.0736083984375,638.1611328125
340,player,55,0,271.5207214355469,483.33233642578125,254.75245666503906,586.6643676757812
340,player,67,0,977.43798828125,442.189208984375,836.5113525390625,662.6332397460938
340,player,3,1,449.0654602050781,364.03546142578125,458.3298034667969,253.7564697265625
340,player,61,1,344.1971435546875,443.63262939453125,338.7444763183594,467.94970703125
340,player,54,0,587.2513427734375,406.6761169433594,544.029541015625,449.64080810546875
340,player,1,1,854.43701171875,509.3612060546875,678.3128051757812,791.33984375
341,player,66,1,506.51275634765625,376.10540771484375,503.8622741699219,316.3447570800781
341,player,36,0,1018.330078125,605.4880981445312,700.5120849609375,1000.0048828125
341,player,67,0,978.1198120117188,441.3829345703125,836.3617553710938,662.9456787109375
341,player,61,1,344.6146545410156,442.13616943359375,334.6088562011719,477.33990478515625
341,player,7,1,871.881103515625,442.6414794921875,749.7568359375,638.37890625
341,player,3,1,448.8244323730469,364.2408752441406,458.05120849609375,254.36700439453125
341,player,53,1,640.6612548828125,428.143310546875,578.4364013671875,546.034912109375
341,player,69,-1,597.3117065429688,429.60064697265625,548.576171875,557.1395874023438
341,player,1,1,855.1296997070312,509.724365234375,676.2935791015625,792.2847900390625
341,player,55,0,274.1687927246094,483.6517333984375,256.6552734375,588.663818359375
342,player,66,1,506.8768310546875,377.0654296875,503.47930908203125,319.18011474609375
342,player,7,1,877.417724609375,430.60723876953125,756.5814208984375,627.55224609375
342,player,70,-1,359.97137451171875,444.6734619140625,338.6318054199219,506.56201171875
342,player,36,0,1019.9488525390625,604.333251953125,701.0355224609375,999.6484375
342,player,67,0,981.47021484375,439.70819091796875,837.9362182617188,661.919677734375
342,player,3,1,449.059814453125,363.5691833496094,458.1094970703125,253.84141540527344
342,player,1,1,853.229248046875,510.36285400390625,674.320068359375,793.2183837890625
342,player,69,-1,595.4581298828125,432.41339111328125,544.938720703125,549.46923828125
342,player,53,1,638.8292846679688,430.85955810546875,577.22998046875,544.8553466796875
342,player,65,1,340.8856506347656,444.127685546875,332.53680419921875,488.0859375
342,ball,-1,-1,303.2298278808594,377.0114440917969,1046.246337890625,275.75213623046875
343,player,7,1,879.5957641601562,428.141357421875,762.6563720703125,618.3056030273438
343,player,67,0,980.9666137695312,440.9735107421875,838.2525634765625,662.3692626953125
343,player,66,1,506.76177978515625,378.134521484375,502.9098205566406,322.4156188964844
343,player,36,0,1020.6279296875,604.672607421875,701.4261474609375,999.6439208984375
343,player,70,-1,355.65478515625,442.8905029296875,337.6163635253906,504.2926940917969
343,player,3,1,448.7627258300781,364.19818115234375,457.8975830078125,254.354736328125
343,player,1,1,854.4403076171875,511.13616943359375,673.1024169921875,794.49365234375
343,player,55,0,273.38006591796875,483.41253662109375,257.69683837890625,589.6746826171875
343,player,54,0,598.23291015625,433.508056640625,542.4945068359375,480.9902648925781
343,player,68,-1,630.445068359375,426.05438232421875,571.8397827148438,549.494873046875
343,ball,-1,-1,301.84747314453125,365.7761535644531,1046.246337890625,275.75213623046875
344,player,7,1,882.6810302734375,430.0860595703125,766.6669921875,614.4971923828125
344,player,67,0,980.8028564453125,442.7210693359375,837.6326293945312,664.2437744140625
344,player,36,0,1021.4639892578125,605.14697265625,701.7265014648438,999.9506225585938
344,player,66,1,505.83319091796875,378.2071533203125,502.22100830078125,324.51019287109375
344,player,55,0,269.45623779296875,483.10687255859375,257.34149169921875,589.7037353515625
344,player,70,-1,348.9056701660156,440.3583679199219,335.3232727050781,499.50701904296875
344,player,3,1,449.7074890136719,364.296630859375,458.05181884765625,254.93759155273438
344,player,68,-1,623.6732177734375,426.7669677734375,569.7308959960938,541.3792724609375
344,player,1,1,856.7758178710938,510.63739013671875,673.035888671875,795.1424560546875
344,player,54,0,598.838623046875,426.91156005859375,543.4149169921875,494.5673522949219
344,ball,-1,-1,295.22930908203125,364.624755859375,1046.246337890625,275.75213623046875
345,player,7,1,883.8096313476562,430.84375,769.2772216796875,612.8680419921875
345,player,36,0,1022.737548828125,604.000732421875,702.5072021484375,999.623046875
345,player,55,0,267.717041015625,482.97308349609375,256.6523742675781,589.445556640625
345,player,67,0,984.8748779296875,442.702392578125,838.3526611328125,665.8194580078125
345,player,66,1,506.4775390625,377.9465026855469,502.04998779296875,325.6016845703125
345,player,68,-1,619.6416015625,429.1388854980469,566.5319213867188,538.1852416992188
345,player,70,-1,340.14080810546875,440.76910400390625,331.2559509277344,495.9801025390625
345,player,1,1,856.744873046875,511.552001953125,672.7088623046875,796.23583984375
345,player,3,1,449.12176513671875,362.884521484375,458.2950439453125,253.24838256835938
345,player,54,0,604.3656616210938,429.2077331542969,544.9976806640625,506.3392028808594
345,ball,-1,-1,282.8779602050781,360.36865234375,1046.246337890625,275.75213623046875
346,player,7,1,884.0145263671875,430.2823181152344,771.26513671875,611.2814331054688
346,player,36,0,1023.5751342773438,602.8922729492188,703.4990234375,998.872314453125
346,player,66,1,506.3447265625,378.08587646484375,501.859130859375,326.4792175292969
346,player,70,-1,329.644775390625,443.9041748046875,325.24078369140625,495.96771240234375
346,player,67,0,987.8955078125,441.8297119140625,840.0394897460938,666.3261108398438
346,player,55,0,265.84039306640625,483.28680419921875,255.68040466308594,589.3992919921875
346,player,68,-1,619.4105224609375,427.50225830078125,564.84033203125,534.3803100585938
346,player,1,1,857.34814453125,512.555419921875,672.34228515625,797.732177734375
346,player,3,1,451.1014099121094,362.48876953125,459.21197509765625,251.81968688964844
347,player,7,1,883.4832763671875,429.1396484375,772.8839111328125,609.08203125
347,player,36,0,1024.578857421875,602.81591796875,704.3778076171875,998.4110717773438
347,player,66,1,506.4378662109375,377.2690734863281,501.98138427734375,325.9865417480469
347,player,67,0,988.513916015625,443.5880126953125,840.515869140625,668.311767578125
347,player,68,1,616.282958984375,427.13427734375,562.9373779296875,531.215576171875
347,player,70,-1,328.00152587890625,445.60498046875,320.67657470703125,497.5749206542969
347,player,55,0,264.8063049316406,483.54998779296875,254.7543487548828,589.5189208984375
347,player,1,1,857.6414794921875,514.4073486328125,671.6204833984375,800.082275390625
347,player,3,1,450.21014404296875,361.52008056640625,459.7439270019531,249.4053955078125
347,ball,-1,-1,280.64178466796875,347.44427490234375,1046.246337890625,275.75213623046875
348,player,7,1,884.4368286132812,429.04718017578125,774.244384765625,607.6528930664062
348,player,66,1,507.36590576171875,376.5714111328125,502.5464172363281,324.8505554199219
348,player,36,0,1025.19384765625,601.3558349609375,705.486083984375,997.3673095703125
348,player,67,0,990.271728515625,443.08544921875,841.53125,669.3076782226562
348,player,70,-1,326.630126953125,445.59521484375,317.31854248046875,498.47784423828125
348,player,1,1,855.9317016601562,515.4465942382812,670.4236450195312,802.229736328125
348,player,68,1,618.512939453125,422.46044921875,563.6597900390625,524.43603515625
348,player,55,0,264.5462646484375,483.8933410644531,254.0608673095703,589.8883056640625
348,player,3,1,449.8199157714844,361.87762451171875,459.8719482421875,248.30079650878906
348,ball,-1,-1,280.6285095214844,344.786865234375,1046.246337890625,275.75213623046875
349,player,7,1,885.2905883789062,427.68035888671875,775.9443359375,605.4625244140625
349,player,66,1,507.8366394042969,376.4017333984375,503.11126708984375,323.9408874511719
349,player,36,0,1025.82080078125,600.225830078125,706.65576171875,996.1212158203125
349,player,67,0,990.5531005859375,444.2821044921875,841.7316284179688,671.06494140625
349,player,70,1,326.14849853515625,443.5198059082031,315.2190856933594,496.85186767578125
349,player,54,0,600.8032836914062,433.419677734375,543.8836669921875,518.001953125
349,player,1,1,855.18701171875,517.163818359375,668.9552001953125,804.810791015625
349,player,68,1,628.65478515625,407.0592041015625,571.68505859375,504.1319580078125
349,player,55,0,267.52874755859375,484.04986572265625,254.39959716796875,590.5357666015625
349,player,3,1,448.94781494140625,361.601318359375,459.72918701171875,247.08587646484375
350,player,66,1,508.2154541015625,376.99530029296875,503.4425048828125,324.1752014160156
350,player,54,0,597.1083984375,434.24462890625,541.8859252929688,526.0717163085938
350,player,7,1,887.235107421875,426.1517333984375,778.247802734375,602.7153930664062
350,player,36,0,1025.171875,600.1209716796875,707.3072509765625,995.2105712890625
350,player,67,0,989.813720703125,443.76416015625,841.8919677734375,671.6707763671875
350,player,70,1,324.4299621582031,444.80859375,313.2244567871094,496.9771728515625
350,player,1,1,855.2901611328125,517.4867553710938,667.9304809570312,806.72998046875
350,player,68,1,634.454833984375,397.83636474609375,581.5678100585938,480.91119384765625
350,player,55,0,265.37664794921875,483.16015625,254.0997314453125,589.9505615234375
350,player,3,1,448.8660888671875,361.7699890136719,459.5682373046875,246.52749633789062
351,player,66,1,508.9720764160156,376.97760009765625,503.90704345703125,324.38897705078125
351,player,54,0,596.8944091796875,429.506591796875,541.7661743164062,526.3995971679688
351,player,36,0,1026.1146240234375,600.34375,707.8690185546875,994.802978515625
351,player,7,1,889.0462646484375,426.31292724609375,780.1911010742188,601.263427734375
351,player,70,1,322.20330810546875,450.6278076171875,310.689453125,502.8526611328125
351,player,67,0,990.3126220703125,446.07635498046875,841.1005859375,674.1954345703125
351,player,68,1,638.5975341796875,393.8427734375,590.5703125,461.5335693359375
351,player,1,1,853.7108154296875,517.9929809570312,666.7310180664062,808.2172241210938
351,player,55,0,263.1541748046875,483.2714538574219,253.30111694335938,589.4752197265625
351,player,3,1,448.5597229003906,360.90997314453125,459.568603515625,244.89822387695312
352,player,36,0,1028.1044921875,600.762451171875,708.540283203125,994.89892578125
352,player,68,1,641.2628173828125,393.8529052734375,597.2412109375,449.23284912109375
352,player,66,1,510.79974365234375,377.76220703125,504.58935546875,325.7642822265625
352,player,54,0,593.6998291015625,429.80340576171875,540.6876220703125,526.610595703125
352,player,70,1,320.8409729003906,452.79840087890625,308.4364013671875,508.750732421875
352,player,7,1,887.8350830078125,429.20745849609375,779.8873901367188,603.0523681640625
352,player,67,0,990.1375732421875,446.61505126953125,840.2994995117188,676.3037719726562
352,player,55,0,262.78094482421875,485.0271301269531,252.57217407226562,590.7401733398438
352,player,1,1,853.4432373046875,519.6207885742188,665.4091796875,810.3333129882812
352,player,3,1,448.5404052734375,361.2410583496094,459.48223876953125,244.31112670898438
353,player,68,1,642.7965087890625,390.288330078125,603.24755859375,437.12567138671875
353,player,70,1,319.4737548828125,452.418212890625,306.6236877441406,512.0697021484375
353,player,36,0,1029.7333984375,601.19873046875,709.20068359375,995.3067626953125
353,player,54,0,598.4896240234375,431.427734375,540.9407958984375,528.901123046875
353,player,7,1,889.2315673828125,427.6953430175781,780.7227783203125,602.864501953125
353,player,66,1,511.323486328125,378.33599853515625,505.0482177734375,327.4688720703125
353,player,67,0,992.9656982421875,444.31829833984375,841.5728149414062,675.865966796875
353,player,1,1,854.3159790039062,521.1268920898438,664.3219604492188,812.8551635742188
353,player,55,0,262.84375,484.6806640625,252.13674926757812,591.2515869140625
353,player,3,1,448.86224365234375,361.40826416015625,459.49383544921875,244.2065887451172
354,player,68,1,641.8709716796875,393.8744812011719,605.6619262695312,433.45794677734375
354,player,7,1,889.7782592773438,428.6227722167969,781.028564453125,603.705810546875
354,player,70,1,318.5801696777344,452.9208984375,305.14288330078125,514.6524658203125
354,player,36,0,1030.6014404296875,600.7103881835938,709.95166015625,995.367431640625
354,player,67,0,993.1068115234375,442.98065185546875,843.04052734375,674.383056640625
354,player,66,1,511.5936279296875,378.73974609375,505.32562255859375,329.1350402832031
354,player,55,0,261.67962646484375,485.4241027832031,251.49607849121094,592.1595458984375
354,player,1,1,853.27197265625,522.2783813476562,663.0283203125,815.2322998046875
354,player,54,0,596.7568359375,426.367919921875,541.9458618164062,524.9317016601562
354,player,63,0,981.871337890625,433.36883544921875,827.1649169921875,637.5472412109375
355,player,68,1,645.7181396484375,395.21466064453125,607.9703369140625,433.0714111328125
355,player,7,1,889.4130859375,429.67828369140625,780.6795654296875,605.2507934570312
355,player,67,0,992.5996704101562,445.4473876953125,842.74951171875,675.601806640625
355,player,70,1,315.84521484375,450.0428466796875,303.69097900390625,513.13916015625
355,player,36,0,1028.813720703125,600.9593505859375,709.9896240234375,995.4201049804688
355,player,1,1,853.29736328125,523.1301879882812,661.9470825195312,817.3843383789062
355,player,55,0,264.7681884765625,479.51995849609375,252.28216552734375,587.5880737304688
355,player,66,1,511.9337158203125,379.41851806640625,505.43426513671875,331.1416015625
355,player,69,-1,588.669677734375,435.5486145019531,539.8234252929688,547.04541015625
355,player,3,1,447.855224609375,360.08209228515625,459.4837341308594,242.11764526367188
356,player,68,1,645.2623291015625,407.7225341796875,605.2703857421875,447.19647216796875
356,player,67,0,992.3671875,444.86260986328125,842.7584228515625,675.8460693359375
356,player,1,1,853.1259765625,524.20849609375,660.8919677734375,819.532958984375
356,player,55,0,264.0562744140625,477.537841796875,252.728271484375,582.7025756835938
356,player,70,1,317.98602294921875,448.8775634765625,303.47198486328125,511.16278076171875
356,player,7,1,890.9959716796875,433.79254150390625,779.180908203125,610.3919067382812
356,player,36,0,1030.173583984375,602.0831298828125,709.9884033203125,996.1512451171875
356,player,66,1,511.63214111328125,379.91455078125,505.2759704589844,333.05792236328125
356,player,3,1,446.97491455078125,360.08941650390625,459.17864990234375,240.66650390625
356,player,54,0,617.2714233398438,410.13800048828125,553.22412109375,506.7550964355469
357,player,68,1,645.8895263671875,407.7879333496094,603.6829833984375,456.5155334472656
357,player,1,1,852.09326171875,524.6323852539062,659.8355712890625,821.1480712890625
357,player,67,0,993.2308349609375,448.4952697753906,841.3837890625,679.3365478515625
357,player,7,1,893.181396484375,434.93670654296875,778.3444213867188,615.0369262695312
357,player,55,0,264.47491455078125,474.69793701171875,253.31663513183594,576.8907470703125
357,player,36,0,1029.767578125,602.5150146484375,709.7806396484375,996.8310546875
357,player,70,1,316.8316650390625,448.72320556640625,303.0165710449219,509.60919189453125
357,player,66,1,511.6175537109375,379.5213317871094,505.27301025390625,333.79022216796875
357,player,3,1,445.87506103515625,360.28558349609375,458.56231689453125,239.875732421875
357,player,69,-1,578.3319091796875,434.9482421875,533.6923217773438,543.8592529296875
357,ball,-1,-1,315.86297607421875,337.720703125,1046.246337890625,275.75213623046875
358,player,68,1,648.11767578125,406.01568603515625,603.8853149414062,460.80328369140625
358,player,1,1,851.9737548828125,526.5244750976562,658.57861328125,823.5199584960938
358,player,36,0,1031.8687744140625,603.4610595703125,709.8267822265625,997.921630859375
358,player,67,0,994.099853515625,449.36334228515625,840.3422241210938,682.4548950195312
358,player,55,0,264.3394470214844,471.3372802734375,253.8831329345703,569.901123046875
358,player,66,1,511.65740966796875,378.84765625,505.4634704589844,333.39202880859375
358,player,7,1,895.0914306640625,433.01458740234375,779.1346435546875,616.391357421875
358,player,70,1,315.7771301269531,451.59832763671875,302.13623046875,511.4441223144531
358,player,69,-1,576.0783081054688,436.931884765625,528.57275390625,543.5984497070312
358,player,3,1,445.2066650390625,360.2779541015625,457.93829345703125,239.27191162109375
359,player,68,1,650.2767333984375,406.1676025390625,604.617919921875,463.9840393066406
359,player,1,1,851.448974609375,526.1537475585938,657.741455078125,824.760498046875
359,player,36,0,1029.4599609375,603.68310546875,709.2845458984375,998.5870361328125
359,player,67,0,995.5454711914062,449.726318359375,839.895751953125,684.93408203125
359,player,69,-1,570.749755859375,444.2568359375,521.9705200195312,550.2821044921875
359,player,70,1,315.0062255859375,453.7425842285156,301.13665771484375,514.7401733398438
359,player,66,1,511.786865234375,377.4035339355469,506.0157775878906,331.255615234375
359,player,55,0,264.7851867675781,469.32061767578125,254.50791931152344,563.4598388671875
359,player,7,1,898.0355834960938,432.34271240234375,780.7559814453125,616.9026489257812
359,player,3,1,445.0370178222656,360.19580078125,457.4952392578125,238.7412109375
360,player,1,1,851.086669921875,525.5084228515625,657.2945556640625,825.0846557617188
360,player,68,1,655.302001953125,403.35333251953125,607.5239868164062,463.3730773925781
360,player,70,1,312.6249084472656,455.23358154296875,299.67266845703125,518.1619873046875
360,player,7,1,900.6256103515625,434.28363037109375,781.7213134765625,619.3453369140625
360,player,69,1,568.487060546875,444.11663818359375,517.0748901367188,554.2735595703125
360,player,67,0,999.8827514648438,445.648681640625,842.5966796875,683.3054809570312
360,player,36,0,1030.8642578125,603.1841430664062,709.3687744140625,998.8470458984375
360,player,55,0,266.15093994140625,469.9781494140625,255.2454833984375,560.03125
360,player,66,1,512.0051879882812,379.7403564453125,505.82012939453125,332.9469299316406
360,player,3,1,443.81182861328125,358.4908752441406,457.2041015625,235.78797912597656
361,player,1,1,851.20361328125,526.5357055664062,656.7389526367188,826.0264892578125
361,player,68,1,656.8896484375,402.7965087890625,610.0764770507812,462.50396728515625
361,player,7,1,904.6395263671875,434.0094909667969,783.5865478515625,621.049072265625
361,player,69,1,568.056640625,445.51239013671875,513.4445190429688,558.2093505859375
361,player,67,0,1000.656494140625,445.4824523925781,844.6375732421875,682.1682739257812
361,player,70,1,307.46051025390625,458.57818603515625,296.95989990234375,523.2477416992188
361,player,36,0,1030.830810546875,602.9559326171875,709.4801635742188,998.8914794921875
361,player,66,1,512.9132080078125,380.230224609375,505.85406494140625,334.7838134765625
361,player,55,0,268.29949951171875,466.4681091308594,256.5570983886719,554.6011352539062
361,player,3,1,443.9404296875,358.6192321777344,457.02740478515625,234.06976318359375
362,player,36,0,1030.6243896484375,602.1661987304688,709.7296752929688,998.482666015625
362,player,69,1,567.360107421875,447.60888671875,510.40191650390625,562.7645874023438
362,player,68,1,658.0338134765625,402.16650390625,612.2904052734375,461.336181640625
362,player,67,0,1001.2099609375,448.96185302734375,844.556884765625,684.5833129882812
362,player,7,1,904.70654296875,434.48681640625,784.6168212890625,622.6195068359375
362,player,1,1,852.2467651367188,525.4457397460938,656.9398193359375,825.9541625976562
362,player,70,1,304.269287109375,458.3565979003906,294.32373046875,526.0350341796875
362,player,66,1,513.9178466796875,379.8528747558594,506.2992858886719,335.5992736816406
362,player,55,0,266.79278564453125,463.2786865234375,257.2129211425781,547.806884765625
362,player,3,1,443.881591796875,358.5029296875,456.92071533203125,232.7772979736328
363,player,36,0,1030.307861328125,601.682861328125,709.9600830078125,997.935791015625
363,player,69,1,566.9376220703125,447.648193359375,508.296875,565.724365234375
363,player,67,0,1001.04443359375,448.4534912109375,844.68603515625,685.6870727539062
363,player,1,1,852.66552734375,524.7349853515625,657.3749389648438,825.4390869140625
363,player,7,1,905.4288330078125,432.9747619628906,786.12646484375,622.2591552734375
363,player,68,1,660.1196899414062,401.2977294921875,614.651123046875,459.796142578125
363,player,70,1,298.93634033203125,457.9569091796875,291.1521301269531,526.9498291015625
363,player,55,0,265.0496826171875,461.31805419921875,257.2890625,541.2885131835938
363,player,66,1,514.1053466796875,379.9590148925781,506.6204833984375,336.2880859375
363,player,3,1,443.86865234375,358.67218017578125,456.80615234375,232.18106079101562
364,player,69,1,567.3265380859375,448.94384765625,506.73834228515625,568.9512329101562
364,player,36,0,1030.0201416015625,601.9396362304688,709.976806640625,997.698974609375
364,player,68,1,662.8798828125,404.0858154296875,616.0934448242188,462.2681884765625
364,player,67,0,999.8485107421875,449.5478820800781,843.9602661132812,687.2662963867188
364,player,7,1,907.0133056640625,432.6941223144531,787.6707763671875,621.9049072265625
364,player,1,1,853.4239501953125,524.8429565429688,657.8092651367188,825.2398681640625
364,player,70,1,294.12066650390625,458.2266845703125,287.7179870605469,527.3635864257812
364,player,66,1,514.033203125,380.321044921875,506.70941162109375,337.1977844238281
364,player,55,0,266.39300537109375,461.82611083984375,257.67822265625,537.6806030273438
364,player,3,1,443.6087646484375,358.55206298828125,456.6727294921875,231.58856201171875
365,player,68,1,664.3582763671875,406.9107666015625,616.5430908203125,467.2183837890625
365,player,69,1,568.8712158203125,451.93048095703125,505.47021484375,574.0885620117188
365,player,36,0,1031.6588134765625,601.69384765625,710.404541015625,997.5235595703125
365,player,1,1,854.0283203125,523.0857543945312,658.743896484375,823.9151611328125
365,player,67,0,997.53857421875,449.15509033203125,843.0384521484375,687.7359008789062
365,player,7,1,904.3258056640625,434.0950012207031,787.3299560546875,622.76513671875
365,player,55,0,274.34912109375,461.5833740234375,260.16748046875,535.834228515625
365,player,66,1,514.7836303710938,379.5740661621094,507.2080078125,336.90203857421875
365,player,3,1,443.43292236328125,358.27374267578125,456.5936279296875,230.7786865234375
365,player,70,1,286.52606201171875,460.41552734375,283.1810607910156,529.1029052734375
366,player,69,1,571.3034057617188,450.21282958984375,505.7171630859375,575.9933471679688
366,player,1,1,853.7042846679688,522.7493896484375,659.3705444335938,822.7900390625
366,player,68,1,669.3634033203125,407.0084228515625,618.3047485351562,471.05828857421875
366,player,67,0,999.2615356445312,447.17181396484375,843.7879638671875,686.433349609375
366,player,73,-1,911.251708984375,434.09307861328125,792.2324829101562,626.22265625
366,player,36,0,1032.393310546875,600.900634765625,711.0616455078125,997.0321655273438
366,player,55,0,272.7368469238281,460.1434326171875,261.44097900390625,533.0538330078125
366,player,66,1,513.591064453125,381.2139892578125,506.71185302734375,338.7040100097656
366,player,3,1,443.13690185546875,358.1329650878906,456.4759521484375,230.01263427734375
367,player,1,1,853.60107421875,523.282470703125,659.5988159179688,822.4286499023438
367,player,68,1,674.0381469726562,406.933349609375,620.876708984375,473.9486999511719
367,player,67,0,1000.9698486328125,447.1522216796875,844.7471923828125,685.7244873046875
367,player,69,1,577.0628662109375,448.0602722167969,507.9873352050781,575.6751098632812
367,player,7,1,905.0542602539062,430.45501708984375,788.8560180664062,619.8848266601562
367,player,36,0,1032.349609375,600.3136596679688,711.6448974609375,996.3931274414062
367,player,55,0,272.54742431640625,458.787109375,262.31524658203125,529.8744506835938
367,player,66,1,514.0780639648438,379.065185546875,507.11932373046875,337.1396484375
367,player,3,1,443.49725341796875,357.89117431640625,456.57989501953125,229.20596313476562
367,player,74,-1,998.8431396484375,604.9312744140625,688.770751953125,995.8414306640625
368,player,68,1,678.7657470703125,406.3673095703125,624.156982421875,475.67706298828125
368,player,1,1,855.2189331054688,525.889404296875,659.3856811523438,824.1600341796875
368,player,67,0,1002.3809814453125,456.1763916015625,841.77294921875,693.3103637695312
368,player,69,1,578.8851318359375,444.57427978515625,510.80364990234375,572.2145385742188
368,player,36,0,1032.3681640625,598.5867919921875,712.51611328125,995.04443359375
368,player,3,1,443.2852478027344,358.42681884765625,456.4464111328125,229.4346923828125
368,player,66,1,514.33984375,379.5042419433594,507.3505859375,336.7239990234375
368,player,7,1,910.2760009765625,430.15240478515625,791.447998046875,618.2154541015625
368,player,55,0,273.14459228515625,458.9651184082031,263.03778076171875,528.0418090820312
369,player,1,1,854.8941650390625,523.5868530273438,659.8324584960938,823.6362915039062
369,player,68,1,684.081298828125,405.87371826171875,628.0524291992188,476.79144287109375
369,player,67,0,1000.36083984375,458.28619384765625,838.3905639648438,699.8760986328125
369,player,69,1,581.9370727539062,443.4187316894531,513.7723388671875,569.10888671875
369,player,66,1,515.6791381835938,382.1065673828125,507.2352294921875,339.97039794921875
369,player,73,-1,917.93115234375,432.7882080078125,794.6588134765625,625.603515625
369,player,3,1,442.8455810546875,358.7247009277344,456.1391906738281,229.9632568359375
369,player,36,0,1030.4158935546875,600.1722412109375,712.2185668945312,994.8937377929688
369,player,55,0,274.70245361328125,461.0899658203125,263.78619384765625,529.11279296875
369,player,74,-1,997.875,602.2907104492188,689.2764282226562,994.3538818359375
370,player,1,1,856.043212890625,520.4550170898438,661.3114013671875,821.1585693359375
370,player,68,1,687.6060791015625,404.087646484375,632.259033203125,475.8661193847656
370,player,66,1,517.1762084960938,381.01959228515625,507.9294738769531,340.8443603515625
370,player,69,1,582.6240234375,440.98406982421875,516.489990234375,564.7283935546875
370,player,67,0,997.7317504882812,455.3373718261719,836.762939453125,701.368408203125
370,player,55,0,274.76513671875,458.0984191894531,264.51275634765625,526.8301391601562
370,player,3,1,442.43505859375,358.5226745605469,455.84912109375,229.96519470214844
370,player,36,0,1027.5225830078125,600.3580322265625,711.3570556640625,994.7001953125
370,player,73,-1,916.8196411132812,432.9425964355469,795.8582763671875,625.2440795898438
371,player,68,1,693.16748046875,405.17962646484375,636.287109375,477.0669860839844
371,player,1,1,856.5401000976562,523.8876953125,661.393798828125,822.02734375
371,player,69,1,582.635498046875,443.43408203125,517.6614990234375,564.32421875
371,player,66,1,517.2455444335938,379.7180480957031,508.7530517578125,339.73333740234375
371,player,3,1,441.6708984375,358.5863342285156,455.3867492675781,229.9682159423828
371,player,55,0,275.2079162597656,457.7469177246094,265.13568115234375,525.0350341796875
371,player,67,0,1001.0811767578125,462.8211975097656,833.391357421875,709.0321044921875
371,player,36,0,1020.9298706054688,602.4322509765625,708.8175048828125,995.2467041015625
371,player,75,-1,927.3873291015625,438.26715087890625,799.9924926757812,641.83349609375
371,player,7,1,910.638916015625,431.583984375,792.620361328125,618.5501708984375
372,player,68,1,694.5784912109375,403.5523681640625,639.8990478515625,476.158447265625
372,player,1,1,859.0486450195312,528.8538208007812,660.6207275390625,826.2694702148438
372,player,69,1,584.9625244140625,440.675048828125,519.7559814453125,561.53125
372,player,66,1,517.4589233398438,379.49786376953125,509.4163818359375,338.7486267089844
372,player,75,-1,927.0875244140625,437.9832763671875,800.0303344726562,641.5391845703125
372,player,36,0,1020.4415283203125,603.5897216796875,706.7432250976562,996.1905517578125
372,player,67,0,1000.7882080078125,464.21258544921875,830.5355224609375,715.157958984375
372,player,3,1,440.9114074707031,358.84100341796875,454.76837158203125,230.2494354248047
372,player,55,0,277.7506103515625,459.2094421386719,266.1430358886719,525.5707397460938
372,player,7,1,912.26611328125,430.1387939453125,794.4609985351562,617.52392578125
373,player,69,1,588.852294921875,437.9263916015625,522.9061889648438,557.3197021484375
373,player,1,1,859.2725830078125,529.4437255859375,660.0032348632812,829.4539794921875
373,player,68,1,698.7279052734375,398.1505126953125,645.4290771484375,469.8257751464844
373,player,75,-1,928.011962890625,442.08331298828125,798.5751342773438,645.2523193359375
373,player,66,1,516.96875,379.4839172363281,509.6938171386719,338.035888671875
373,player,36,0,1019.0943603515625,603.75439453125,705.0640869140625,996.801513671875
373,player,67,0,1003.06494140625,467.08502197265625,828.0728759765625,721.7354736328125
373,player,3,1,440.64263916015625,359.08349609375,454.21771240234375,230.75164794921875
373,player,76,-1,250.74508666992188,443.42364501953125,249.2732696533203,472.702880859375
373,player,70,1,279.9593505859375,459.60400390625,278.4605712890625,528.8145751953125
374,player,68,1,701.5877685546875,398.29547119140625,649.8416748046875,466.17535400390625
374,player,75,-1,928.5923461914062,442.6830139160156,797.5370483398438,648.2730102539062
374,player,1,1,858.4595947265625,530.9481201171875,658.9798583984375,832.50244140625
374,player,66,1,517.5574951171875,380.004150390625,509.9228515625,338.3140869140625
374,player,69,1,591.3682250976562,435.953369140625,526.1702270507812,552.8206176757812
374,player,76,-1,250.75888061523438,442.15789794921875,249.36090087890625,471.3524475097656
374,player,36,0,1017.0841064453125,603.824462890625,703.5272216796875,997.1007080078125
374,player,67,0,1006.1806640625,468.3855285644531,826.744384765625,727.3582763671875
374,player,3,1,440.4308166503906,358.619873046875,453.89874267578125,230.38104248046875
374,player,70,1,279.2647399902344,457.9201354980469,275.3274841308594,526.8788452148438
375,player,68,1,706.3214111328125,394.22601318359375,655.6521606445312,459.5687255859375
375,player,75,-1,929.7547607421875,443.02984619140625,797.0361328125,650.6632080078125
375,player,66,1,520.2467651367188,380.8673400878906,510.70074462890625,339.9112548828125
375,player,69,1,593.50390625,437.46978759765625,528.5146484375,551.6411743164062
375,player,1,1,858.6824951171875,530.094482421875,658.6104125976562,833.9108276367188
375,player,36,0,1012.662353515625,603.1387939453125,701.778564453125,996.6287841796875
375,player,67,0,1008.832763671875,466.42913818359375,827.394775390625,729.6234130859375
375,player,76,-1,247.94248962402344,444.3029479980469,248.46371459960938,472.48895263671875
375,player,3,1,440.0875244140625,358.96771240234375,453.49237060546875,230.603759765625
375,player,55,0,282.7059631347656,464.2237854003906,267.7946472167969,531.3372192382812
376,player,75,-1,928.2470092773438,443.3055419921875,796.1810302734375,652.33154296875
376,player,68,1,708.3631591796875,396.37481689453125,659.2562866210938,457.99462890625
376,player,36,0,1008.4724731445312,602.333984375,699.972412109375,995.6055908203125
376,player,1,1,858.7281494140625,530.8594970703125,658.1636962890625,835.3589477539062
376,player,67,0,1008.441162109375,465.18994140625,828.2376708984375,730.0296630859375
376,player,69,1,596.0161743164062,439.5928955078125,530.2127685546875,553.2548828125
376,player,66,1,521.1526489257812,381.46295166015625,511.33526611328125,341.8183898925781
376,player,76,-1,246.48663330078125,444.30975341796875,247.45999145507812,473.0938720703125
376,player,55,0,283.4395751953125,465.53216552734375,268.970458984375,536.4310913085938
376,player,3,1,439.01116943359375,359.10455322265625,452.831787109375,230.81927490234375
376,ball,-1,-1,1057.498046875,303.3201904296875,1054.96728515625,270.27825927734375
377,player,36,0,1004.5997314453125,601.9636840820312,698.0762939453125,994.4786987304688
377,player,75,-1,928.8426513671875,442.93426513671875,795.9443359375,653.129150390625
377,player,69,1,598.0640869140625,437.42645263671875,532.451171875,552.3164672851562
377,player,76,-1,233.8590087890625,446.28619384765625,243.0504608154297,474.3616943359375
377,player,68,1,713.5393676757812,393.6221923828125,664.2125244140625,454.30462646484375
377,player,1,1,857.468505859375,530.6976318359375,657.6190795898438,836.0908203125
377,player,67,0,1008.311767578125,464.2127685546875,829.1654052734375,729.4654541015625
377,player,66,1,521.8170166015625,382.48260498046875,511.68463134765625,344.442626953125
377,player,3,1,437.80810546875,359.2496337890625,451.96142578125,231.0269775390625
377,player,55,0,284.236572265625,470.70758056640625,269.5575866699219,544.8103637695312
378,player,36,0,999.5045166015625,598.02001953125,696.8346557617188,991.2557373046875
378,player,69,1,599.5901489257812,438.0194091796875,534.187744140625,552.4515991210938
378,player,75,1,928.9537963867188,443.296875,795.6690063476562,653.9915771484375
378,player,76,-1,233.91220092773438,447.24884033203125,240.1456756591797,476.2071533203125
378,player,1,1,855.892333984375,527.4036254882812,657.8264770507812,834.154052734375
378,player,68,1,714.59326171875,394.636962890625,667.3745727539062,453.2043151855469
378,player,66,1,520.279541015625,381.954833984375,511.5629577636719,345.30059814453125
378,player,67,0,1008.098876953125,464.69775390625,829.5069580078125,729.4859619140625
378,player,3,1,436.63214111328125,359.247314453125,450.998779296875,231.0194091796875
378,player,55,0,286.72113037109375,472.3653564453125,270.4923095703125,552.0623779296875
379,player,69,1,600.2186279296875,437.72198486328125,535.57177734375,552.2993774414062
379,player,76,-1,230.44488525390625,449.8060302734375,237.1239471435547,479.7565002441406
379,player,1,1,856.5587158203125,528.0487670898438,657.9364624023438,833.3975830078125
379,player,36,0,994.0357666015625,597.4912109375,695.0018310546875,988.498291015625
379,player,75,1,928.7157592773438,442.97119140625,795.5611572265625,654.23046875
379,player,66,1,521.0936279296875,381.82391357421875,511.779296875,345.77978515625
379,player,68,1,715.4190673828125,395.1593017578125,669.4860229492188,453.1849365234375
379,player,3,1,435.4956970214844,358.3697509765625,450.19488525390625,229.60633850097656
379,player,67,0,1002.777099609375,460.63446044921875,830.0528564453125,725.6075439453125
379,player,55,0,286.8417663574219,474.2042541503906,270.9918212890625,558.5281372070312
380,player,69,1,601.1097412109375,436.8502197265625,536.9501953125,551.4039306640625
380,player,76,1,230.93136596679688,451.69830322265625,235.19757080078125,484.0792541503906
380,player,1,1,858.4500732421875,528.0189208984375,658.4691772460938,833.0322875976562
380,player,36,0,988.6968994140625,594.0721435546875,693.5989990234375,984.45458984375
380,player,66,1,523.29345703125,381.736328125,512.6466674804688,346.2216796875
380,player,68,1,712.8990478515625,393.05230712890625,670.8805541992188,450.4416809082031
380,player,3,1,435.0650939941406,358.3533630371094,449.53033447265625,228.61288452148438
380,player,55,0,288.52056884765625,474.984375,271.7135314941406,563.6173095703125
380,player,75,1,934.3472900390625,442.39166259765625,797.2825927734375,654.3715209960938
380,player,67,0,996.6448974609375,457.9764404296875,829.916748046875,720.273681640625
381,player,76,1,224.97010803222656,456.2593994140625,232.01943969726562,491.0158386230469
381,player,69,1,602.4405517578125,433.2244873046875,539.1734619140625,547.2518920898438
381,player,66,1,523.4567260742188,381.68292236328125,513.2771606445312,346.458251953125
381,player,36,0,988.9432373046875,592.7962646484375,693.0903930664062,981.134033203125
381,player,1,1,859.36279296875,530.451416015625,658.339111328125,834.554931640625
381,player,68,1,712.9552001953125,392.34820556640625,672.0708618164062,447.835693359375
381,player,75,1,931.8086547851562,440.857666015625,798.3521728515625,652.8099365234375
381,player,67,0,1000.0249633789062,457.9285888671875,830.7484130859375,717.0657958984375
381,player,55,0,289.7351989746094,478.28192138671875,272.2584228515625,570.1175537109375
381,player,3,1,436.6529541015625,358.00469970703125,449.7185974121094,227.6483154296875
382,player,69,1,605.7103881835938,430.336181640625,542.3259887695312,541.8887939453125
382,player,1,1,859.8675537109375,530.68994140625,658.3070678710938,835.7487182617188
382,player,66,1,523.8380126953125,381.45745849609375,513.8701782226562,346.3639221191406
382,player,3,1,435.66839599609375,357.9695129394531,449.5155029296875,226.85311889648438
382,player,67,0,1000.7906494140625,457.11053466796875,831.8453369140625,714.345703125
382,player,55,0,289.5645751953125,481.6795654296875,272.30767822265625,577.4662475585938
382,player,36,0,989.429931640625,588.6505737304688,694.01220703125,976.6875
382,player,76,1,222.6956024169922,457.6086120605469,229.24588012695312,496.68426513671875
382,player,75,1,929.65478515625,440.6644592285156,798.5352783203125,651.4158935546875
382,player,68,1,715.8877563476562,393.72393798828125,673.22412109375,448.0682067871094
382,ball,-1,-1,591.3243408203125,329.69873046875,1054.96728515625,270.27825927734375
383,player,67,0,1001.4449462890625,456.49249267578125,833.0,712.1034545898438
383,player,69,1,608.284912109375,429.2403564453125,545.4129028320312,537.5145263671875
383,player,1,1,858.7112426757812,530.6778564453125,658.0140380859375,836.4267578125
383,player,3,1,435.0898132324219,358.128173828125,449.1500244140625,226.49856567382812
383,player,55,0,290.90380859375,485.10125732421875,272.43988037109375,585.484130859375
383,player,36,0,988.2911987304688,591.6310424804688,693.5391235351562,975.3907470703125
383,player,68,1,720.721923828125,395.32452392578125,674.8473510742188,450.5955810546875
383,player,66,1,524.5518798828125,381.17645263671875,514.560546875,346.0194396972656
383,player,76,1,219.98048400878906,458.36541748046875,226.64215087890625,500.8814697265625
383,player,75,1,929.3433837890625,441.536865234375,798.1998901367188,651.2899169921875
384,player,55,0,290.5371398925781,486.98553466796875,272.28656005859375,592.3668823242188
384,player,67,0,1000.986328125,456.3314208984375,833.6978759765625,710.4661865234375
384,player,1,1,860.6054077148438,530.0247192382812,658.461181640625,836.5623779296875
384,player,3,1,434.15557861328125,358.60333251953125,448.48455810546875,226.84829711914062
384,player,69,1,609.5086669921875,428.69415283203125,547.9210815429688,534.2213134765625
384,player,76,1,218.11077880859375,461.9212646484375,224.2626953125,507.0166015625
384,player,68,1,724.9559326171875,397.11260986328125,676.5160522460938,454.7516174316406
384,player,66,1,526.4381713867188,381.00732421875,515.6591796875,345.7862243652344
384,player,75,1,928.80859375,439.89215087890625,798.5299072265625,649.6310424804688
384,player,36,0,986.996337890625,594.0990600585938,692.27490234375,975.8328857421875
385,player,67,0,1000.813232421875,456.7042541503906,833.944091796875,709.7081298828125
385,player,1,1,860.6705322265625,529.9984130859375,658.77490234375,836.6373291015625
385,player,3,1,433.92034912109375,358.8211364746094,447.92144775390625,227.3640594482422
385,player,69,1,612.5145263671875,429.35333251953125,550.239990234375,533.0606689453125
385,player,76,1,215.65338134765625,465.4080810546875,221.87738037109375,514.2449340820312
385,player,66,1,527.0855712890625,381.4749755859375,516.4519653320312,346.30877685546875
385,player,68,1,727.3089599609375,399.36907958984375,677.4622802734375,460.2867431640625
385,player,55,0,291.536376953125,486.0579833984375,272.52276611328125,596.0914306640625
385,player,75,1,930.3893432617188,442.641357421875,798.01904296875,651.2466430664062
385,player,36,0,986.9884033203125,597.5191650390625,690.5211791992188,978.008056640625
386,player,1,1,859.2958984375,531.61767578125,658.1907348632812,837.6983032226562
386,player,67,0,1001.3551025390625,462.80328369140625,831.6389770507812,714.4619140625
386,player,66,1,520.8037109375,380.98907470703125,515.090087890625,345.3267517089844
386,player,69,1,614.7928466796875,431.59869384765625,551.7919921875,534.852294921875
386,player,68,1,732.6749267578125,398.65423583984375,679.9754028320312,463.6254577636719
386,player,3,1,433.2144775390625,358.8055114746094,447.3201904296875,227.59292602539062
386,player,55,0,291.7256774902344,485.0517578125,272.80291748046875,597.6180419921875
386,player,76,1,211.74801635742188,467.96142578125,219.13632202148438,521.0968017578125
386,player,36,0,983.5545043945312,596.6323852539062,688.885009765625,978.699462890625
386,player,75,1,934.25537109375,447.03302001953125,796.9093017578125,656.6653442382812
387,player,1,1,859.5394287109375,531.7947387695312,657.81884765625,838.5286865234375
387,player,66,1,521.6649780273438,380.9923095703125,514.4796752929688,344.78802490234375
387,player,67,0,1001.6640014648438,463.10003662109375,830.0965576171875,717.8290405273438
387,player,68,1,735.8505859375,398.14398193359375,682.7679443359375,465.5421142578125
387,player,69,1,616.7752075195312,429.76434326171875,553.8724365234375,534.3128662109375
387,player,36,0,982.8232421875,596.010498046875,687.832763671875,978.7557373046875
387,player,76,1,211.94024658203125,469.3050842285156,217.353271484375,526.8822021484375
387,player,75,1,935.1854858398438,451.3070068359375,794.6771850585938,664.1141357421875
387,player,3,1,433.025146484375,358.6700439453125,446.8968505859375,227.5224609375
387,player,55,0,289.88275146484375,485.93212890625,272.4268798828125,599.245361328125
388,player,1,1,858.7985229492188,532.0709838867188,657.3226318359375,839.201416015625
388,player,68,1,738.7359619140625,399.11126708984375,685.08642578125,468.1930236816406
388,player,69,1,616.7836303710938,432.06634521484375,554.5975952148438,536.340576171875
388,player,66,1,522.2459716796875,381.46282958984375,514.1412353515625,345.10906982421875
388,player,67,0,1001.4920654296875,467.23345947265625,827.313720703125,723.4578857421875
388,player,36,0,981.693359375,595.0980834960938,687.1531372070312,978.2103271484375
388,player,76,1,209.61550903320312,474.58135986328125,215.34628295898438,535.5300903320312
388,player,75,1,938.94482421875,451.47308349609375,794.1748046875,669.4439697265625
388,player,3,1,431.4068603515625,358.879150390625,446.0252685546875,227.58847045898438
388,player,55,0,290.8807373046875,485.47369384765625,272.4831237792969,599.97607421875
389,player,1,1,859.314453125,532.2492065429688,657.0723876953125,839.8011474609375
389,player,68,1,743.2197265625,398.74090576171875,688.0948486328125,469.9595031738281
389,player,69,1,617.7346801757812,432.89239501953125,555.116943359375,538.5985107421875
389,player,3,1,432.302001953125,358.9188232421875,445.75250244140625,227.79510498046875
389,player,66,1,523.19580078125,382.16668701171875,514.0340576171875,346.32818603515625
389,player,36,0,979.30322265625,593.3240966796875,686.6781005859375,976.7064208984375
389,player,76,1,209.3964385986328,471.9140625,214.08502197265625,538.5648193359375
389,player,67,0,1001.77490234375,460.3826904296875,828.4693603515625,721.3868408203125
389,player,75,1,939.3802490234375,450.2190856933594,794.4830322265625,671.82861328125
389,player,55,0,292.545654296875,485.412109375,272.96868896484375,600.5419311523438
390,player,68,1,745.40771484375,397.84356689453125,691.06298828125,470.3102722167969
390,player,1,1,859.3170166015625,532.753173828125,656.7678833007812,840.5374755859375
390,player,69,1,619.7745361328125,434.411376953125,555.6254272460938,541.8147583007812
390,player,3,1,432.174560546875,359.2728271484375,445.449951171875,228.42782592773438
390,player,66,1,524.18798828125,383.1217041015625,514.0223388671875,348.4539794921875
390,player,76,1,207.97958374023438,477.3160400390625,212.67127990722656,545.58203125
390,player,36,0,976.7901611328125,595.5357055664062,685.23046875,976.78466796875
390,player,67,0,1000.0732421875,470.15374755859375,824.6759033203125,728.05859375
390,player,75,1,937.734375,456.992431640625,791.4779663085938,679.21630859375
390,player,55,0,293.3614501953125,485.6794128417969,273.4815979003906,601.2235107421875
391,player,1,1,859.3736572265625,533.7549438476562,656.3009643554688,841.7072143554688
391,player,3,1,432.0084533691406,358.988525390625,445.2630310058594,228.40707397460938
391,player,68,1,747.1771240234375,399.845947265625,692.7486572265625,473.0030212402344
391,player,69,1,620.1087646484375,434.01104736328125,556.1602783203125,543.5294799804688
391,player,76,1,205.736572265625,481.7872314453125,210.98008728027344,554.150146484375
391,player,36,0,972.5101928710938,594.315673828125,683.6968383789062,975.8650512695312
391,player,66,1,525.9828491210938,383.6466064453125,514.444091796875,350.70361328125
391,player,55,0,293.87347412109375,486.30133056640625,273.9039306640625,602.2736206054688
391,player,67,0,997.63134765625,468.531005859375,822.2420654296875,730.84619140625
391,player,75,1,938.8861083984375,461.1263427734375,788.1796875,687.7027587890625
392,player,69,1,622.5269775390625,433.7783508300781,557.2628173828125,544.639892578125
392,player,1,1,860.1236572265625,534.4359130859375,655.983642578125,842.99072265625
392,player,68,1,744.3631591796875,399.9027099609375,692.9717407226562,474.5262756347656
392,player,3,1,431.73272705078125,358.95574951171875,445.05584716796875,228.31333923339844
392,player,76,1,200.28567504882812,484.11798095703125,208.33035278320312,561.402587890625
392,player,55,0,293.8448791503906,486.68402099609375,274.1416015625,603.2988891601562
392,player,36,0,971.0506591796875,591.78955078125,683.0659790039062,973.7565307617188
392,player,66,1,528.4078369140625,383.0697021484375,515.6473999023438,351.6961364746094
392,player,80,-1,204.20541381835938,486.3736267089844,206.20138549804688,581.81494140625
392,player,75,1,932.5848999023438,456.75909423828125,786.0950317382812,688.8700561523438
392,ball,-1,-1,207.2207489013672,364.0571594238281,1054.96728515625,270.27825927734375
393,player,69,1,625.2799682617188,434.83038330078125,558.4779052734375,546.6975708007812
393,player,68,1,743.02099609375,399.14288330078125,693.0044555664062,474.5135498046875
393,player,1,1,861.9376220703125,533.8318481445312,656.3775634765625,843.5517578125
393,player,55,0,293.9209899902344,486.6072692871094,274.32220458984375,603.9027709960938
393,player,82,-1,203.2371368408203,375.12322998046875,218.91290283203125,218.0633544921875
393,player,36,0,967.3074951171875,590.5685424804688,682.176025390625,971.4417724609375
393,player,3,1,431.4902038574219,359.37548828125,444.74200439453125,228.8323974609375
393,player,81,-1,540.1995849609375,382.89251708984375,528.7515258789062,356.6012878417969
393,player,76,1,197.30381774902344,488.25103759765625,205.67588806152344,569.6585693359375
393,player,73,-1,938.0529174804688,462.15179443359375,790.3995361328125,653.4273681640625
393,ball,-1,-1,225.3765106201172,357.625244140625,1054.96728515625,270.27825927734375
394,player,69,1,628.72705078125,434.26287841796875,560.4078369140625,547.7899169921875
394,player,68,1,745.0714721679688,398.3311767578125,693.9620971679688,473.7927551269531
394,player,1,1,862.8604736328125,532.5303344726562,657.22119140625,843.095703125
394,player,36,0,964.8487548828125,588.4904174804688,681.6265869140625,968.5934448242188
394,player,76,1,192.70474243164062,492.35601806640625,202.60301208496094,578.3497314453125
394,player,81,-1,540.6895141601562,382.1717224121094,529.11083984375,355.7345275878906
394,player,55,0,293.89447021484375,486.4268798828125,274.4463195800781,604.1302490234375
394,player,82,-1,199.58602905273438,370.1820068359375,217.94540405273438,210.52902221679688
394,player,3,1,430.92437744140625,359.31060791015625,444.3616943359375,229.00875854492188
394,player,63,0,983.35888671875,464.47576904296875,821.7890014648438,667.3862915039062
395,player,69,1,631.5086669921875,434.8267822265625,562.300048828125,549.3402099609375
395,player,1,1,864.1652221679688,531.0241088867188,658.5089111328125,841.863525390625
395,player,68,1,745.5018310546875,397.51513671875,695.0335693359375,472.4356994628906
395,player,76,1,189.0021209716797,499.35296630859375,199.43746948242188,589.9166870117188
395,player,36,0,963.9779052734375,590.122802734375,680.6393432617188,967.6044311523438
395,player,55,0,293.4664001464844,486.8990478515625,274.3769836425781,604.6661987304688
395,player,3,1,430.22674560546875,359.01812744140625,443.9459228515625,228.616455078125
395,player,66,1,535.062744140625,381.39013671875,519.01708984375,350.9229431152344
395,player,82,-1,197.5924835205078,365.0869445800781,216.90011596679688,197.8961639404297
395,player,75,1,935.6636962890625,454.00787353515625,786.6759033203125,687.487060546875
396,player,69,1,633.2993774414062,435.67401123046875,563.8052978515625,551.3775634765625
396,player,1,1,862.896240234375,532.76123046875,658.5494995117188,842.1595458984375
396,player,76,1,187.12713623046875,501.73675537109375,196.82786560058594,599.3665771484375
396,player,68,1,747.613037109375,397.92816162109375,696.2092895507812,472.2460632324219
396,player,55,0,293.5113830566406,486.53289794921875,274.3717956542969,604.6884765625
396,player,66,1,536.7342529296875,381.5233154296875,521.7039794921875,350.776123046875
396,player,3,1,429.2490539550781,358.730224609375,443.4110412597656,227.82725524902344
396,player,36,0,960.112060546875,589.3255615234375,679.373779296875,966.24365234375
396,player,75,1,932.4854125976562,457.46630859375,784.8082275390625,689.3388671875
396,player,82,-1,197.77426147460938,362.560791015625,216.4119415283203,185.92335510253906
397,player,69,1,635.8826904296875,435.7763671875,565.4906616210938,553.0529174804688
397,player,1,1,861.3409423828125,532.8655395507812,658.177001953125,842.3035888671875
397,player,76,1,183.95509338378906,502.57403564453125,194.28268432617188,605.9684448242188
397,player,68,1,750.636962890625,397.25555419921875,698.1558227539062,471.66802978515625
397,player,55,0,293.05584716796875,486.5152587890625,274.2484130859375,604.64697265625
397,player,66,1,539.0151977539062,380.8791809082031,524.3609008789062,350.1048889160156
397,player,3,1,429.12310791015625,358.8729553222656,442.9878845214844,227.50677490234375
397,player,63,0,975.9892578125,478.04827880859375,810.9303588867188,697.303466796875
397,player,75,1,929.9779052734375,469.5872497558594,778.2014770507812,700.674072265625
397,player,36,0,959.239013671875,587.4896240234375,678.8561401367188,964.2569580078125
398,player,69,1,638.1417236328125,436.645263671875,566.986328125,555.2337646484375
398,player,1,1,862.4579467773438,533.133544921875,658.1241455078125,842.6671142578125
398,player,76,1,183.12789916992188,503.7677001953125,192.38473510742188,611.228271484375
398,player,63,0,983.9698486328125,471.48431396484375,808.5400390625,712.1046752929688
398,player,68,1,752.9889526367188,397.0830383300781,700.2037353515625,471.33978271484375
398,player,55,0,292.75726318359375,486.230224609375,274.1103515625,604.3364868164062
398,player,66,1,539.30615234375,379.773193359375,526.4949340820312,348.2742919921875
398,player,75,1,934.3966064453125,470.4219970703125,774.745849609375,709.122802734375
398,player,3,1,428.5705871582031,359.5255126953125,442.37628173828125,228.17982482910156
398,player,36,0,955.240234375,589.7584228515625,677.04150390625,963.9751586914062
398,ball,-1,-1,1050.40087890625,302.8547668457031,1062.49560546875,264.8553466796875
399,player,69,1,642.1143798828125,434.60028076171875,569.663818359375,554.9684448242188
399,player,1,1,864.1571044921875,531.3805541992188,658.9920654296875,841.8300170898438
399,player,76,1,182.43006896972656,503.5670166015625,190.9738311767578,614.4130249023438
399,player,63,0,985.620361328125,467.90692138671875,808.8682250976562,718.914794921875
399,player,68,1,757.5665283203125,396.59417724609375,703.1204833984375,471.04345703125
399,player,55,0,292.3804931640625,484.70709228515625,274.0360107421875,602.7222900390625
399,player,75,1,933.4020385742188,462.291748046875,775.3870849609375,707.6573486328125
399,player,81,-1,540.3616943359375,379.0430603027344,530.1292724609375,351.1054992675781
399,player,3,1,428.6322021484375,359.75396728515625,441.94732666015625,228.9554443359375
399,player,36,0,953.98779296875,590.5162963867188,675.388427734375,964.133544921875
399,ball,-1,-1,1050.236083984375,302.80487060546875,1069.4178466796875,259.8426818847656
400,player,69,1,645.3623046875,433.77410888671875,572.5657958984375,554.2706298828125
400,player,68,1,761.7349853515625,398.56475830078125,705.4937744140625,473.5340881347656
400,player,1,1,863.7721557617188,527.37158203125,660.61572265625,838.4761962890625
400,player,76,1,181.14999389648438,501.61962890625,189.7665252685547,614.673828125
400,player,63,0,982.9085693359375,470.68646240234375,807.2447509765625,725.404541015625
400,player,55,0,292.08477783203125,486.09930419921875,273.802978515625,602.9080810546875
400,player,66,1,541.1348266601562,378.4632568359375,528.8434448242188,345.5897216796875
400,player,3,1,428.1428527832031,359.1655578613281,441.6376037597656,228.54879760742188
400,player,36,0,952.100341796875,584.301025390625,675.5699462890625,960.5638427734375
400,player,75,1,932.189697265625,467.3636474609375,773.5106201171875,710.908203125
400,ball,-1,-1,1050.2071533203125,302.682373046875,1075.808349609375,255.18443298339844
401,player,69,1,647.259521484375,431.77105712890625,575.5703125,551.9592895507812
401,player,68,1,761.0703125,397.806884765625,707.1377563476562,474.2212829589844
401,player,76,1,178.36581420898438,498.2164306640625,188.32586669921875,611.6046142578125
401,player,1,1,864.7378540039062,526.4960327148438,662.1560668945312,835.7596435546875
401,player,63,0,982.671630859375,474.662841796875,804.535400390625,732.8529052734375
401,player,55,0,291.2381896972656,486.2484436035156,273.4145812988281,603.089111328125
401,player,66,1,542.455322265625,380.2216796875,530.2891845703125,346.26763916015625
401,player,36,0,951.0324096679688,580.9284057617188,676.36962890625,956.21923828125
401,player,3,1,427.7439270019531,359.3768310546875,441.2530212402344,228.54373168945312
401,player,75,1,932.15185546875,463.3580322265625,773.8349609375,709.6200561523438
402,player,69,1,650.1163940429688,430.8565673828125,578.6078491210938,549.7969360351562
402,player,68,1,761.005126953125,397.19793701171875,708.4303588867188,473.96600341796875
402,player,1,1,864.983642578125,526.1969604492188,663.3031005859375,833.8037109375
402,player,76,1,174.6192626953125,496.7852783203125,186.4317626953125,608.0126342773438
402,player,55,0,290.35894775390625,486.0167236328125,272.94512939453125,602.9199829101562
402,player,63,0,980.8863525390625,473.73040771484375,802.6828002929688,736.78271484375
402,player,66,1,543.2733764648438,380.5968322753906,531.38330078125,347.28216552734375
402,player,36,0,947.7236328125,581.6489868164062,675.966552734375,953.5810546875
402,player,3,1,428.0396728515625,359.17083740234375,441.1501770019531,228.27662658691406
402,player,75,1,931.021240234375,460.91497802734375,774.7037353515625,706.5861206054688
403,player,69,1,651.5819702148438,430.88616943359375,580.9940795898438,548.563720703125
403,player,68,1,761.0455322265625,398.99188232421875,708.5663452148438,475.8472595214844
403,player,76,1,170.70713806152344,496.99853515625,184.1644287109375,605.5287475585938
403,player,55,0,289.6219787597656,486.51300048828125,272.406494140625,603.193603515625
403,player,1,1,866.10986328125,514.2015380859375,667.8778076171875,824.055419921875
403,player,81,-1,539.64892578125,381.9432678222656,529.739013671875,351.75506591796875
403,player,63,0,974.511962890625,467.2252197265625,802.4266357421875,733.4200439453125
403,player,3,1,427.7685546875,360.31243896484375,440.73138427734375,229.72366333007812
403,player,36,0,945.8244018554688,578.1953125,676.2265014648438,949.7180786132812
403,player,75,1,932.982666015625,466.08099365234375,773.770751953125,709.19873046875
404,player,69,1,655.469970703125,428.9814453125,584.2232666015625,546.1806640625
404,player,68,1,763.3717041015625,397.3171081542969,710.029296875,475.4054260253906
404,player,36,0,943.0762939453125,577.1687622070312,676.0689697265625,946.4097290039062
404,player,76,1,165.03817749023438,497.19110107421875,181.19183349609375,603.5943603515625
404,player,55,0,288.84222412109375,486.80450439453125,271.8270263671875,603.5659790039062
404,player,66,1,545.9713134765625,382.98016357421875,532.274169921875,351.2904052734375
404,player,1,1,867.9710693359375,515.7611694335938,670.8345947265625,818.9998779296875
404,player,63,0,980.179443359375,468.05938720703125,803.4075927734375,732.4229736328125
404,player,3,1,424.64031982421875,360.2236022949219,439.4232177734375,230.1662139892578
404,player,75,1,935.51708984375,464.68682861328125,774.3754272460938,709.9374389648438
404,ball,-1,-1,178.72198486328125,393.39056396484375,1075.808349609375,255.18443298339844
405,player,68,1,765.5569458007812,396.9661865234375,711.7847290039062,474.9448547363281
405,player,36,0,940.705078125,576.3568725585938,675.6637573242188,943.6128540039062
405,player,69,1,659.7996826171875,427.9486083984375,587.8775634765625,543.9860229492188
405,player,76,1,160.88156127929688,496.6690673828125,178.16989135742188,601.5099487304688
405,player,55,0,286.91961669921875,486.02349853515625,270.99554443359375,602.933349609375
405,player,66,1,547.7860107421875,383.8368835449219,533.1856689453125,355.18377685546875
405,player,1,1,867.619140625,518.3909301757812,671.8810424804688,817.5819091796875
405,player,63,0,981.7739868164062,468.38519287109375,804.3304443359375,732.1842651367188
405,player,3,1,423.082763671875,362.3201904296875,437.5795593261719,233.28762817382812
405,player,75,1,936.6729125976562,461.3578186035156,776.383056640625,707.6744384765625
406,player,68,1,765.8956909179688,396.319580078125,713.290283203125,473.9408264160156
406,player,69,1,664.823486328125,426.7741394042969,592.057373046875,541.832275390625
406,player,76,1,158.37193298339844,497.39495849609375,175.53369140625,600.5859985351562
406,player,36,0,937.08544921875,577.6810302734375,674.2395629882812,942.318603515625
406,player,55,0,285.29681396484375,484.99139404296875,270.0972900390625,601.4434814453125
406,player,66,1,548.7598876953125,384.45166015625,533.9117431640625,358.5997314453125
406,player,1,1,868.5538330078125,558.0520629882812,661.6367797851562,843.4720458984375
406,player,3,1,422.22802734375,362.21319580078125,436.11749267578125,235.062744140625
406,player,75,1,938.3668212890625,456.486572265625,780.086181640625,702.130615234375
406,player,63,0,981.1548461914062,467.20654296875,805.24755859375,730.9947509765625
407,player,68,1,765.7802734375,395.4132080078125,714.6016845703125,472.23565673828125
407,player,69,1,689.2216796875,424.47357177734375,602.5479736328125,540.4267578125
407,player,66,1,549.975830078125,384.8885498046875,534.6444091796875,361.5050964355469
407,player,76,1,153.33651733398438,497.708740234375,172.48812866210938,599.8289794921875
407,player,1,1,870.4510498046875,561.4664916992188,654.51220703125,862.5901489257812
407,player,36,0,933.8045654296875,580.0072021484375,671.9631958007812,942.60986328125
407,player,55,0,284.313720703125,485.46923828125,269.2161560058594,600.8221435546875
407,player,73,-1,956.286376953125,455.58984375,794.3660888671875,667.6900634765625
407,player,3,1,420.6983947753906,362.74407958984375,434.5360107421875,236.7971649169922
407,player,83,-1,938.36572265625,508.123779296875,732.5311889648438,809.8300170898438
408,player,68,1,765.8338623046875,395.83056640625,715.3008422851562,471.61248779296875
408,player,36,0,932.0762939453125,577.6431274414062,670.7373046875,941.289794921875
408,player,66,1,552.744384765625,385.0166320800781,535.9607543945312,363.85784912109375
408,player,69,1,688.9829711914062,424.024169921875,609.4418334960938,539.0210571289062
408,player,76,1,146.6986083984375,498.56494140625,168.75096130371094,599.5255126953125
408,player,1,1,866.3597412109375,517.5848388671875,661.20654296875,845.2362060546875
408,player,55,0,281.4602355957031,484.96539306640625,267.91717529296875,599.708984375
408,player,75,1,938.0022583007812,450.11553955078125,784.9947509765625,692.8572998046875
408,player,73,-1,954.468017578125,452.1536865234375,797.8826293945312,673.7750854492188
408,player,3,1,417.4241943359375,361.483154296875,432.68280029296875,235.72955322265625
409,player,68,1,765.7811279296875,396.589111328125,715.4317626953125,472.0715026855469
409,player,36,0,932.0059814453125,574.953369140625,670.6521606445312,938.8361206054688
409,player,76,1,141.550048828125,495.92889404296875,164.97691345214844,596.5197143554688
409,player,66,1,554.4580078125,387.5865478515625,536.6220703125,368.79498291015625
409,player,86,-1,678.9556884765625,424.423828125,613.5797729492188,534.7916870117188
409,player,75,1,939.4165649414062,451.3778076171875,788.0479736328125,688.0848999023438
409,player,1,1,867.2572021484375,510.2618408203125,667.9970092773438,828.6917724609375
409,player,55,0,281.1440124511719,484.8807373046875,266.99432373046875,598.8805541992188
409,player,63,0,962.28515625,448.5668029785156,808.5843505859375,712.4375610351562
409,player,3,1,415.01141357421875,361.64019775390625,430.631103515625,234.97735595703125
410,player,36,0,928.3221435546875,575.283203125,669.6900634765625,937.175048828125
410,player,68,1,766.201416015625,397.57281494140625,715.2470092773438,473.53729248046875
410,player,66,1,556.2601318359375,388.582275390625,537.3348388671875,373.437744140625
410,player,76,1,135.2200164794922,499.14892578125,160.84133911132812,596.9014892578125
410,player,86,-1,680.3667602539062,425.01397705078125,613.8026123046875,535.5457153320312
410,player,1,1,865.0401611328125,503.1763916015625,674.0596923828125,812.4700927734375
410,player,73,-1,946.313720703125,448.1888427734375,799.6202392578125,673.4525146484375
410,player,55,0,280.4991149902344,485.7726135253906,266.1591796875,599.0951538085938
410,player,3,1,414.0055236816406,361.75421142578125,428.93402099609375,234.5340576171875
410,player,63,0,962.806640625,446.6587829589844,811.7125244140625,698.7085571289062
410,ball,-1,-1,163.00177001953125,392.99542236328125,1075.808349609375,255.18443298339844
411,player,36,0,925.026611328125,574.4783935546875,668.5501098632812,935.38232421875
411,player,66,1,556.3650512695312,390.49200439453125,537.2886352539062,378.8267822265625
411,player,68,1,765.585693359375,398.228271484375,714.676513671875,475.17230224609375
411,player,76,1,132.28993225097656,497.72979736328125,157.38165283203125,595.6268920898438
411,player,73,-1,949.8679809570312,449.39398193359375,801.2088012695312,674.6476440429688
411,player,86,-1,685.1705932617188,425.08447265625,615.315185546875,536.5797119140625
411,player,55,0,281.0223388671875,483.0067138671875,265.95233154296875,596.7606811523438
411,player,1,1,862.62890625,518.6505737304688,672.6881103515625,813.1286010742188
411,player,3,1,412.3006591796875,362.0279541015625,427.19793701171875,234.43894958496094
412,player,76,1,127.90556335449219,498.8685302734375,153.9761962890625,595.4374389648438
412,player,68,1,766.619140625,398.74951171875,714.408935546875,476.9342346191406
412,player,66,1,558.591552734375,389.7488098144531,538.1669921875,381.6538391113281
412,player,86,-1,687.0045166015625,423.32489013671875,617.39111328125,535.5950317382812
412,player,36,0,921.89794921875,569.37939453125,668.4939575195312,930.932861328125
412,player,73,-1,947.151611328125,448.53741455078125,801.8635864257812,674.4093627929688
412,player,55,0,279.80804443359375,481.3529968261719,265.6094970703125,593.61669921875
412,player,3,1,410.658203125,362.1944885253906,425.4809875488281,234.42323303222656
412,player,1,1,863.0690307617188,517.5416259765625,672.2333984375,812.7938232421875
413,player,66,1,559.2294921875,389.6954650878906,538.9530639648438,383.49444580078125
413,player,69,1,695.4202880859375,425.4444885253906,615.3283081054688,540.2153930664062
413,player,68,1,766.8158569335938,400.8971862792969,713.4354248046875,480.5253601074219
413,player,36,0,921.9619140625,572.2838134765625,667.68310546875,929.7947387695312
413,player,76,1,139.40234375,501.15771484375,154.78543090820312,598.3431396484375
413,player,55,0,279.20233154296875,481.62554931640625,265.2043762207031,591.7702026367188
413,player,73,-1,947.4212646484375,449.53375244140625,801.945068359375,675.1725463867188
413,player,3,1,410.36297607421875,361.38763427734375,424.4373779296875,233.2161865234375
413,player,1,1,858.4067993164062,497.3125,677.0015869140625,797.114990234375
414,player,76,1,141.93411254882812,503.064208984375,155.96694946289062,602.1301879882812
414,player,36,0,919.5211791992188,566.3645629882812,668.2218017578125,925.296875
414,player,66,1,560.2542724609375,388.84521484375,540.029052734375,383.7505187988281
414,player,69,1,696.427734375,419.38409423828125,621.4271240234375,534.7342529296875
414,player,68,1,765.9313354492188,398.90673828125,713.3311767578125,480.52069091796875
414,player,73,-1,954.7252197265625,460.31585693359375,799.5194702148438,685.7811279296875
414,player,55,0,278.60894775390625,480.12408447265625,264.8876647949219,589.1314086914062
414,player,1,1,856.6214599609375,495.07183837890625,680.363037109375,785.0402221679688
415,player,76,1,140.86012268066406,505.4412841796875,156.44393920898438,606.5797119140625
415,player,36,0,920.2420654296875,569.2700805664062,667.9395751953125,924.1920776367188
415,player,73,-1,949.454833984375,453.4363708496094,799.3486328125,686.2160034179688
415,player,66,1,561.495361328125,387.3635559082031,541.54638671875,382.2113952636719
415,player,55,0,278.7702941894531,478.4267578125,264.8461608886719,585.8551025390625
415,player,68,1,766.6700439453125,399.0362243652344,713.434814453125,480.7409973144531
415,player,69,1,701.9176025390625,420.17962646484375,626.7298583984375,532.5576782226562
415,player,3,1,407.8559265136719,362.792236328125,422.6174011230469,234.1572723388672
416,player,73,-1,951.973388671875,453.2403564453125,799.996826171875,686.5524291992188
416,player,76,1,138.61038208007812,509.0457763671875,156.15628051757812,612.4032592773438
416,player,55,0,278.3868408203125,478.5008850097656,264.710205078125,583.7601928710938
416,player,68,1,765.1239013671875,399.58526611328125,712.8152465820312,481.3455810546875
416,player,36,0,919.858642578125,565.9556274414062,668.5767822265625,921.4296875
416,player,66,1,562.5693359375,385.9224853515625,543.2909545898438,379.52752685546875
416,player,69,1,709.098876953125,416.0682067871094,633.66650390625,527.480712890625
416,player,3,1,406.0794982910156,361.4801025390625,421.11181640625,232.67144775390625
417,player,73,-1,952.6866455078125,455.99603271484375,799.4722290039062,689.2540283203125
417,player,55,0,278.1741638183594,477.6065673828125,264.62799072265625,581.545654296875
417,player,36,0,919.9429931640625,561.99853515625,670.104248046875,917.205810546875
417,player,68,1,765.80859375,398.596435546875,713.015380859375,480.6890869140625
417,player,76,1,137.68798828125,512.8560791015625,155.71994018554688,619.3715209960938
417,player,66,1,563.2301635742188,385.26348876953125,544.8268432617188,377.0283508300781
417,player,69,1,716.49853515625,413.9349365234375,641.0907592773438,522.6263427734375
417,player,3,1,403.29730224609375,361.5553283691406,419.17901611328125,231.4860076904297
417,player,1,1,845.6103515625,537.8530883789062,667.2463989257812,807.36865234375
418,player,73,-1,954.0428466796875,463.5299072265625,796.4359130859375,697.620361328125
418,player,55,0,277.44049072265625,475.27691650390625,264.54193115234375,577.8553466796875
418,player,68,1,768.3057250976562,401.2760925292969,712.8271484375,483.5452575683594
418,player,66,1,562.9405517578125,385.751220703125,545.590576171875,375.984375
418,player,76,1,134.51956176757812,515.4050903320312,154.61741638183594,625.7940063476562
418,player,36,0,916.8812255859375,560.7689208984375,670.7454833984375,913.474365234375
418,player,69,1,717.8876953125,412.22393798828125,646.9273681640625,517.7578125
418,player,3,1,400.95513916015625,365.1761779785156,416.39208984375,235.628662109375
418,player,1,1,846.0408935546875,550.2590942382812,655.500244140625,830.1581420898438
419,player,68,1,767.7061157226562,405.09478759765625,711.0154418945312,489.593505859375
419,player,73,0,951.736328125,462.2579650878906,794.3616943359375,701.7716064453125
419,player,55,0,277.34417724609375,475.93377685546875,264.412841796875,576.06591796875
419,player,36,0,914.8074951171875,559.5711669921875,671.02490234375,910.1512451171875
419,player,66,1,563.2442626953125,387.0660095214844,545.798583984375,376.9825439453125
419,player,76,1,131.55606079101562,518.1548461914062,153.1409912109375,632.031005859375
419,player,69,1,726.2332763671875,411.11431884765625,653.5859375,514.2275390625
419,player,1,1,844.0484619140625,553.858642578125,646.466552734375,847.156005859375
420,player,68,1,768.1442260742188,407.888671875,708.878662109375,496.64019775390625
420,player,73,0,951.953369140625,459.978515625,793.9896240234375,702.5344848632812
420,player,55,0,277.84332275390625,474.4842529296875,264.5686340332031,573.582275390625
420,player,76,1,130.2326202392578,525.4345092773438,151.84722900390625,641.9918212890625
420,player,36,0,909.8489990234375,561.7723388671875,669.4721069335938,908.9990234375
420,player,66,1,563.4884033203125,387.5274658203125,545.8762817382812,378.2325439453125
420,player,69,1,729.107421875,412.70050048828125,658.19482421875,513.9439697265625
420,player,1,1,843.7302856445312,554.1759033203125,640.4393310546875,858.3853759765625
420,player,3,1,399.42572021484375,367.6776123046875,413.56683349609375,241.68060302734375
421,player,68,1,769.9324951171875,409.308349609375,707.4700927734375,502.9483642578125
421,player,73,0,950.8545532226562,461.16473388671875,792.9769287109375,703.9522705078125
421,player,55,0,278.0592346191406,473.9192199707031,264.76947021484375,571.4532470703125
421,player,76,1,127.15220642089844,528.4082641601562,150.23480224609375,650.6315307617188
421,player,66,1,564.181640625,389.05975341796875,545.6996459960938,381.0202941894531
421,player,36,0,901.6383056640625,563.2705078125,666.1949462890625,908.5806274414062
421,player,3,1,395.6499938964844,368.63507080078125,410.2851257324219,246.5211639404297
421,player,69,1,729.6883544921875,412.1334228515625,661.5657958984375,513.2040405273438
421,player,1,1,842.7803955078125,554.2415161132812,636.2860717773438,865.65625
422,player,68,1,770.2644653320312,407.950439453125,707.1798095703125,505.60321044921875
422,player,55,0,278.5807800292969,473.085693359375,265.10272216796875,569.32666015625
422,player,73,0,947.0946044921875,453.7625427246094,794.326171875,698.1024780273438
422,player,36,0,888.4432373046875,553.9556274414062,663.5978393554688,901.484619140625
422,player,76,1,126.3863525390625,531.204833984375,149.0003204345703,658.4376220703125
422,player,66,1,565.5857543945312,390.808837890625,545.518798828125,385.13739013671875
422,player,3,1,396.22503662109375,369.4101257324219,408.19122314453125,250.81857299804688
422,player,69,1,737.9749755859375,420.25921630859375,663.2916259765625,522.2085571289062
422,player,1,1,843.074462890625,552.2675170898438,634.1657104492188,869.1288452148438
423,player,36,0,890.7977294921875,551.71044921875,663.0700073242188,895.6085815429688
423,player,68,1,770.5159301757812,401.3845520019531,709.6556396484375,500.0887451171875
423,player,55,0,278.80010986328125,475.033935546875,265.23785400390625,569.806640625
423,player,76,1,125.64524841308594,533.5072021484375,148.0181884765625,665.2908935546875
423,player,66,1,568.3938598632812,391.6903076171875,546.0233764648438,389.1940612792969
423,player,75,1,939.5362548828125,454.2303466796875,788.89697265625,687.5213012695312
423,player,3,1,393.6976318359375,368.41754150390625,406.18438720703125,251.9295654296875
423,player,69,1,739.0577392578125,419.819580078125,664.8836669921875,527.7073364257812
424,player,68,1,770.0152587890625,397.12432861328125,712.8306274414062,491.6337585449219
424,player,55,0,278.11138916015625,474.00274658203125,265.212646484375,569.0828247070312
424,player,36,0,876.9472045898438,549.3972778320312,660.1677856445312,889.262939453125
424,player,76,1,127.0166015625,535.991455078125,147.72552490234375,671.8251953125
424,player,3,1,392.96978759765625,369.2064208984375,404.4849853515625,253.67303466796875
424,player,75,1,938.5789184570312,456.05291748046875,788.4522705078125,688.6705322265625
424,player,66,1,569.337890625,390.9053955078125,546.8735961914062,390.97216796875
424,player,69,1,741.290283203125,413.169189453125,668.9617919921875,524.4346923828125
425,player,36,0,870.4755859375,549.86669921875,656.6566162109375,884.9595947265625
425,player,3,1,392.52545166015625,369.3727722167969,403.2007141113281,254.98760986328125
425,player,76,1,127.04960632324219,536.7421264648438,147.54478454589844,676.6669311523438
425,player,55,0,276.5304260253906,473.6507263183594,264.7904052734375,568.1361083984375
425,player,68,1,771.7105712890625,400.87255859375,713.8931884765625,490.55706787109375
425,player,75,1,932.3583984375,455.65057373046875,786.656005859375,688.507080078125
425,player,66,1,571.358154296875,390.76690673828125,548.09765625,392.17547607421875
425,player,69,1,744.1500244140625,421.493408203125,669.4552612304688,531.40576171875
426,player,3,1,391.1998291015625,368.5709228515625,402.0802001953125,254.56536865234375
426,player,76,1,124.3877944946289,537.3600463867188,146.77005004882812,680.086669921875
426,player,36,0,865.22802734375,548.8298950195312,653.4407958984375,881.095703125
426,player,55,0,275.81475830078125,473.9808654785156,264.2972412109375,567.7686767578125
426,player,68,1,772.46484375,402.052001953125,714.3383178710938,491.2564697265625
426,player,75,1,934.7501220703125,454.765625,786.48779296875,687.837158203125
426,player,69,1,742.1392822265625,417.31732177734375,670.6810913085938,531.352783203125
426,player,66,1,573.89013671875,391.97589111328125,549.329833984375,394.7065734863281
426,player,63,0,947.5758056640625,453.03515625,806.9337158203125,694.0953979492188
427,player,36,0,858.533203125,550.2587280273438,649.4168701171875,879.0137329101562
427,player,84,-1,100.58650207519531,536.9302368164062,128.48226928710938,680.0090942382812
427,player,55,0,275.13677978515625,473.218017578125,263.84588623046875,566.745361328125
427,player,3,1,391.10986328125,369.025634765625,401.23443603515625,254.9180908203125
427,player,68,1,772.48486328125,405.54217529296875,713.2481689453125,495.58697509765625
427,player,66,1,574.854736328125,391.234375,550.6488037109375,395.5505065917969
427,player,69,1,742.6593627929688,416.28118896484375,672.003173828125,530.2706298828125
427,player,63,0,947.53955078125,445.9240417480469,806.7923583984375,684.7264404296875
427,player,75,1,936.8858642578125,452.0411376953125,788.062255859375,685.1832885742188
428,player,36,0,852.050537109375,546.2820434570312,646.3610229492188,874.572021484375
428,player,55,0,274.0414733886719,473.268310546875,263.2498779296875,566.02880859375
428,player,68,1,774.9649658203125,405.7432861328125,713.1997680664062,498.8759765625
428,player,3,1,390.2893981933594,369.1053466796875,400.3968505859375,255.16409301757812
428,player,66,1,576.08154296875,390.12005615234375,552.218017578125,394.86639404296875
428,player,84,-1,99.80095672607422,536.7672119140625,128.2854461669922,679.81689453125
428,player,69,1,743.27490234375,418.20782470703125,672.3491821289062,531.6688232421875
428,player,63,0,948.6220703125,441.92254638671875,808.7064208984375,675.0797119140625
429,player,36,0,846.7430419921875,544.91552734375,643.5035400390625,870.382080078125
429,player,55,0,273.42169189453125,473.11968994140625,262.70367431640625,565.36572265625
429,player,68,1,775.45947265625,404.530029296875,713.7968139648438,499.7257080078125
429,player,66,1,581.3860473632812,388.74951171875,555.3077392578125,393.3078918457031
429,player,3,1,388.5428466796875,368.8371887207031,399.32330322265625,254.74598693847656
429,player,69,1,743.55908203125,417.0953369140625,673.0570068359375,531.4296264648438
429,player,84,-1,91.8313217163086,535.980224609375,126.1680679321289,678.4261474609375
429,player,63,0,946.359375,425.6488037109375,816.5369873046875,653.146240234375
429,player,75,1,930.900146484375,451.9000244140625,787.5256958007812,682.7916259765625
430,player,36,0,841.7070922851562,545.3071899414062,640.3671264648438,867.5380859375
430,player,68,1,776.1795654296875,406.2542724609375,713.71630859375,502.25146484375
430,player,55,0,272.65240478515625,472.830810546875,262.15869140625,564.5904541015625
430,player,69,1,744.4808349609375,417.6184387207031,673.5980224609375,531.9192504882812
430,player,66,1,582.8526000976562,389.68505859375,557.4935913085938,393.60394287109375
430,player,3,1,387.930419921875,368.966064453125,398.3974609375,254.5840606689453
430,player,84,-1,90.16079711914062,536.5728149414062,124.3865966796875,677.8582763671875
430,player,73,0,951.5592041015625,433.2750244140625,805.208251953125,675.9610595703125
430,player,75,1,919.740966796875,447.00250244140625,786.142333984375,675.8147583007812
431,player,36,0,839.526611328125,546.1771850585938,637.590087890625,866.1007080078125
431,player,66,1,585.6024169921875,390.7534484863281,559.4517211914062,395.400390625
431,player,55,0,272.5634765625,472.86590576171875,261.7776794433594,564.11181640625
431,player,3,1,387.7330017089844,368.95770263671875,397.73162841796875,254.44422912597656
431,player,68,1,777.0232543945312,412.8631591796875,711.334228515625,511.139892578125
431,player,69,1,744.5865478515625,416.9003601074219,674.2395629882812,531.48779296875
431,player,88,-1,756.52490234375,422.4078674316406,679.6748657226562,550.5342407226562
431,player,75,1,927.6053466796875,457.60467529296875,783.10009765625,681.4366455078125
431,player,84,-1,83.01585388183594,537.8399047851562,121.47936248779297,677.9187622070312
432,player,36,0,836.80126953125,547.9592895507812,634.6831665039062,866.1363525390625
432,player,66,1,588.1014404296875,391.81439208984375,561.1834716796875,398.128662109375
432,player,55,0,272.138916015625,472.7937927246094,261.4190368652344,563.6936645507812
432,player,68,1,776.1500854492188,412.6173095703125,709.6239013671875,516.56689453125
432,player,69,1,746.98095703125,415.79974365234375,675.7566528320312,530.2765502929688
432,player,3,1,387.26336669921875,368.596923828125,397.211181640625,253.7926025390625
432,player,84,-1,83.35713958740234,537.5731201171875,119.6690902709961,677.7742919921875
432,player,75,1,917.9938354492188,462.08880615234375,776.80419921875,688.1238403320312
432,player,88,-1,758.4449462890625,420.9578552246094,680.7550048828125,549.21826171875
432,player,73,0,946.6937255859375,437.3025817871094,809.149169921875,664.9130859375
433,player,36,0,835.911865234375,544.146728515625,633.587646484375,863.570068359375
433,player,55,0,270.88189697265625,472.88812255859375,260.8358154296875,563.3976440429688
433,player,66,1,589.146484375,393.21771240234375,562.2115478515625,401.71405029296875
433,player,68,1,775.0633544921875,415.29925537109375,707.166259765625,522.8424682617188
433,player,3,1,386.2232666015625,367.82415771484375,396.67333984375,252.160888671875
433,player,75,1,923.1812744140625,463.88824462890625,773.3936767578125,694.47216796875
433,player,84,-1,82.58232879638672,538.6922607421875,118.32222747802734,678.5031127929688
433,player,69,1,749.2418212890625,417.05169677734375,676.9488525390625,531.0427856445312
433,player,73,0,940.8273315429688,443.3123779296875,807.50390625,662.7593994140625
433,ball,-1,-1,58.350704193115234,441.3657531738281,1075.808349609375,255.18443298339844
434,player,55,0,266.6360168457031,472.9557800292969,259.2916259765625,562.8846435546875
434,player,36,0,828.6677856445312,532.0692749023438,634.4003295898438,853.1475830078125
434,player,66,1,591.1951293945312,394.6511535644531,563.084228515625,405.98870849609375
434,player,84,1,81.50787353515625,537.5848388671875,117.15867614746094,678.0147705078125
434,player,3,1,384.85125732421875,368.84539794921875,395.67413330078125,252.37791442871094
434,player,75,1,922.693115234375,462.51361083984375,771.5789794921875,697.3779907226562
434,player,88,-1,756.4715576171875,414.80926513671875,683.13818359375,541.6925048828125
434,player,68,1,775.1275634765625,414.78778076171875,705.782470703125,526.385498046875
434,player,1,1,853.42724609375,522.4115600585938,643.4256591796875,851.9171142578125
434,player,73,0,939.4918823242188,447.44647216796875,804.328857421875,665.0009765625
434,ball,-1,-1,60.729225158691406,436.81353759765625,1075.808349609375,255.18443298339844
435,player,55,0,264.1903991699219,472.98974609375,257.61712646484375,562.36181640625
435,player,36,0,831.1151123046875,523.5656127929688,637.8612060546875,840.5947265625
435,player,84,1,84.85733795166016,538.72802734375,117.2541275024414,678.8701171875
435,player,66,1,592.5123291015625,394.92303466796875,563.977294921875,409.2332763671875
435,player,88,-1,755.8763427734375,413.41497802734375,685.03076171875,535.250732421875
435,player,75,1,922.38427734375,461.33978271484375,770.7731323242188,698.229248046875
435,player,3,1,383.5031433105469,370.35205078125,394.2956237792969,254.47171020507812
435,player,68,1,774.8497924804688,413.0577392578125,705.4635009765625,526.817626953125
435,player,73,0,939.2264404296875,451.02838134765625,800.7075805664062,669.649658203125
435,player,90,-1,804.0736083984375,624.2196044921875,558.9251708984375,988.10205078125
436,player,55,0,261.3557434082031,473.0791015625,255.74795532226562,561.8499755859375
436,player,36,0,824.9406127929688,519.19580078125,639.842041015625,828.8145751953125
436,player,66,1,593.0372314453125,395.5147705078125,564.5422973632812,412.10626220703125
436,player,88,-1,756.8646240234375,413.18841552734375,686.63623046875,530.9195556640625
436,player,84,1,90.3659896850586,538.4520263671875,118.67445373535156,679.650146484375
436,player,3,1,380.52978515625,376.92218017578125,391.2249450683594,264.53106689453125
436,player,75,1,923.6829833984375,461.27655029296875,770.6195068359375,698.8431396484375
436,player,89,-1,770.3380737304688,416.46441650390625,697.39501953125,536.6764526367188
437,player,36,0,824.1533203125,516.9176025390625,641.58154296875,819.4424438476562
437,player,55,0,255.97608947753906,472.75421142578125,253.0819854736328,560.7194213867188
437,player,3,1,374.8852844238281,377.7121887207031,387.245849609375,271.50091552734375
437,player,66,1,594.614990234375,395.60211181640625,565.3704833984375,414.245361328125
437,player,88,-1,759.79443359375,413.55206298828125,688.4054565429688,528.7872924804688
437,player,84,1,91.85139465332031,535.9931640625,119.92611694335938,678.3296508789062
437,player,75,1,930.0823364257812,454.17596435546875,775.0460815429688,693.6157836914062
438,player,36,0,824.7356567382812,516.8661499023438,642.8690185546875,813.3594970703125
438,player,55,0,250.44696044921875,471.8306884765625,249.89028930664062,558.598388671875
438,player,3,1,375.02081298828125,377.0821228027344,384.8134460449219,275.192626953125
438,player,88,-1,759.421630859375,413.98028564453125,689.28564453125,527.8221435546875
438,player,66,1,596.4847412109375,395.8165283203125,566.4212646484375,416.08984375
438,player,84,1,88.40392303466797,538.1131591796875,119.91983795166016,678.8739013671875
438,player,75,1,930.50634765625,450.40411376953125,779.5684814453125,686.90087890625
438,player,89,-1,769.8001708984375,416.318603515625,697.2926635742188,536.468994140625
439,player,36,0,826.19189453125,516.1083374023438,644.277099609375,808.9693603515625
439,player,55,0,242.84701538085938,472.12451171875,245.71475219726562,556.8099975585938
439,player,76,1,79.4690170288086,540.5724487304688,135.20623779296875,681.2369384765625
439,player,88,1,759.28076171875,415.05926513671875,689.4140625,528.33154296875
439,player,66,1,597.499755859375,396.4854736328125,567.21533203125,418.193115234375
439,player,3,1,372.6517333984375,377.49267578125,382.38690185546875,277.8807067871094
439,player,73,0,934.2220458984375,440.125244140625,801.5555419921875,662.2843627929688
439,player,75,1,917.0919189453125,457.33050537109375,776.1192016601562,687.4630126953125
440,player,36,0,818.5667114257812,515.5032958984375,643.4990844726562,805.064453125
440,player,55,0,239.83029174804688,472.4664001464844,242.15487670898438,555.7010498046875
440,player,76,1,74.45368957519531,548.2559814453125,126.62394714355469,687.5475463867188
440,player,66,1,599.0846557617188,397.66021728515625,567.8650512695312,421.12127685546875
440,player,88,1,760.3849487304688,426.0179748535156,685.8228149414062,540.1871948242188
440,player,3,1,367.59027099609375,377.43194580078125,379.1659240722656,278.97216796875
440,player,75,1,922.6685791015625,456.1468505859375,775.83984375,687.2893676757812
441,player,36,0,831.8236083984375,515.64794921875,646.1951904296875,803.6911010742188
441,player,55,0,235.97950744628906,472.55621337890625,238.78057861328125,554.7161865234375
441,player,76,1,73.96251678466797,553.3792724609375,121.03910064697266,695.507080078125
441,player,3,1,366.7922058105469,377.09619140625,376.8679504394531,279.1349792480469
441,player,66,1,599.9579467773438,397.75518798828125,568.527099609375,423.22900390625
441,player,88,1,758.84423828125,419.7828369140625,685.294921875,541.3069458007812
441,player,91,-1,587.2705078125,396.40472412109375,559.749755859375,418.7324523925781
441,player,75,1,928.174072265625,447.31109619140625,780.719970703125,679.7894287109375
442,player,36,0,826.707275390625,516.7935791015625,646.369873046875,803.2254028320312
442,player,55,0,233.77713012695312,472.59320068359375,235.9815673828125,553.9111938476562
442,player,76,1,73.90062713623047,560.6154174804688,117.55123901367188,706.0728759765625
442,player,66,1,603.347900390625,398.27532958984375,569.841064453125,425.57025146484375
442,player,88,1,760.6907958984375,419.0409851074219,685.7601318359375,541.4408569335938
442,player,91,-1,589.311279296875,397.10308837890625,560.1722412109375,419.7797546386719
442,player,3,1,368.4624328613281,377.21734619140625,375.90008544921875,279.5948791503906
442,player,75,1,923.3863525390625,454.4617919921875,779.69384765625,680.8809204101562
443,player,76,1,74.02828979492188,561.906982421875,115.34227752685547,713.9009399414062
443,player,55,0,229.96475219726562,472.31146240234375,233.13058471679688,552.7703857421875
443,player,66,1,598.8338623046875,398.89727783203125,569.123291015625,427.35028076171875
443,player,3,1,366.6217956542969,377.2485046386719,374.66375732421875,279.7274475097656
443,player,91,-1,588.0367431640625,397.9828796386719,559.7952880859375,421.37005615234375
443,player,36,0,824.305908203125,515.8992919921875,646.1511840820312,802.0789794921875
443,player,83,-1,940.3110961914062,419.8074951171875,767.989501953125,734.3613891601562
443,player,75,1,897.6799926757812,456.8433837890625,771.1810302734375,681.38330078125
443,player,88,1,764.8228759765625,415.68267822265625,688.5131225585938,538.39794921875
443,ball,-1,-1,967.6328125,346.22552490234375,1067.6241455078125,263.36199951171875
444,player,76,1,72.40034484863281,568.0941162109375,113.65251159667969,723.3658447265625
444,player,55,0,226.95529174804688,471.7576904296875,230.4779052734375,551.2216796875
444,player,36,0,823.0126342773438,514.6636352539062,646.04443359375,800.3258056640625
444,player,66,1,598.8272094726562,400.0719299316406,568.3037109375,429.8863525390625
444,player,73,0,928.0401611328125,427.71563720703125,805.7774658203125,645.0970458984375
444,player,92,-1,770.8190307617188,524.2160034179688,602.13427734375,805.046142578125
444,player,3,1,365.85504150390625,376.9187927246094,373.66473388671875,279.2782287597656
444,player,75,1,887.5599365234375,456.4932861328125,763.0609130859375,680.4925537109375
444,player,93,-1,912.4800415039062,444.4022521972656,780.9335327148438,654.1615600585938
445,player,76,1,72.19892883300781,570.8099365234375,112.56500244140625,731.4517822265625
445,player,55,0,224.725341796875,472.3184814453125,228.11492919921875,550.5518798828125
445,player,92,-1,767.543701171875,526.1788330078125,600.841796875,806.1956787109375
445,player,66,1,594.2991943359375,400.05426025390625,566.39111328125,431.03955078125
445,player,73,0,924.7138671875,425.7757568359375,808.4422607421875,631.7066040039062
445,player,3,1,357.8552551269531,376.2690124511719,370.50177001953125,277.19073486328125
445,player,68,1,792.408935546875,463.63751220703125,692.3046264648438,577.8182373046875
445,player,75,1,880.01171875,456.02301025390625,755.9288330078125,678.8184204101562
445,player,36,0,809.3037109375,519.2753295898438,641.3339233398438,801.456298828125
446,player,55,0,223.07159423828125,472.43841552734375,226.11956787109375,550.0813598632812
446,player,92,-1,762.2042236328125,526.919921875,598.5260009765625,807.0531005859375
446,player,76,1,70.731201171875,572.8421630859375,111.55712890625,738.044921875
446,player,75,1,877.65087890625,457.193359375,750.2186279296875,678.5548095703125
446,player,68,1,789.5543212890625,457.405517578125,685.0306396484375,605.1641845703125
446,player,66,1,592.4031982421875,401.19696044921875,564.232421875,432.92822265625
446,player,3,1,357.64862060546875,372.390380859375,369.01483154296875,270.46160888671875
446,player,73,0,925.6826171875,422.91912841796875,811.729248046875,620.2711791992188
446,player,91,-1,604.167724609375,319.98065185546875,592.73193359375,314.4698181152344
446,player,36,0,812.8902587890625,517.7161865234375,639.5780639648438,801.3438110351562
447,player,55,0,221.81948852539062,472.636962890625,224.469970703125,549.8525390625
447,player,92,-1,751.2576904296875,523.3574829101562,595.2630615234375,804.1865234375
447,player,75,1,875.5662841796875,456.47625732421875,746.214111328125,677.5612182617188
447,player,76,1,62.76409912109375,574.2784423828125,109.06732177734375,742.7503051757812
447,player,66,1,596.921630859375,401.19903564453125,564.2080078125,434.63055419921875
447,player,3,1,355.46868896484375,374.54119873046875,366.97613525390625,268.815673828125
447,player,36,0,807.6255493164062,513.5910034179688,638.2996826171875,797.8248291015625
447,player,68,1,787.2002563476562,486.9727783203125,670.394775390625,648.0122680664062
447,player,83,-1,919.5233154296875,415.62939453125,786.9859619140625,679.0404052734375
447,player,94,-1,606.8463134765625,358.5790100097656,613.0323486328125,285.4792785644531
448,player,55,0,221.34654235839844,472.53643798828125,223.27244567871094,549.5640869140625
448,player,92,-1,746.44775390625,523.1102905273438,592.035400390625,801.7635498046875
448,player,3,1,354.870849609375,375.06011962890625,365.3701171875,268.3920593261719
448,player,95,-1,49.319801330566406,574.5040893554688,95.45987701416016,749.0604248046875
448,player,75,1,871.119873046875,456.56109619140625,742.38232421875,676.5908813476562
448,player,66,1,598.3079833984375,400.14581298828125,564.927978515625,434.65069580078125
448,player,36,0,805.2985229492188,514.3472900390625,636.68603515625,795.9088134765625
448,player,93,-1,928.10009765625,435.8908996582031,788.819091796875,647.6757202148438
448,player,88,1,767.2810668945312,380.39837646484375,705.267333984375,496.47821044921875
448,player,91,-1,607.13330078125,321.93341064453125,614.3781127929688,248.6225128173828
449,player,92,-1,739.5484008789062,523.7523803710938,588.1033935546875,800.1084594726562
449,player,55,0,219.60897827148438,472.249755859375,222.02972412109375,548.9421997070312
449,player,75,1,869.8196411132812,457.44818115234375,739.2130126953125,676.6294555664062
449,player,3,1,353.678466796875,375.026611328125,363.9393615722656,267.9344482421875
449,player,95,-1,47.36073303222656,573.7943725585938,94.97927856445312,748.4087524414062
449,player,66,1,598.4728393554688,397.6993103027344,566.178466796875,431.8005065917969
449,player,93,-1,925.0810546875,433.1121826171875,794.301513671875,640.5332641601562
449,player,91,-1,607.294677734375,326.28240966796875,626.6583862304688,212.9710235595703
449,player,88,1,767.8794555664062,382.5289306640625,715.42431640625,471.8909912109375
449,ball,-1,-1,1000.9183349609375,365.6097412109375,1059.748046875,277.48291015625
450,player,55,0,217.31277465820312,471.67254638671875,220.61599731445312,547.7716674804688
450,player,92,-1,737.6705932617188,524.8775024414062,584.8175048828125,799.6985473632812
450,player,66,1,602.9075927734375,400.6900634765625,567.4518432617188,433.9291687011719
450,player,3,1,352.23443603515625,374.9366455078125,362.54864501953125,267.34820556640625
450,player,95,-1,45.28047561645508,574.2671508789062,94.19330596923828,748.1649169921875
450,player,75,1,868.397705078125,458.92095947265625,736.228515625,677.8269653320312
450,player,93,-1,921.328369140625,442.41583251953125,792.873291015625,644.2880859375
450,player,88,1,769.1494140625,376.269775390625,725.157958984375,448.356201171875
450,player,68,1,792.4494018554688,473.83404541015625,666.2614135742188,665.4105834960938
450,ball,-1,-1,1003.841552734375,366.987548828125,1052.518798828125,290.9354248046875
451,player,55,0,215.70367431640625,471.4620361328125,219.26344299316406,546.6604614257812
451,player,92,0,735.4215087890625,525.8706665039062,581.8961791992188,799.9713134765625
451,player,66,1,604.9510498046875,402.439697265625,568.378662109375,437.5614318847656
451,player,3,1,350.10162353515625,375.2987976074219,360.8854064941406,267.2220153808594
451,player,95,-1,43.58191680908203,577.0772705078125,93.3722152709961,749.8681640625
451,player,75,1,880.0382080078125,454.49237060546875,739.07275390625,675.7261352539062
451,ball,-1,-1,1003.7396240234375,367.08270263671875,1045.8470458984375,303.3358154296875
452,player,55,0,214.82504272460938,471.84906005859375,218.12646484375,546.2320556640625
452,player,3,1,348.4580078125,376.18914794921875,359.1241760253906,268.1751403808594
452,player,66,1,605.800537109375,406.238525390625,568.1107788085938,444.3787841796875
452,player,92,0,736.424072265625,524.97265625,580.45751953125,799.5797729492188
452,player,75,1,873.80419921875,454.020751953125,739.4146728515625,673.3759765625
452,player,93,-1,907.7568359375,438.86431884765625,789.6735229492188,642.1590576171875
452,player,95,-1,42.16607666015625,575.0532836914062,92.4433822631836,749.437744140625
452,ball,-1,-1,1003.6810913085938,367.2497863769531,1039.6812744140625,314.78955078125
453,player,55,0,213.36138916015625,471.6192626953125,216.99440002441406,545.597900390625
453,player,66,1,606.3630981445312,408.06097412109375,567.570556640625,450.9396057128906
453,player,3,1,348.0802001953125,376.6897888183594,357.77728271484375,269.43719482421875
453,player,92,0,729.1319580078125,524.7518310546875,577.8072509765625,798.58984375
453,player,93,-1,907.069580078125,436.04742431640625,788.5776977539062,638.0499877929688
453,player,75,1,863.9412841796875,454.5144958496094,736.7852783203125,671.3990478515625
453,player,89,-1,786.500244140625,472.1905212402344,682.6943359375,590.98828125
453,player,95,-1,38.50334930419922,573.8902587890625,90.94265747070312,748.0557250976562
453,ball,-1,-1,1003.5875244140625,367.15850830078125,1034.014892578125,325.2990417480469
454,player,55,0,210.42117309570312,471.94378662109375,215.43692016601562,545.2311401367188
454,player,66,1,607.275146484375,408.8375549316406,567.26611328125,456.1756896972656
454,player,3,1,347.09564208984375,377.9770812988281,356.37982177734375,271.9018249511719
454,player,92,0,717.0125732421875,523.20947265625,573.5070190429688,795.8663330078125
454,player,93,-1,905.99951171875,437.06927490234375,787.1403198242188,636.2474975585938
454,player,68,1,778.4019775390625,485.8323974609375,656.26806640625,685.4969482421875
454,player,95,-1,31.994686126708984,570.4479370117188,88.31523895263672,744.198486328125
454,player,75,1,855.6959228515625,453.99749755859375,733.035888671875,668.904541015625
454,player,89,-1,789.7317504882812,382.49267578125,707.5894775390625,535.6370239257812
454,player,36,0,785.5772094726562,474.679931640625,642.2819213867188,761.6622314453125
454,ball,-1,-1,1003.1756591796875,366.966064453125,1028.7991943359375,334.9034423828125
455,player,55,0,209.3123016357422,471.5004577636719,214.13687133789062,544.462646484375
455,player,92,0,728.0220947265625,520.8110961914062,573.97021484375,793.2159423828125
455,player,66,1,608.291748046875,407.7537841796875,567.692138671875,458.4576110839844
455,player,3,1,344.8653869628906,378.0462646484375,354.7313232421875,273.34515380859375
455,player,93,1,905.5947265625,443.03369140625,783.6349487304688,640.6199340820312
455,player,75,1,857.3944091796875,452.2574462890625,731.7018432617188,665.8685302734375
455,player,68,1,779.39306640625,491.603759765625,648.340087890625,703.3011474609375
455,player,95,1,26.586265563964844,576.0185546875,85.54063415527344,745.267822265625
455,ball,-1,-1,1002.22314453125,367.08343505859375,1023.9154052734375,343.7484130859375
456,player,55,0,207.97720336914062,471.924560546875,212.90818786621094,544.2515869140625
456,player,3,1,342.1952209472656,378.12420654296875,352.77447509765625,274.0867004394531
456,player,66,1,610.37451171875,404.9996337890625,569.4149780273438,457.0172119140625
456,player,92,0,727.50634765625,522.509033203125,573.73486328125,792.6944580078125
456,player,93,1,903.80810546875,442.77178955078125,780.971435546875,643.0543212890625
456,player,95,1,34.06666564941406,573.9407958984375,85.41593933105469,745.0472412109375
456,player,68,1,772.4364013671875,490.43817138671875,641.7457275390625,713.3531494140625
456,ball,-1,-1,1001.997802734375,365.7982177734375,1019.5875244140625,351.5188293457031
457,player,55,0,206.97616577148438,471.85772705078125,211.83673095703125,543.9584350585938
457,player,3,1,340.07489013671875,380.1045837402344,350.5146789550781,277.0137023925781
457,player,92,0,720.7723388671875,521.8447265625,572.100341796875,791.335205078125
457,player,66,1,614.161865234375,407.8367919921875,570.8305053710938,459.70135498046875
457,player,95,1,33.419097900390625,573.4551391601562,85.16571807861328,744.508544921875
457,player,93,1,903.0299682617188,445.07122802734375,778.0946044921875,646.6870727539062
457,player,75,1,852.5653686523438,455.57940673828125,728.3062133789062,666.4449462890625
457,player,68,1,771.1318359375,489.455078125,637.4083862304688,718.9844970703125
457,ball,-1,-1,1001.81494140625,365.9644470214844,1015.569091796875,358.7098693847656
458,player,92,0,716.3333740234375,524.0349731445312,569.4375,791.698486328125
458,player,3,1,338.05816650390625,380.50677490234375,348.3298034667969,279.2315979003906
458,player,66,1,615.50390625,408.18914794921875,572.049072265625,461.98211669921875
458,player,95,1,29.293941497802734,573.332275390625,84.029052734375,743.7597045898438
458,player,55,0,200.98883056640625,470.9598388671875,209.52415466308594,542.3499755859375
458,player,93,1,900.6656494140625,444.0791931152344,775.9759521484375,647.9169921875
458,player,75,1,854.188720703125,456.9699401855469,726.0316162109375,668.2059936523438
458,player,68,1,767.3372192382812,486.2197570800781,634.5485229492188,719.6951293945312
458,player,36,0,830.5570678710938,458.91900634765625,663.060302734375,729.706298828125
458,ball,-1,-1,1001.0614013671875,366.844482421875,1011.6934204101562,365.5540466308594
459,player,66,1,618.0033569335938,407.97698974609375,573.6558837890625,463.48126220703125
459,player,92,0,710.0601196289062,524.6854248046875,566.0299072265625,791.9114379882812
459,player,55,0,196.94296264648438,471.85040283203125,206.87640380859375,541.799072265625
459,player,3,1,335.89361572265625,381.93634033203125,345.99853515625,282.35205078125
459,player,95,1,28.480802536010742,573.5940551757812,83.10874938964844,743.3988037109375
459,player,93,1,902.41650390625,440.540771484375,776.5204467773438,645.591796875
459,player,75,1,853.9647216796875,456.45220947265625,724.6807861328125,668.86962890625
459,ball,-1,-1,1001.8302001953125,367.38690185546875,1008.10693359375,372.0220947265625
460,player,55,0,193.13079833984375,472.23028564453125,204.09408569335938,541.4610595703125
460,player,66,1,622.8002319335938,408.6595458984375,575.935546875,465.717041015625
460,player,95,1,34.24766540527344,573.1697387695312,83.85076141357422,743.295654296875
460,player,3,1,335.32391357421875,381.9311218261719,344.2989807128906,284.30938720703125
460,player,93,1,902.90380859375,436.6219482421875,778.6279296875,640.435791015625
460,player,92,0,704.6419677734375,523.0557250976562,562.8751831054688,790.4317016601562
460,player,75,1,853.2437744140625,455.59295654296875,723.9208374023438,668.468994140625
460,player,68,1,765.926025390625,488.78717041015625,631.5869140625,722.1263427734375
460,player,83,-1,879.1629638671875,436.73760986328125,778.7677001953125,660.059814453125
461,player,55,0,187.8765411376953,471.4337158203125,200.8619384765625,539.9877319335938
461,player,95,1,31.923391342163086,572.0895385742188,83.74785614013672,742.2796630859375
461,player,66,1,621.517333984375,409.7098388671875,576.7166137695312,468.2190856933594
461,player,93,1,902.5784912109375,432.52825927734375,781.623291015625,633.1405029296875
461,player,3,1,335.24365234375,382.6223449707031,343.0692443847656,286.4982604980469
461,player,68,1,755.6025390625,490.66259765625,626.4839477539062,724.3507080078125
461,player,75,1,849.5719604492188,455.8536682128906,722.3405151367188,668.1104736328125
461,player,92,0,696.60498046875,522.5285034179688,558.9864501953125,788.4449462890625
461,player,89,-1,789.9730834960938,454.3553466796875,696.0965576171875,575.0218505859375
461,player,88,1,780.8299560546875,406.57183837890625,722.3592529296875,469.68231201171875
461,ball,-1,-1,908.658447265625,345.86004638671875,1000.9102172851562,369.15643310546875
462,player,95,1,29.234996795654297,573.7944946289062,83.11058044433594,742.63671875
462,player,66,1,620.4445190429688,410.2732238769531,576.7344970703125,470.36700439453125
462,player,55,0,185.05079650878906,471.54034423828125,197.9791259765625,538.875244140625
462,player,93,1,900.884765625,431.40863037109375,783.568115234375,627.156982421875
462,player,68,1,746.6500244140625,502.5306396484375,617.6590576171875,734.4430541992188
462,player,3,1,335.21875,382.9837646484375,342.210205078125,288.401123046875
462,player,89,-1,791.9922485351562,450.993896484375,690.3131103515625,597.7267456054688
462,player,75,1,839.8582153320312,455.17578125,718.931884765625,666.3930053710938
462,player,92,0,682.8538818359375,521.3071899414062,553.3758544921875,785.1587524414062
463,player,66,1,619.5750732421875,410.8541259765625,576.3129272460938,472.3238830566406
463,player,95,1,28.699167251586914,573.1943359375,82.54827880859375,742.3994750976562
463,player,3,1,333.710693359375,382.31329345703125,341.2583923339844,288.5724182128906
463,player,93,1,897.2793579101562,432.6190185546875,783.3094482421875,624.09521484375
463,player,55,0,180.30035400390625,470.25634765625,194.82696533203125,536.4638671875
463,player,75,1,844.8858642578125,454.60150146484375,718.2838134765625,665.2152709960938
463,player,89,-1,787.9046630859375,453.90850830078125,684.4539184570312,614.7847290039062
463,player,68,1,741.536865234375,506.29107666015625,609.654052734375,743.4860229492188
464,player,66,1,617.872314453125,411.4877014160156,575.3423461914062,474.12921142578125
464,player,93,1,895.489990234375,434.8741455078125,781.6990966796875,624.1016845703125
464,player,3,1,334.37957763671875,382.8271789550781,340.7835693359375,289.4461975097656
464,player,95,1,27.185556411743164,572.3436889648438,81.79484558105469,741.5216064453125
464,player,55,0,175.2193603515625,467.778564453125,191.42813110351562,531.9918823242188
464,player,75,1,839.4608764648438,453.32781982421875,716.851806640625,662.8098754882812
464,player,68,1,739.9305419921875,510.5848388671875,602.9436645507812,752.505615234375
464,player,89,-1,791.2239379882812,453.9771728515625,681.5257568359375,626.2369995117188
464,ball,-1,-1,1003.1046752929688,367.49920654296875,998.2626342773438,375.3997802734375
465,player,66,1,615.3653564453125,411.5262145996094,573.9515991210938,475.09063720703125
465,player,93,1,896.88330078125,432.59637451171875,781.992919921875,622.0499267578125
465,player,3,1,334.9329528808594,382.50567626953125,340.70013427734375,289.64630126953125
465,player,55,0,167.0729217529297,468.87506103515625,186.93560791015625,529.416259765625
465,player,95,1,26.578500747680664,572.2513427734375,81.15866088867188,740.8388671875
465,player,68,1,734.6636352539062,506.36895751953125,598.3521728515625,754.7240600585938
465,player,89,1,786.2176513671875,457.445068359375,677.1087036132812,636.3707275390625
465,player,75,1,830.287109375,451.11431884765625,714.2216186523438,658.3998413085938
466,player,55,0,163.93141174316406,465.69580078125,183.19656372070312,524.2969360351562
466,player,66,1,612.803955078125,409.59027099609375,572.8516845703125,473.2874755859375
466,player,3,1,333.9303894042969,383.222412109375,340.21905517578125,290.6216125488281
466,player,93,1,895.6618041992188,431.22552490234375,782.416748046875,619.27490234375
466,player,95,1,24.81503677368164,573.5093383789062,80.37814331054688,741.163330078125
466,player,68,1,736.582275390625,506.87646484375,595.7161865234375,756.7125244140625
466,player,75,1,829.7425537109375,449.83447265625,712.8239135742188,654.3116455078125
466,player,92,0,669.0382080078125,517.3389892578125,547.22216796875,778.9585571289062
466,player,89,1,783.5018920898438,454.2388916015625,674.5625,639.8042602539062
466,ball,-1,-1,1004.325439453125,368.3371276855469,995.7970581054688,381.4082946777344
467,player,66,1,612.4775390625,409.32354736328125,572.1175537109375,471.7821044921875
467,player,55,0,161.3395233154297,468.16925048828125,180.00511169433594,523.1883544921875
467,player,3,1,332.2782897949219,383.14849853515625,339.3817138671875,290.9720153808594
467,player,95,1,17.792348861694336,575.1558227539062,78.2866439819336,742.02099609375
467,player,92,0,662.9542236328125,515.1026000976562,542.2152099609375,772.7503662109375
467,player,68,1,738.2003173828125,499.21759033203125,596.4097900390625,752.1904296875
467,player,93,1,896.2318115234375,431.09991455078125,782.905517578125,617.4034423828125
467,player,89,1,781.60986328125,454.55511474609375,672.2877197265625,642.1524047851562
467,player,96,-1,11.322425842285156,579.0444946289062,70.540283203125,750.1038818359375
467,ball,-1,-1,1005.0343627929688,364.01080322265625,994.1935424804688,385.7372741699219
468,player,3,1,331.19830322265625,383.84161376953125,338.3907470703125,292.00299072265625
468,player,66,1,612.2047119140625,409.6463623046875,571.46337890625,471.13873291015625
468,player,92,0,653.9571533203125,512.7901000976562,537.2385864257812,766.2252197265625
468,player,93,1,894.497802734375,431.013427734375,782.7716064453125,615.9383544921875
468,player,68,1,739.1123046875,495.23095703125,598.156005859375,746.1705322265625
468,player,75,1,829.192626953125,447.40234375,712.6453857421875,649.3613891601562
468,player,96,-1,13.67636775970459,576.714111328125,70.99188995361328,748.6314697265625
468,player,55,0,161.00543212890625,467.44805908203125,177.8486785888672,521.7220458984375
468,player,89,1,775.3607177734375,450.14337158203125,670.568115234375,639.0501708984375
468,ball,-1,-1,1004.8637084960938,363.266845703125,992.8125610351562,389.50408935546875
469,player,3,1,330.47637939453125,383.2333984375,337.59771728515625,291.7815246582031
469,player,75,1,824.3411865234375,451.0782470703125,709.87841796875,649.0825805664062
469,player,68,1,736.7698974609375,496.66162109375,598.312744140625,743.19970703125
469,player,66,1,612.803466796875,409.5815124511719,571.23681640625,470.7088623046875
469,player,83,-1,880.9111328125,430.19097900390625,776.5963134765625,641.5711669921875
469,player,92,0,649.77294921875,513.2904052734375,532.8548583984375,762.026611328125
469,player,55,0,150.92813110351562,465.50396728515625,173.66156005859375,517.89599609375
469,player,89,1,771.9281616210938,437.7003479003906,672.7338256835938,624.8935546875
469,ball,-1,-1,1004.8319091796875,363.70550537109375,991.476806640625,393.09356689453125
470,player,3,1,328.8079833984375,384.028564453125,336.4320983886719,292.510986328125
470,player,75,1,820.8541259765625,450.58111572265625,707.3046875,648.1273193359375
470,player,93,1,889.3831787109375,432.7253112792969,780.53125,616.1581420898438
470,player,68,1,735.1109008789062,496.3797607421875,598.0684814453125,740.9063720703125
470,player,66,1,612.1103515625,410.59283447265625,570.5843505859375,471.49322509765625
470,player,55,0,148.4022216796875,466.874267578125,170.22216796875,516.544189453125
470,player,92,0,650.92333984375,509.17987060546875,531.1920776367188,756.227783203125
470,ball,-1,-1,1004.5172119140625,363.830810546875,990.2070922851562,396.4234924316406
471,player,3,1,327.07904052734375,383.72760009765625,335.1563415527344,292.3909606933594
471,player,93,1,890.4639282226562,436.08233642578125,777.9910888671875,619.623291015625
471,player,75,1,814.917236328125,451.58856201171875,703.6552734375,647.8869018554688
471,player,68,1,735.6231689453125,496.10906982421875,598.1119995117188,739.2432861328125
471,player,55,0,147.4466552734375,463.6091003417969,167.74700927734375,512.300537109375
471,player,92,0,643.74951171875,508.34649658203125,528.49853515625,751.2236328125
471,ball,-1,-1,980.142333984375,348.31292724609375,989.5046997070312,394.2781066894531
472,player,3,1,318.65032958984375,383.18548583984375,331.6689453125,290.6451110839844
472,player,55,0,140.03860473632812,464.77374267578125,164.0546875,510.025146484375
472,player,68,1,731.2442626953125,496.80157470703125,596.8443603515625,738.3470458984375
472,player,93,1,888.3887939453125,436.09576416015625,775.7554931640625,621.6934204101562
472,player,92,0,647.7702026367188,504.1201171875,528.6912841796875,744.9915161132812
472,player,75,1,807.4404296875,454.57220458984375,698.2120971679688,649.7674560546875
472,player,66,1,633.7859497070312,411.59130859375,576.3351440429688,475.32171630859375
472,ball,-1,-1,981.3059692382812,348.19976806640625,988.963134765625,392.30059814453125
473,player,3,1,319.9132080078125,384.529052734375,329.63470458984375,291.4449462890625
473,player,83,-1,874.9474487304688,435.5670166015625,771.3099975585938,634.1896362304688
473,player,68,1,729.3989868164062,498.56982421875,595.0875854492188,739.0111083984375
473,player,36,0,830.1170654296875,437.6701965332031,684.1603393554688,689.2756958007812
473,player,55,0,137.34970092773438,468.604248046875,160.89002990722656,512.126953125
473,player,92,0,627.1307373046875,508.16046142578125,522.746337890625,742.410888671875
473,player,89,1,771.2705078125,404.7060546875,686.1725463867188,581.4039306640625
473,player,66,1,643.560791015625,496.5048828125,560.430908203125,559.2185668945312
473,player,97,-1,640.661376953125,415.52593994140625,589.423828125,496.78619384765625
473,ball,-1,-1,980.025390625,347.25506591796875,988.5098876953125,390.15740966796875
474,player,83,-1,876.3209228515625,433.48077392578125,769.1044311523438,627.5144653320312
474,player,55,0,137.62545776367188,466.222900390625,158.91722106933594,511.1431884765625
474,player,92,0,620.75048828125,509.46075439453125,517.009765625,741.224365234375
474,player,68,1,725.2435302734375,500.771240234375,592.3231811523438,740.8306884765625
474,player,3,1,318.2935791015625,384.93280029296875,327.7362060546875,292.3210144042969
474,player,97,-1,639.102294921875,416.5946960449219,588.6394653320312,497.7933044433594
474,player,36,0,823.6839599609375,415.4354248046875,704.7605590820312,640.0747680664062
474,player,75,1,793.1826171875,420.1891174316406,703.1546020507812,616.3355712890625
474,player,98,-1,299.408935546875,392.38189697265625,304.311279296875,315.8824157714844
474,ball,-1,-1,1004.765869140625,364.7237548828125,987.3679809570312,393.9817199707031
475,player,92,0,616.9841918945312,510.0450439453125,512.2169799804688,740.5994262695312
475,player,83,1,879.3028564453125,433.48193359375,768.5069580078125,623.4588623046875
475,player,55,0,132.4041748046875,466.044677734375,156.17623901367188,509.83978271484375
475,player,97,-1,638.9647827148438,408.07659912109375,590.704345703125,489.0189208984375
475,player,36,0,814.3411865234375,404.79718017578125,719.7989501953125,595.7625732421875
475,player,68,1,719.0623168945312,499.5523681640625,589.2786865234375,740.5418701171875
475,player,3,1,313.023681640625,385.49761962890625,324.72784423828125,293.05303955078125
475,player,98,-1,296.4599609375,387.38104248046875,303.9348449707031,309.0198974609375
475,player,75,1,788.6854858398438,411.23370361328125,708.5367431640625,584.7176513671875
475,ball,-1,-1,1004.8511352539062,365.65985107421875,986.1902465820312,397.7666320800781
476,player,92,0,615.2700805664062,509.18255615234375,508.85003662109375,739.3805541992188
476,player,83,1,881.1956787109375,433.78912353515625,768.5237426757812,621.2979125976562
476,player,68,1,716.172119140625,499.64837646484375,586.544189453125,740.1898803710938
476,player,55,0,122.86991882324219,465.036376953125,151.72412109375,507.09002685546875
476,player,97,-1,636.19921875,408.34033203125,591.134765625,483.32891845703125
476,player,36,0,806.33154296875,403.09197998046875,727.8988037109375,564.2673950195312
476,player,66,1,627.362548828125,419.90216064453125,565.35791015625,540.7767333984375
476,player,3,1,302.4139404296875,385.44342041015625,319.3518371582031,292.27386474609375
476,player,98,-1,292.4085693359375,389.67437744140625,302.1318054199219,307.1280517578125
476,player,75,1,786.8197021484375,460.46746826171875,693.8362426757812,612.1461181640625
476,ball,-1,-1,1004.68701171875,366.6044006347656,984.9608764648438,401.5102844238281
477,player,92,0,612.096435546875,510.9200439453125,505.51123046875,739.68115234375
477,player,55,0,119.57351684570312,469.2447509765625,147.93179321289062,509.213134765625
477,player,68,1,712.5717163085938,499.4962158203125,583.894775390625,739.5418090820312
477,player,83,1,880.40771484375,434.06884765625,768.1994018554688,620.088134765625
477,player,97,-1,636.22998046875,407.25567626953125,591.7611083984375,478.41204833984375
477,player,3,1,300.3333740234375,384.8602294921875,315.2535400390625,290.7579040527344
477,player,36,0,806.664306640625,397.8203125,735.4912109375,537.9446411132812
477,player,89,1,795.477783203125,437.6761474609375,689.4889526367188,589.6226806640625
477,ball,-1,-1,1004.3983154296875,366.3807373046875,983.8406372070312,404.88433837890625
478,player,92,0,609.3499145507812,509.60009765625,502.9219970703125,738.6239624023438
478,player,68,1,706.5489501953125,499.4605712890625,580.6572265625,738.591796875
478,player,83,1,879.4364013671875,433.40899658203125,767.9860229492188,618.573974609375
478,player,55,0,111.11662292480469,464.10150146484375,143.0601806640625,504.63873291015625
478,player,97,-1,638.0501098632812,408.064697265625,592.4627075195312,476.3140869140625
478,player,36,0,804.1664428710938,391.89666748046875,742.2242431640625,513.8068237304688
478,player,89,1,776.7987060546875,455.16632080078125,680.4801635742188,609.6541748046875
478,player,3,1,303.1759338378906,385.701904296875,313.4089660644531,291.2107849121094
478,ball,-1,-1,1004.099609375,365.8118896484375,982.8690795898438,407.82086181640625
479,player,92,0,604.9864501953125,508.75811767578125,500.31524658203125,736.9202270507812
479,player,83,1,878.4105224609375,433.02630615234375,767.7159423828125,617.123046875
479,player,55,0,106.96851348876953,464.0137939453125,138.72683715820312,501.188232421875
479,player,68,1,703.0011596679688,499.86090087890625,577.5545654296875,737.9959716796875
479,player,97,-1,637.86328125,407.3041687011719,593.1000366210938,474.07470703125
479,player,89,1,773.405029296875,456.10015869140625,673.3975219726562,623.2159423828125
479,player,36,0,803.3978271484375,391.39971923828125,746.58251953125,497.4609375
479,ball,-1,-1,1003.8902587890625,366.210693359375,981.9035034179688,410.62945556640625
480,player,92,0,601.2481689453125,506.7633056640625,498.0836181640625,733.9364013671875
480,player,68,1,697.3480224609375,499.858154296875,574.107666015625,737.13671875
480,player,55,0,104.22041320800781,462.1668701171875,135.1114959716797,496.8034362792969
480,player,83,1,877.4842529296875,434.6806640625,766.6062622070312,617.6869506835938
480,player,97,1,637.544677734375,407.943359375,593.2191162109375,473.30657958984375
480,player,89,1,772.2252197265625,457.02093505859375,668.175048828125,632.7592163085938
480,player,36,0,803.8762817382812,393.15057373046875,748.7996826171875,488.90869140625
480,player,88,1,784.0283813476562,415.28778076171875,718.0712890625,493.24713134765625
480,ball,-1,-1,1003.90283203125,366.564697265625,980.9660034179688,413.31317138671875
481,player,68,1,695.2257690429688,500.0748291015625,571.2765502929688,736.5733032226562
481,player,55,0,99.29130554199219,467.31329345703125,131.45599365234375,498.71551513671875
481,player,92,0,598.5662231445312,505.99249267578125,496.1123046875,731.1660766601562
481,player,83,1,877.7224731445312,435.7120361328125,765.533447265625,619.0650634765625
481,player,97,1,636.5431518554688,406.6219787597656,593.407958984375,471.2135925292969
481,player,89,1,769.4215087890625,456.440185546875,664.2078247070312,638.1819458007812
481,player,36,0,801.5235595703125,391.3761901855469,750.2932739257812,481.05255126953125
481,ball,-1,-1,1003.52734375,365.43731689453125,980.2361450195312,415.4553527832031
482,player,92,0,593.69384765625,503.7694091796875,494.046142578125,727.1939697265625
482,player,68,1,691.642578125,500.193359375,568.5003051757812,736.003173828125
482,player,83,1,875.1640625,436.0616455078125,763.980224609375,620.0545654296875
482,player,55,0,97.82284545898438,464.6371765136719,128.6231689453125,497.11614990234375
482,player,89,1,763.8897705078125,455.58624267578125,660.4017333984375,640.427978515625
482,player,97,1,633.6533203125,406.46612548828125,592.7093505859375,469.379638671875
482,player,36,0,801.4307861328125,390.69000244140625,751.534912109375,475.13922119140625
482,player,98,-1,289.10546875,387.43206787109375,300.14349365234375,302.58013916015625
482,player,88,1,772.712158203125,403.411376953125,716.586181640625,494.545654296875
482,ball,-1,-1,1003.0421142578125,364.98968505859375,979.5930786132812,417.2873840332031
483,player,89,1,758.6105346679688,456.1617431640625,656.308837890625,641.9331665039062
483,player,68,1,687.1956787109375,500.73785400390625,565.43798828125,735.6939697265625
483,player,55,0,94.9180908203125,463.5793762207031,125.94560241699219,494.7274169921875
483,player,92,0,587.814208984375,503.53009033203125,491.2609558105469,723.9322509765625
483,player,97,1,629.99951171875,403.53692626953125,592.0653686523438,464.47088623046875
483,player,83,1,872.9970703125,436.7757568359375,762.0787963867188,621.1763305664062
483,player,98,-1,288.1682434082031,386.2457275390625,298.677734375,297.945556640625
483,player,36,0,802.828125,391.60137939453125,752.3721923828125,472.500732421875
483,ball,-1,-1,1002.426025390625,365.1614685058594,978.932373046875,419.00579833984375
484,player,89,1,755.255859375,455.0496826171875,653.0895385742188,641.59130859375
484,player,55,0,91.52691650390625,465.35186767578125,123.28671264648438,494.6612243652344
484,player,92,0,584.263671875,502.58447265625,488.7369384765625,720.7584838867188
484,player,68,1,685.38134765625,501.65838623046875,562.7664794921875,736.0696411132812
484,player,36,0,801.0654296875,392.6861877441406,751.9066162109375,471.8546142578125
484,player,97,1,627.8665771484375,407.84320068359375,589.6712036132812,465.9594421386719
484,player,83,1,871.0179443359375,435.7693786621094,760.6937255859375,620.7568359375
484,player,98,-1,285.0742492675781,387.935791015625,296.5458984375,296.83013916015625
484,player,88,1,788.9093017578125,400.94195556640625,721.4798583984375,494.29925537109375
484,ball,-1,-1,1002.1431884765625,364.860107421875,978.3468017578125,420.494384765625
485,player,89,1,752.2825927734375,456.48931884765625,649.7330322265625,642.4136962890625
485,player,55,0,89.49822998046875,469.293212890625,121.0733871459961,498.4008483886719
485,player,92,0,577.9786376953125,503.56964111328125,485.30810546875,718.9629516601562
485,player,98,-1,283.5852966308594,389.76422119140625,294.4898681640625,298.3480529785156
485,player,36,0,800.1988525390625,396.783203125,749.5831298828125,476.03204345703125
485,player,83,1,869.0362548828125,433.75787353515625,760.04736328125,618.361572265625
485,player,68,1,682.4732666015625,502.1651611328125,560.174072265625,736.472412109375
485,player,97,1,627.6541748046875,409.1159973144531,587.6627807617188,468.3374328613281
485,ball,-1,-1,1001.2569580078125,363.6519775390625,977.9158935546875,421.49853515625
486,player,89,1,750.0323486328125,454.24029541015625,647.6480712890625,640.6856079101562
486,player,55,0,87.83830261230469,469.82958984375,119.18385314941406,501.2142333984375
486,player,98,0,277.666748046875,393.053955078125,290.927734375,302.9725341796875
486,player,97,1,629.34326171875,407.458740234375,587.3712158203125,468.190185546875
486,player,36,0,800.1553344726562,394.942626953125,748.844970703125,476.6463317871094
486,player,83,1,869.9622802734375,433.555908203125,759.9686889648438,616.6970825195312
486,player,68,1,680.0145263671875,501.96807861328125,557.9152221679688,736.3751220703125
486,player,92,0,569.5233154296875,503.110107421875,481.0216979980469,716.7229614257812
486,ball,-1,-1,1001.2823486328125,363.80963134765625,977.4987182617188,422.46783447265625
487,player,97,1,629.4603271484375,408.966796875,586.7546997070312,469.8045654296875
487,player,55,0,89.29983520507812,466.83807373046875,118.29846954345703,500.17425537109375
487,player,98,0,272.59979248046875,393.65057373046875,286.9402770996094,306.19598388671875
487,player,89,1,746.6268310546875,458.1270751953125,644.1498413085938,642.8013916015625
487,player,83,1,867.319580078125,434.311279296875,758.8719482421875,616.0946044921875
487,player,36,0,797.8493041992188,406.754638671875,742.740966796875,489.99798583984375
487,player,99,-1,545.4932861328125,500.56134033203125,456.93048095703125,700.926025390625
487,player,68,1,678.0996704101562,501.666259765625,556.0349731445312,735.9148559570312
487,player,88,1,788.921142578125,438.62713623046875,710.2630004882812,533.30615234375
487,ball,-1,-1,1000.7525634765625,363.2489013671875,977.156494140625,423.18646240234375
488,player,97,1,628.9326171875,409.525390625,586.025390625,471.4264221191406
488,player,55,0,89.31531524658203,465.69268798828125,117.7025375366211,498.3408203125
488,player,83,1,866.032470703125,438.51690673828125,756.125732421875,619.6067504882812
488,player,36,0,797.2921142578125,430.587646484375,729.357666015625,523.4306640625
488,player,89,1,743.5073852539062,454.3833923339844,642.1936645507812,640.4741821289062
488,player,98,0,268.4688720703125,393.1972351074219,283.074462890625,307.25140380859375
488,player,68,1,676.267822265625,502.6591796875,554.114990234375,736.2471923828125
488,player,92,0,557.9835205078125,502.12957763671875,475.4860534667969,713.5133056640625
488,ball,-1,-1,1000.8807373046875,363.1131591796875,976.8704223632812,423.8121643066406
489,player,97,1,627.7816772460938,409.57904052734375,585.1904296875,472.4232177734375
489,player,55,0,87.7873764038086,464.4830322265625,116.85917663574219,495.77691650390625
489,player,36,0,796.0025024414062,429.67596435546875,720.630126953125,544.1305541992188
489,player,89,1,738.9507446289062,454.50445556640625,639.6409301757812,638.6573486328125
489,player,98,0,273.05804443359375,394.8194580078125,281.8704528808594,310.5358581542969
489,player,83,1,864.4361572265625,435.43658447265625,755.1163330078125,618.797119140625
489,player,92,0,554.3223876953125,501.234619140625,471.1215515136719,710.3954467773438
489,player,68,1,668.9563598632812,502.4166259765625,551.0780639648438,735.6663818359375
489,player,66,1,639.6220703125,498.018310546875,551.9488525390625,602.656982421875
489,ball,-1,-1,1001.0489501953125,363.29559326171875,976.5933837890625,424.4441223144531
490,player,36,0,798.0196533203125,437.54998779296875,712.64404296875,565.5126342773438
490,player,55,0,87.1126937866211,463.0888671875,116.08921813964844,492.6230773925781
490,player,97,1,630.790771484375,409.1895751953125,585.667724609375,472.94195556640625
490,player,89,1,735.7294311523438,457.6869201660156,636.1251220703125,640.0968017578125
490,player,98,0,269.0813903808594,395.5712890625,279.7550964355469,313.20391845703125
490,player,83,1,862.414306640625,434.6087646484375,754.2237548828125,617.2830200195312
490,player,99,-1,534.4384765625,499.94195556640625,454.21502685546875,699.4916381835938
490,player,68,1,666.619384765625,504.52728271484375,548.025146484375,736.7566528320312
490,player,66,1,639.2989501953125,507.7879638671875,540.9962158203125,650.6021728515625
490,ball,-1,-1,1000.9221801757812,363.049072265625,976.3645629882812,424.95196533203125
491,player,36,0,795.2445068359375,433.51910400390625,708.1365966796875,575.216796875
491,player,55,0,85.27525329589844,464.01898193359375,115.09280395507812,491.351806640625
491,player,97,1,635.4192504882812,409.3618469238281,587.3111572265625,473.94482421875
491,player,89,1,722.8171997070312,462.3531494140625,628.9495849609375,644.08642578125
491,player,98,0,263.544677734375,397.9544677734375,276.4136047363281,317.3843078613281
491,player,83,1,860.6893310546875,435.41033935546875,752.841796875,616.9080810546875
491,player,99,-1,525.2691650390625,499.18310546875,450.2344970703125,697.1648559570312
491,player,66,1,639.7601318359375,507.31182861328125,534.0961303710938,681.4326171875
491,player,68,1,662.8929443359375,506.08984375,544.7455444335938,738.381103515625
491,ball,-1,-1,1001.0291748046875,363.08966064453125,976.156005859375,425.4335021972656
492,player,36,0,794.114013671875,437.11224365234375,703.5861206054688,584.926025390625
492,player,66,1,639.6705322265625,503.91748046875,530.330810546875,698.7971801757812
492,player,98,0,260.7359619140625,398.3321533203125,273.3220520019531,320.278076171875
492,player,83,1,857.6681518554688,437.72564697265625,750.1873168945312,618.5982666015625
492,player,55,0,74.67134857177734,465.95660400390625,111.51515197753906,491.5068359375
492,player,92,0,543.1669311523438,498.62640380859375,465.912353515625,705.3021850585938
492,player,89,1,709.99853515625,464.758544921875,620.1402587890625,647.6845092773438
492,player,100,-1,657.5415649414062,506.517333984375,534.5387573242188,741.0938720703125
492,ball,-1,-1,1001.040771484375,363.1417236328125,975.95751953125,425.89166259765625
493,player,83,1,854.6441650390625,439.76287841796875,746.8273315429688,621.3509521484375
493,player,36,0,792.3621826171875,438.87322998046875,699.507080078125,592.7747802734375
493,player,98,0,257.2470703125,402.4306640625,269.873046875,326.95458984375
493,player,55,0,68.381591796875,466.63677978515625,107.4453125,491.7111511230469
493,player,66,1,640.2108154296875,508.47357177734375,527.0244750976562,713.7024536132812
493,player,89,1,705.119384765625,461.84619140625,613.9326171875,646.9718017578125
493,player,99,-1,508.80389404296875,500.4534912109375,443.2100524902344,695.311279296875
493,player,97,1,637.8463134765625,419.22796630859375,586.1063842773438,485.6679992675781
493,player,100,-1,655.4457397460938,507.98614501953125,533.6835327148438,742.0657958984375
493,player,75,1,805.1861572265625,410.11676025390625,707.790283203125,582.4525146484375
493,ball,-1,-1,1002.01904296875,363.11480712890625,975.8500366210938,426.3304138183594
494,player,55,0,64.31657409667969,467.00677490234375,103.67202758789062,491.8401794433594
494,player,66,1,641.469482421875,510.33245849609375,524.7879638671875,724.9361572265625
494,player,83,1,854.6713256835938,438.0728759765625,745.306884765625,621.5362548828125
494,player,98,0,254.01681518554688,403.211669921875,266.5574035644531,331.92474365234375
494,player,36,0,792.4571533203125,434.9261779785156,698.300048828125,594.0521850585938
494,player,89,1,705.4088134765625,466.9045104980469,608.5408325195312,651.059326171875
494,player,99,-1,505.7977294921875,500.4755859375,437.87030029296875,693.8717651367188
494,ball,-1,-1,1002.7581787109375,363.3079833984375,975.77734375,426.80792236328125
495,player,55,0,61.248958587646484,467.19970703125,100.3659439086914,491.8337097167969
495,player,83,1,854.73486328125,438.65118408203125,744.111328125,622.2135009765625
495,player,99,-1,502.3822021484375,499.7889404296875,433.6368408203125,692.0829467773438
495,player,36,0,793.599853515625,429.47454833984375,699.833984375,589.6027221679688
495,player,66,1,641.355712890625,507.2135009765625,523.9827880859375,729.8040771484375
495,player,89,1,698.4384765625,466.3205261230469,603.3325805664062,652.5767822265625
495,player,97,1,635.1209716796875,420.3239440917969,584.1986694335938,494.193603515625
495,player,98,0,250.0927276611328,405.2764587402344,263.01678466796875,337.30450439453125
495,player,88,1,770.7870483398438,414.0653381347656,706.7978515625,531.9854736328125
495,player,102,-1,236.08995056152344,404.4041748046875,244.1396942138672,339.93206787109375
495,ball,-1,-1,286.1087951660156,364.47607421875,975.77734375,426.80792236328125
496,player,83,1,853.820068359375,439.7289123535156,742.662109375,623.5916137695312
496,player,55,0,55.68438720703125,465.71087646484375,96.59828186035156,489.794921875
496,player,99,-1,500.6846618652344,499.88043212890625,430.43450927734375,690.8526611328125
496,player,66,1,643.64306640625,508.60107421875,523.7302856445312,734.237548828125
496,player,89,1,692.642822265625,462.36810302734375,599.4908447265625,649.500732421875
496,player,36,0,795.299560546875,431.79595947265625,700.4571533203125,589.18115234375
496,player,98,0,249.19227600097656,407.29766845703125,260.2825927734375,343.1997375488281
496,player,88,1,770.1705322265625,415.450439453125,703.840087890625,532.537841796875
496,player,97,1,635.9859619140625,433.7532958984375,579.3416748046875,513.843017578125
496,player,75,1,823.0511474609375,437.954345703125,711.1536254882812,593.1691284179688
496,ball,-1,-1,1003.5084838867188,362.63702392578125,975.8613891601562,427.074951171875
497,player,83,1,853.68115234375,440.26251220703125,741.4754638671875,624.9796752929688
497,player,55,0,51.665977478027344,467.1417236328125,93.07749938964844,489.55169677734375
497,player,99,0,496.4970703125,500.54559326171875,427.17095947265625,690.2486572265625
497,player,88,1,769.578125,414.47235107421875,702.1138916015625,531.7989501953125
497,player,66,1,643.4547729492188,509.1524658203125,523.3988647460938,737.5322265625
497,player,36,0,795.6243896484375,431.67083740234375,701.000244140625,588.8143310546875
497,player,97,1,632.45947265625,416.408935546875,580.1806640625,508.0116882324219
497,player,98,0,246.04638671875,407.1001281738281,257.5436706542969,346.4554138183594
497,player,89,1,684.32177734375,457.24859619140625,596.1705322265625,642.0755615234375
497,player,102,-1,232.14303588867188,406.76788330078125,242.75338745117188,342.4466552734375
497,ball,-1,-1,1003.4996337890625,363.06927490234375,975.8759765625,427.4437561035156
498,player,99,0,491.49530029296875,498.14105224609375,424.1514892578125,687.44384765625
498,player,83,1,852.3007202148438,440.3997802734375,740.26806640625,625.8829345703125
498,player,55,0,47.171241760253906,469.2448425292969,89.61801147460938,491.10540771484375
498,player,97,1,631.8837890625,435.4241638183594,575.0938110351562,524.1255493164062
498,player,88,1,768.277099609375,413.15106201171875,701.1112060546875,529.7784423828125
498,player,36,0,795.2193603515625,421.9870910644531,704.86767578125,578.7700805664062
498,player,89,1,682.2410888671875,459.74127197265625,592.7505493164062,639.3489990234375
498,player,102,-1,227.8179473876953,407.585205078125,240.45654296875,344.63134765625
498,player,66,1,640.173583984375,506.605224609375,522.9156494140625,737.4183349609375
498,player,75,1,814.2535400390625,430.56976318359375,713.6435546875,592.0985107421875
498,ball,-1,-1,1003.4733276367188,364.20159912109375,975.7254028320312,428.10443115234375
499,player,99,0,488.02642822265625,498.48345947265625,421.2410888671875,685.6119384765625
499,player,55,0,42.25672912597656,468.80804443359375,85.97486877441406,491.21697998046875
499,player,83,1,850.3947143554688,440.360595703125,738.9691772460938,626.255126953125
499,player,97,1,627.8560791015625,427.93780517578125,572.72607421875,526.5220336914062
499,player,88,1,770.1976318359375,407.99664306640625,703.0087280273438,523.08642578125
499,player,36,0,797.2520141601562,423.998046875,707.2008056640625,574.4974975585938
499,player,66,1,640.78125,509.3629150390625,522.15478515625,739.5441284179688
499,player,98,0,225.2720489501953,406.2643127441406,249.358642578125,345.3328857421875
499,player,104,-1,805.7626953125,396.3465576171875,750.6152954101562,484.0263366699219
499,player,75,1,826.43994140625,433.7630615234375,717.4901733398438,595.7019653320312
499,ball,-1,-1,1003.7496948242188,364.42572021484375,975.5748901367188,428.7828063964844
500,player,99,0,483.092529296875,501.001220703125,417.68634033203125,686.0896606445312
500,player,55,0,37.017852783203125,469.60760498046875,82.17826843261719,491.61102294921875
500,player,83,1,849.8619384765625,440.7440185546875,737.8299560546875,626.8099365234375
500,player,97,1,626.1900634765625,421.82861328125,572.4476318359375,521.4716796875
500,player,66,1,638.4183959960938,511.18896484375,520.6768798828125,742.145751953125
500,player,88,1,770.764892578125,403.91162109375,706.0140380859375,514.2974243164062
500,player,98,0,226.0872344970703,405.85882568359375,244.31692504882812,344.18658447265625
500,player,102,-1,219.13905334472656,408.0244140625,236.2423095703125,345.67315673828125
500,player,36,0,797.4111328125,417.9178466796875,711.1011962890625,565.4658203125
500,ball,-1,-1,1003.6328125,365.2348327636719,975.312744140625,429.6329040527344
501,player,99,0,478.3511657714844,498.34454345703125,414.56890869140625,683.7974853515625
501,player,83,1,849.3544921875,440.74481201171875,736.9483642578125,627.1240234375
501,player,55,0,32.94424819946289,471.36846923828125,78.65907287597656,493.2633972167969
501,player,102,-1,217.70584106445312,406.30169677734375,233.1529541015625,344.0656433105469
501,player,97,1,618.6422119140625,411.736572265625,572.986083984375,506.4306945800781
501,player,88,1,771.467041015625,407.8934326171875,706.6126708984375,513.0396728515625
501,player,100,-1,634.16259765625,515.0750732421875,526.288818359375,746.419677734375
501,player,104,-1,808.119873046875,406.63153076171875,746.9913330078125,495.7020263671875
501,player,89,1,676.051025390625,469.4940185546875,586.2178344726562,645.7885131835938
501,ball,-1,-1,445.2926940917969,364.52752685546875,975.312744140625,429.6329040527344
502,player,99,0,474.1893310546875,497.50732421875,411.5982971191406,681.256103515625
502,player,83,1,848.70703125,441.15826416015625,736.0376586914062,627.6583251953125
502,player,102,-1,213.84979248046875,405.2578430175781,229.99813842773438,341.3094482421875
502,player,55,0,29.346879959106445,472.04559326171875,75.40325927734375,494.6843566894531
502,player,88,1,771.8990478515625,402.1375732421875,709.40185546875,505.90765380859375
502,player,89,1,674.0758666992188,467.13714599609375,582.06884765625,647.706298828125
502,player,97,1,617.5169067382812,428.4840087890625,568.2154541015625,514.5797729492188
502,player,100,-1,639.3346557617188,513.9359741210938,523.006103515625,748.79931640625
502,player,36,0,801.86474609375,406.6490173339844,719.4430541992188,548.0226440429688
502,player,104,-1,809.569091796875,378.8003234863281,757.26513671875,471.36749267578125
503,player,99,0,468.82733154296875,499.17840576171875,408.03173828125,680.54443359375
503,player,83,1,847.688720703125,441.3424072265625,735.0931396484375,628.08447265625
503,player,66,1,617.5219116210938,463.61138916015625,525.121337890625,702.0841064453125
503,player,89,1,671.1005249023438,465.9691162109375,578.8839721679688,647.6431884765625
503,player,102,-1,204.35922241210938,405.3602294921875,224.97616577148438,338.63238525390625
503,player,88,1,771.5916748046875,402.65704345703125,710.9154052734375,501.8201904296875
503,player,55,0,25.553878784179688,473.4210205078125,72.30352783203125,496.63433837890625
503,player,104,-1,812.547119140625,404.13677978515625,753.6696166992188,485.19586181640625
503,player,36,0,794.1480712890625,384.8851318359375,731.788818359375,511.0555419921875
503,ball,-1,-1,433.9267578125,364.2712097167969,975.312744140625,429.6329040527344
504,player,83,1,848.4847412109375,441.7569580078125,734.541748046875,628.8263549804688
504,player,99,0,463.57904052734375,499.4385986328125,404.3236083984375,679.854736328125
504,player,89,1,666.5806274414062,465.3984069824219,575.7495727539062,646.6857299804688
504,player,97,1,621.234619140625,515.6343994140625,545.4132690429688,597.9334716796875
504,player,88,1,769.426513671875,400.857421875,711.9666748046875,496.9257507324219
504,player,102,0,203.00936889648438,405.769287109375,221.27099609375,337.2594909667969
504,player,55,0,20.97875213623047,474.28253173828125,69.06452178955078,498.33978271484375
504,player,104,-1,817.0242919921875,406.6676025390625,751.6033935546875,497.4034729003906
504,ball,-1,-1,427.8979187011719,363.78643798828125,975.312744140625,429.6329040527344
505,player,83,1,848.37744140625,441.0502624511719,734.4232177734375,628.6321411132812
505,player,99,0,455.1941223144531,496.381591796875,400.19683837890625,676.134033203125
505,player,89,1,661.66650390625,464.46551513671875,572.6343383789062,644.7826538085938
505,player,88,1,768.518310546875,402.18927001953125,711.8460693359375,495.1439208984375
505,player,66,1,614.4090576171875,468.32574462890625,526.0404052734375,680.0391845703125
505,player,102,0,198.8626708984375,406.39056396484375,217.54000854492188,336.70025634765625
505,player,55,0,17.546628952026367,469.68994140625,65.74179077148438,494.514404296875
505,player,100,-1,609.0155029296875,517.4042358398438,512.644775390625,750.536376953125
505,player,104,-1,811.686279296875,406.62969970703125,748.6926879882812,504.7565612792969
506,player,83,1,848.7662353515625,441.5260314941406,734.2723388671875,628.990966796875
506,player,99,0,452.72991943359375,496.0684814453125,396.9216003417969,673.2416381835938
506,player,102,0,198.21063232421875,405.5848388671875,214.94598388671875,335.2606506347656
506,player,89,1,659.57763671875,464.935791015625,569.923095703125,643.7825317382812
506,player,55,0,12.460835456848145,463.0068359375,61.74703598022461,484.68731689453125
506,player,97,1,627.0614013671875,518.6587524414062,531.4152221679688,654.878662109375
506,player,88,1,767.6533203125,402.3958435058594,711.4259033203125,494.12774658203125
506,player,66,1,611.7091674804688,467.42120361328125,526.1256103515625,664.6536254882812
506,player,104,-1,813.020263671875,404.134521484375,748.239501953125,506.94451904296875
506,player,105,-1,15.898460388183594,412.68536376953125,47.54187774658203,302.5472717285156
506,ball,-1,-1,414.8041687011719,363.79681396484375,975.312744140625,429.6329040527344
507,player,83,1,849.8064575195312,441.2847900390625,734.5546875,629.0936279296875
507,player,66,1,634.46044921875,467.45733642578125,532.2920532226562,656.7198486328125
507,player,99,0,448.97503662109375,495.33599853515625,393.924560546875,670.4219970703125
507,player,102,0,195.64178466796875,403.14703369140625,212.55804443359375,330.9828186035156
507,player,97,1,617.5013427734375,518.05224609375,520.07958984375,690.66455078125
507,player,55,0,7.315773010253906,469.9012145996094,58.132713317871094,484.90301513671875
507,player,88,1,768.9227294921875,403.8521728515625,710.9573364257812,495.2197265625
507,player,104,1,817.3612060546875,402.96856689453125,749.7327880859375,507.52679443359375
507,player,107,-1,16.058841705322266,383.4208984375,41.1662712097168,190.19064331054688
507,player,108,-1,599.0755615234375,394.407958984375,571.881103515625,415.4867858886719
507,ball,-1,-1,410.0184631347656,363.75274658203125,975.312744140625,429.6329040527344
508,player,83,1,850.1095581054688,440.70465087890625,735.0443115234375,628.640869140625
508,player,99,0,441.07806396484375,498.4815673828125,389.4892578125,670.5693969726562
508,player,97,1,623.4068603515625,516.962646484375,514.3919677734375,713.5753173828125
508,player,66,1,649.9498291015625,474.917236328125,538.5875244140625,659.5364990234375
508,player,102,0,191.31024169921875,405.74822998046875,209.54336547851562,331.0117492675781
508,player,88,1,767.4508056640625,404.12396240234375,710.1051025390625,496.08062744140625
508,player,104,1,817.00048828125,404.23046875,750.0615234375,509.25604248046875
508,player,105,-1,5.453225612640381,463.97418212890625,47.992679595947266,360.25262451171875
508,player,89,1,597.1530151367188,468.1978759765625,550.5505981445312,640.4857788085938
508,ball,-1,-1,1003.4971313476562,364.5774841308594,975.1552734375,430.2255859375
509,player,99,0,432.2795104980469,503.56146240234375,383.65606689453125,674.1529541015625
509,player,83,1,850.2486572265625,440.9468688964844,735.308349609375,628.5883178710938
509,player,66,1,634.3623657226562,470.38446044921875,539.6464233398438,656.0006103515625
509,player,88,1,763.4329223632812,402.2463073730469,709.0858154296875,494.1356201171875
509,player,97,1,619.04248046875,517.1334228515625,509.58062744140625,728.24462890625
509,player,104,1,817.0680541992188,400.1312561035156,752.040771484375,505.85345458984375
509,player,102,0,191.33084106445312,405.34783935546875,207.60574340820312,330.5308837890625
510,player,99,0,425.49755859375,505.2611083984375,377.907470703125,677.3148193359375
510,player,66,1,632.06689453125,464.0635986328125,541.27734375,647.812744140625
510,player,83,1,851.2711181640625,440.8631591796875,735.795654296875,628.5704345703125
510,player,88,1,761.5616455078125,404.9122314453125,706.8189697265625,495.6478576660156
510,player,104,1,819.258544921875,399.7436218261719,754.1522216796875,503.434814453125
510,player,97,1,616.6829833984375,515.6903076171875,506.1605529785156,736.4896850585938
510,player,102,0,190.90625,406.18121337890625,206.18145751953125,331.2166748046875
511,player,99,0,419.457763671875,505.61517333984375,372.5823059082031,679.155517578125
511,player,83,1,852.3929443359375,441.6543273925781,736.1199951171875,629.4093017578125
511,player,66,1,630.6279296875,466.27618408203125,541.4009399414062,644.36669921875
511,player,88,1,759.0137939453125,404.06414794921875,704.912841796875,495.428955078125
511,player,104,1,819.79150390625,400.45172119140625,755.379638671875,502.706787109375
511,player,97,1,611.3944091796875,515.6162719726562,502.6405029296875,741.364013671875
511,ball,-1,-1,1002.0513305664062,364.42822265625,974.9266967773438,430.6919250488281
512,player,88,1,756.1304931640625,399.8504333496094,704.4546508789062,490.26214599609375
512,player,83,1,854.6105346679688,442.8770446777344,736.4761962890625,631.3087158203125
512,player,99,0,414.70330810546875,505.37298583984375,367.935791015625,679.7542114257812
512,player,104,1,818.45654296875,404.185791015625,754.1846923828125,506.22235107421875
512,player,66,1,638.50927734375,454.42022705078125,546.6339111328125,631.9140625
512,player,97,1,607.252197265625,516.350341796875,499.1790771484375,744.7577514648438
512,player,102,0,177.14022827148438,409.8670654296875,200.84422302246094,334.7799377441406
512,player,108,-1,590.3516845703125,358.49652099609375,580.810302734375,367.9404602050781
512,player,109,-1,389.4129638671875,504.3427734375,341.1451416015625,672.3616943359375
512,ball,-1,-1,1001.6905517578125,364.1394958496094,974.7313232421875,431.02984619140625
513,player,88,1,754.4603881835938,399.8130798339844,703.6669921875,486.68853759765625
513,player,99,0,406.4053955078125,504.92193603515625,362.8471984863281,679.074951171875
513,player,83,1,855.9310302734375,443.7791748046875,736.7275390625,633.5091552734375
513,player,102,0,176.10565185546875,411.6950988769531,197.00216674804688,339.2367248535156
513,player,104,1,821.1527099609375,402.5189514160156,754.921630859375,506.9490966796875
513,player,97,1,602.218017578125,516.2344970703125,495.7037048339844,746.4676513671875
513,player,66,1,630.877197265625,449.11395263671875,549.3150634765625,618.0675048828125
514,player,88,1,753.2833251953125,399.5287780761719,702.910888671875,483.9216003417969
514,player,102,0,171.34719848632812,410.34979248046875,193.06649780273438,339.9761047363281
514,player,97,1,595.7691650390625,515.9329833984375,491.9032287597656,746.8258056640625
514,player,99,0,394.90032958984375,505.46099853515625,356.5301513671875,678.1138916015625
514,player,83,1,857.7582397460938,444.14105224609375,737.2564697265625,635.4459228515625
514,player,104,1,823.41357421875,403.94989013671875,755.4642333984375,509.2261962890625
514,player,66,1,626.6107177734375,446.09759521484375,550.6619262695312,605.7517700195312
514,player,89,1,602.8895263671875,446.5557861328125,544.7157592773438,618.5465087890625
514,player,75,1,844.2955322265625,439.0701904296875,722.96240234375,604.84228515625
514,ball,-1,-1,1001.5015869140625,364.2476501464844,974.5223999023438,431.36663818359375
515,player,97,1,591.3342895507812,516.6222534179688,488.1997375488281,747.2271728515625
515,player,88,1,753.1279907226562,397.5723876953125,703.14306640625,479.879150390625
515,player,83,1,857.598388671875,447.6895751953125,736.208984375,639.9741821289062
515,player,104,1,828.1219482421875,394.86590576171875,761.1911010742188,501.0511169433594
515,player,99,0,381.105224609375,503.25592041015625,349.1324157714844,674.4945068359375
515,player,102,0,165.2943572998047,412.415771484375,188.58541870117188,342.359130859375
515,player,66,1,620.3880615234375,447.8415222167969,549.34619140625,598.8568725585938
515,player,89,1,596.56494140625,453.26678466796875,537.5140380859375,610.1727294921875
515,player,108,-1,600.9735107421875,336.2088623046875,598.54638671875,305.46453857421875
515,player,110,-1,606.3724365234375,394.649169921875,578.115234375,418.52667236328125
515,ball,-1,-1,1001.318359375,365.06317138671875,974.200927734375,431.90289306640625
516,player,97,1,586.979248046875,516.40234375,484.75372314453125,746.966796875
516,player,83,1,858.6754150390625,450.28466796875,734.84765625,645.3905029296875
516,player,104,1,829.9598388671875,387.793212890625,768.6746826171875,487.7765197753906
516,player,99,0,373.31378173828125,504.54827880859375,342.181396484375,672.564208984375
516,player,88,1,751.1708374023438,397.03082275390625,702.9136962890625,476.42767333984375
516,player,102,0,160.92514038085938,414.97821044921875,184.27439880371094,346.5753173828125
516,player,66,1,611.7222290039062,439.5794677734375,548.2061767578125,585.4279174804688
516,player,100,-1,626.5888671875,433.357666015625,530.2552490234375,679.15673828125
516,player,111,-1,138.76348876953125,418.201171875,156.7270050048828,358.9346008300781
516,player,110,-1,591.9517822265625,375.23883056640625,579.7323608398438,392.7272033691406
516,ball,-1,-1,1001.2536010742188,365.2652587890625,973.871826171875,432.4517517089844
517,player,97,1,582.4873046875,514.8471069335938,481.6917724609375,745.237060546875
517,player,99,0,369.4000549316406,505.00933837890625,336.60980224609375,671.3643798828125
517,player,83,1,860.219970703125,452.7823486328125,733.4517822265625,651.31494140625
517,player,66,1,611.7274169921875,434.0440979003906,548.9319458007812,571.103759765625
517,player,88,1,750.5012817382812,398.0491638183594,702.1600341796875,475.279541015625
517,player,104,1,831.7119140625,389.041259765625,773.5042114257812,480.7890625
517,player,102,0,153.17279052734375,419.31109619140625,179.02810668945312,353.72802734375
517,player,111,-1,135.01824951171875,419.25146484375,155.57757568359375,359.8081359863281
517,ball,-1,-1,1001.0488891601562,365.9455871582031,973.4578247070312,433.1434631347656
518,player,97,1,578.51318359375,515.5634765625,478.5781555175781,744.3419189453125
518,player,88,1,748.1289672851562,397.08251953125,701.3299560546875,473.1800537109375
518,player,83,1,860.095947265625,451.9342041015625,732.8262329101562,654.388427734375
518,player,99,0,364.39898681640625,505.79522705078125,331.6240234375,670.8181762695312
518,player,111,-1,133.75291442871094,419.9852294921875,154.44256591796875,361.1241455078125
518,player,104,1,835.187744140625,385.2728576660156,779.458251953125,472.20062255859375
518,player,66,1,607.48291015625,441.42364501953125,546.2591552734375,568.8248291015625
518,player,110,-1,589.11669921875,401.5443115234375,571.7996826171875,408.08734130859375
518,ball,-1,-1,1000.9676513671875,366.11248779296875,973.0474853515625,433.8248291015625
519,player,97,1,576.00341796875,517.521484375,475.56744384765625,745.0599975585938
519,player,99,0,351.4844970703125,503.03125,325.338134765625,667.0617065429688
519,player,88,1,745.1316528320312,398.5931701660156,699.2899169921875,473.231201171875
519,player,83,1,862.3345947265625,451.95477294921875,733.0201416015625,656.6082763671875
519,player,104,1,835.9832763671875,385.6834716796875,783.3820190429688,467.18719482421875
519,player,66,1,598.9987182617188,420.8333740234375,547.556396484375,545.198974609375
519,player,111,-1,129.50355529785156,419.77325439453125,152.4071502685547,361.2853088378906
519,ball,-1,-1,1001.1453857421875,366.4502258300781,972.6351318359375,434.5511474609375
520,player,97,1,572.66162109375,516.67041015625,472.93804931640625,744.6033935546875
520,player,88,1,743.3804931640625,398.18377685546875,697.5921020507812,472.614990234375
520,player,99,0,340.00762939453125,506.09344482421875,318.0102844238281,666.2193603515625
520,player,83,1,861.8880615234375,451.72637939453125,733.1102294921875,657.803955078125
520,player,66,1,592.5257568359375,428.380126953125,544.4853515625,537.2274169921875
520,player,104,1,838.6131591796875,393.21844482421875,783.2642211914062,472.9440002441406
520,player,111,-1,126.88999938964844,420.06982421875,150.2864227294922,361.47467041015625
520,ball,-1,-1,1000.6724853515625,366.354736328125,972.2350463867188,435.1805725097656
521,player,99,0,330.70147705078125,506.38677978515625,310.8316650390625,665.1340942382812
521,player,97,1,570.005615234375,514.1857299804688,471.025146484375,742.173583984375
521,player,88,1,742.3113403320312,399.99853515625,695.4627685546875,474.1702880859375
521,player,83,1,860.8035888671875,449.41607666015625,733.73974609375,656.3822631835938
521,player,66,1,586.362060546875,422.33111572265625,542.2921142578125,525.016357421875
521,player,104,1,838.6193237304688,398.27288818359375,780.9149169921875,482.3963317871094
521,player,102,0,122.20311737060547,422.46112060546875,166.171875,358.93121337890625
521,ball,-1,-1,1000.8235473632812,365.85076904296875,971.9490356445312,435.6215515136719
522,player,97,1,569.1625366210938,513.652099609375,469.669677734375,740.1115112304688
522,player,99,0,327.67120361328125,506.14764404296875,305.407958984375,663.9736328125
522,player,66,1,585.2442626953125,433.698486328125,537.5917358398438,528.92431640625
522,player,83,1,862.2144165039062,448.50390625,734.8784790039062,654.753173828125
522,player,88,1,742.856201171875,398.72332763671875,694.7361450195312,473.78692626953125
522,player,104,1,842.1253662109375,388.159912109375,785.0631103515625,477.3673095703125
522,player,102,0,118.60646057128906,422.26531982421875,156.7200927734375,361.7097473144531
522,ball,-1,-1,1001.0501708984375,365.7217102050781,971.7205810546875,435.99658203125
523,player,99,0,324.6839294433594,508.9683837890625,300.876953125,665.3190307617188
523,player,97,1,565.445556640625,515.7899780273438,467.47149658203125,740.1234130859375
523,player,66,1,580.3543701171875,417.23724365234375,537.3995361328125,513.4844360351562
523,player,83,1,861.5714111328125,448.23699951171875,735.5438232421875,653.3908081054688
523,player,88,1,742.1349487304688,398.04827880859375,694.306884765625,472.691650390625
523,player,104,1,844.45068359375,385.72393798828125,789.6187744140625,471.49481201171875
523,player,102,0,112.05450439453125,421.56494140625,148.57421875,362.0043029785156
523,ball,-1,-1,1001.31591796875,365.465576171875,971.5660400390625,436.27606201171875
524,player,99,0,323.2016906738281,509.667236328125,297.4944763183594,666.648681640625
524,player,97,1,561.9190673828125,514.6444091796875,465.3717041015625,738.9583129882812
524,player,66,1,576.2053833007812,405.4942626953125,539.234130859375,489.8170166015625
524,player,88,1,739.829833984375,400.87921142578125,692.2398681640625,474.9613037109375
524,player,83,1,862.015625,448.7987060546875,735.8853759765625,653.0603637695312
524,player,104,1,845.9766235351562,390.3434753417969,790.8836669921875,473.21783447265625
524,player,102,0,101.26411437988281,424.6636657714844,140.04518127441406,364.76824951171875
524,ball,-1,-1,1001.378662109375,364.82305908203125,971.51953125,436.3531494140625
525,player,99,0,321.87237548828125,513.220703125,294.6645202636719,670.3267822265625
525,player,97,1,558.5830078125,515.5880126953125,463.0060119628906,738.6600341796875
525,player,83,1,863.6570434570312,446.8157043457031,737.3092651367188,651.17578125
525,player,66,1,577.31005859375,409.2273864746094,539.7291259765625,478.81494140625
525,player,88,1,738.08984375,402.32952880859375,689.8198852539062,477.8934326171875
525,player,104,1,843.949462890625,387.5140380859375,792.4051513671875,470.8414306640625
525,ball,-1,-1,1001.3646850585938,364.908935546875,971.4635009765625,436.4480285644531
526,player,99,0,318.77490234375,515.7133178710938,291.83892822265625,674.4927978515625
526,player,97,1,554.373779296875,515.4606323242188,460.44256591796875,738.025146484375
526,player,66,1,575.481689453125,399.45074462890625,542.2269287109375,460.15728759765625
526,player,83,1,864.4597778320312,447.6320495605469,738.1436767578125,650.7752685546875
526,player,88,1,733.4659423828125,402.59765625,686.75390625,479.62481689453125
526,player,104,1,844.823486328125,387.3564453125,793.7366943359375,469.2054443359375
526,ball,-1,-1,1002.232177734375,365.2668151855469,971.4241333007812,436.6584777832031
527,player,99,0,313.72064208984375,521.0498046875,288.3133544921875,681.0821533203125
527,player,83,1,864.4488525390625,448.7645568847656,738.2529296875,651.5516967773438
527,player,88,1,730.26953125,402.243408203125,683.931396484375,480.0218811035156
527,player,97,1,551.55419921875,517.3364868164062,457.74481201171875,738.831787109375
527,player,66,1,570.4725952148438,399.0402526855469,542.4288330078125,447.017333984375
527,player,112,-1,551.1138916015625,456.25946044921875,486.3242492675781,590.7883911132812
527,ball,-1,-1,1002.2647094726562,364.8551940917969,971.44873046875,436.73651123046875
528,player,99,0,309.6004638671875,521.7365112304688,284.93695068359375,685.5764770507812
528,player,83,1,864.2510986328125,449.04656982421875,738.1630859375,652.2960205078125
528,player,66,1,569.448486328125,399.1450500488281,542.2160034179688,438.49261474609375
528,player,88,1,726.509521484375,400.0426025390625,681.7867431640625,477.39739990234375
528,player,97,1,542.9628295898438,519.8601684570312,453.4256896972656,740.59765625
528,player,112,-1,551.5714111328125,489.17535400390625,479.73663330078125,620.3906860351562
528,ball,-1,-1,1002.720947265625,364.56451416015625,971.5458984375,436.7375793457031
529,player,99,0,303.6819763183594,526.1318969726562,280.9450378417969,691.497802734375
529,player,83,1,863.8133544921875,451.78997802734375,736.9525146484375,655.2335815429688
529,player,66,1,567.9891357421875,396.442138671875,542.390869140625,429.57879638671875
529,player,88,1,718.8890380859375,399.6151123046875,678.2442626953125,474.41302490234375
529,player,112,-1,549.20263671875,470.9693603515625,478.433837890625,623.5011596679688
529,player,97,1,538.932861328125,520.6218872070312,449.49249267578125,742.00244140625
529,player,102,0,94.02919006347656,420.13897705078125,132.20413208007812,360.41278076171875
529,ball,-1,-1,1002.8414916992188,365.0356140136719,971.5770263671875,436.87493896484375
530,player,99,0,295.3712463378906,534.0072021484375,275.7565612792969,700.801025390625
530,player,66,1,563.788818359375,406.60791015625,538.4122924804688,435.2754211425781
530,player,83,1,863.5870361328125,451.63836669921875,736.1609497070312,656.9852905273438
530,player,97,1,537.5518798828125,527.0687866210938,445.5267333984375,747.6768188476562
530,player,102,0,86.29658508300781,421.29840087890625,124.77131652832031,358.1759948730469
530,player,112,-1,548.7718505859375,470.40533447265625,477.5863037109375,624.9744873046875
530,player,88,1,713.9329223632812,397.8931884765625,675.0760498046875,469.98162841796875
530,ball,-1,-1,1002.92138671875,365.9273681640625,971.48486328125,437.2550048828125
531,player,99,0,289.1993408203125,534.7030639648438,270.8219299316406,706.8899536132812
531,player,66,1,561.532958984375,404.3642578125,535.7470092773438,436.1517333984375
531,player,102,0,82.98845672607422,419.83563232421875,118.88540649414062,354.613525390625
531,player,112,-1,547.8922729492188,473.7593994140625,476.1195068359375,628.872314453125
531,player,83,1,862.86083984375,453.4755859375,734.7637939453125,659.7152099609375
531,player,88,1,706.2835693359375,399.3969421386719,670.1388549804688,468.03271484375
531,ball,-1,-1,1003.3135375976562,365.71099853515625,971.4591064453125,437.5535888671875
532,player,99,0,284.36572265625,536.5999755859375,266.31060791015625,711.9148559570312
532,player,66,1,557.132080078125,403.63153076171875,532.8721313476562,435.4107971191406
532,player,112,-1,547.9298706054688,472.3600769042969,475.45855712890625,630.1542358398438
532,player,83,1,863.0260009765625,454.88519287109375,733.3775024414062,662.7686767578125
532,player,102,0,80.14170837402344,420.99951171875,114.22315979003906,353.40826416015625
532,player,113,-1,682.0411376953125,400.82135009765625,638.5040893554688,461.8805847167969
532,player,114,-1,517.535400390625,530.2718505859375,422.73406982421875,760.4951171875
532,ball,-1,-1,1003.1187744140625,365.12298583984375,971.5047607421875,437.65740966796875
533,player,99,0,278.51409912109375,536.8381958007812,261.929931640625,714.8978271484375
533,player,66,1,554.7001953125,403.83331298828125,530.20849609375,434.91094970703125
533,player,102,0,78.51899719238281,425.0928955078125,110.82746887207031,357.3534851074219
533,player,112,-1,547.9735717773438,471.04449462890625,475.3075256347656,629.8057250976562
533,player,83,1,864.5891723632812,457.1015625,732.0806274414062,666.8682861328125
533,player,113,-1,677.9216918945312,400.05523681640625,637.519287109375,460.5720520019531
533,player,116,-1,883.79833984375,401.26690673828125,811.3128662109375,522.65478515625
533,player,117,-1,56.46255111694336,422.2845458984375,85.01251983642578,348.5809020996094
533,ball,-1,-1,1003.1748046875,365.07257080078125,971.55810546875,437.7400817871094
534,player,99,0,274.6529541015625,535.243896484375,258.2271728515625,715.3081665039062
534,player,66,1,554.2041015625,395.847900390625,530.489013671875,425.0737609863281
534,player,102,0,76.85624694824219,427.85870361328125,108.20584106445312,363.01214599609375
534,player,83,1,868.1571044921875,458.27392578125,731.765625,670.8903198242188
534,player,97,1,529.9183349609375,504.1580810546875,444.9084167480469,732.9315185546875
534,player,116,-1,883.1719970703125,397.8865966796875,812.71240234375,518.8695068359375
534,ball,-1,-1,1003.181640625,365.2958984375,971.575927734375,437.8794250488281
535,player,102,0,73.42124938964844,429.720703125,105.52865600585938,368.51934814453125
535,player,66,1,551.3276977539062,396.69818115234375,529.5484619140625,419.39666748046875
535,player,99,0,270.7027282714844,534.8959350585938,254.86880493164062,714.9921875
535,player,83,1,867.663330078125,456.85028076171875,731.9530029296875,672.20068359375
535,player,97,1,528.01708984375,491.73883056640625,446.21466064453125,712.932373046875
535,player,116,-1,883.8231811523438,397.8504638671875,813.8345947265625,516.43603515625
535,ball,-1,-1,1002.7557373046875,365.3680419921875,971.5511474609375,438.0172119140625
536,player,99,0,260.71551513671875,535.5308227539062,250.19564819335938,714.4786376953125
536,player,66,1,548.4952392578125,394.8985595703125,528.550537109375,413.23553466796875
536,player,102,0,67.0439682006836,429.8660888671875,101.87478637695312,371.62054443359375
536,player,97,1,521.9173583984375,484.70977783203125,446.742919921875,693.4014892578125
536,player,116,-1,886.962646484375,402.03997802734375,813.5336303710938,519.7786865234375
536,player,83,1,862.0684814453125,457.54119873046875,730.3151245117188,673.1624145507812
536,player,118,-1,243.1350860595703,536.6533203125,229.01626586914062,711.98876953125
536,ball,-1,-1,1003.286865234375,364.67572021484375,971.6654052734375,437.9616394042969
537,player,102,0,63.14556121826172,430.485107421875,98.35134887695312,373.9622802734375
537,player,99,0,255.4512939453125,535.1281127929688,245.8834991455078,713.414306640625
537,player,66,1,545.1847534179688,395.33734130859375,526.755615234375,409.408935546875
537,player,116,-1,889.1426391601562,399.6072998046875,815.130859375,519.5123901367188
537,player,83,1,861.686279296875,456.9173583984375,729.3760986328125,673.1997680664062
537,player,114,-1,496.93084716796875,531.5173950195312,417.524658203125,759.7890625
537,player,112,-1,525.8858032226562,476.717041015625,468.18585205078125,632.703857421875
537,ball,-1,-1,1003.5792236328125,364.73931884765625,971.7826538085938,437.9359436035156
538,player,102,0,58.79902267456055,430.20782470703125,94.7421646118164,374.71942138671875
538,player,66,1,545.114990234375,394.72003173828125,525.7342529296875,406.166748046875
538,player,116,-1,890.12890625,397.887939453125,817.2803955078125,517.544189453125
538,player,99,0,249.22695922851562,534.8599243164062,241.5609893798828,712.01806640625
538,player,83,1,861.04248046875,458.65155029296875,727.9591674804688,674.7017822265625
538,player,97,1,505.18963623046875,532.1513061523438,435.0480041503906,717.3016357421875
538,ball,-1,-1,1004.89990234375,361.1622619628906,972.5008544921875,436.9256896972656
539,player,102,0,57.70704650878906,432.5638427734375,92.16963195800781,377.83966064453125
539,player,66,1,545.3950805664062,394.157958984375,525.3099365234375,403.4070129394531
539,player,99,0,243.5032501220703,534.8173217773438,237.34307861328125,710.6199951171875
539,player,116,-1,891.2046508789062,394.7230224609375,820.520263671875,512.8511962890625
539,player,83,1,860.5712280273438,458.4538269042969,726.9835815429688,675.4612426757812
539,player,97,1,503.1617431640625,532.9833984375,426.83001708984375,733.2921752929688
539,player,75,1,879.619384765625,397.88873291015625,754.2173461914062,571.9281005859375
539,ball,-1,-1,1005.5603637695312,360.8507080078125,973.255126953125,435.923583984375
540,player,102,0,55.24162292480469,435.6563720703125,89.89585876464844,383.17767333984375
540,player,66,1,544.43896484375,394.706787109375,524.5881958007812,402.1773376464844
540,player,116,1,892.2747192382812,390.50921630859375,825.0064697265625,505.1492614746094
540,player,99,0,237.22518920898438,533.8152465820312,233.09658813476562,708.4310913085938
540,player,83,1,859.8077392578125,458.87152099609375,725.9926147460938,676.2552490234375
540,player,114,-1,493.0884704589844,534.1390380859375,412.8255310058594,760.968017578125
540,player,117,-1,32.061134338378906,434.29583740234375,78.25544738769531,360.2636413574219
540,player,75,1,875.5540161132812,398.393798828125,773.0765380859375,550.675537109375
540,ball,-1,-1,619.1903686523438,319.0595703125,973.255126953125,435.923583984375
541,player,99,0,233.2451171875,532.11865234375,229.42315673828125,705.3651733398438
541,player,116,1,893.2901611328125,392.7027282714844,827.1547241210938,502.7381591796875
541,player,66,1,544.6553344726562,394.65020751953125,524.2015991210938,401.33251953125
541,player,83,1,859.0372924804688,460.13775634765625,724.6834106445312,677.8170776367188
541,player,102,0,52.51164245605469,435.36199951171875,87.59134674072266,386.0363464355469
541,player,114,-1,491.97882080078125,533.2597045898438,409.6273193359375,760.9971923828125
541,player,117,-1,28.208864212036133,434.41015625,72.71762084960938,367.6011047363281
541,player,75,1,875.212890625,404.15191650390625,782.57568359375,543.1336669921875
541,player,119,-1,10.889148712158203,430.41046142578125,46.80897521972656,362.8708190917969
542,player,116,1,897.3291015625,394.4764404296875,828.9063720703125,503.5858154296875
542,player,99,0,228.39639282226562,532.9291381835938,225.802490234375,703.6162719726562
542,player,83,1,858.5281982421875,459.95513916015625,723.761962890625,678.6263427734375
542,player,66,1,542.2860107421875,396.49713134765625,522.718994140625,402.76324462890625
542,player,114,-1,485.4753723144531,532.5051879882812,406.07342529296875,759.943115234375
542,player,119,-1,7.966569423675537,431.33465576171875,45.99382019042969,363.6607360839844
543,player,116,1,899.315673828125,394.66278076171875,830.5533447265625,504.55133056640625
543,player,66,1,541.7801513671875,394.64404296875,522.0950927734375,401.3990478515625
543,player,99,0,219.25233459472656,533.1688232421875,221.17724609375,701.93212890625
543,player,83,1,858.0337524414062,461.280029296875,722.5535888671875,680.2701416015625
543,player,117,-1,7.075063705444336,437.2723388671875,62.99634552001953,373.54248046875
543,player,114,-1,483.0760803222656,533.973388671875,402.9742736816406,760.1566162109375
543,player,97,1,478.12261962890625,486.85662841796875,422.2646484375,704.69580078125
543,player,102,0,19.830028533935547,432.993408203125,76.18601989746094,381.86285400390625
544,player,99,0,215.02487182617188,533.0189819335938,217.12950134277344,700.38037109375
544,player,116,1,900.563720703125,395.19195556640625,831.74169921875,505.89947509765625
544,player,66,1,540.6837158203125,393.60430908203125,521.6282958984375,399.13037109375
544,player,83,1,857.1793212890625,458.6071472167969,722.5032958984375,678.9122314453125
544,player,114,-1,481.42840576171875,534.1201782226562,400.5391540527344,760.2740478515625
544,player,113,-1,649.7847900390625,402.92724609375,627.3792724609375,460.09698486328125
544,player,102,0,16.932331085205078,438.52044677734375,68.26927947998047,385.2278747558594
545,player,99,0,211.86595153808594,531.4456176757812,213.76748657226562,697.8816528320312
545,player,116,1,901.225830078125,394.86468505859375,832.87353515625,506.47882080078125
545,player,83,1,856.6258544921875,457.6000061035156,722.6871337890625,677.08837890625
545,player,113,-1,646.41015625,403.6044921875,619.5474853515625,460.2135314941406
545,player,66,1,538.4140625,390.95849609375,521.330810546875,394.16748046875
545,player,97,1,477.19268798828125,467.571533203125,422.25390625,668.7227172851562
545,player,114,1,473.4981689453125,535.5636596679688,396.8343505859375,760.7916259765625
545,player,102,0,16.44283103942871,435.4755859375,62.77606201171875,383.8729248046875
545,player,120,-1,549.3253784179688,636.329833984375,401.72833251953125,958.6619262695312
546,player,99,0,204.3402099609375,531.8629760742188,209.70065307617188,695.9793090820312
546,player,83,1,856.4429321289062,457.270263671875,722.877197265625,675.59375
546,player,66,1,534.8032836914062,390.08929443359375,520.240478515625,389.4775390625
546,player,116,1,905.3427734375,394.4317626953125,835.06298828125,506.7977600097656
546,player,97,1,470.02362060546875,467.79400634765625,420.260498046875,644.899169921875
546,player,113,-1,644.9168090820312,401.1842041015625,614.787109375,457.3543701171875
546,player,119,-1,14.187408447265625,436.65216064453125,47.70282745361328,370.98260498046875
546,player,120,-1,543.275146484375,634.101318359375,400.7366943359375,957.060791015625
547,player,99,0,198.444580078125,535.0189208984375,205.50778198242188,696.7437133789062
547,player,119,-1,13.365259170532227,437.0283203125,48.594146728515625,376.09136962890625
547,player,83,1,857.7529907226562,456.97637939453125,723.4605712890625,674.47900390625
547,player,116,1,906.7552490234375,397.334228515625,835.48876953125,510.37744140625
547,player,113,-1,642.3262329101562,399.12518310546875,611.5734252929688,452.8377685546875
547,player,66,1,531.9592895507812,389.7771301269531,518.7228393554688,385.73455810546875
547,player,97,1,467.19525146484375,487.4151611328125,415.0352478027344,646.7775268554688
547,player,120,-1,542.9012451171875,636.03076171875,399.7823486328125,957.0382690429688
547,player,112,1,508.11431884765625,384.8503112792969,478.64837646484375,535.0374755859375
547,player,121,-1,920.1077270507812,396.123291015625,849.4295043945312,517.1266479492188
547,ball,-1,-1,439.1865234375,380.13262939453125,973.255126953125,435.923583984375
548,player,99,0,194.65625,537.5523681640625,201.78208923339844,698.907958984375
548,player,83,1,857.72119140625,456.84674072265625,723.8784790039062,673.6362915039062
548,player,113,-1,640.39599609375,406.1014404296875,606.6617431640625,457.7156982421875
548,player,119,-1,11.170997619628906,435.95587158203125,48.445003509521484,377.95770263671875
548,player,66,1,528.3079833984375,390.292724609375,516.45263671875,383.54644775390625
548,player,116,1,907.1851806640625,395.1217041015625,836.9783935546875,510.29296875
548,player,114,1,470.3131408691406,535.1567993164062,393.708251953125,760.5771484375
548,player,112,1,503.4124755859375,387.88470458984375,483.1857604980469,474.8836669921875
548,player,120,-1,539.1617431640625,633.6619873046875,398.6651611328125,955.495849609375
549,player,99,0,189.15972900390625,544.238525390625,197.8548583984375,705.007080078125
549,player,66,1,525.8469848632812,390.8778076171875,514.0506591796875,382.5830383300781
549,player,83,1,858.5823364257812,457.34619140625,724.1998901367188,673.609619140625
549,player,116,1,917.060302734375,396.87603759765625,840.048583984375,513.2032470703125
549,player,119,-1,8.889184951782227,436.9609375,47.737701416015625,380.09857177734375
549,player,113,-1,628.473388671875,406.40972900390625,599.7816162109375,460.00927734375
549,player,112,1,501.0711975097656,388.1541748046875,485.32769775390625,435.8678894042969
549,player,114,1,464.34564208984375,537.3540649414062,389.93988037109375,761.5870971679688
549,player,120,-1,537.6031494140625,634.436279296875,397.52117919921875,954.8106689453125
550,player,99,0,184.302490234375,547.4950561523438,194.0518341064453,711.050537109375
550,player,66,1,521.8359375,391.953857421875,510.9521484375,382.853515625
550,player,116,1,921.53759765625,396.31109619140625,843.66748046875,514.9315185546875
550,player,83,1,859.0552978515625,457.78350830078125,724.376708984375,674.0223999023438
550,player,114,1,459.52349853515625,539.1109619140625,386.09808349609375,763.153076171875
550,player,117,-1,7.371680736541748,434.88421630859375,56.594303131103516,374.67926025390625
550,player,113,1,611.3462524414062,409.53497314453125,589.220458984375,463.2734069824219
550,player,120,-1,535.126953125,635.8661499023438,396.092041015625,954.9760131835938
550,player,112,1,498.2242431640625,389.98291015625,485.3688659667969,412.4916076660156
551,player,99,0,177.55545043945312,553.1458129882812,189.84402465820312,718.6676025390625
551,player,66,1,517.821044921875,391.169189453125,507.8831787109375,381.62725830078125
551,player,116,1,924.970703125,402.0687255859375,844.2030029296875,522.6963500976562
551,player,83,1,858.916748046875,458.4989929199219,724.1942138671875,674.9112548828125
551,player,97,1,449.31915283203125,539.7921142578125,399.86212158203125,688.2269287109375
551,player,102,0,12.332684516906738,434.8288269042969,57.932273864746094,381.8303527832031
551,player,112,1,496.48358154296875,390.0782775878906,484.8242492675781,397.2275085449219
551,player,113,1,606.697265625,412.37188720703125,580.1392211914062,468.09527587890625
551,player,117,-1,7.584497928619385,436.8917236328125,52.64080047607422,377.7570495605469
551,ball,-1,-1,409.04742431640625,444.9853820800781,973.255126953125,435.923583984375
552,player,97,1,448.03045654296875,540.4088745117188,389.6127014160156,715.518798828125
552,player,66,1,513.1873779296875,387.94879150390625,505.260009765625,376.31207275390625
552,player,83,1,857.7457275390625,458.676513671875,723.6966552734375,675.5409545898438
552,player,99,0,172.65658569335938,552.7847900390625,185.9369354248047,722.9713134765625
552,player,116,1,928.012939453125,393.60400390625,849.6768798828125,518.7633056640625
552,player,113,1,603.8950805664062,414.342041015625,572.8380126953125,473.1304626464844
552,player,112,1,493.7995910644531,389.33367919921875,483.806396484375,386.0823974609375
552,player,102,0,10.554043769836426,433.5845031738281,54.163673400878906,378.8782958984375
553,player,66,1,510.6253662109375,387.41357421875,502.8831481933594,371.9048767089844
553,player,116,1,929.9364013671875,392.26348876953125,854.4986572265625,514.9061279296875
553,player,99,0,164.38319396972656,553.6812744140625,181.39523315429688,725.791015625
553,player,83,1,858.1968994140625,459.2275390625,723.2947998046875,676.476806640625
553,player,113,1,598.7677612304688,414.86895751953125,566.419921875,476.46710205078125
553,player,97,1,446.5619812011719,541.35400390625,382.48101806640625,733.8326416015625
553,player,102,0,10.882795333862305,434.07757568359375,51.84745788574219,377.56610107421875
554,player,66,1,506.40960693359375,385.71630859375,500.4376525878906,366.43280029296875
554,player,99,0,156.4813232421875,558.5426635742188,176.49746704101562,730.5884399414062
554,player,116,1,933.859619140625,396.8515625,856.482666015625,517.9020385742188
554,player,83,1,858.494140625,459.88116455078125,722.8770141601562,677.6870727539062
554,player,113,1,594.8126220703125,415.074462890625,561.0159301757812,478.4632568359375
554,player,114,1,442.0614013671875,541.1206665039062,379.1412353515625,764.2741088867188
554,player,102,0,10.443620681762695,432.86309814453125,50.12430191040039,375.2543640136719
554,player,122,-1,613.4686889648438,413.95428466796875,567.7269897460938,484.02362060546875
555,player,99,0,149.8958740234375,556.8728637695312,171.7535400390625,731.9762573242188
555,player,66,1,501.95361328125,384.19610595703125,497.8191223144531,360.448974609375
555,player,83,1,858.2496337890625,461.6612854003906,721.8992919921875,680.01220703125
555,player,116,1,939.6982421875,395.1013488769531,860.4120483398438,518.519287109375
555,player,122,-1,604.5662841796875,414.6968994140625,564.8685913085938,483.94354248046875
555,player,114,1,437.4319152832031,536.0179443359375,374.11517333984375,760.888427734375
555,player,119,-1,10.945959091186523,434.4310302734375,47.71434783935547,378.7760009765625
555,player,102,0,9.956585884094238,434.69097900390625,48.987632751464844,375.828857421875
556,player,99,0,141.07461547851562,559.97314453125,166.54660034179688,734.469482421875
556,player,66,1,495.5792236328125,383.08984375,494.3636169433594,354.43719482421875
556,player,83,1,858.5098266601562,463.11724853515625,720.8121337890625,682.8153076171875
556,player,114,1,431.7281494140625,539.3739624023438,369.0670166015625,760.716552734375
556,player,116,1,942.9266967773438,390.1834716796875,866.485595703125,513.760498046875
556,player,122,-1,597.6173095703125,412.9256591796875,561.4444580078125,481.22515869140625
557,player,66,1,491.713134765625,383.6429443359375,490.744873046875,350.814453125
557,player,99,0,135.740966796875,560.0655517578125,161.89047241210938,735.7481689453125
557,player,83,1,859.589111328125,463.8565673828125,720.1290893554688,685.3745727539062
557,player,97,1,407.9511413574219,486.9866027832031,374.93817138671875,699.063232421875
557,player,122,-1,591.1557006835938,414.950927734375,556.7296142578125,481.050048828125
557,player,116,1,948.06103515625,389.8390197753906,872.1712646484375,510.814697265625
557,player,114,1,443.14422607421875,541.7501220703125,368.2557678222656,763.2330322265625
558,player,99,0,131.63119506835938,559.4363403320312,157.88417053222656,735.8038330078125
558,player,66,1,484.4024658203125,383.54669189453125,486.08197021484375,347.529296875
558,player,83,1,860.4127197265625,464.4954833984375,719.6764526367188,687.6640014648438
558,player,97,1,403.64044189453125,491.31475830078125,368.35211181640625,679.8684692382812
558,player,116,1,948.83837890625,386.5982666015625,877.8255004882812,505.300048828125
558,player,122,-1,586.3892822265625,411.576416015625,553.177490234375,476.6947937011719
558,player,123,-1,425.65325927734375,483.864990234375,375.5015563964844,631.0367431640625
558,player,114,1,436.547119140625,540.9929809570312,366.23052978515625,763.802734375
558,ball,-1,-1,585.7503662109375,329.89373779296875,973.255126953125,435.923583984375
559,player,99,0,129.08053588867188,561.1386108398438,154.6726837158203,736.886962890625
559,player,66,1,483.802978515625,382.3436279296875,483.15277099609375,343.7739562988281
559,player,83,1,860.5811767578125,464.50262451171875,719.4244384765625,689.1732177734375
559,player,123,-1,420.3961181640625,540.8279418945312,367.06475830078125,676.4931640625
559,player,116,1,952.71484375,385.68292236328125,883.1766357421875,501.07586669921875
559,player,122,-1,583.1138916015625,415.30157470703125,548.870361328125,477.6802978515625
560,player,99,0,123.46268463134766,560.75244140625,151.2462615966797,736.8787841796875
560,player,66,1,483.64019775390625,378.95074462890625,482.03131103515625,336.8895263671875
560,player,83,1,860.322021484375,464.5601806640625,719.1712646484375,690.1810302734375
560,player,114,1,425.40643310546875,542.1565551757812,362.0957946777344,764.153076171875
560,player,116,1,957.3721923828125,387.4974670410156,887.0975952148438,500.8922424316406
560,player,97,1,396.42193603515625,487.2568359375,362.6761779785156,663.2200317382812
560,player,122,-1,578.95068359375,411.52386474609375,545.8565673828125,473.6868896484375
560,ball,-1,-1,550.6141357421875,327.1332092285156,973.255126953125,435.923583984375
561,player,66,1,480.8520202636719,379.91571044921875,480.16607666015625,333.3690490722656
561,player,99,0,123.7811279296875,560.6571044921875,149.09469604492188,736.8282470703125
561,player,83,1,860.3060913085938,465.28070068359375,718.746337890625,691.4566040039062
561,player,114,1,421.59442138671875,538.140869140625,358.9446716308594,761.135498046875
561,player,116,1,962.7969970703125,382.28558349609375,894.151123046875,495.3594055175781
561,player,97,1,396.07086181640625,500.67047119140625,357.2780456542969,663.9110717773438
561,player,122,-1,579.446533203125,412.52593994140625,543.7728881835938,472.26544189453125
561,ball,-1,-1,557.313232421875,310.2012939453125,973.255126953125,435.923583984375
562,player,66,1,478.29632568359375,380.40966796875,478.0107116699219,331.4422302246094
562,player,83,1,860.6900634765625,466.1251220703125,718.2724609375,693.04638671875
562,player,99,0,119.2065200805664,559.837158203125,146.6019287109375,735.8444213867188
562,player,123,-1,410.29388427734375,506.5936279296875,363.072998046875,678.6591796875
562,player,116,1,967.24951171875,387.0223388671875,897.49560546875,497.67340087890625
562,player,97,1,389.6059265136719,494.47357177734375,352.8199462890625,658.5390014648438
562,player,122,0,574.85302734375,412.91192626953125,540.9415283203125,471.3060302734375
562,ball,-1,-1,550.2880249023438,310.288818359375,973.255126953125,435.923583984375
563,player,123,-1,409.0694580078125,536.552978515625,356.71728515625,703.4010009765625
563,player,66,1,477.15301513671875,381.19805908203125,476.051513671875,331.09161376953125
563,player,83,1,859.718994140625,466.0020751953125,717.7506713867188,693.8883666992188
563,player,122,0,570.3839721679688,411.0986022949219,538.2505493164062,468.190185546875
563,player,99,0,114.17518615722656,556.8782348632812,143.76116943359375,732.6380004882812
563,player,116,1,971.0887451171875,385.39788818359375,901.731201171875,497.72967529296875
564,player,99,0,105.95945739746094,556.1121826171875,139.9357147216797,729.349853515625
564,player,83,1,858.7099609375,466.32965087890625,717.0283203125,694.6282958984375
564,player,66,1,474.00390625,380.8526306152344,473.84893798828125,330.0628967285156
564,player,122,0,563.5419311523438,409.92889404296875,534.7586059570312,464.1412353515625
564,player,123,-1,406.397705078125,534.1338500976562,352.2000427246094,717.4632568359375
564,player,116,1,975.00048828125,385.30279541015625,905.7312622070312,498.06988525390625
564,player,97,1,384.9278259277344,498.55462646484375,348.2341003417969,658.13427734375
565,player,99,0,100.36565399169922,557.2122192382812,136.11746215820312,727.59619140625
565,player,66,1,469.598388671875,380.50140380859375,471.0834655761719,328.4444885253906
565,player,83,1,859.591064453125,467.17218017578125,716.4949340820312,695.909423828125
565,player,122,0,562.241455078125,408.4246826171875,532.4971313476562,459.6634521484375
565,player,123,-1,402.34686279296875,530.5258178710938,348.66607666015625,723.5557250976562
565,player,116,1,980.43359375,386.56939697265625,909.28564453125,500.30517578125
566,player,99,0,91.07501220703125,557.84033203125,131.41473388671875,726.2037353515625
566,player,83,1,859.44873046875,469.190673828125,715.4019775390625,698.4520263671875
566,player,66,1,467.89776611328125,379.7098388671875,468.9251403808594,326.1645202636719
566,player,122,0,562.115478515625,405.84735107421875,531.6790771484375,453.7811279296875
566,player,116,1,986.9603271484375,386.390625,913.68212890625,502.2406005859375
566,player,123,-1,400.76312255859375,535.5380249023438,345.44097900390625,731.1704711914062
567,player,83,1,859.4447631835938,466.912841796875,715.490478515625,698.1597900390625
567,player,99,0,83.18305969238281,559.2288818359375,126.48934173583984,725.7172241210938
567,player,116,1,993.9505615234375,386.25372314453125,918.743896484375,504.0773010253906
567,player,66,1,465.0379638671875,378.3895263671875,466.91009521484375,322.6219482421875
567,player,123,1,402.53692626953125,541.1488037109375,343.1797180175781,740.4195556640625
567,player,122,0,558.9600830078125,408.9923095703125,529.3554077148438,453.2395324707031
567,player,124,-1,366.59600830078125,526.0016479492188,318.2242736816406,716.7373657226562
567,ball,-1,-1,521.59228515625,307.84283447265625,973.255126953125,435.923583984375
568,player,83,1,859.8740234375,468.92694091796875,714.9535522460938,699.7277221679688
568,player,122,0,553.0673828125,416.05596923828125,524.25537109375,460.2332763671875
568,player,123,1,399.1730651855469,540.1680297851562,340.99993896484375,745.4462890625
568,player,99,0,81.50909423828125,559.3048095703125,122.88832092285156,725.3280029296875
568,player,116,1,997.1123046875,387.50506591796875,922.2903442382812,507.0162658691406
568,player,66,1,461.32000732421875,377.3154296875,464.6484375,318.4774475097656
568,player,124,-1,366.3648376464844,521.5123901367188,318.60205078125,713.20361328125
568,ball,-1,-1,517.556884765625,307.51177978515625,973.255126953125,435.923583984375
569,player,83,1,860.4124755859375,471.33221435546875,713.9070434570312,702.8319091796875
569,player,122,0,548.4391479492188,418.31414794921875,519.0006103515625,466.80902099609375
569,player,116,1,1001.3448486328125,390.36962890625,924.270751953125,512.5740356445312
569,player,99,0,75.84642028808594,561.137939453125,119.22930908203125,725.9910888671875
569,player,123,1,402.4317626953125,540.4300537109375,340.343505859375,749.1619262695312
569,player,124,-1,363.950439453125,512.3234252929688,319.146240234375,703.3466186523438
569,player,66,1,458.3345947265625,373.5566711425781,463.08966064453125,310.4051208496094
570,player,83,1,860.22314453125,473.30072021484375,712.4954833984375,706.4882202148438
570,player,99,0,72.15274047851562,563.076904296875,116.01116943359375,727.5616455078125
570,player,122,0,544.6380615234375,420.631591796875,513.8914184570312,473.2433166503906
570,player,116,1,1004.2421875,390.5662841796875,926.3216552734375,516.7058715820312
570,player,66,1,458.51715087890625,376.17547607421875,461.52142333984375,308.7007141113281
570,player,123,1,406.0555114746094,536.533203125,341.21246337890625,748.9754028320312
570,player,124,-1,360.85101318359375,500.289306640625,319.92156982421875,686.6826171875
570,player,97,1,385.2545166015625,519.9754028320312,342.9863586425781,675.4376831054688
570,player,125,-1,522.307861328125,416.9150695800781,488.0350341796875,467.06353759765625
571,player,83,1,858.9368286132812,474.04986572265625,710.9835205078125,709.380126953125
571,player,97,1,386.00372314453125,548.80908203125,336.8399658203125,708.4780883789062
571,player,99,0,67.79153442382812,563.0289306640625,112.879150390625,728.213134765625
571,player,116,1,1007.4158935546875,392.15106201171875,927.7243041992188,521.4737548828125
571,player,122,0,539.517822265625,422.71307373046875,508.56048583984375,479.17962646484375
571,player,66,1,453.98931884765625,376.81500244140625,458.8823547363281,307.9368896484375
571,player,124,-1,358.82855224609375,528.25244140625,317.1920166015625,698.3204345703125
572,player,83,1,858.3052368164062,473.31390380859375,710.0885620117188,710.589111328125
572,player,97,1,379.3041687011719,538.173828125,332.2640075683594,721.6452026367188
572,player,116,1,1010.090087890625,392.0572509765625,929.49169921875,524.7457275390625
572,player,99,0,66.91344451904297,561.6427612304688,110.600830078125,727.55126953125
572,player,122,0,531.840576171875,422.01116943359375,503.0028076171875,481.5097961425781
572,player,66,1,443.18438720703125,374.17279052734375,454.24542236328125,302.66656494140625
572,player,123,1,400.91680908203125,537.8558349609375,340.3870544433594,749.4332275390625
572,player,126,-1,426.26483154296875,375.35235595703125,429.0982360839844,291.9522399902344
573,player,83,1,857.546142578125,475.0726318359375,708.7052612304688,712.77880859375
573,player,97,1,375.79986572265625,539.5309448242188,328.3079528808594,730.9376220703125
573,player,99,0,65.37350463867188,559.0990600585938,108.68927001953125,725.1224365234375
573,player,116,1,1012.20751953125,392.57000732421875,930.9891967773438,527.6556396484375
573,player,126,-1,412.10546875,375.69427490234375,424.40087890625,290.80926513671875
573,player,125,-1,508.18280029296875,423.5381774902344,482.34954833984375,472.937255859375
574,player,83,1,856.7220458984375,472.82586669921875,708.3610229492188,712.251220703125
574,player,99,0,63.401649475097656,559.93994140625,106.99529266357422,724.014892578125
574,player,126,-1,410.45159912109375,374.97113037109375,420.95208740234375,288.8976135253906
574,player,116,1,1014.8262329101562,395.3841552734375,931.177734375,532.8916015625
574,player,123,1,391.2586669921875,540.5183715820312,337.234375,750.9434814453125
574,player,125,-1,501.19927978515625,424.3448486328125,476.424560546875,476.93695068359375
574,player,97,1,369.81793212890625,539.8611450195312,324.2548522949219,736.7529907226562
574,player,124,-1,344.43939208984375,484.98162841796875,315.8968505859375,668.6433715820312
574,player,122,0,524.1268310546875,427.0257568359375,495.97198486328125,487.67218017578125
575,player,83,1,856.3125,471.12066650390625,708.6181030273438,710.43603515625
575,player,99,0,59.8913459777832,560.9427490234375,105.08010864257812,723.76611328125
575,player,126,-1,409.490234375,374.79443359375,418.4310302734375,287.3055114746094
575,player,124,-1,335.6827087402344,482.5457763671875,312.95977783203125,646.3844604492188
575,player,123,1,387.60296630859375,545.7506713867188,333.7822265625,755.4700317382812
575,player,125,-1,495.57586669921875,426.33343505859375,470.499267578125,481.132080078125
575,player,116,1,1018.2791748046875,403.9169921875,927.6593017578125,545.752197265625
576,player,83,1,855.2113037109375,470.67132568359375,708.651123046875,708.780029296875
576,player,99,0,54.31050109863281,561.6846313476562,102.5213623046875,723.7225952148438
576,player,126,-1,410.82562255859375,374.7652587890625,417.235595703125,286.3828125
576,player,124,0,341.127685546875,491.20306396484375,311.65606689453125,640.1202392578125
576,player,125,-1,489.378662109375,424.43450927734375,465.2273254394531,481.184326171875
576,player,123,1,384.203857421875,545.0272216796875,330.79296875,757.6222534179688
576,player,97,1,363.9993896484375,534.7713623046875,320.67669677734375,736.2607421875
576,player,116,1,1022.445068359375,406.2321472167969,925.3486938476562,556.9439086914062
577,player,83,1,853.5693359375,470.8680114746094,708.1727294921875,707.7266845703125
577,player,116,1,1023.5177001953125,393.7871398925781,931.0003662109375,551.0821533203125
577,player,124,0,333.53875732421875,486.06341552734375,309.2937316894531,630.8262329101562
577,player,99,0,50.942787170410156,562.5690307617188,100.07965087890625,724.0872192382812
577,player,126,-1,412.6877746582031,374.3494873046875,417.1528015136719,285.4290771484375
577,player,123,1,382.6056823730469,532.396240234375,329.71148681640625,749.506103515625
577,player,125,-1,484.55474853515625,426.39129638671875,459.9794921875,482.8629150390625
577,ball,-1,-1,403.4022521972656,287.5543518066406,973.255126953125,435.923583984375
578,player,83,1,852.2308959960938,471.3695068359375,707.3372192382812,707.349365234375
578,player,116,1,1024.392333984375,392.61553955078125,935.5979614257812,546.080810546875
578,player,126,-1,410.49554443359375,374.709716796875,416.3078308105469,285.050048828125
578,player,99,0,47.96820068359375,561.4436645507812,97.74734497070312,723.265380859375
578,player,124,0,329.4608154296875,486.13775634765625,306.66717529296875,624.4940185546875
578,player,125,-1,491.37017822265625,423.8116760253906,459.1061706542969,481.828857421875
578,player,97,1,381.00177001953125,551.5439453125,320.8856201171875,749.5880737304688
578,player,123,1,357.752197265625,537.6869506835938,322.4340515136719,746.2503662109375
579,player,126,1,410.58099365234375,375.5085144042969,415.62603759765625,285.898193359375
579,player,83,1,850.4320068359375,471.69525146484375,706.209716796875,707.222412109375
579,player,99,0,42.018646240234375,561.194091796875,94.79959869384766,722.0882568359375
579,player,124,0,321.36981201171875,489.71630859375,302.4906921386719,622.8614501953125
579,player,116,1,1028.519775390625,389.0910949707031,941.8438720703125,539.3678588867188
579,player,125,-1,482.5062255859375,423.121826171875,456.06964111328125,479.5172119140625
579,player,97,1,378.1871337890625,536.8709106445312,321.7489929199219,747.3055419921875
579,ball,-1,-1,477.29296875,328.000732421875,973.255126953125,435.923583984375
580,player,99,0,35.537071228027344,563.4483032226562,91.41214752197266,722.489501953125
580,player,83,1,848.6727294921875,472.84759521484375,704.6216430664062,707.9580078125
580,player,116,1,1031.0751953125,389.02032470703125,946.715576171875,535.19140625
580,player,124,0,316.497802734375,491.5938720703125,298.3269348144531,623.0370483398438
580,player,126,1,406.76861572265625,376.13336181640625,413.81243896484375,286.86346435546875
580,player,97,1,363.2716064453125,522.9957885742188,319.9777526855469,733.9890747070312
580,player,125,-1,480.70831298828125,421.86175537109375,453.82440185546875,476.4495544433594
580,player,123,1,380.8607482910156,614.5264892578125,316.6064453125,796.98681640625
580,ball,-1,-1,471.92169189453125,337.38580322265625,973.255126953125,435.923583984375
581,player,83,1,844.4967651367188,473.8961181640625,702.1400756835938,708.9542236328125
581,player,124,0,308.72113037109375,491.8685302734375,293.5476379394531,622.7183837890625
581,player,97,1,364.6885986328125,540.8040771484375,317.5104064941406,739.0333251953125
581,player,126,1,403.9779052734375,375.215087890625,411.90167236328125,285.9287109375
581,player,116,1,1032.7423095703125,385.78900146484375,952.2723388671875,529.03857421875
581,player,99,0,25.524906158447266,561.5745849609375,86.74635314941406,720.5951538085938
581,player,125,-1,477.7655029296875,420.2547607421875,451.8238525390625,472.38250732421875
581,ball,-1,-1,479.3670654296875,327.84674072265625,973.255126953125,435.923583984375
582,player,97,1,362.44793701171875,541.26806640625,315.3221435546875,742.4801635742188
582,player,83,1,842.5328369140625,473.82891845703125,700.0354614257812,709.3748168945312
582,player,124,0,307.2387390136719,490.21771240234375,290.1846008300781,620.9210205078125
582,player,116,1,1034.787353515625,385.11346435546875,956.9034423828125,524.4927978515625
582,player,126,1,400.73895263671875,371.6338806152344,410.2990417480469,280.04278564453125
582,player,99,0,27.75796890258789,559.5017700195312,84.16783905029297,717.9932861328125
582,player,125,-1,469.9028015136719,419.87530517578125,448.2655029296875,468.5247802734375
583,player,83,1,841.7884521484375,474.45452880859375,698.262451171875,710.1082763671875
583,player,97,1,360.572265625,539.1980590820312,313.63134765625,743.035400390625
583,player,124,0,303.0848388671875,490.9100341796875,286.8451232910156,620.0053100585938
583,player,125,-1,440.65484619140625,422.23175048828125,436.8171691894531,465.69281005859375
583,player,116,1,1038.4893798828125,389.5301513671875,958.4429931640625,526.8575439453125
583,player,126,1,399.8243103027344,378.55206298828125,407.6173400878906,285.5311584472656
583,player,99,0,14.002796173095703,558.9905395507812,79.1632080078125,714.8544921875
583,player,129,-1,308.79248046875,297.14288330078125,353.5582275390625,-120.24288940429688
583,ball,-1,-1,330.91668701171875,491.0411376953125,973.255126953125,435.923583984375
584,player,83,1,841.210205078125,474.16058349609375,697.0573120117188,710.2884521484375
584,player,97,1,359.39190673828125,538.9738159179688,312.2657470703125,743.1361083984375
584,player,99,0,12.4573974609375,541.9003295898438,74.75086975097656,699.5219116210938
584,player,128,-1,328.0895690917969,525.4833984375,291.02801513671875,706.687255859375
584,player,125,-1,436.5256652832031,422.7187805175781,428.0633544921875,463.97760009765625
584,player,124,0,298.07098388671875,494.19866943359375,283.0974426269531,621.8753662109375
584,player,116,1,1039.2696533203125,390.5108337402344,959.1082153320312,529.5582275390625
585,player,83,1,840.5155029296875,474.5791015625,695.9520263671875,710.6961669921875
585,player,97,1,359.8858642578125,537.6251831054688,311.619384765625,742.23193359375
585,player,124,0,295.8952331542969,496.0157470703125,279.9532775878906,624.49267578125
585,player,127,-1,1047.15576171875,396.20843505859375,957.6980590820312,554.6000366210938
585,player,125,1,463.0733642578125,422.044189453125,430.36444091796875,464.7809753417969
585,player,99,0,8.743315696716309,552.1476440429688,71.4563980102539,697.248291015625
586,player,97,1,358.18011474609375,537.2067260742188,310.8213806152344,741.1956787109375
586,player,83,1,839.887451171875,474.90484619140625,694.9603881835938,711.179443359375
586,player,124,0,294.8948669433594,498.94287109375,277.4307861328125,628.6484375
586,player,127,-1,1050.092529296875,399.2803955078125,956.819580078125,558.1776123046875
586,player,125,1,461.3218994140625,420.72528076171875,431.5990295410156,463.664794921875
586,player,99,0,7.252283096313477,519.6422119140625,67.31243133544922,669.355224609375
586,player,126,1,398.67974853515625,380.75177001953125,405.08660888671875,291.9067077636719
587,player,97,1,355.1849670410156,538.627197265625,309.4474792480469,741.3499755859375
587,player,83,1,839.047119140625,475.9561767578125,693.7460327148438,712.299072265625
587,player,124,0,293.638671875,499.8035888671875,275.40087890625,631.9845581054688
587,player,127,-1,1050.6881103515625,397.96826171875,957.169921875,559.168212890625
587,player,126,1,424.9230041503906,424.62158203125,403.66986083984375,351.95880126953125
587,player,99,0,7.617790222167969,513.9871215820312,64.40989685058594,646.3851318359375
588,player,97,1,352.9305419921875,537.4933471679688,308.1051940917969,740.4228515625
588,player,83,1,838.737548828125,476.46722412109375,692.7062377929688,713.4259033203125
588,player,126,1,378.43170166015625,365.4504699707031,398.7135925292969,311.6936340332031
588,player,124,0,292.75634765625,497.98040771484375,273.9843444824219,632.5020751953125
588,player,125,1,450.89776611328125,423.54547119140625,428.77294921875,465.0143737792969
588,player,127,-1,1051.929443359375,401.645751953125,955.6827392578125,563.828369140625
588,player,99,0,5.190023422241211,470.45013427734375,59.303321838378906,590.3658447265625
588,player,131,-1,12.143327713012695,540.7709350585938,66.18111419677734,668.4146728515625
589,player,97,1,351.13201904296875,536.17919921875,306.90875244140625,738.6890869140625
589,player,83,1,837.7445678710938,476.622314453125,691.7200927734375,714.20166015625
589,player,126,1,378.65875244140625,368.562255859375,394.99261474609375,289.9584655761719
589,player,127,-1,1053.4072265625,403.83270263671875,953.924560546875,569.2918090820312
589,player,124,0,288.8414611816406,498.15728759765625,272.0285339355469,632.6558837890625
590,player,83,1,837.537109375,477.556640625,690.71630859375,715.4642944335938
590,player,127,-1,1054.82666015625,393.94061279296875,958.8358764648438,562.4879150390625
590,player,97,1,347.41845703125,536.5784301757812,305.19000244140625,737.569091796875
590,player,126,1,372.01025390625,368.263916015625,390.41339111328125,274.638427734375
590,player,124,0,279.93408203125,494.02056884765625,268.71038818359375,628.3723754882812
590,player,125,1,444.1070861816406,429.23583984375,423.894287109375,471.422607421875
590,ball,-1,-1,276.69256591796875,526.47412109375,973.255126953125,435.923583984375
591,player,83,1,836.877685546875,478.3466796875,689.6321411132812,716.8826904296875
591,player,127,-1,1054.969970703125,393.01513671875,962.6101684570312,557.076416015625
591,player,97,1,341.5445556640625,557.3333740234375,300.96649169921875,751.5338134765625
591,player,125,1,439.66033935546875,429.456787109375,419.38323974609375,475.3871154785156
591,player,126,1,365.388427734375,367.9888916015625,385.2770080566406,263.5220947265625
591,player,124,0,283.12188720703125,500.20574951171875,266.9665832519531,631.252685546875
592,player,126,1,364.521484375,368.04254150390625,381.63970947265625,256.2715759277344
592,player,83,1,836.6453857421875,478.1820068359375,688.921142578125,717.6483764648438
592,player,127,-1,1058.241455078125,391.39892578125,966.9902954101562,552.1343383789062
592,player,125,1,435.26019287109375,431.6251220703125,414.7869567871094,479.86248779296875
592,player,124,0,282.803466796875,554.5523681640625,262.37115478515625,675.9498901367188
592,player,97,1,322.3114318847656,543.9751586914062,294.6407165527344,749.4674682617188
592,ball,-1,-1,425.1356201171875,327.4857482910156,973.255126953125,435.923583984375
593,player,127,1,1055.056640625,396.9725036621094,965.64453125,554.620849609375
593,player,83,1,835.6539306640625,477.5108642578125,688.4218139648438,717.50439453125
593,player,126,1,360.8663024902344,373.10723876953125,377.198486328125,258.228759765625
593,player,97,1,331.49945068359375,541.29052734375,292.9571838378906,746.8511352539062
593,player,124,0,273.28094482421875,547.956787109375,257.47027587890625,699.455322265625
593,player,125,1,428.94451904296875,435.79315185546875,409.2574462890625,486.5869445800781
593,ball,-1,-1,420.83038330078125,328.7951354980469,973.255126953125,435.923583984375
594,player,83,1,835.3828735351562,476.6998291015625,688.2938842773438,716.7132568359375
594,player,97,1,333.900146484375,532.9060668945312,293.1170654296875,739.0113525390625
594,player,127,1,1054.680908203125,407.77972412109375,958.5842895507812,567.50830078125
594,player,124,0,272.9566345214844,549.1146850585938,254.14381408691406,715.5614624023438
594,player,126,1,354.87469482421875,371.800537109375,372.54669189453125,256.9954528808594
594,player,125,1,422.3847961425781,434.9886474609375,403.8974914550781,489.4666442871094
594,player,116,1,1069.431884765625,394.1500244140625,966.43408203125,538.382568359375
594,ball,-1,-1,417.72576904296875,327.56591796875,973.255126953125,435.923583984375
595,player,83,1,833.4940185546875,480.0294494628906,686.62890625,718.79248046875
595,player,116,1,1062.4178466796875,390.12139892578125,971.485107421875,539.0153198242188
595,player,125,1,416.2325134277344,436.216552734375,398.43377685546875,492.0386657714844
595,player,124,0,273.39508056640625,542.7435913085938,252.43646240234375,721.3334350585938
595,player,97,1,326.7694091796875,536.3896484375,291.1966247558594,736.0
595,player,126,1,343.84783935546875,370.48895263671875,366.0736999511719,253.08314514160156
595,player,128,-1,289.670654296875,545.7684326171875,280.17596435546875,719.0947265625
596,player,83,1,831.7862548828125,480.022216796875,685.106201171875,719.9915771484375
596,player,116,1,1063.9815673828125,399.599609375,969.6958618164062,549.7891845703125
596,player,124,0,271.6829528808594,549.1898193359375,250.56158447265625,729.7385864257812
596,player,125,1,409.4857177734375,435.586669921875,393.02880859375,492.3854675292969
596,player,97,1,320.7703552246094,545.2806396484375,287.8223571777344,740.2142944335938
596,player,128,-1,282.3377685546875,547.442626953125,271.25396728515625,727.8252563476562
596,player,126,1,343.2294921875,371.6712646484375,361.47607421875,252.12774658203125
597,player,83,1,828.4105224609375,479.60980224609375,683.3743896484375,720.141357421875
597,player,116,1,1066.0389404296875,397.8428955078125,970.15234375,555.1395263671875
597,player,128,-1,292.537353515625,546.6395263671875,267.9608154296875,733.7019653320312
597,player,125,1,403.844482421875,434.4476318359375,388.0557861328125,490.8472595214844
597,player,126,1,343.23382568359375,370.26531982421875,358.7086181640625,249.53326416015625
597,player,124,0,259.7183532714844,494.34796142578125,249.41390991210938,690.0137939453125
598,player,83,1,825.985595703125,481.12957763671875,681.1304931640625,721.2819213867188
598,player,116,1,1078.3662109375,385.84637451171875,981.2940063476562,546.8391723632812
598,player,128,-1,293.7955322265625,545.8118896484375,266.17535400390625,737.0083618164062
598,player,125,1,388.2290344238281,434.8507080078125,380.2259826660156,488.74884033203125
598,player,126,1,344.0146179199219,369.99383544921875,357.2122802734375,247.55474853515625
598,player,124,0,257.7318420410156,498.73590087890625,247.89219665527344,667.8707885742188
599,player,83,1,825.7883911132812,477.1617431640625,680.902099609375,718.724853515625
599,player,128,-1,294.98345947265625,545.1549072265625,265.343017578125,738.7637939453125
599,player,124,0,254.82275390625,493.51641845703125,246.43637084960938,648.638671875
599,player,116,1,1081.85009765625,384.1591796875,990.634521484375,539.9248657226562
599,player,126,1,344.4571533203125,368.70733642578125,356.5904846191406,244.5013427734375
599,player,125,1,383.0718078613281,435.48779296875,373.54705810546875,487.5606994628906
599,ball,-1,-1,220.85015869140625,523.6392822265625,973.255126953125,435.923583984375
600,player,124,0,256.5030517578125,494.04541015625,245.9029541015625,636.75244140625
600,player,83,1,825.5322265625,482.1026916503906,679.0947265625,721.1203002929688
600,player,116,1,1082.78076171875,383.8002624511719,997.2115478515625,535.1259765625
600,player,125,1,373.1273193359375,434.87109375,366.40118408203125,485.154541015625
600,player,97,1,306.8895568847656,544.6116943359375,282.3257141113281,741.3756103515625
600,player,126,1,339.627685546875,374.2833251953125,353.71942138671875,249.77218627929688
600,ball,-1,-1,370.05413818359375,330.62640380859375,973.255126953125,435.923583984375
601,player,83,1,825.212890625,482.8819580078125,677.5889282226562,723.287109375
601,player,124,0,248.95111083984375,494.95440673828125,243.51614379882812,629.1759033203125
601,player,116,1,1083.95263671875,385.0047607421875,1001.0927734375,533.4761962890625
601,player,125,1,366.8707580566406,435.298583984375,359.8786926269531,483.4356689453125
601,player,97,1,292.35443115234375,535.9759521484375,275.785400390625,734.4891967773438
602,player,83,1,823.7158203125,484.8021545410156,675.615478515625,726.130859375
602,player,124,0,259.41046142578125,537.057373046875,242.4176025390625,659.766357421875
602,player,116,1,1083.8388671875,392.52490234375,998.9851684570312,540.6505126953125
602,player,133,-1,328.020751953125,345.9345703125,349.7934875488281,135.87216186523438
602,player,97,1,284.8790283203125,542.8682861328125,269.283935546875,734.6321411132812
602,player,125,1,360.2873229980469,437.78955078125,353.4031066894531,484.3348388671875
602,player,126,1,327.1500244140625,420.038330078125,341.80877685546875,309.53729248046875
602,ball,-1,-1,201.82916259765625,524.2637329101562,973.255126953125,435.923583984375
603,player,83,1,823.306884765625,484.7227783203125,674.2525024414062,727.880126953125
603,player,125,1,358.43353271484375,441.046630859375,348.24560546875,488.1821594238281
603,player,97,1,288.2589111328125,542.506591796875,265.9000244140625,734.7198486328125
603,player,124,0,256.341552734375,505.881591796875,242.58242797851562,654.239501953125
603,player,116,1,1081.091796875,390.59149169921875,997.960693359375,542.931640625
604,player,83,1,822.4483642578125,484.81341552734375,673.1170043945312,729.0177612304688
604,player,125,1,357.0151062011719,439.364501953125,344.6954345703125,488.77203369140625
604,player,124,0,254.54200744628906,532.664794921875,240.83303833007812,672.2777709960938
604,player,116,1,1082.5372314453125,392.2587890625,996.7210693359375,546.375
604,player,97,1,272.4166259765625,539.5082397460938,260.0193176269531,731.2694091796875
604,ball,-1,-1,186.39920043945312,522.7946166992188,973.255126953125,435.923583984375
605,player,83,1,823.32763671875,484.8280029296875,672.6006469726562,729.84375
605,player,125,1,352.28997802734375,438.83807373046875,341.08758544921875,488.13836669921875
605,player,116,1,1084.568603515625,392.2894287109375,996.5031127929688,548.8548583984375
605,player,124,0,253.58538818359375,526.7557983398438,239.75375366210938,679.283935546875
605,player,97,1,284.279296875,537.0956420898438,259.23760986328125,728.1326904296875
606,player,83,1,826.517822265625,483.96746826171875,673.3590087890625,729.9530029296875
606,player,125,1,350.003662109375,434.8624267578125,338.56982421875,483.2514343261719
606,player,124,0,253.57980346679688,536.7572021484375,238.55613708496094,691.6423950195312
606,player,116,1,1085.105224609375,390.67047119140625,997.501220703125,548.76416015625
606,player,135,-1,1099.080322265625,390.09637451171875,1012.3109130859375,550.9248046875
606,player,134,-1,226.5848388671875,498.013916015625,221.8643798828125,617.2869262695312
606,player,128,-1,272.0345153808594,538.0419311523438,259.6455078125,732.7533569335938
607,player,83,1,829.04931640625,483.429443359375,674.6759033203125,729.8017578125
607,player,125,1,349.1002502441406,433.3651123046875,336.85516357421875,478.3673400878906
607,player,124,0,251.97061157226562,538.1261596679688,237.31698608398438,700.5963134765625
607,player,116,1,1087.40380859375,390.1370544433594,999.1629638671875,548.3607177734375
607,player,128,1,272.156982421875,539.648193359375,255.88275146484375,730.0767211914062
608,player,83,1,828.8912353515625,480.2845458984375,676.501220703125,727.1152954101562
608,player,125,1,346.676025390625,431.69927978515625,335.2369384765625,473.140625
608,player,128,1,256.76763916015625,540.0863037109375,249.6572265625,727.4521484375
608,player,116,1,1091.725830078125,393.175048828125,999.68896484375,551.8350219726562
608,player,134,-1,231.14462280273438,504.14215087890625,222.7857666015625,623.0028076171875
609,player,83,1,829.7117309570312,477.7122497558594,678.73583984375,723.3128662109375
609,player,125,1,339.880126953125,431.9220275878906,332.16455078125,469.31378173828125
609,player,97,1,275.98260498046875,539.4019775390625,256.5652770996094,727.189208984375
609,player,116,1,1092.01611328125,392.1461181640625,1000.7410278320312,553.0131225585938
609,player,124,0,252.41134643554688,538.8682861328125,236.58395385742188,707.01806640625
609,player,134,-1,221.47447204589844,500.40380859375,221.02505493164062,622.6549682617188
610,player,83,1,829.6849365234375,483.1943054199219,678.4099731445312,725.348388671875
610,player,125,1,338.59124755859375,434.4709777832031,329.48797607421875,469.470703125
610,player,116,1,1092.744873046875,391.1009216308594,1002.2789916992188,552.7216186523438
610,player,124,0,253.67344665527344,540.1318359375,236.35531616210938,712.25390625
611,player,83,1,829.45849609375,481.9578857421875,678.5361938476562,725.642578125
611,player,116,1,1096.530517578125,390.6553039550781,1004.683349609375,552.4378051757812
611,player,124,0,254.47804260253906,540.2215576171875,236.3988037109375,715.7889404296875
611,player,125,1,332.949951171875,438.73333740234375,325.61676025390625,473.5977783203125
611,player,126,1,318.7132568359375,369.3553466796875,337.8841247558594,282.7156677246094
612,player,83,1,828.6026611328125,481.5155029296875,678.5391235351562,725.3983154296875
612,player,116,1,1099.824951171875,394.0921630859375,1005.1297607421875,556.2974243164062
612,player,126,1,314.9125671386719,356.3495178222656,335.8923645019531,245.783447265625
612,player,125,1,320.7587890625,440.0867919921875,319.423828125,476.53411865234375
612,player,124,0,259.5006103515625,539.2023315429688,237.70452880859375,717.7095947265625
612,ball,-1,-1,837.8970947265625,349.22845458984375,963.0095825195312,427.10546875
613,player,116,1,1103.879150390625,394.5857849121094,1006.3232421875,559.7472534179688
613,player,83,1,828.2596435546875,482.68719482421875,678.0765380859375,726.1687622070312
613,player,124,0,249.41375732421875,538.2144775390625,236.13284301757812,717.404541015625
613,player,125,1,313.183837890625,440.5487060546875,313.1600646972656,478.197265625
613,player,134,-1,221.23504638671875,501.10601806640625,219.7896270751953,623.0201416015625
613,ball,-1,-1,837.765380859375,347.3974914550781,953.8043212890625,418.4095153808594
614,player,116,1,1102.7384033203125,396.918212890625,1005.3499145507812,564.3518676757812
614,player,83,1,826.0403442382812,482.1436767578125,677.3764038085938,726.0357666015625
614,player,124,0,251.21609497070312,541.9222412109375,235.37771606445312,720.1671142578125
614,player,125,1,297.90338134765625,443.06597900390625,304.43536376953125,480.4637145996094
614,ball,-1,-1,837.7315673828125,345.9259338378906,945.5196533203125,409.93890380859375
615,player,116,1,1103.916015625,393.15740966796875,1007.3486938476562,563.4573974609375
615,player,83,1,824.5137939453125,480.3246765136719,677.1087646484375,724.3250732421875
615,player,128,1,259.6661682128906,542.855712890625,246.178955078125,728.0670776367188
615,player,125,1,297.48138427734375,443.3660888671875,298.615234375,482.212890625
615,player,134,-1,207.15988159179688,502.0841064453125,215.27737426757812,622.9031372070312
615,ball,-1,-1,837.4984130859375,342.25494384765625,938.3511352539062,400.9546203613281
616,player,116,1,1106.800048828125,385.8559875488281,1014.0528564453125,555.2198486328125
616,player,83,1,824.3302001953125,480.938720703125,676.6903076171875,723.7027587890625
616,player,125,1,291.163818359375,443.8360595703125,292.97113037109375,483.2349853515625
616,player,124,0,246.546630859375,544.0463256835938,233.65408325195312,723.1953735351562
616,player,134,-1,215.3810577392578,508.06463623046875,214.2655487060547,628.6710205078125
616,player,132,-1,294.82940673828125,444.6295471191406,285.3001708984375,488.53057861328125
616,ball,-1,-1,836.6544189453125,339.99554443359375,931.9844970703125,391.9265441894531
617,player,83,1,824.2977294921875,480.7081298828125,676.4838256835938,723.1057739257812
617,player,116,1,1107.1181640625,389.0736999511719,1016.4852294921875,553.4315795898438
617,player,125,1,287.5922546386719,443.917724609375,288.2672119140625,483.640380859375
617,player,134,-1,215.7330322265625,526.0645751953125,213.05197143554688,647.3096923828125
617,ball,-1,-1,836.7161865234375,336.4166259765625,926.603515625,382.43524169921875
618,player,83,1,822.260009765625,481.05181884765625,675.7117919921875,722.8258666992188
618,player,125,1,289.02581787109375,441.9573974609375,285.79290771484375,481.9669494628906
618,player,116,1,1108.623046875,394.1774597167969,1015.3607788085938,557.9320068359375
618,player,134,0,202.86326599121094,502.6375732421875,209.7592010498047,638.804931640625
618,player,97,1,235.709228515625,544.7960815429688,244.76364135742188,727.4718017578125
618,player,132,-1,299.95623779296875,442.47027587890625,286.9732666015625,486.74932861328125
618,ball,-1,-1,836.9534301757812,335.47393798828125,921.797119140625,373.3938903808594
619,player,83,1,820.27880859375,480.29266357421875,674.938720703125,721.8489990234375
619,player,116,1,1108.767333984375,385.9175720214844,1019.8151245117188,551.9011840820312
619,player,125,1,288.6636047363281,441.77398681640625,284.0959167480469,480.6490783691406
619,player,97,1,236.3489990234375,544.1736450195312,237.27322387695312,727.2379760742188
619,player,134,0,199.6612548828125,489.472900390625,207.19570922851562,621.2922973632812
619,ball,-1,-1,837.7164306640625,332.8276062011719,917.7908935546875,364.2028503417969
620,player,83,1,816.9697265625,480.79632568359375,673.4178466796875,721.3453979492188
620,player,116,1,1111.634033203125,396.3382263183594,1017.0980224609375,559.5400390625
620,player,125,1,286.4676513671875,441.23590087890625,282.4044189453125,479.00604248046875
620,player,134,0,192.05172729492188,491.18408203125,203.45054626464844,610.794921875
620,player,97,1,232.25106811523438,543.8875122070312,231.4202423095703,726.5484008789062
620,ball,-1,-1,838.1183471679688,332.2914733886719,914.2095947265625,355.5758361816406
621,player,83,1,816.7320556640625,479.89111328125,672.6551513671875,720.250732421875
621,player,125,1,277.50531005859375,441.9339599609375,278.6539306640625,477.8109130859375
621,player,116,1,1115.7962646484375,398.6044006347656,1015.183349609375,567.3114013671875
621,player,128,1,205.72647094726562,532.0443115234375,231.10678100585938,715.8543701171875
621,ball,-1,-1,838.0875244140625,328.26898193359375,911.4633178710938,346.25390625
622,player,83,1,816.1903076171875,480.14837646484375,671.93701171875,719.7052001953125
622,player,125,1,276.1759948730469,439.9786071777344,275.98919677734375,474.8133544921875
622,player,116,1,1117.8233642578125,396.75457763671875,1015.6607055664062,570.62353515625
622,player,134,0,192.69073486328125,485.0732727050781,201.3626708984375,598.4318237304688
622,player,97,1,250.82296752929688,544.8291015625,232.0834197998047,728.2656860351562
622,player,126,1,277.55224609375,359.3311767578125,321.3799743652344,221.7660675048828
622,ball,-1,-1,836.1483154296875,313.54473876953125,910.88623046875,332.32000732421875
623,player,83,1,816.3389892578125,477.8734130859375,672.234130859375,717.4771728515625
623,player,125,1,273.2149963378906,440.9565734863281,273.3200988769531,473.6246032714844
623,player,128,1,198.2578125,487.3819274902344,220.76303100585938,669.3405151367188
623,player,116,1,1120.519775390625,389.9791259765625,1020.9739379882812,565.8097534179688
623,player,126,1,279.4351806640625,362.1296691894531,312.27099609375,210.5530548095703
623,player,97,1,246.82101440429688,542.7227783203125,231.63897705078125,727.48486328125
623,ball,-1,-1,831.683837890625,314.90673828125,909.78662109375,319.8748474121094
624,player,83,1,816.6168212890625,475.8362731933594,673.1544189453125,714.3512573242188
624,player,134,0,190.6453094482422,485.82232666015625,199.43429565429688,590.9069213867188
624,player,116,1,1121.3262939453125,391.21710205078125,1023.890625,564.1012573242188
624,player,132,-1,272.9017028808594,439.62933349609375,280.4737548828125,479.92816162109375
624,player,126,1,278.1270446777344,360.48419189453125,306.09136962890625,200.66122436523438
624,ball,-1,-1,834.66552734375,325.91717529296875,907.4466552734375,312.4892272949219
625,player,83,1,816.78466796875,475.317626953125,673.9639282226562,711.8988037109375
625,player,116,1,1123.18359375,395.90069580078125,1023.4267578125,568.1785888671875
625,player,126,1,276.80426025390625,357.712158203125,301.9374084472656,189.90737915039062
625,player,134,0,191.75059509277344,480.2997131347656,198.63760375976562,580.9642333984375
625,player,124,0,235.14358520507812,439.41253662109375,234.84158325195312,629.6879272460938
625,player,97,1,233.30557250976562,539.2769775390625,228.19876098632812,723.2923583984375
625,player,132,-1,270.4170837402344,438.44964599609375,275.6190490722656,473.9788818359375
625,player,128,1,218.99288940429688,534.368896484375,217.7950439453125,680.5689086914062
626,player,83,1,817.1209716796875,475.50946044921875,674.51611328125,710.494873046875
626,player,116,1,1125.594482421875,394.45989990234375,1024.7296142578125,569.5469360351562
626,player,134,0,191.91915893554688,479.7509765625,198.18157958984375,573.9994506835938
626,player,126,1,276.1311950683594,359.2998046875,298.82550048828125,185.22885131835938
626,player,124,0,227.36416625976562,443.12249755859375,233.14610290527344,572.1500854492188
626,player,97,1,232.8079833984375,537.0841064453125,225.9290771484375,718.8449096679688
626,player,132,-1,267.2018737792969,436.70989990234375,271.66015625,467.90789794921875
627,player,116,1,1128.19189453125,388.91668701171875,1029.836181640625,564.7479858398438
627,player,83,1,817.1802978515625,475.92584228515625,674.756103515625,709.9366455078125
627,player,126,1,272.5376281738281,363.5522766113281,295.1054382324219,188.0860595703125
627,player,97,1,232.84912109375,537.6924438476562,224.4393310546875,716.4253540039062
627,player,134,0,188.4556427001953,482.19024658203125,196.87738037109375,571.4541015625
627,player,124,0,221.74935913085938,447.7309265136719,230.18853759765625,539.1068115234375
627,player,128,1,203.61814880371094,516.74267578125,212.59378051757812,672.453125
628,player,83,1,817.6006469726562,475.04876708984375,675.3055419921875,708.8741455078125
628,player,116,1,1129.29345703125,386.02288818359375,1035.3408203125,558.58154296875
628,player,126,1,272.8267822265625,360.27716064453125,293.1434326171875,185.11351013183594
628,player,97,1,235.72982788085938,539.2855834960938,224.11215209960938,716.3026123046875
628,player,134,0,184.567138671875,480.72552490234375,195.015625,568.0765380859375
628,player,132,-1,256.96075439453125,428.11669921875,266.713623046875,453.4141845703125
629,player,83,1,818.0581665039062,476.9361572265625,675.1727905273438,709.8041381835938
629,player,116,1,1131.221923828125,385.10760498046875,1040.091796875,553.7664794921875
629,player,97,1,236.23275756835938,541.9117431640625,223.9141845703125,718.2611083984375
629,player,126,1,271.11029052734375,354.3358154296875,291.9353332519531,173.9621124267578
629,player,134,0,183.61322021484375,483.593994140625,193.47467041015625,568.483154296875
630,player,83,1,818.1339721679688,474.900390625,675.76416015625,708.7095947265625
630,player,126,1,271.95074462890625,360.40216064453125,290.7693176269531,176.0149688720703
630,player,116,1,1133.8465576171875,386.64013671875,1042.977783203125,552.5929565429688
630,player,97,1,234.01832580566406,543.2981567382812,223.1899871826172,720.4080200195312
630,player,134,0,183.82765197753906,482.8133544921875,192.550537109375,568.0379638671875
630,player,124,0,217.681884765625,459.115966796875,226.57354736328125,529.0003051757812
631,player,83,1,818.0311279296875,477.37890625,675.3214111328125,710.0641479492188
631,player,126,1,272.9686279296875,359.7417907714844,290.43255615234375,176.48236083984375
631,player,97,1,233.86032104492188,544.0822143554688,222.6494903564453,722.382080078125
631,player,116,1,1138.05908203125,379.77703857421875,1050.634765625,544.6531982421875
631,player,134,0,188.61473083496094,484.12286376953125,193.20721435546875,569.3959350585938
632,player,83,1,817.8740234375,479.64971923828125,674.265869140625,712.81640625
632,player,116,1,1139.1077880859375,381.31024169921875,1054.91015625,541.3222045898438
632,player,126,1,268.6824645996094,357.0306701660156,289.0366516113281,172.17672729492188
632,player,97,1,229.24655151367188,544.2827758789062,221.16941833496094,723.45361328125
632,player,134,0,188.13568115234375,480.5699462890625,193.60189819335938,566.9122314453125
633,player,83,1,818.93359375,481.18902587890625,673.3648071289062,715.9656982421875
633,player,126,1,266.1853942871094,351.43682861328125,287.87127685546875,160.46009826660156
633,player,116,1,1143.1551513671875,382.435302734375,1058.169921875,540.83544921875
633,player,97,1,225.3873748779297,543.0042724609375,219.31655883789062,722.8812866210938
633,player,135,-1,1117.9732666015625,377.83538818359375,1025.85693359375,539.2454223632812
633,player,134,0,190.74679565429688,545.2658081054688,192.90057373046875,620.11328125
634,player,83,1,817.6357421875,480.93182373046875,672.5244750976562,717.68994140625
634,player,126,1,268.4603271484375,345.94775390625,288.52630615234375,144.45523071289062
634,player,116,1,1145.8004150390625,385.4757080078125,1059.0814208984375,544.1520385742188
634,player,97,1,221.15884399414062,545.1880493164062,217.00596618652344,723.8240966796875
634,player,134,0,199.0057373046875,545.9928588867188,194.43344116210938,655.8917846679688
635,player,116,1,1147.83837890625,385.33343505859375,1060.380615234375,546.3634033203125
635,player,83,1,816.99951171875,478.447265625,672.6044311523438,716.7013549804688
635,player,97,1,218.39244079589844,544.9765014648438,214.83969116210938,724.060546875
635,player,126,1,268.8450927734375,350.8984375,288.5289611816406,141.92767333984375
635,player,125,1,252.97052001953125,345.23516845703125,273.6554260253906,344.9299011230469
635,player,134,0,189.29547119140625,501.614013671875,194.1451416015625,642.3290405273438
635,ball,-1,-1,249.97183227539062,458.64251708984375,907.4466552734375,312.4892272949219
636,player,116,1,1148.82275390625,384.61083984375,1061.9979248046875,547.109375
636,player,83,1,813.2897338867188,474.165283203125,673.063232421875,712.1527709960938
636,player,134,0,191.23379516601562,470.6263122558594,195.3447265625,605.0729370117188
636,player,97,1,216.7549285888672,547.0235595703125,212.96621704101562,725.62255859375
636,player,125,1,249.19607543945312,347.5202331542969,272.3096923828125,264.4688720703125
636,player,126,1,261.7339172363281,352.6588134765625,285.8565368652344,142.15370178222656
637,player,116,1,1150.94384765625,385.106689453125,1063.3604736328125,548.3595581054688
637,player,83,1,814.4395751953125,473.83489990234375,673.7698974609375,709.0172729492188
637,player,97,1,212.74136352539062,547.7601928710938,210.75357055664062,726.874755859375
637,player,126,1,270.8154602050781,356.41802978515625,286.8655090332031,149.189208984375
637,player,125,1,247.71347045898438,358.0910949707031,269.9189758300781,228.44406127929688
637,player,134,0,189.13946533203125,467.6528015136719,195.6329345703125,577.748291015625
638,player,83,1,816.8424072265625,472.63946533203125,675.2488403320312,706.1768798828125
638,player,134,0,190.3892822265625,494.8040771484375,195.39344787597656,585.60595703125
638,player,116,1,1152.4847412109375,383.470703125,1065.79541015625,547.53173828125
638,player,125,1,247.4267578125,358.34014892578125,268.2433776855469,205.37158203125
638,player,97,1,216.3707275390625,548.0298461914062,210.1842498779297,728.173583984375
638,player,126,1,271.250732421875,356.89605712890625,287.6187744140625,154.54232788085938
639,player,83,1,818.8076171875,472.18768310546875,676.8746337890625,704.1188354492188
639,player,134,0,198.82830810546875,483.1927490234375,197.83645629882812,580.8596801757812
639,player,116,1,1145.9814453125,384.53265380859375,1064.712646484375,547.4869995117188
639,player,125,1,248.93673706054688,353.29144287109375,268.1468200683594,182.80641174316406
639,player,97,1,217.24127197265625,548.6619873046875,210.00372314453125,729.556884765625
639,player,128,1,193.7735595703125,548.938720703125,205.8926544189453,691.7135009765625
640,player,83,1,819.8831176757812,472.69427490234375,678.0482177734375,703.304443359375
640,player,116,1,1154.836669921875,385.3854064941406,1066.11181640625,549.3148193359375
640,player,134,0,195.74380493164062,544.134521484375,196.89633178710938,628.715576171875
640,player,125,1,247.96714782714844,353.3331604003906,267.7421875,168.08506774902344
640,player,128,1,216.09088134765625,546.1800537109375,207.0175018310547,703.912841796875
641,player,83,1,821.0087890625,472.3847351074219,679.2084350585938,702.6109619140625
641,player,124,0,193.23834228515625,470.34918212890625,216.98501586914062,531.32275390625
641,player,116,1,1156.16015625,385.598388671875,1067.2783203125,550.873291015625
641,player,134,0,188.6820068359375,545.1513061523438,194.5423583984375,660.036376953125
642,player,124,0,200.56300354003906,477.85296630859375,212.5174560546875,540.7151489257812
642,player,83,1,822.7274169921875,472.4892578125,680.3800048828125,702.398681640625
642,player,134,0,187.6290283203125,546.3607177734375,192.72970581054688,681.22607421875
642,player,116,1,1155.9871826171875,386.00994873046875,1067.7122802734375,552.318115234375
643,player,83,1,823.7796630859375,473.57598876953125,681.060546875,703.2710571289062
643,player,124,0,204.06390380859375,477.2828369140625,210.5868377685547,546.5950317382812
643,player,116,1,1155.9619140625,382.27984619140625,1070.470947265625,549.1502685546875
643,player,128,1,189.3062744140625,544.02392578125,201.29843139648438,708.1088256835938
643,player,125,1,242.21002197265625,342.48583984375,266.46490478515625,140.51174926757812
644,player,83,1,825.4361572265625,474.330322265625,681.689453125,704.6175537109375
644,player,124,0,205.58322143554688,475.25970458984375,209.81956481933594,548.6268310546875
644,player,126,1,253.98074340820312,356.83624267578125,282.151611328125,155.83929443359375
644,player,128,1,185.4361114501953,542.391357421875,196.67239379882812,709.2865600585938
644,player,116,1,1154.79296875,382.71246337890625,1071.62060546875,547.4483032226562
645,player,83,1,829.3907470703125,474.1549987792969,683.19189453125,705.6887817382812
645,player,124,0,209.48504638671875,473.74517822265625,210.44595336914062,548.850341796875
645,player,126,1,250.98825073242188,360.3711853027344,277.2315673828125,161.67507934570312
645,player,116,1,1141.376708984375,381.18341064453125,1069.323974609375,543.2354736328125
645,player,128,1,176.18243408203125,542.6634521484375,191.39862060546875,709.528076171875
645,player,134,0,185.66880798339844,542.77685546875,191.15138244628906,692.1256103515625
646,player,83,1,830.5568237304688,473.34564208984375,684.741943359375,705.8048706054688
646,player,124,0,211.30380249023438,472.22955322265625,211.4117431640625,547.7017822265625
646,player,134,0,190.31057739257812,542.5214233398438,191.26483154296875,699.38232421875
646,player,126,1,249.14022827148438,354.9010925292969,273.9080810546875,156.91897583007812
646,player,128,1,172.47727966308594,540.930908203125,187.0929718017578,708.0618896484375
647,player,83,1,833.7091064453125,473.1357116699219,686.646240234375,705.9776000976562
647,player,124,0,210.76202392578125,471.0855712890625,211.9359130859375,545.7990112304688
647,player,126,1,249.73178100585938,341.3023376464844,273.2803955078125,132.26742553710938
647,player,97,1,190.36880493164062,511.0811767578125,204.29940795898438,698.4471435546875
647,player,128,1,176.8207244873047,538.8334350585938,185.396728515625,705.8348388671875
647,player,116,1,1142.27587890625,366.60369873046875,1078.1173095703125,523.789306640625
648,player,83,1,833.71044921875,473.133544921875,687.8850708007812,706.088134765625
648,player,124,0,210.76202392578125,471.0856018066406,212.276611328125,544.562255859375
648,player,126,1,249.73175048828125,341.3023376464844,272.87237548828125,116.24391174316406
648,player,97,1,190.3688201904297,511.08111572265625,200.59161376953125,678.2257690429688
648,player,128,1,176.8207244873047,538.8334350585938,184.29415893554688,704.3872680664062
648,player,116,1,1142.275634765625,366.6014709472656,1083.83447265625,511.1466064453125
649,player,83,1,835.4254150390625,473.94940185546875,688.8679809570312,706.9959106445312
649,player,124,0,214.29168701171875,474.360595703125,213.3350830078125,547.2350463867188
649,player,126,1,251.16810607910156,350.656982421875,272.1888427734375,121.03280639648438
649,player,128,1,177.3831787109375,540.3743286132812,183.68771362304688,704.6813354492188
649,player,116,1,1142.8807373046875,374.18701171875,1082.450439453125,511.864501953125
649,ball,-1,-1,138.26878356933594,326.4266357421875,907.4466552734375,312.4892272949219
650,player,83,1,836.5264892578125,472.44134521484375,690.2997436523438,706.4110107421875
650,player,124,0,213.54556274414062,473.15826416015625,213.86776733398438,547.7508544921875
650,player,126,1,253.58395385742188,356.28399658203125,272.0385437011719,133.16603088378906
650,player,128,1,176.14283752441406,538.9142456054688,183.01516723632812,703.64599609375
650,player,116,1,1143.356201171875,370.88482666015625,1083.979736328125,508.5563049316406
651,player,83,1,840.1165161132812,470.43817138671875,692.8505859375,704.646728515625
651,player,124,0,215.12167358398438,471.76434326171875,214.704345703125,546.8860473632812
651,player,126,1,245.54559326171875,341.18170166015625,270.57659912109375,116.09843444824219
651,player,116,1,1144.0037841796875,375.97802734375,1081.6649169921875,512.353271484375
651,player,97,1,194.96109008789062,521.0110473632812,199.09234619140625,673.7269287109375
652,player,83,1,840.923828125,468.60296630859375,695.346923828125,702.005615234375
652,player,124,0,214.2628936767578,471.2540283203125,215.03309631347656,545.751953125
652,player,128,1,178.64736938476562,536.4552612304688,183.2401580810547,701.261962890625
652,player,126,1,250.01219177246094,338.79632568359375,271.469970703125,101.63089752197266
652,player,116,1,1144.05029296875,361.0638427734375,1090.670654296875,497.2491149902344
653,player,83,1,838.5152587890625,471.8990173339844,695.2158813476562,702.8822021484375
653,player,124,0,209.87789916992188,473.1422119140625,213.96591186523438,546.4376831054688
653,player,126,1,251.00210571289062,344.3193359375,271.8458251953125,101.40834045410156
653,player,134,0,141.07577514648438,443.13604736328125,179.7436065673828,609.045654296875
653,player,128,1,195.0509033203125,535.949951171875,187.446044921875,700.6315307617188
654,player,83,1,839.6082763671875,471.552978515625,695.5347900390625,703.2544555664062
654,player,124,0,208.80599975585938,475.2830810546875,212.89617919921875,548.8389282226562
654,player,134,0,145.5935821533203,441.81646728515625,173.58236694335938,549.326416015625
654,player,126,1,253.44676208496094,339.0376892089844,273.5073547363281,92.92176055908203
655,player,83,1,839.1383666992188,470.6593017578125,695.9207153320312,702.6973876953125
655,player,124,0,206.93492126464844,476.16864013671875,211.65643310546875,551.0751953125
655,player,134,0,139.26185607910156,440.20941162109375,167.73391723632812,508.1180419921875
655,player,116,1,1151.179931640625,377.50555419921875,1087.16943359375,507.502197265625
655,player,125,1,239.57864379882812,338.5757141113281,265.05535888671875,115.79754638671875
656,player,124,0,205.73489379882812,476.3882751464844,210.5150146484375,552.62939453125
656,player,83,1,840.3060302734375,469.03997802734375,697.030029296875,701.0579833984375
656,player,134,0,130.5060272216797,441.6444396972656,161.36448669433594,482.0521545410156
656,player,116,1,1154.5867919921875,377.1248779296875,1086.1949462890625,514.096435546875
656,player,125,1,244.095703125,337.2421569824219,265.8995056152344,98.0836181640625
657,player,124,0,206.35707092285156,473.01568603515625,210.06765747070312,550.4656982421875
657,player,97,1,184.45877075195312,541.514892578125,195.01788330078125,686.1901245117188
657,player,83,1,833.8062744140625,470.5578918457031,695.5222778320312,700.7171020507812
657,player,125,1,235.45599365234375,333.10357666015625,263.697509765625,78.43939208984375
657,player,116,1,1153.1485595703125,379.6907958984375,1083.3760986328125,521.1235961914062
657,player,136,-1,818.916259765625,472.07861328125,680.077880859375,700.0593872070312
657,player,134,0,130.2482147216797,439.51763916015625,157.1475067138672,462.7343444824219
658,player,124,0,207.23414611816406,473.52166748046875,209.99862670898438,549.6261596679688
658,player,83,1,832.369384765625,470.62432861328125,694.1412963867188,700.4263305664062
658,player,97,1,178.04830932617188,542.08935546875,190.78973388671875,694.2236328125
658,player,125,1,233.238037109375,335.3907470703125,261.2492370605469,69.28026580810547
658,player,136,-1,819.6961669921875,472.83056640625,680.0365600585938,700.7649536132812
659,player,124,0,204.18072509765625,469.62347412109375,209.25790405273438,545.02490234375
659,player,97,1,166.16258239746094,547.0936279296875,185.0649871826172,702.316162109375
659,player,136,-1,818.537109375,468.9482727050781,680.9827880859375,697.8119506835938
659,player,116,1,1150.583984375,374.89886474609375,1084.03173828125,519.989013671875
659,player,125,1,231.38088989257812,349.42034912109375,257.7916259765625,86.10476684570312
660,player,124,0,205.22396850585938,466.8878173828125,209.16668701171875,539.4471435546875
660,player,116,1,1151.840576171875,373.1388854980469,1086.0621337890625,517.3634033203125
660,player,97,1,162.77572631835938,547.1077270507812,180.52114868164062,707.321044921875
660,player,136,-1,820.1690673828125,468.02069091796875,682.3380737304688,695.2384643554688
660,player,125,1,228.80113220214844,348.153564453125,254.73703002929688,94.70266723632812
660,player,126,1,222.8395538330078,342.47100830078125,263.28033447265625,89.17810821533203
661,player,116,1,1154.8115234375,375.91168212890625,1086.377197265625,519.1516723632812
661,player,124,0,201.06170654296875,471.25213623046875,207.79852294921875,539.708251953125
661,player,83,1,830.5045166015625,466.51361083984375,694.1387939453125,696.5490112304688
661,player,97,1,159.30653381347656,546.6656494140625,176.72967529296875,709.967041015625
662,player,124,0,202.27496337890625,470.66302490234375,207.2643585205078,539.41650390625
662,player,83,1,831.86962890625,467.03863525390625,694.3209228515625,694.6022338867188
662,player,116,1,1157.516845703125,375.7606201171875,1087.51513671875,520.4296875
662,player,134,0,133.5508270263672,547.3167114257812,155.2692413330078,549.4552001953125
662,player,97,1,141.65042114257812,547.9884643554688,169.96490478515625,711.3023071289062
662,player,125,1,225.90652465820312,336.0057678222656,252.70469665527344,79.9454345703125
663,player,83,1,829.1328735351562,468.21783447265625,693.3153076171875,694.1104736328125
663,player,116,1,1158.822265625,372.931396484375,1090.622802734375,518.158447265625
663,player,128,1,211.330810546875,468.18804931640625,196.63125610351562,642.4317626953125
663,player,97,1,141.08108520507812,547.8997192382812,165.42984008789062,712.058349609375
663,player,125,1,222.56658935546875,326.88873291015625,250.91250610351562,54.12922668457031
664,player,124,0,200.76040649414062,466.4111328125,206.64840698242188,534.9190673828125
664,player,83,1,827.9327392578125,468.2880859375,692.3203125,693.74560546875
664,player,116,1,1156.765625,377.0421142578125,1089.1624755859375,521.16015625
664,player,97,1,143.39279174804688,549.2952270507812,163.03713989257812,713.7855834960938
664,player,137,-1,989.3081665039062,311.7471923828125,1065.1981201171875,220.5850372314453
665,player,116,1,1157.338623046875,380.6212158203125,1085.948486328125,527.1967163085938
665,player,83,1,825.804931640625,470.2733154296875,690.44677734375,695.0211791992188
665,player,124,0,200.00466918945312,463.74609375,206.1314697265625,529.279052734375
665,player,97,1,137.54563903808594,547.6043701171875,160.0685272216797,713.1708984375
665,player,125,1,224.11227416992188,333.2637939453125,249.79010009765625,48.66592788696289
665,player,137,-1,990.729736328125,312.85302734375,1064.840576171875,222.5167694091797
666,player,83,1,827.593994140625,470.312255859375,689.6878662109375,696.0401611328125
666,player,116,1,1155.95556640625,377.1571960449219,1085.797607421875,527.0795288085938
666,player,124,0,202.39678955078125,463.530517578125,206.47140502929688,525.6203002929688
666,player,97,1,124.66738891601562,549.9334716796875,155.01300048828125,713.5244140625
666,player,125,1,223.26510620117188,332.9200744628906,248.77835083007812,44.41387939453125
667,player,124,0,204.31788635253906,462.071044921875,207.28390502929688,521.96044921875
667,player,83,1,829.9442138671875,469.41656494140625,690.1148071289062,696.1436767578125
667,player,116,1,1147.230712890625,376.7848815917969,1083.285400390625,525.655517578125
667,player,97,1,138.6058807373047,549.5386962890625,155.10520935058594,714.54736328125
667,player,125,1,223.7509765625,341.7833251953125,247.5869598388672,56.63208770751953
667,player,134,0,119.46148681640625,424.5582580566406,149.91006469726562,488.35382080078125
668,player,83,1,831.3492431640625,471.2193603515625,690.1583862304688,697.8703002929688
668,player,124,0,205.8634490966797,462.35260009765625,208.23403930664062,520.0079956054688
668,player,116,1,1147.354736328125,380.3642578125,1079.2694091796875,528.781982421875
668,player,97,1,141.22259521484375,548.97998046875,155.80133056640625,714.9956665039062
668,player,125,1,229.60208129882812,337.5185546875,249.2714385986328,58.226768493652344
669,player,83,1,832.2371826171875,470.89764404296875,690.5281982421875,698.796875
669,player,116,1,1152.1494140625,380.8167724609375,1077.81103515625,531.82421875
669,player,124,0,210.30421447753906,461.26129150390625,210.13894653320312,518.0582885742188
669,player,125,1,236.82034301757812,337.55499267578125,252.97689819335938,60.252174377441406
669,player,97,1,142.640869140625,548.01123046875,156.6019287109375,714.6658935546875
670,player,83,1,832.201171875,470.9278564453125,690.7490234375,699.421630859375
670,player,116,1,1151.758544921875,381.380859375,1076.365478515625,534.3897705078125
670,player,124,0,210.28536987304688,461.2862548828125,211.37083435058594,516.8143310546875
670,player,125,1,236.82188415527344,337.6041259765625,255.38150024414062,61.6512451171875
670,player,97,1,142.61117553710938,548.0236206054688,157.1150665283203,714.4586181640625
