frame,object_type,track_id,team_id,frame_x,frame_y,court_x,court_y
0,player,1,-1,650.7646484375,425.4381103515625,497.2654113769531,547.3391723632812
0,player,2,-1,546.4924926757812,520.5899047851562,349.17236328125,755.06884765625
0,player,3,-1,409.326171875,613.5382080078125,203.9312744140625,914.0081176757812
0,player,4,-1,428.1941833496094,359.60516357421875,322.8863220214844,274.16851806640625
0,player,5,-1,735.8850708007812,420.6638488769531,577.8259887695312,557.5787963867188
0,player,6,-1,440.22412109375,448.9095764160156,289.310302734375,553.7487182617188
0,player,8,-1,29.215072631835938,445.18035888671875,-116.13399505615234,424.150390625
0,player,9,-1,612.959716796875,330.8331298828125,538.1096801757812,237.3067169189453
0,player,10,-1,439.4914245605469,420.5177001953125,302.0603332519531,473.4275817871094
0,player,12,-1,537.8160400390625,511.22857666015625,346.4307556152344,732.254150390625
1,player,4,-1,427.23907470703125,359.92987060546875,322.4683837890625,274.4505615234375
1,player,3,-1,414.51959228515625,611.6693115234375,205.52731323242188,913.144287109375
1,player,2,-1,547.5242309570312,520.9093627929688,349.41912841796875,755.3948974609375
1,player,1,-1,648.5697631835938,425.07513427734375,496.6600036621094,546.78076171875
1,player,5,-1,737.4354248046875,407.318603515625,582.32666015625,544.8562622070312
1,player,9,-1,613.4783325195312,333.04656982421875,537.592529296875,240.17637634277344
1,player,6,-1,442.49908447265625,450.6959228515625,289.7667541503906,555.6571655273438
1,player,8,-1,27.86383628845215,445.9564208984375,-116.60330200195312,424.83770751953125
1,player,12,-1,523.0833740234375,452.4293212890625,352.52581787109375,680.843994140625
1,player,10,-1,433.9417724609375,361.32965087890625,311.1248779296875,406.50579833984375
2,player,4,-1,430.5115966796875,356.06988525390625,324.18536376953125,270.26580810546875
2,player,3,-1,416.24481201171875,601.1112670898438,208.10833740234375,905.8233032226562
2,player,5,-1,736.8296508789062,404.0492858886719,586.0646362304688,533.3017578125
2,player,2,-1,547.2584228515625,522.4984741210938,349.233642578125,756.8072509765625
2,player,6,-1,444.0576171875,439.03948974609375,292.47039794921875,545.8627319335938
2,player,1,-1,640.0033569335938,421.41717529296875,494.46856689453125,542.062744140625
2,player,9,-1,615.5899658203125,335.40679931640625,537.2734375,245.2746124267578
2,player,8,-1,26.935516357421875,445.79315185546875,-117.25383758544922,425.009765625
2,player,12,-1,523.4384155273438,490.85986328125,349.5869140625,681.1324462890625
3,player,3,-1,417.499267578125,595.8873291015625,210.67379760742188,897.688720703125
3,player,4,-1,433.1258544921875,355.2665710449219,326.4366455078125,266.8712158203125
3,player,2,-1,548.049560546875,524.2476196289062,349.048583984375,759.1246337890625
3,player,6,-1,450.32623291015625,436.51788330078125,296.72247314453125,537.6466064453125
3,player,11,-1,733.6975708007812,381.84051513671875,610.279296875,446.0452575683594
3,player,13,-1,517.889404296875,433.33758544921875,369.7288513183594,532.4003295898438
3,player,1,-1,636.6763916015625,423.1177978515625,491.5428466796875,540.319580078125
3,player,8,-1,25.226558685302734,445.77398681640625,-118.30355072021484,424.91754150390625
3,player,9,-1,617.6883544921875,337.4507751464844,537.177978515625,251.40115356445312
4,player,3,-1,419.4637451171875,612.3108520507812,211.18771362304688,903.27001953125
4,player,4,-1,435.7445068359375,356.45098876953125,328.62890625,266.4612731933594
4,player,2,-1,546.6370849609375,523.8422241210938,348.5860900878906,760.2125854492188
4,player,6,-1,468.0093994140625,437.0064697265625,305.2370910644531,534.514892578125
4,player,13,-1,516.660888671875,423.730712890625,371.264892578125,522.8323364257812
4,player,5,-1,732.2328491210938,404.685791015625,586.8292236328125,525.9653930664062
4,player,1,-1,628.867919921875,424.50128173828125,486.7896728515625,539.7662963867188
4,player,14,-1,296.01470947265625,312.431396484375,198.72921752929688,40.46657943725586
4,player,8,-1,22.907886505126953,445.22442626953125,-119.85576629638672,424.0179138183594
4,player,9,-1,620.5794677734375,335.39508056640625,538.8130493164062,253.17982482910156
4,ball,-1,-1,769.30078125,398.06048583984375,628.0741577148438,504.0733642578125
5,player,3,-1,422.176513671875,609.929443359375,212.50144958496094,905.5419311523438
5,player,2,-1,547.794677734375,523.6036987304688,348.66192626953125,760.8264770507812
5,player,4,-1,435.41168212890625,359.22906494140625,329.3622131347656,269.58319091796875
5,player,1,-1,623.6015625,425.8138427734375,481.68585205078125,540.1627197265625
5,player,14,-1,296.66339111328125,312.6946716308594,198.95919799804688,40.95561981201172
5,player,6,-1,474.19683837890625,440.383056640625,312.20367431640625,536.3501586914062
5,player,5,-1,729.7197875976562,402.63909912109375,587.149658203125,518.9129638671875
5,player,13,-1,511.72515869140625,424.75799560546875,370.42352294921875,517.1434326171875
5,player,8,-1,21.69662857055664,445.634521484375,-121.2943344116211,423.74365234375
5,ball,-1,-1,769.21240234375,397.920654296875,628.0781860351562,504.0394287109375
6,player,3,-1,423.21783447265625,610.4296875,213.5868682861328,907.4088745117188
6,player,2,-1,549.46142578125,523.4215087890625,349.22625732421875,761.2144775390625
6,player,4,-1,435.6180419921875,356.3682861328125,330.5006408691406,268.1058654785156
6,player,13,-1,507.6220703125,435.408935546875,366.42181396484375,523.4927978515625
6,player,14,-1,297.4627990722656,311.782958984375,199.5742950439453,40.03156280517578
6,player,1,-1,618.220947265625,424.63201904296875,476.93310546875,538.7591552734375
6,player,5,-1,732.0086669921875,415.0018615722656,584.3458862304688,526.6659545898438
6,player,8,-1,20.871416091918945,446.87835693359375,-122.48623657226562,424.81097412109375
6,player,6,-1,461.77001953125,450.41058349609375,310.95361328125,545.9017333984375
7,player,2,1,546.5189819335938,522.7991943359375,348.84246826171875,760.763427734375
7,player,4,1,436.60540771484375,356.69378662109375,331.53961181640625,267.67120361328125
7,player,14,-1,300.2503356933594,310.01019287109375,201.39547729492188,37.19068908691406
7,player,1,1,616.4451904296875,422.79852294921875,473.7236022949219,535.8959350585938
7,player,3,1,425.80133056640625,610.5763549804688,214.97869873046875,908.884765625
7,player,11,-1,726.5214233398438,379.06024169921875,608.82177734375,442.3353271484375
7,player,6,-1,479.6199645996094,451.738037109375,315.6800537109375,555.0316772460938
7,player,8,1,19.20517349243164,446.02789306640625,-123.9037857055664,424.41375732421875
7,player,13,-1,507.95928955078125,422.820556640625,366.41876220703125,515.2620239257812
7,player,15,-1,733.9630126953125,423.37908935546875,573.8319702148438,564.3843383789062
7,ball,-1,-1,769.1904296875,396.64215087890625,628.176025390625,503.71527099609375
8,player,14,-1,303.0587463378906,308.03936767578125,204.0469512939453,32.79648971557617
8,player,2,1,545.321533203125,523.660888671875,348.10009765625,761.037841796875
8,player,4,1,436.30224609375,355.944091796875,332.25701904296875,266.4216003417969
8,player,5,-1,722.4720458984375,415.9859313964844,579.22021484375,531.7319946289062
8,player,1,1,613.5835571289062,422.75787353515625,470.724853515625,533.716064453125
8,player,3,1,432.05206298828125,612.068359375,217.42172241210938,911.207275390625
8,player,6,-1,483.2479553222656,468.2071228027344,317.083251953125,576.3276977539062
8,player,13,-1,502.9854431152344,434.5465393066406,362.470458984375,520.9832153320312
8,player,8,1,18.927165985107422,448.227294921875,-124.84379577636719,426.4806213378906
8,ball,-1,-1,769.31201171875,395.8714599609375,628.332763671875,503.2430419921875
9,player,4,1,437.0696716308594,357.811279296875,332.6232604980469,268.01519775390625
9,player,14,-1,308.1628112792969,308.99749755859375,207.74302673339844,32.150848388671875
9,player,2,1,542.3961181640625,522.4982299804688,346.9606018066406,760.099365234375
9,player,11,-1,725.234619140625,398.50115966796875,601.2765502929688,459.9521484375
9,player,1,1,612.2066040039062,423.551025390625,468.13763427734375,532.936279296875
9,player,3,1,436.92059326171875,613.0283203125,220.2244110107422,913.645263671875
9,player,6,-1,483.3736572265625,460.41912841796875,319.3614807128906,583.158935546875
9,player,8,1,17.075180053710938,449.99273681640625,-126.06426239013672,429.50677490234375
9,player,16,-1,625.3289184570312,333.94110107421875,548.0921630859375,252.97776794433594
9,player,13,-1,499.65771484375,443.3118896484375,357.1582946777344,532.796875
9,ball,-1,-1,769.3618774414062,395.1061096191406,628.5382690429688,502.63385009765625
10,player,4,1,437.78839111328125,353.5957336425781,334.0004577636719,263.905029296875
10,player,14,-1,310.3027038574219,306.5427551269531,211.42266845703125,28.348302841186523
10,player,2,1,545.722900390625,521.2996215820312,347.3904724121094,758.8255004882812
10,player,11,-1,723.0145874023438,382.1977233886719,600.79345703125,454.33209228515625
10,player,3,1,439.91082763671875,603.4217529296875,223.89334106445312,909.22802734375
10,player,1,1,603.6002197265625,422.6817626953125,463.88824462890625,530.7423095703125
10,player,16,-1,625.3170776367188,327.12042236328125,550.3155517578125,244.32958984375
10,player,8,1,15.887454986572266,448.18377685546875,-127.36241912841797,429.4195861816406
10,player,6,-1,490.9364013671875,456.8811340332031,323.8690185546875,585.0584716796875
10,player,9,-1,614.2980346679688,407.653076171875,517.0498046875,335.01263427734375
11,player,4,1,441.2862548828125,350.010009765625,336.9549865722656,257.16839599609375
11,player,2,1,548.4892578125,521.8699340820312,348.37945556640625,758.64990234375
11,player,11,-1,719.5684814453125,379.8924560546875,600.0850830078125,447.86669921875
11,player,16,-1,626.4410400390625,325.7818603515625,552.6148681640625,237.13409423828125
11,player,6,-1,489.4547119140625,461.1312255859375,325.581787109375,590.0365600585938
11,player,9,-1,613.24365234375,420.0247802734375,499.44964599609375,400.43829345703125
11,player,1,1,615.54443359375,338.8326416015625,488.26971435546875,438.40484619140625
11,player,8,1,14.032912254333496,447.80072021484375,-128.9010009765625,428.7547607421875
11,player,3,1,446.4124755859375,597.4160766601562,228.72254943847656,902.8496704101562
11,player,14,0,315.49371337890625,301.4542236328125,216.8096923828125,18.897233963012695
12,player,2,1,549.931884765625,523.1987915039062,349.2170104980469,759.6655883789062
12,player,4,1,441.1604919433594,349.6457214355469,338.90594482421875,252.31358337402344
12,player,9,-1,606.7720947265625,418.32073974609375,486.33038330078125,440.65008544921875
12,player,11,-1,717.60693359375,382.7990417480469,598.0424194335938,446.53973388671875
12,player,16,-1,626.9366455078125,325.995361328125,554.2197875976562,232.79513549804688
12,player,1,1,613.107666015625,326.3274841308594,507.2196044921875,362.271240234375
12,player,8,1,11.958724975585938,447.77947998046875,-130.66253662109375,428.07763671875
12,player,3,1,450.5648193359375,602.8547973632812,232.38253784179688,902.5423583984375
12,player,6,-1,494.7977294921875,461.861572265625,328.2615661621094,594.4203491210938
13,player,2,1,549.9224853515625,523.2003173828125,349.7584228515625,760.3262329101562
13,player,4,1,441.125732421875,349.559326171875,340.1794738769531,249.04437255859375
13,player,9,-1,606.7572021484375,418.32623291015625,477.79669189453125,466.79168701171875
13,player,11,-1,717.4539794921875,382.9466247558594,596.6170654296875,445.8169860839844
13,player,16,-1,624.378662109375,325.72406005859375,554.4169311523438,229.29736328125
13,player,1,1,613.057373046875,326.0914306640625,519.5951538085938,312.4734802246094
13,player,8,1,12.03214168548584,447.80108642578125,-131.77972412109375,427.66851806640625
13,player,3,1,450.4545593261719,603.33740234375,234.67721557617188,902.6494140625
13,player,6,-1,494.6119689941406,461.86212158203125,329.9444580078125,597.25341796875
14,player,5,1,712.73388671875,406.00860595703125,575.7362060546875,524.3187866210938
14,player,3,1,454.4126281738281,612.2285766601562,236.24465942382812,908.69970703125
14,player,16,-1,633.3970947265625,324.95294189453125,558.1016845703125,227.1903533935547
14,player,9,-1,589.6044921875,416.67327880859375,467.05865478515625,480.4398193359375
14,player,12,-1,513.2814331054688,468.2672119140625,348.5423889160156,661.0281372070312
14,player,2,1,556.5316162109375,524.0022583007812,351.89208984375,761.8764038085938
14,player,6,-1,463.03643798828125,438.10223388671875,325.0025634765625,573.8402709960938
14,player,4,1,443.8952941894531,347.1629333496094,342.55816650390625,244.230712890625
15,player,3,1,454.270263671875,602.3674926757812,238.3355712890625,906.271240234375
15,player,5,1,713.6632080078125,392.5845947265625,577.8451538085938,506.02862548828125
15,player,9,-1,582.5956420898438,416.05810546875,457.9298095703125,487.99615478515625
15,player,6,-1,464.02874755859375,437.54449462890625,322.2142639160156,558.176025390625
15,player,12,-1,512.4843139648438,470.10205078125,347.2849426269531,649.5108642578125
15,player,2,1,557.6296997070312,523.99658203125,353.59820556640625,762.9639892578125
15,player,16,-1,635.088134765625,324.2423400878906,561.3547973632812,225.12313842773438
15,ball,-1,-1,696.0693359375,376.2671203613281,624.6337890625,495.8241271972656
16,player,3,1,455.94989013671875,579.4443359375,242.84083557128906,889.491455078125
16,player,5,1,711.253173828125,410.77935791015625,572.9593505859375,512.1683349609375
16,player,9,-1,580.924072265625,410.88275146484375,452.6787414550781,487.5269775390625
16,player,16,0,638.0008544921875,326.65875244140625,563.7163696289062,227.25411987304688
16,player,2,1,564.6460571289062,523.9649658203125,356.7443542480469,764.1849365234375
16,player,12,-1,518.5880737304688,466.341064453125,349.0565490722656,639.2379760742188
16,player,14,0,347.4679870605469,302.1669616699219,233.50645446777344,18.712772369384766
16,player,6,-1,466.9991455078125,410.54876708984375,326.3114929199219,521.0313720703125
17,player,6,-1,464.98406982421875,405.7344665527344,329.2025146484375,491.593505859375
17,player,3,1,464.5391845703125,589.6273193359375,246.9239501953125,886.0641479492188
17,player,5,1,708.9658813476562,414.82421875,567.8778686523438,519.8773803710938
17,player,16,0,640.3482666015625,322.80804443359375,567.4165649414062,223.99124145507812
17,player,9,-1,576.60302734375,403.09173583984375,449.70989990234375,478.7821044921875
17,player,2,1,569.3314208984375,524.8521728515625,359.98895263671875,766.0111083984375
18,player,5,1,708.8648681640625,408.911376953125,566.2656860351562,519.099609375
18,player,3,1,466.88311767578125,594.0680541992188,249.6888427734375,886.94677734375
18,player,9,-1,574.9769287109375,409.8131103515625,445.62384033203125,479.8441162109375
18,player,6,-1,459.32305908203125,403.59844970703125,329.54156494140625,469.5750427246094
18,player,16,0,641.6715087890625,321.0491943359375,570.910888671875,219.76229858398438
18,player,2,1,573.5257568359375,526.609375,362.9993896484375,768.84716796875
18,player,4,1,450.45947265625,339.8716125488281,348.1825866699219,232.56942749023438
18,player,12,-1,518.6907958984375,460.34136962890625,351.3473815917969,627.1952514648438
18,player,14,0,353.22900390625,303.86669921875,246.41961669921875,22.032617568969727
18,player,10,-1,440.8275451660156,396.43743896484375,312.7096862792969,404.489990234375
19,player,5,1,708.43310546875,396.0416259765625,568.9253540039062,505.64300537109375
19,player,3,1,465.3768310546875,599.471923828125,250.4330596923828,890.974365234375
19,player,16,0,641.6743774414062,318.4295959472656,574.0908203125,213.59642028808594
19,player,9,-1,573.8698120117188,403.2864990234375,444.16375732421875,473.7061767578125
19,player,2,1,578.004150390625,526.7462768554688,366.22052001953125,771.1339721679688
19,player,4,1,450.2057189941406,364.32183837890625,346.4542541503906,255.55136108398438
19,player,14,0,346.76507568359375,304.7372131347656,251.98428344726562,24.531631469726562
19,player,10,-1,437.397216796875,396.66229248046875,312.49774169921875,403.04949951171875
19,player,12,-1,521.92138671875,456.7919921875,354.52264404296875,616.4434814453125
20,player,3,1,469.5631103515625,591.72998046875,252.9857177734375,888.767578125
20,player,5,1,706.1136474609375,405.8701171875,566.9595947265625,506.5643005371094
20,player,16,0,641.0951538085938,315.89117431640625,576.8304443359375,206.17367553710938
20,player,2,1,580.73193359375,526.5435180664062,369.1343994140625,772.674560546875
20,player,4,1,450.72113037109375,362.16473388671875,345.9703063964844,267.94415283203125
20,player,6,-1,448.2756652832031,397.35968017578125,327.1103210449219,447.31341552734375
20,player,7,-1,578.5592041015625,509.2105712890625,381.7195129394531,736.9417114257812
20,player,14,0,346.291259765625,304.51068115234375,255.44766235351562,25.743589401245117
20,player,9,-1,577.3038330078125,419.0317077636719,440.6164855957031,486.05352783203125
20,ball,-1,-1,597.8018798828125,400.3083190917969,611.9737548828125,493.0047912597656
21,player,3,1,476.5133361816406,590.437744140625,256.7095031738281,886.9403076171875
21,player,16,0,644.1474609375,320.20123291015625,578.2314453125,207.39962768554688
21,player,5,1,705.9703369140625,406.392578125,565.481689453125,507.66796875
21,player,2,1,582.68603515625,526.6683959960938,371.567626953125,773.9182739257812
21,player,6,-1,427.8351745605469,396.12921142578125,318.6009216308594,429.2431335449219
21,player,4,1,451.764404296875,350.58782958984375,348.51776123046875,261.8393249511719
21,player,9,1,580.8387451171875,426.9604187011719,437.6297607421875,502.21197509765625
21,player,12,-1,543.1923828125,452.1275634765625,364.2273864746094,607.14404296875
21,ball,-1,-1,606.79052734375,408.26739501953125,600.54638671875,492.491455078125
22,player,3,1,475.1495666503906,587.2884521484375,259.1448974609375,883.5570068359375
22,player,5,1,705.4649047851562,414.63995361328125,561.9578247070312,516.4328002929688
22,player,16,0,645.0549926757812,322.22235107421875,578.7744140625,210.93618774414062
22,player,2,1,583.152099609375,526.5170288085938,373.3101501464844,774.6480712890625
22,player,6,-1,433.009521484375,396.8026123046875,314.7643737792969,418.8103942871094
22,player,10,-1,452.6343994140625,382.69873046875,320.398193359375,388.1875
22,player,12,-1,550.8756713867188,449.9374084472656,373.4112548828125,599.796142578125
22,player,4,1,452.4659423828125,349.8619384765625,350.5933837890625,257.04656982421875
22,player,17,-1,628.1112670898438,316.5526428222656,567.5377197265625,189.99180603027344
22,player,9,1,579.7314453125,442.6686096191406,431.8118896484375,527.5429077148438
22,ball,-1,-1,612.8489990234375,418.59429931640625,589.8954467773438,494.51739501953125
23,player,3,1,477.39422607421875,583.1890869140625,261.8590393066406,878.75
23,player,4,1,451.46356201171875,352.34429931640625,351.02911376953125,256.918701171875
23,player,2,1,583.2562255859375,527.314697265625,374.330322265625,775.73046875
23,player,16,0,646.1134033203125,319.8493347167969,580.3385620117188,210.2926483154297
23,player,5,1,708.1051025390625,410.1773681640625,561.8037109375,518.031005859375
23,player,9,1,568.957275390625,438.57049560546875,425.49200439453125,539.1530151367188
23,player,6,-1,425.4851379394531,399.12841796875,309.21929931640625,413.75567626953125
23,player,17,-1,629.1927490234375,317.6568603515625,567.5599365234375,191.59280395507812
23,ball,-1,-1,618.0537719726562,426.6396484375,580.0275268554688,498.2872009277344
24,player,4,1,454.8122863769531,339.4556579589844,355.42822265625,240.8408203125
24,player,3,1,480.86627197265625,580.6968994140625,264.8995056152344,874.17333984375
24,player,2,1,566.8862915039062,526.6207885742188,370.40643310546875,774.66845703125
24,player,16,0,643.5234375,317.0160827636719,581.393310546875,205.82818603515625
24,player,5,1,704.4800415039062,408.7093505859375,560.9725341796875,517.2667846679688
24,player,6,-1,429.330078125,397.6783447265625,307.21923828125,409.3015441894531
24,player,11,1,699.181884765625,359.4037780761719,597.2376098632812,417.54278564453125
24,player,9,1,571.0452880859375,432.70599365234375,423.34185791015625,541.3211669921875
24,ball,-1,-1,628.4365234375,436.16766357421875,571.1742553710938,504.0469055175781
25,player,3,1,480.0389404296875,581.6265869140625,266.5284423828125,871.7730712890625
25,player,7,-1,585.2557373046875,525.9808349609375,380.6092529296875,750.368896484375
25,player,4,1,455.65478515625,344.30413818359375,357.5092468261719,236.74923706054688
25,player,17,-1,630.061279296875,315.06219482421875,568.7880859375,189.31414794921875
25,player,6,-1,421.430419921875,397.21240234375,303.2293701171875,405.0233154296875
25,player,15,-1,719.9368896484375,420.58428955078125,570.2481079101562,560.4075927734375
25,player,5,1,703.70751953125,365.6021728515625,573.5537719726562,471.4722900390625
25,player,11,1,695.7554931640625,336.05718994140625,604.494873046875,371.2674560546875
25,player,18,-1,7.146023273468018,533.72705078125,-129.3384552001953,659.944091796875
25,ball,-1,-1,391.26947021484375,301.7747802734375,571.1742553710938,504.0469055175781
26,player,4,1,454.99853515625,338.8848876953125,359.8406982421875,227.01268005371094
26,player,7,-1,582.7088623046875,526.1001586914062,379.13433837890625,758.9932250976562
26,player,3,1,478.9053955078125,577.3280029296875,267.82086181640625,867.204345703125
26,player,6,-1,415.69610595703125,398.19580078125,298.44970703125,402.6937561035156
26,player,16,0,638.60888671875,318.49945068359375,579.75146484375,204.22976684570312
26,player,5,1,702.9280395507812,339.87744140625,590.26611328125,411.8193054199219
26,ball,-1,-1,638.4940795898438,448.6768798828125,563.0620727539062,512.1845092773438
27,player,7,-1,581.8492431640625,527.173583984375,377.7372741699219,765.3421630859375
27,player,4,1,454.44366455078125,337.42218017578125,361.48004150390625,218.70352172851562
27,player,16,0,643.0820922851562,318.77459716796875,580.2349243164062,204.1358184814453
27,player,6,-1,410.4075927734375,398.2830505371094,293.4676818847656,400.6924743652344
27,player,3,1,484.382080078125,579.767333984375,269.86761474609375,866.2777099609375
27,player,15,-1,716.710693359375,424.7069091796875,565.724365234375,561.419921875
27,player,9,1,558.0081176757812,413.759521484375,421.94573974609375,522.776611328125
27,player,11,1,695.3963623046875,335.8948974609375,609.1429443359375,340.9466247558594
27,ball,-1,-1,443.59490966796875,309.509033203125,563.0620727539062,512.1845092773438
28,player,7,-1,582.3707275390625,527.4502563476562,376.9296569824219,769.7164306640625
28,player,6,-1,403.0709228515625,396.20928955078125,287.9889831542969,396.28277587890625
28,player,16,0,641.3419799804688,320.090087890625,579.4532470703125,205.56544494628906
28,player,4,1,453.731201171875,336.8467712402344,362.406982421875,212.45626831054688
28,player,15,-1,714.5233154296875,424.5606384277344,562.1401977539062,561.7332763671875
28,player,3,1,488.99822998046875,584.5458374023438,271.8568420410156,869.2232666015625
28,player,9,1,556.292724609375,396.33770751953125,424.5260314941406,492.4580078125
28,ball,-1,-1,643.0244140625,434.67376708984375,556.702392578125,516.8259887695312
29,player,6,-1,398.4282531738281,397.7679443359375,282.5285339355469,394.6307678222656
29,player,16,0,638.130859375,320.91058349609375,577.4834594726562,207.14569091796875
29,player,9,1,553.6458740234375,421.4832763671875,419.54278564453125,498.3217468261719
29,player,7,-1,584.37646484375,526.334716796875,377.1798095703125,771.8724365234375
29,player,4,1,453.4179992675781,334.27960205078125,363.479736328125,204.97683715820312
29,player,15,-1,713.973388671875,425.3686218261719,559.4093017578125,562.6461181640625
29,player,3,1,494.9049987792969,585.1557006835938,274.6952209472656,871.9478759765625
30,player,16,0,636.79736328125,321.54119873046875,575.49755859375,208.81967163085938
30,player,4,1,454.09234619140625,335.15118408203125,364.2330322265625,201.35372924804688
30,player,6,-1,393.02587890625,397.15789794921875,277.1667175292969,392.27978515625
30,player,7,-1,585.078857421875,523.4644775390625,378.0606384277344,771.158203125
30,player,9,1,551.8651123046875,423.1600341796875,415.35009765625,503.61737060546875
30,player,15,-1,716.4410400390625,424.9300537109375,558.53125,563.0596923828125
30,player,3,1,521.6566162109375,582.90185546875,284.18115234375,874.0179443359375
30,player,11,1,692.4656372070312,328.4168701171875,613.8101196289062,311.63800048828125
30,ball,-1,-1,605.53271484375,347.9677734375,553.3893432617188,499.1094970703125
31,player,4,1,455.6719665527344,333.59722900390625,365.683349609375,197.15545654296875
31,player,16,0,634.0684204101562,319.2237854003906,573.9969482421875,206.5294189453125
31,player,6,-1,388.26031494140625,397.04119873046875,272.0106201171875,390.0911865234375
31,player,7,1,585.94482421875,522.3353881835938,379.087158203125,769.9028930664062
31,player,9,1,550.406005859375,419.50750732421875,412.95025634765625,503.28448486328125
31,player,15,-1,714.584716796875,427.18017578125,556.7431640625,565.2664184570312
31,player,3,1,513.7901611328125,585.249267578125,287.8712463378906,876.402587890625
31,player,11,1,690.448486328125,348.06048583984375,609.2247924804688,316.1866760253906
32,player,4,1,456.48577880859375,331.12451171875,367.513671875,191.2505645751953
32,player,7,1,584.3953857421875,523.697265625,379.0615234375,770.0022583007812
32,player,16,0,639.016357421875,322.03955078125,573.8744506835938,209.35328674316406
32,player,6,-1,384.73626708984375,395.0806884765625,267.71759033203125,386.0838623046875
32,player,9,1,548.1570434570312,418.0570373535156,410.969482421875,501.39013671875
32,player,15,1,714.6759033203125,429.63818359375,554.9190673828125,569.0034790039062
32,player,3,1,509.9057922363281,585.6519775390625,289.1523742675781,877.959716796875
32,player,11,1,693.12744140625,334.68646240234375,611.844970703125,303.3882751464844
32,ball,-1,-1,613.67578125,339.0706481933594,551.6312255859375,480.5489807128906
33,player,16,0,633.5216064453125,323.2479553222656,571.3699951171875,212.04315185546875
33,player,4,1,456.6024169921875,332.4017639160156,368.4490051269531,189.12710571289062
33,player,7,1,585.236572265625,523.2278442382812,379.3719482421875,769.7750854492188
33,player,6,-1,379.6375427246094,394.3927917480469,263.2171630859375,382.133544921875
33,player,9,1,546.794677734375,414.8691711425781,409.9380187988281,496.80718994140625
33,player,11,1,692.2518310546875,345.33685302734375,609.5093994140625,307.8154602050781
33,player,3,1,514.789306640625,584.2548828125,291.5115051269531,878.367431640625
33,ball,-1,-1,620.4255981445312,338.82220458984375,550.5872192382812,463.5938415527344
34,player,4,1,457.31646728515625,331.60986328125,369.5150146484375,186.78900146484375
34,player,16,0,635.531982421875,325.7874755859375,569.619873046875,217.32101440429688
34,player,6,-1,374.4245910644531,390.1867980957031,259.07891845703125,374.2101135253906
34,player,9,1,546.393798828125,415.058349609375,409.09259033203125,493.97918701171875
34,player,7,1,586.06201171875,523.2689208984375,379.80413818359375,769.7216796875
34,player,15,1,707.2908325195312,428.92498779296875,551.6287841796875,570.0771484375
34,player,11,1,691.8951416015625,355.87774658203125,604.2938232421875,322.9750671386719
34,player,5,1,698.2970581054688,363.2195129394531,591.5427856445312,399.6578369140625
34,ball,-1,-1,623.7333984375,343.45892333984375,549.564453125,449.3895568847656
35,player,4,1,457.5689697265625,331.0371398925781,370.4389343261719,184.54000854492188
35,player,16,0,637.1021728515625,327.5618896484375,568.4577026367188,223.22097778320312
35,player,9,1,544.3233642578125,412.34539794921875,408.45880126953125,489.17236328125
35,player,6,0,367.05938720703125,391.08087158203125,253.60202026367188,369.2393493652344
35,player,7,1,583.0469360351562,521.8551025390625,379.4709777832031,768.3817138671875
35,player,15,1,711.1449584960938,429.4148254394531,550.556640625,571.5926513671875
35,player,11,1,692.3308715820312,358.6360778808594,600.1365356445312,336.0404357910156
35,ball,-1,-1,619.4322509765625,429.4527587890625,542.8670654296875,457.4159851074219
36,player,4,1,457.48504638671875,330.9305114746094,371.032470703125,182.92483520507812
36,player,9,1,541.3216552734375,414.9224548339844,406.47796630859375,488.36383056640625
36,player,6,0,363.01544189453125,387.99560546875,249.04791259765625,362.0089111328125
36,player,16,0,632.696044921875,323.35040283203125,567.511962890625,221.08303833007812
36,player,7,1,585.2974243164062,520.5902099609375,380.1339111328125,766.718994140625
36,player,11,1,692.1065673828125,356.93634033203125,597.9215087890625,342.56207275390625
36,player,19,-1,711.359619140625,429.06549072265625,549.0353393554688,573.5341796875
36,ball,-1,-1,628.2437744140625,433.2547912597656,537.1346435546875,465.816162109375
37,player,4,1,456.1180419921875,329.59613037109375,371.2088623046875,179.90902709960938
37,player,6,0,358.147705078125,384.989501953125,244.77166748046875,353.2646179199219
37,player,9,1,539.5336303710938,414.6695556640625,404.6519470214844,487.39984130859375
37,player,7,1,589.8032836914062,521.7764892578125,381.6492919921875,766.8878784179688
37,player,15,1,711.8888549804688,429.10443115234375,550.1783447265625,572.3580322265625
37,player,16,0,636.246826171875,321.989501953125,568.6610107421875,218.38961791992188
37,player,11,1,690.775390625,386.7161865234375,586.5498046875,379.3895263671875
37,player,20,-1,374.0107727050781,311.29583740234375,290.52972412109375,68.4596176147461
37,ball,-1,-1,632.5751953125,349.89190673828125,537.4467163085938,453.4502258300781
38,player,4,1,455.2308349609375,328.8191223144531,371.1661376953125,176.7875213623047
38,player,9,1,537.0872192382812,411.087646484375,403.43768310546875,482.86651611328125
38,player,7,1,589.8350830078125,523.6104736328125,382.308837890625,768.3917236328125
38,player,6,0,351.5024719238281,384.50811767578125,239.64120483398438,346.244873046875
38,player,11,1,687.5703125,358.693603515625,586.9501342773438,372.23162841796875
38,player,19,-1,713.8676147460938,430.90069580078125,549.3046875,575.4747924804688
38,player,16,0,638.1209106445312,320.30316162109375,570.673583984375,214.68898010253906
38,player,3,1,520.4804077148438,583.4628295898438,294.7119140625,878.48681640625
39,player,11,1,687.751220703125,397.6387939453125,575.1537475585938,409.6934814453125
39,player,9,1,535.6161499023438,410.2813720703125,402.33428955078125,478.93988037109375
39,player,4,1,454.3206787109375,328.45562744140625,370.8743896484375,174.14773559570312
39,player,6,0,346.0126953125,388.0389709472656,233.79820251464844,345.1490478515625
39,player,7,1,588.5863037109375,521.7235107421875,382.7216796875,767.8416137695312
39,player,19,-1,718.525634765625,432.633544921875,550.44287109375,578.770751953125
39,player,3,1,521.756103515625,585.1904907226562,296.90185546875,879.8046264648438
39,player,16,0,638.7990112304688,320.44287109375,572.1828002929688,212.5538787841797
39,ball,-1,-1,649.31787109375,337.49432373046875,540.004150390625,439.1029052734375
40,player,4,1,455.15814208984375,328.475341796875,371.0018310546875,172.57081604003906
40,player,6,0,342.1373291015625,387.44293212890625,228.67340087890625,343.29656982421875
40,player,9,1,532.8734741210938,408.8870849609375,401.0051574707031,474.6661376953125
40,player,11,1,685.5020751953125,395.4105529785156,567.4074096679688,431.5269775390625
40,player,7,1,587.09326171875,529.8843383789062,381.08856201171875,773.5203857421875
40,player,3,1,522.2305908203125,585.649169921875,298.3914489746094,880.9987182617188
40,player,19,-1,719.130859375,431.82843017578125,551.5955200195312,580.2261352539062
40,player,16,0,639.3468017578125,321.15802001953125,573.118896484375,212.16781616210938
40,player,5,1,698.052978515625,415.1391906738281,576.39599609375,445.9892578125
41,player,4,1,456.45086669921875,328.17608642578125,371.65185546875,171.3167724609375
41,player,6,0,334.3913269042969,387.10894775390625,222.56185913085938,340.8034362792969
41,player,11,1,685.13525390625,378.12451171875,567.478515625,427.44720458984375
41,player,9,1,534.0537719726562,406.80511474609375,400.99774169921875,469.8525390625
41,player,3,1,527.1146240234375,585.7529907226562,300.6776428222656,882.1720581054688
41,player,19,-1,721.826904296875,432.4176025390625,553.015625,581.9654541015625
41,player,7,1,579.5439453125,522.98193359375,379.09185791015625,771.4398193359375
41,player,16,0,640.1597900390625,323.749755859375,573.1373291015625,215.37632751464844
41,player,5,1,699.539794921875,413.3487548828125,567.5357055664062,474.50653076171875
42,player,6,0,328.294189453125,386.52862548828125,216.43670654296875,337.79449462890625
42,player,4,1,457.75482177734375,329.9625244140625,372.1521911621094,173.0729217529297
42,player,9,1,533.34912109375,406.24737548828125,400.87957763671875,466.0699768066406
42,player,19,-1,725.56005859375,432.3044128417969,555.1267700195312,583.3369140625
42,player,3,1,530.6867065429688,586.0513916015625,303.09521484375,883.3726196289062
42,player,11,1,683.6577758789062,373.5633544921875,568.4492797851562,419.670654296875
42,player,7,1,581.0580444335938,520.6043701171875,378.658935546875,768.3915405273438
42,player,16,0,646.119140625,322.7734375,575.6617431640625,216.97015380859375
42,player,2,1,592.6119384765625,506.1932373046875,379.05419921875,760.2012939453125
42,player,21,-1,663.739013671875,458.74755859375,485.0513610839844,637.744140625
43,player,4,1,458.26690673828125,329.9895935058594,372.66705322265625,174.3189697265625
43,player,3,1,531.5850219726562,589.0284423828125,304.4931945800781,886.18310546875
43,player,9,1,536.6856689453125,405.99932861328125,401.98077392578125,463.70098876953125
43,player,6,0,323.3304748535156,384.81231689453125,210.86019897460938,333.244140625
43,player,7,1,585.940673828125,521.4989013671875,379.6266784667969,767.4677734375
43,player,11,1,677.7806396484375,371.6539001464844,567.6923828125,411.86944580078125
43,player,2,1,592.7332763671875,500.763671875,385.7541198730469,746.4935302734375
43,player,19,-1,728.71484375,434.10931396484375,556.96533203125,586.1770629882812
43,player,16,0,648.257568359375,323.1558532714844,577.9509887695312,218.77444458007812
44,player,4,1,459.31365966796875,330.927490234375,373.1805419921875,176.5204315185547
44,player,7,1,593.3133544921875,522.709228515625,382.159912109375,768.3511962890625
44,player,3,1,534.6217041015625,590.230224609375,306.05682373046875,889.0030517578125
44,player,9,1,536.734130859375,404.35943603515625,403.080322265625,460.45501708984375
44,player,6,0,313.9183349609375,383.54248046875,203.92970275878906,327.6768493652344
44,player,11,1,682.1990356445312,375.7295837402344,567.42138671875,411.75213623046875
44,player,19,1,707.755859375,441.35858154296875,549.7053833007812,592.7041015625
44,player,5,1,683.4864501953125,459.1602783203125,544.565673828125,533.7266235351562
44,player,15,1,730.9249267578125,435.3470458984375,554.0814819335938,580.3751220703125
45,player,6,0,310.58343505859375,383.28662109375,198.22413635253906,323.35968017578125
45,player,4,1,460.1500244140625,329.628662109375,374.1419677734375,176.32846069335938
45,player,3,1,535.97509765625,591.3902587890625,307.276611328125,891.6871337890625
45,player,7,1,595.96435546875,524.0745849609375,384.31787109375,770.1605224609375
45,player,11,1,684.371826171875,385.6046142578125,564.9413452148438,422.5124816894531
45,player,9,1,533.8912353515625,404.79632568359375,402.73870849609375,458.5042419433594
45,player,2,1,594.7139282226562,517.2295532226562,387.5608825683594,750.644287109375
45,player,16,0,649.9071044921875,323.9627380371094,579.760986328125,221.19680786132812
45,player,15,1,734.360595703125,432.6593017578125,558.43994140625,583.4418334960938
46,player,6,0,304.4731140136719,385.6192626953125,191.97012329101562,322.5908203125
46,player,3,1,539.1566162109375,591.9810791015625,308.84625244140625,894.0289306640625
46,player,4,1,462.1183776855469,328.25054931640625,375.8500671386719,174.6196746826172
46,player,7,1,597.5156860351562,525.6704711914062,385.8724365234375,772.6570434570312
46,player,11,1,687.157470703125,372.56805419921875,568.29296875,415.75567626953125
46,player,16,0,650.8411865234375,323.757568359375,581.3487548828125,222.62762451171875
46,player,9,1,537.2660522460938,405.22454833984375,403.55804443359375,458.03643798828125
46,player,15,1,735.4773559570312,437.3834228515625,560.27734375,589.8472900390625
46,player,21,-1,685.2315063476562,461.82489013671875,490.8189697265625,642.2877197265625
47,player,3,1,539.4755249023438,591.61181640625,310.0048828125,895.3305053710938
47,player,4,1,464.41534423828125,326.76727294921875,378.19921875,171.82139587402344
47,player,7,1,598.4459228515625,522.6072387695312,387.71490478515625,772.03857421875
47,player,15,1,737.0113525390625,437.715087890625,561.8487548828125,594.4508056640625
47,player,11,1,687.523193359375,381.9691467285156,567.6650390625,421.5844421386719
47,player,6,0,297.77496337890625,386.8973388671875,185.27899169921875,322.8084411621094
47,player,9,1,534.004150390625,405.269287109375,402.9818420410156,457.4380798339844
47,player,16,0,651.8800048828125,323.3605651855469,582.8970947265625,223.1807403564453
48,player,15,1,737.8009643554688,434.3856201171875,564.0572509765625,594.4878540039062
48,player,4,1,464.79107666015625,327.0416259765625,379.803955078125,170.42279052734375
48,player,6,0,292.7285461425781,386.89178466796875,179.06491088867188,322.34857177734375
48,player,11,1,688.8956298828125,375.9288024902344,569.5908813476562,419.01287841796875
48,player,3,1,543.4166870117188,588.7199096679688,312.23614501953125,894.5394897460938
48,player,7,1,601.7659912109375,525.3938598632812,389.34912109375,773.99169921875
48,player,16,0,652.3538208007812,325.17120361328125,583.4476928710938,225.92227172851562
48,player,9,1,531.283447265625,405.42657470703125,401.6553039550781,456.9288635253906
49,player,15,1,740.38671875,435.395751953125,566.0,595.66943359375
49,player,7,1,604.65478515625,525.485595703125,391.22137451171875,775.548828125
49,player,6,0,287.3204345703125,385.0399169921875,173.22998046875,319.2169189453125
49,player,11,1,687.7757568359375,371.0257873535156,572.0120849609375,411.8524169921875
49,player,4,1,465.44873046875,328.092041015625,380.8448486328125,171.014404296875
49,player,9,1,533.0413208007812,405.9534912109375,401.2685546875,457.331298828125
49,player,3,1,545.3787231445312,590.3685913085938,313.9806823730469,895.2384033203125
49,player,16,0,652.2113037109375,327.7161865234375,582.876708984375,230.9267578125
50,player,7,1,605.18896484375,524.7765502929688,392.7232971191406,776.068359375
50,player,15,1,742.24072265625,437.47882080078125,567.2384033203125,598.4964599609375
50,player,9,1,526.3297729492188,406.7205810546875,398.58709716796875,457.69171142578125
50,player,11,1,686.8412475585938,350.386962890625,580.0136108398438,383.6360168457031
50,player,4,1,464.1785888671875,327.82037353515625,381.1003112792969,170.86383056640625
50,player,6,0,281.35772705078125,385.09521484375,167.2140655517578,316.53826904296875
50,player,3,1,547.510986328125,591.427001953125,315.5383605957031,896.5265502929688
51,player,7,1,606.7998046875,523.4856567382812,394.40252685546875,775.5558471679688
51,player,15,1,742.9059448242188,437.545166015625,568.228271484375,600.4544677734375
51,player,4,1,465.5252685546875,326.90875244140625,382.0036315917969,169.72007751464844
51,player,9,1,526.1763305664062,406.405029296875,396.8613586425781,457.58099365234375
51,player,6,0,273.93243408203125,386.16925048828125,160.42543029785156,315.1918029785156
51,player,11,1,685.9489135742188,354.7794189453125,583.436767578125,370.304931640625
51,player,3,1,553.0256958007812,590.9234619140625,318.1111145019531,897.398681640625
51,player,21,-1,699.642578125,455.7060546875,500.46697998046875,641.1907348632812
52,player,7,1,606.9044189453125,522.988037109375,395.617431640625,774.8550415039062
52,player,15,1,745.9219360351562,431.92547607421875,571.412353515625,596.8848266601562
52,player,9,1,526.138916015625,406.7972412109375,395.6413269042969,457.9139709472656
52,player,4,1,466.2305908203125,325.9599914550781,383.09259033203125,167.79151916503906
52,player,6,0,267.9642639160156,385.82733154296875,153.8231201171875,313.1992492675781
52,player,11,1,686.64794921875,343.61663818359375,589.6753540039062,348.5939025878906
52,player,3,1,557.4126586914062,587.3551025390625,321.4914855957031,895.9156494140625
52,ball,-1,-1,707.442138671875,348.38653564453125,546.1832275390625,430.48931884765625
53,player,7,1,610.937744140625,525.410888671875,397.1064758300781,776.5289306640625
53,player,9,1,533.0987548828125,407.35382080078125,397.068603515625,459.43426513671875
53,player,6,0,266.1011047363281,386.5478515625,148.7641143798828,312.5405578613281
53,player,4,1,466.4979248046875,327.6417236328125,383.49359130859375,168.83990478515625
53,player,15,1,749.2769165039062,422.84027099609375,577.192626953125,586.4473266601562
53,player,11,1,687.0974731445312,342.40350341796875,594.3058471679688,333.08245849609375
53,player,3,1,563.9362182617188,586.1160888671875,325.63726806640625,894.5693969726562
53,player,21,-1,704.892578125,435.5754699707031,513.6610717773438,622.9338989257812
53,ball,-1,-1,709.15869140625,347.605712890625,552.066162109375,422.40155029296875
54,player,7,1,610.51953125,524.2156982421875,398.17974853515625,776.6873779296875
54,player,6,0,263.12054443359375,386.6497802734375,144.353515625,311.8789978027344
54,player,15,1,757.8878173828125,420.9752197265625,584.190673828125,578.721923828125
54,player,4,1,466.127685546875,327.1640625,383.72833251953125,168.82928466796875
54,player,9,1,524.2979736328125,406.33624267578125,395.2557678222656,458.44561767578125
54,player,11,1,688.1275634765625,343.3280944824219,597.3582153320312,324.2311096191406
54,player,3,1,566.6256713867188,588.051025390625,328.7674560546875,895.14501953125
54,ball,-1,-1,711.7144775390625,345.87896728515625,557.8197631835938,414.56524658203125
55,player,7,1,606.4515991210938,523.8530883789062,397.780517578125,776.2088012695312
55,player,6,0,259.11016845703125,385.59832763671875,140.08984375,309.71551513671875
55,player,4,1,466.0041198730469,327.00439453125,383.872314453125,168.5908203125
55,player,9,1,523.4586181640625,406.29278564453125,393.80364990234375,457.66986083984375
55,player,11,1,688.6851806640625,350.63604736328125,597.0447998046875,327.1896667480469
55,player,15,1,760.9969482421875,421.4006042480469,589.577392578125,574.3937377929688
55,player,3,1,569.644287109375,587.7935791015625,331.6547546386719,895.5501708984375
55,ball,-1,-1,719.456787109375,346.2469482421875,563.6964111328125,407.6630554199219
56,player,7,1,611.7998046875,528.4483032226562,398.18890380859375,779.7437744140625
56,player,4,1,467.38330078125,324.8935546875,385.01141357421875,165.7700653076172
56,player,6,0,254.53070068359375,385.6881408691406,135.59486389160156,307.868896484375
56,player,9,1,522.6837158203125,405.99517822265625,392.662841796875,456.773681640625
56,player,15,1,765.61767578125,422.18341064453125,594.2752685546875,572.7493896484375
56,player,21,-1,718.3834228515625,459.89642333984375,519.8851318359375,633.8678588867188
56,player,11,1,690.135986328125,352.980712890625,596.5545043945312,332.0152587890625
56,player,3,1,570.510986328125,594.54833984375,332.74932861328125,900.2666015625
56,player,16,0,656.1297607421875,343.1090393066406,578.7321166992188,253.72125244140625
56,ball,-1,-1,742.0477294921875,367.92138671875,569.12353515625,407.5189208984375
57,player,7,1,610.9320068359375,527.6776733398438,398.3512268066406,781.4019775390625
57,player,6,0,251.0922393798828,384.3128662109375,131.510498046875,304.6048583984375
57,player,4,1,468.509765625,324.0785827636719,386.385986328125,162.9833526611328
57,player,3,1,570.0439453125,595.94189453125,333.1282958984375,904.2005615234375
57,player,21,-1,723.8448486328125,456.447509765625,526.4764404296875,638.4745483398438
57,player,15,1,767.5186767578125,426.61981201171875,596.5704956054688,575.986328125
57,player,9,1,520.951904296875,405.97479248046875,391.34075927734375,455.988525390625
57,player,11,1,695.3661499023438,353.30072021484375,597.934814453125,336.1298522949219
57,player,16,0,656.6361083984375,342.9996337890625,576.25341796875,268.46661376953125
58,player,7,1,612.705810546875,528.083984375,398.8860778808594,782.9158935546875
58,player,3,1,571.8340454101562,595.9271240234375,333.8551330566406,906.8645629882812
58,player,9,1,519.6028442382812,406.3778076171875,389.93853759765625,455.7581787109375
58,player,6,0,244.4402618408203,384.26141357421875,126.35746002197266,301.6201171875
58,player,4,1,469.688720703125,325.0408020019531,387.4955139160156,162.63623046875
58,player,21,-1,725.5606689453125,458.70556640625,530.6807250976562,643.5656127929688
58,player,15,1,770.2742919921875,426.37750244140625,598.9853515625,578.1220703125
58,player,16,0,658.8321533203125,344.759765625,574.8385620117188,280.4366760253906
58,player,22,-1,407.35321044921875,293.09197998046875,340.65203857421875,4.807294845581055
58,player,11,1,697.8863525390625,349.1005859375,601.1343383789062,334.2030334472656
59,player,7,1,612.9668579101562,528.8191528320312,399.17034912109375,784.466796875
59,player,6,0,240.5507354736328,384.0010070800781,121.56471252441406,298.896240234375
59,player,9,1,519.328857421875,407.7786865234375,388.63311767578125,457.04083251953125
59,player,4,1,471.60089111328125,323.8248291015625,389.25335693359375,161.02061462402344
59,player,3,1,574.9378662109375,595.1256103515625,335.2768249511719,908.2817993164062
59,player,21,0,727.760986328125,454.8742980957031,535.0904541015625,643.7555541992188
59,player,22,-1,407.91259765625,292.1786193847656,341.09649658203125,3.4887428283691406
59,player,11,1,693.8206787109375,342.7027587890625,604.0081787109375,324.89215087890625
59,player,15,1,771.7994384765625,428.0387268066406,600.5214233398438,581.18408203125
59,player,16,0,661.3026123046875,344.264892578125,574.953857421875,287.919189453125
60,player,7,1,614.4505615234375,529.2086181640625,399.7042236328125,785.87548828125
60,player,9,1,517.9537353515625,407.6737060546875,387.34326171875,457.621826171875
60,player,4,1,472.7912902832031,325.4726867675781,390.44390869140625,162.36294555664062
60,player,6,0,237.5681610107422,386.68975830078125,117.0969009399414,300.0046691894531
60,player,3,1,576.82373046875,593.73779296875,336.914306640625,908.430419921875
60,player,15,1,769.709228515625,436.54522705078125,598.3388671875,590.7274780273438
60,player,11,1,697.1053466796875,350.2492370605469,604.4179077148438,328.15155029296875
60,player,16,0,662.8101806640625,343.690673828125,575.7511596679688,292.27325439453125
60,player,19,1,749.158203125,449.1759033203125,555.459228515625,607.600830078125
60,player,22,-1,410.77099609375,292.1893005371094,342.5616760253906,3.0863068103790283
61,player,9,1,517.05126953125,408.11981201171875,386.10504150390625,458.3697509765625
61,player,7,1,616.3681640625,530.7968139648438,400.29827880859375,788.1114501953125
61,player,3,1,585.1213989257812,593.6585083007812,340.2082214355469,909.0169067382812
61,player,4,1,473.6231384277344,323.1640625,392.11309814453125,160.21917724609375
61,player,6,0,233.15646362304688,384.39056396484375,112.7210693359375,297.42364501953125
61,player,11,1,697.4910278320312,339.40399169921875,608.5867309570312,317.4352111816406
61,player,15,1,763.179443359375,440.2403564453125,593.8533935546875,599.6568603515625
61,player,16,0,663.5050659179688,344.28753662109375,576.3164672851562,295.90478515625
61,player,22,-1,409.0619201660156,293.36285400390625,342.53369140625,4.365300178527832
61,player,19,1,743.585205078125,451.22564697265625,556.9521484375,618.58642578125
62,player,9,1,516.2600708007812,408.3123779296875,384.99224853515625,458.9738464355469
62,player,3,1,588.0572509765625,593.5712890625,343.1463623046875,909.5330810546875
62,player,6,0,230.8521270751953,384.33392333984375,109.01045227050781,295.398681640625
62,player,4,1,475.32196044921875,322.69842529296875,393.9690246582031,158.42276000976562
62,player,7,1,616.9609375,532.9525756835938,400.4493103027344,791.19921875
62,player,2,1,598.9921875,538.2150268554688,386.1280517578125,769.3750610351562
62,player,15,1,769.1668701171875,442.48626708984375,592.1012573242188,607.9951171875
62,player,11,1,697.707275390625,349.92559814453125,607.713134765625,322.99658203125
62,player,16,0,663.298583984375,343.9216003417969,576.7325439453125,297.800537109375
62,player,22,-1,411.13861083984375,291.612548828125,343.7840576171875,2.8244998455047607
63,player,9,1,515.046630859375,408.3454895019531,383.85260009765625,459.27447509765625
63,player,3,1,590.3557739257812,593.0294799804688,345.7535095214844,909.6689453125
63,player,4,1,476.7450256347656,323.9976501464844,395.3955383300781,159.212646484375
63,player,11,1,697.6097412109375,357.099365234375,604.6819458007812,334.9012451171875
63,player,15,1,771.2461547851562,443.9151611328125,591.176025390625,614.8642578125
63,player,6,0,226.3680877685547,385.26922607421875,104.82878112792969,294.67193603515625
63,player,16,0,662.9910888671875,343.70556640625,576.9661865234375,298.73583984375
63,player,7,1,610.5972900390625,532.7871704101562,398.77581787109375,792.6123046875
63,player,22,-1,411.60272216796875,292.485595703125,344.5811767578125,3.2373576164245605
63,player,23,-1,762.5145263671875,404.17742919921875,616.2601928710938,519.4686279296875
63,ball,-1,-1,790.5289306640625,368.49468994140625,577.7457885742188,408.73443603515625
64,player,15,1,765.33544921875,448.485595703125,587.481201171875,622.8228149414062
64,player,9,1,515.039794921875,408.26593017578125,383.12640380859375,459.38641357421875
64,player,3,1,592.2506103515625,593.0321655273438,347.953369140625,909.8824462890625
64,player,4,1,478.23321533203125,322.18804931640625,397.35247802734375,157.46902465820312
64,player,11,1,696.3854370117188,351.6627197265625,604.1249389648438,336.22198486328125
64,player,6,0,222.95187377929688,384.0043640136719,100.91510009765625,292.25274658203125
64,player,16,0,662.459228515625,343.41455078125,577.0269775390625,298.9292297363281
64,player,7,1,606.9884033203125,532.7440185546875,396.67254638671875,793.2308349609375
64,player,22,-1,413.8550720214844,293.89776611328125,345.69091796875,6.012731552124023
65,player,9,1,514.855712890625,408.9798583984375,382.44073486328125,460.1822509765625
65,player,7,1,609.22802734375,530.2646484375,396.39886474609375,791.9654541015625
65,player,15,1,769.3121337890625,444.07159423828125,587.5438232421875,624.4688720703125
65,player,4,1,479.257080078125,321.005615234375,399.32012939453125,154.86135864257812
65,player,3,1,596.2261962890625,592.3897094726562,350.5443115234375,909.8657836914062
65,player,11,1,686.5020751953125,348.1683349609375,601.5184936523438,331.8282165527344
65,player,6,0,219.45858764648438,381.6492919921875,97.22225952148438,287.38128662109375
65,player,16,0,662.720703125,343.059814453125,577.2767944335938,298.65875244140625
65,player,2,1,623.9354858398438,528.793212890625,393.9998779296875,776.466796875
65,ball,-1,-1,806.2169189453125,369.1423034667969,586.8017578125,410.3978271484375
66,player,9,1,514.0924072265625,409.3084716796875,381.668212890625,460.96136474609375
66,player,3,1,598.2410888671875,591.1637573242188,352.9593505859375,909.1943359375
66,player,4,1,480.3604736328125,320.887451171875,401.0546875,153.15533447265625
66,player,7,1,617.8736572265625,535.0696411132812,397.7783203125,795.3255004882812
66,player,6,0,217.39614868164062,380.83551025390625,94.09635162353516,282.9635925292969
66,player,15,1,777.567138671875,445.90020751953125,589.54150390625,627.8779296875
66,player,11,1,688.4107666015625,345.0486755371094,601.5540771484375,325.5024108886719
66,player,16,0,664.15771484375,342.67840576171875,578.0739135742188,298.1960144042969
66,ball,-1,-1,810.7977294921875,370.807861328125,595.3347778320312,412.447021484375
67,player,6,0,214.6280059814453,380.58392333984375,91.02604675292969,279.44256591796875
67,player,9,1,513.9324951171875,409.292236328125,381.1156005859375,461.434326171875
67,player,3,1,600.380615234375,588.287353515625,355.5582275390625,907.0321655273438
67,player,11,1,691.3515625,343.53607177734375,603.127197265625,319.9378662109375
67,player,4,1,480.44140625,322.173828125,401.88433837890625,153.81246948242188
67,player,15,1,779.005859375,445.86871337890625,591.2816162109375,630.1929321289062
67,player,7,1,617.7014770507812,552.1798706054688,395.5086669921875,809.77392578125
67,player,2,1,628.3327026367188,545.36767578125,397.24285888671875,793.4512939453125
68,player,3,1,601.423583984375,587.5838623046875,357.6392822265625,905.2373046875
68,player,15,1,778.475830078125,446.59149169921875,592.043212890625,632.2843017578125
68,player,6,0,211.96786499023438,381.38189697265625,87.95700073242188,277.808349609375
68,player,9,1,513.4412841796875,409.07745361328125,380.6361999511719,461.46759033203125
68,player,11,1,688.5450439453125,343.272216796875,603.2576904296875,315.6701965332031
68,player,4,1,480.54852294921875,320.6488037109375,402.8551330566406,152.17282104492188
68,player,26,-1,529.8148193359375,405.4052734375,397.79010009765625,455.4805908203125
69,player,9,1,511.95147705078125,409.30218505859375,379.77484130859375,461.567626953125
69,player,3,1,604.6728515625,587.6529541015625,359.8505859375,904.329345703125
69,player,6,0,210.8822784423828,381.4141540527344,85.54521179199219,276.6524658203125
69,player,4,1,481.7912902832031,319.8922424316406,404.16009521484375,150.24070739746094
69,player,11,1,691.8701171875,341.5488586425781,605.1060791015625,311.22869873046875
69,player,15,1,782.0494384765625,448.504638671875,593.05419921875,635.626708984375
69,player,26,-1,532.62353515625,403.34088134765625,399.1969909667969,453.61285400390625
69,player,7,1,620.2078857421875,517.187255859375,401.268310546875,793.70947265625
70,player,9,1,511.61181640625,409.304443359375,379.09991455078125,461.59967041015625
70,player,3,1,607.051025390625,586.43310546875,362.1217956542969,903.1007080078125
70,player,11,1,693.9635009765625,345.44183349609375,605.6903686523438,313.239501953125
70,player,4,1,483.07806396484375,320.95294189453125,405.2308349609375,150.61187744140625
70,player,6,0,207.83395385742188,380.9470520019531,82.84461212158203,274.9516296386719
70,player,15,1,782.94287109375,448.792236328125,593.895263671875,638.1275634765625
70,player,7,1,621.7939453125,571.1661987304688,395.5692138671875,822.0689697265625
71,player,9,1,510.89056396484375,409.77496337890625,378.31915283203125,462.033935546875
71,player,3,1,609.0053100585938,588.164794921875,363.83978271484375,903.557861328125
71,player,4,1,482.416015625,320.2098388671875,405.86334228515625,149.74664306640625
71,player,11,1,693.1153564453125,350.54083251953125,604.0294799804688,320.45184326171875
71,player,6,0,205.73678588867188,380.688232421875,80.30403137207031,273.2687072753906
71,player,15,1,801.7303466796875,447.47174072265625,600.4435424804688,640.24560546875
71,player,23,-1,784.5159912109375,436.7803649902344,612.9999389648438,552.1594848632812
71,player,7,1,625.4381103515625,588.1443481445312,389.96661376953125,851.9500732421875
71,player,5,1,714.114501953125,337.6447448730469,576.1480712890625,450.9409484863281
72,player,9,1,509.8883056640625,409.8748779296875,377.4528503417969,462.31573486328125
72,player,3,1,613.0654907226562,588.7896728515625,365.93878173828125,904.5264892578125
72,player,4,1,482.8153076171875,322.234130859375,405.9073486328125,152.00120544433594
72,player,6,0,202.9842071533203,380.12823486328125,77.63493347167969,271.14337158203125
72,player,11,1,692.4542236328125,349.80670166015625,602.9700317382812,324.2033386230469
72,player,7,1,627.9715576171875,589.3616943359375,386.79559326171875,872.3248291015625
72,player,23,-1,788.6339111328125,438.33746337890625,611.6605834960938,575.170654296875
72,player,22,0,430.9943542480469,292.8110046386719,353.7012023925781,8.764022827148438
72,ball,-1,-1,855.3045654296875,390.4676513671875,604.7882690429688,420.01141357421875
73,player,6,0,203.56060791015625,379.6229248046875,76.15467071533203,269.2077941894531
73,player,4,1,483.3393249511719,322.16339111328125,406.155517578125,153.4415740966797
73,player,3,1,618.12353515625,587.7831420898438,368.8174743652344,904.834716796875
73,player,9,1,509.39605712890625,410.00164794921875,376.697265625,462.5792236328125
73,player,11,1,695.0484619140625,350.4388427734375,602.9658203125,327.68505859375
73,player,23,-1,794.4125366210938,435.14349365234375,613.5068359375,587.7886352539062
73,player,22,0,435.8268737792969,293.4314270019531,360.7265625,12.229084014892578
73,ball,-1,-1,858.42333984375,392.82635498046875,613.5115966796875,427.57666015625
74,player,6,0,197.05007934570312,379.129638671875,72.7219009399414,266.5307312011719
74,player,3,1,623.94580078125,587.116943359375,372.35174560546875,904.9842529296875
74,player,11,1,697.2025146484375,349.2315368652344,604.1223754882812,328.78729248046875
74,player,9,1,508.4586181640625,410.2413330078125,375.840087890625,462.90167236328125
74,player,4,1,484.17584228515625,321.29913330078125,406.8611145019531,153.3143768310547
74,player,23,-1,798.923828125,419.32745361328125,621.025634765625,581.9107055664062
74,player,22,0,438.9855041503906,292.2681884765625,366.87713623046875,13.190681457519531
75,player,6,0,193.15467834472656,378.5963134765625,69.02273559570312,263.642578125
75,player,11,1,698.664794921875,349.33453369140625,605.3458251953125,329.79571533203125
75,player,9,1,507.66387939453125,410.1498718261719,375.03399658203125,462.9338684082031
75,player,4,1,485.6885986328125,320.51593017578125,408.10479736328125,152.3685760498047
75,player,22,0,438.0224304199219,292.9363708496094,370.3119201660156,14.686532974243164
75,player,23,-1,802.7316284179688,432.24591064453125,623.0094604492188,590.3125610351562
75,player,3,1,634.8310546875,587.9251098632812,377.41058349609375,906.3168334960938
76,player,9,1,506.0567321777344,410.40057373046875,373.9159240722656,463.0478515625
76,player,11,1,694.3839721679688,351.81414794921875,603.8128662109375,332.8466796875
76,player,23,-1,810.8572998046875,417.69256591796875,631.4100341796875,583.141845703125
76,player,4,1,488.80572509765625,321.42645263671875,409.8750305175781,153.41976928710938
76,player,6,0,190.5845947265625,377.4808349609375,65.69278717041016,260.0514831542969
76,player,3,1,640.4256591796875,587.4225463867188,382.2707214355469,907.223388671875
76,player,22,0,438.8265075683594,295.95111083984375,372.10968017578125,20.339374542236328
76,player,2,1,637.6031494140625,508.68560791015625,409.11297607421875,777.9041748046875
77,player,11,1,699.1182861328125,354.96942138671875,603.3817749023438,339.03131103515625
77,player,23,1,813.8536376953125,423.273681640625,635.9843139648438,583.9454956054688
77,player,9,1,505.48638916015625,410.13421630859375,373.0519714355469,462.7862854003906
77,player,6,0,188.84954833984375,377.16619873046875,62.87574005126953,257.1061096191406
77,player,4,1,495.4603271484375,340.154541015625,408.76971435546875,179.7021484375
77,player,22,0,441.32635498046875,295.34967041015625,374.4451904296875,23.483308792114258
77,player,3,1,644.8250122070312,589.1079711914062,386.30755615234375,909.1856689453125
77,player,2,1,627.99365234375,516.363037109375,412.5126037597656,772.96337890625
78,player,11,1,699.6214599609375,358.48907470703125,602.0906982421875,347.1410827636719
78,player,9,1,504.95623779296875,409.9920654296875,372.3409423828125,462.4135437011719
78,player,23,1,802.541015625,420.8402099609375,636.2670288085938,581.1624755859375
78,player,6,0,186.5538330078125,377.8599853515625,60.11646270751953,255.7733612060547
78,player,3,1,649.4149780273438,578.83251953125,391.9450378417969,904.0813598632812
78,player,27,-1,454.2698059082031,301.5782775878906,389.14837646484375,61.273990631103516
78,player,4,1,497.76214599609375,354.4020080566406,405.41680908203125,214.91104125976562
78,player,2,1,630.956787109375,532.329345703125,412.462158203125,781.9315185546875
78,player,22,0,443.53997802734375,294.39373779296875,377.1061706542969,24.417823791503906
79,player,11,1,699.7562255859375,365.68731689453125,598.91357421875,360.5445861816406
79,player,9,1,503.9805603027344,409.52740478515625,371.6454162597656,461.58673095703125
79,player,27,-1,457.630859375,298.2319030761719,391.3644104003906,56.82849884033203
79,player,23,1,811.0380859375,424.522216796875,637.8797607421875,583.5482177734375
79,player,3,1,655.5775756835938,588.1920166015625,395.6007080078125,907.252685546875
79,player,6,0,185.79583740234375,375.21588134765625,58.179473876953125,251.4885711669922
79,player,2,1,630.9591064453125,536.919921875,411.556884765625,791.1143798828125
79,player,4,1,487.2452392578125,319.53070068359375,408.02227783203125,191.27078247070312
79,ball,-1,-1,899.31982421875,442.98321533203125,620.3543701171875,445.95306396484375
80,player,11,1,700.700439453125,351.10211181640625,602.0584716796875,352.7398376464844
80,player,23,1,808.7002563476562,421.3265380859375,639.2364501953125,581.9305419921875
80,player,9,1,502.31756591796875,408.9185791015625,370.7569580078125,460.2418518066406
80,player,3,1,660.16259765625,588.98095703125,399.050048828125,910.1180419921875
80,player,2,1,632.922607421875,537.294921875,411.44866943359375,797.4992065429688
80,player,4,1,485.5774841308594,320.017822265625,408.9461669921875,176.34384155273438
80,player,6,0,183.7233123779297,375.67138671875,56.08970642089844,249.0169677734375
80,player,22,0,448.874755859375,290.5729064941406,381.9998779296875,20.030427932739258
80,player,29,-1,464.74859619140625,299.76849365234375,402.4801940917969,58.05804443359375
80,ball,-1,-1,901.78466796875,442.3658447265625,626.8619384765625,462.7868957519531
81,player,11,1,703.100341796875,353.2475891113281,604.1968383789062,350.4345703125
81,player,23,1,811.7437133789062,423.38232421875,640.3909301757812,583.0631103515625
81,player,9,1,500.8802795410156,408.8266906738281,369.7120666503906,459.1217041015625
81,player,3,1,660.1344604492188,588.776123046875,401.32073974609375,911.8472900390625
81,player,6,0,182.40870666503906,372.8753662109375,54.374473571777344,243.70175170898438
81,player,28,-1,491.499267578125,340.08245849609375,402.54541015625,226.8005828857422
81,player,22,0,446.53814697265625,291.0996398925781,384.0892639160156,17.627256393432617
81,player,7,1,637.12158203125,533.533203125,397.2529296875,847.85400390625
82,player,5,1,713.6349487304688,346.4014892578125,593.3726196289062,407.509765625
82,player,9,1,499.553466796875,408.5723876953125,368.635986328125,457.989501953125
82,player,23,1,814.6593017578125,424.14788818359375,641.787109375,584.773681640625
82,player,3,1,661.4690551757812,588.5172729492188,403.1947937011719,912.8917846679688
82,player,7,1,637.9761962890625,531.9634399414062,404.59405517578125,830.8610229492188
82,player,28,-1,494.6800537109375,367.67901611328125,397.1454772949219,261.0960693359375
82,player,22,0,445.5430908203125,290.040771484375,385.3173828125,14.295218467712402
82,player,6,0,180.52981567382812,371.04620361328125,52.62541961669922,237.67208862304688
83,player,5,1,715.9764404296875,343.7227783203125,606.3331298828125,376.3932800292969
83,player,15,1,822.753662109375,425.39337158203125,617.888916015625,623.8295288085938
83,player,9,1,498.08990478515625,408.8717956542969,367.37945556640625,457.4131164550781
83,player,6,0,176.38914489746094,371.2723388671875,49.85432434082031,233.5128173828125
83,player,7,1,637.460693359375,533.6000366210938,408.9045104980469,820.9763793945312
83,player,28,-1,500.4377136230469,381.0338134765625,392.66412353515625,299.4554443359375
83,player,22,0,447.37384033203125,290.4046630859375,386.7685546875,12.96523380279541
83,player,3,1,664.424072265625,586.595947265625,405.5345458984375,912.5274658203125
83,player,27,-1,447.71563720703125,291.5489501953125,390.53912353515625,42.4095344543457
84,player,5,1,715.4801025390625,348.5148620605469,612.8856811523438,361.74761962890625
84,player,15,1,822.6189575195312,424.00048828125,629.6383056640625,611.870361328125
84,player,6,0,174.47833251953125,369.6883850097656,47.38459777832031,228.52883911132812
84,player,9,1,498.43939208984375,409.1600341796875,366.6220397949219,457.375732421875
84,player,7,1,642.219970703125,535.0494995117188,412.7642822265625,815.9586181640625
84,player,28,-1,505.44708251953125,376.86444091796875,392.4549560546875,320.2218933105469
84,player,3,1,670.7679443359375,586.049560546875,408.830078125,912.3514404296875
84,player,27,-1,450.5428466796875,291.0699462890625,391.28070068359375,32.736656188964844
85,player,7,1,645.2801513671875,535.283203125,416.0864562988281,813.0914306640625
85,player,5,1,717.9542236328125,351.15533447265625,617.0699462890625,355.5874328613281
85,player,9,1,499.0576477050781,408.6351318359375,366.4466552734375,456.8682861328125
85,player,6,0,172.5191192626953,369.5914306640625,45.01365661621094,224.912109375
85,player,15,1,824.3160400390625,424.04132080078125,637.7796630859375,604.290771484375
85,player,28,-1,504.8246765136719,385.88372802734375,390.072998046875,343.817138671875
85,player,3,1,676.5640869140625,582.9329833984375,413.0707702636719,910.6028442382812
85,player,27,-1,454.7467041015625,290.4713134765625,393.63446044921875,26.175233840942383
85,player,30,-1,858.8103637695312,426.9307861328125,680.0382690429688,606.7284545898438
86,player,7,1,647.8564453125,535.3032836914062,418.9642333984375,811.4310302734375
86,player,6,0,170.65310668945312,369.48516845703125,42.743385314941406,222.1837158203125
86,player,23,1,842.3037719726562,427.07720947265625,650.1453247070312,591.0918579101562
86,player,5,1,721.574951171875,352.8677062988281,620.4327392578125,353.9789123535156
86,player,9,1,496.8751220703125,409.4295654296875,365.43115234375,457.1392822265625
86,player,3,1,679.8272094726562,582.100341796875,416.843994140625,909.1403198242188
86,player,28,-1,505.6636657714844,386.6828918457031,388.639892578125,360.1353454589844
86,player,22,0,455.7395324707031,289.5928039550781,391.3412780761719,12.133695602416992
86,ball,-1,-1,919.4683227539062,398.9632568359375,637.6190795898438,469.6552734375
87,player,6,0,169.0780029296875,369.52227783203125,40.64565658569336,220.255126953125
87,player,7,1,650.3916625976562,534.9900512695312,421.6065673828125,810.309814453125
87,player,5,1,723.2734375,350.335693359375,624.0928955078125,350.20440673828125
87,player,9,1,490.1652526855469,408.7535400390625,362.6331787109375,455.9073181152344
87,player,3,1,681.5992431640625,581.7430419921875,419.83172607421875,908.073974609375
87,player,4,1,510.46502685546875,379.4124755859375,404.22320556640625,243.66732788085938
87,player,23,1,843.2059936523438,425.00152587890625,656.535888671875,593.3955688476562
87,player,27,-1,458.6338806152344,290.556884765625,396.723876953125,22.630603790283203
88,player,6,0,167.10971069335938,368.5316467285156,38.5528564453125,217.46572875976562
88,player,5,1,727.0592651367188,347.8316955566406,628.6659545898438,345.2790222167969
88,player,23,1,838.7724609375,429.04986572265625,658.0194702148438,598.1588745117188
88,player,9,1,492.0360107421875,408.70697021484375,361.45880126953125,455.25384521484375
88,player,7,1,654.0968017578125,534.3926391601562,424.479736328125,809.418212890625
88,player,4,1,510.71160888671875,378.3218994140625,401.4897766113281,286.2191162109375
88,player,3,1,687.1787719726562,579.7745361328125,423.61773681640625,906.4683837890625
88,player,27,-1,458.6866760253906,290.5406494140625,398.7578125,20.30988883972168
89,player,6,0,165.1697998046875,366.71014404296875,36.50978088378906,213.032470703125
89,player,5,1,727.7254638671875,348.26629638671875,631.7122192382812,342.661865234375
89,player,23,1,847.6151123046875,429.9967041015625,661.3397216796875,602.9061279296875
89,player,9,1,491.329833984375,409.19256591796875,360.3579406738281,455.2628173828125
89,player,4,1,510.8329162597656,379.5064697265625,399.4842224121094,315.2342834472656
89,player,3,1,692.1851806640625,579.1494750976562,427.5225830078125,905.3469848632812
89,player,7,1,654.81787109375,526.11083984375,428.20233154296875,802.8126831054688
90,player,6,0,162.1331787109375,366.9349365234375,33.968658447265625,210.04861450195312
90,player,28,-1,500.704833984375,410.5418701171875,380.9244384765625,395.81915283203125
90,player,7,1,659.558837890625,523.0963745117188,432.57568359375,796.633056640625
90,player,3,1,698.4602661132812,578.0107421875,431.93896484375,904.289306640625
90,player,23,1,841.8311767578125,431.0166015625,661.423828125,606.3859252929688
90,player,5,1,731.7380981445312,350.44976806640625,634.2896728515625,343.9604187011719
90,player,4,1,511.97479248046875,315.92333984375,414.6605224609375,254.9156494140625
91,player,6,0,160.69436645507812,365.8225402832031,31.794536590576172,206.46725463867188
91,player,7,1,662.014404296875,529.9047241210938,434.72760009765625,797.833984375
91,player,28,1,498.52685546875,409.1632995605469,375.4552307128906,417.3521728515625
91,player,5,1,733.8147583007812,347.2447204589844,637.8310546875,341.32373046875
91,player,4,1,516.0326538085938,315.8011474609375,426.11883544921875,216.09706115722656
91,player,30,-1,857.3598022460938,424.64471435546875,680.3676147460938,604.5269775390625
91,player,3,1,706.9752197265625,581.2933349609375,436.4305725097656,906.2881469726562
92,player,6,0,158.6123046875,364.9468994140625,29.59090805053711,202.7178192138672
92,player,4,1,518.3416748046875,314.30743408203125,434.87646484375,189.12539672851562
92,player,28,1,497.41021728515625,408.6878662109375,371.61932373046875,430.7357177734375
92,player,5,1,734.768310546875,353.3837585449219,638.2569580078125,346.81512451171875
92,player,7,1,666.2562255859375,526.3115844726562,438.0513916015625,796.2842407226562
92,player,3,1,713.28759765625,582.5982055664062,440.7598876953125,908.838623046875
92,player,30,-1,852.848388671875,424.37261962890625,679.3092041015625,602.43701171875
93,player,7,1,664.671875,523.3822021484375,440.36639404296875,792.9862060546875
93,player,6,0,157.59088134765625,366.41156005859375,27.69158363342285,202.0677490234375
93,player,4,1,520.2548828125,311.5792236328125,442.0859375,168.07839965820312
93,player,28,1,496.12310791015625,408.09228515625,368.811279296875,438.6774597167969
93,player,5,1,735.825439453125,348.5591125488281,640.62548828125,344.9430236816406
93,player,30,-1,855.3187255859375,428.5187072753906,677.9839477539062,605.0538330078125
93,player,3,1,721.8287353515625,580.3995361328125,446.24658203125,909.6364135742188
94,player,7,1,667.3837890625,521.3094482421875,443.0677795410156,789.500244140625
94,player,5,1,735.265869140625,349.4395446777344,641.6554565429688,344.682373046875
94,player,4,1,524.7274169921875,309.6036682128906,449.0726318359375,152.26480102539062
94,player,28,1,494.70697021484375,407.39581298828125,366.6474609375,442.96112060546875
94,player,6,0,156.59886169433594,367.5115051269531,26.018444061279297,202.95294189453125
94,player,3,1,728.78466796875,577.4424438476562,452.2279052734375,908.6978759765625
94,player,30,-1,858.496826171875,420.19976806640625,680.8806762695312,599.4827880859375
95,player,30,-1,900.4278564453125,436.57733154296875,689.7266845703125,614.2750854492188
95,player,7,1,671.9266357421875,519.319580078125,446.527587890625,786.0867919921875
95,player,4,1,528.6693115234375,312.1627197265625,454.3868408203125,146.09390258789062
95,player,28,1,490.660400390625,407.2308349609375,363.8990783691406,445.146728515625
95,player,5,1,735.550537109375,352.8048095703125,641.2160034179688,348.4244689941406
95,player,6,0,155.3711395263672,367.3254089355469,24.451271057128906,203.12548828125
95,player,3,1,728.3419799804688,580.173828125,455.4564208984375,909.823486328125
96,player,4,1,534.7461547851562,314.5565185546875,459.4719543457031,146.21726989746094
96,player,5,1,739.323486328125,350.8756103515625,642.9111938476562,349.07305908203125
96,player,30,-1,900.8955078125,440.80908203125,694.1803588867188,627.5955200195312
96,player,28,1,487.7845458984375,407.8553466796875,361.0087585449219,446.9207763671875
96,player,6,0,154.52423095703125,368.0303955078125,23.06888198852539,204.04698181152344
96,player,7,1,674.5572509765625,517.660888671875,449.873291015625,782.8206787109375
97,player,4,1,539.3836669921875,316.50592041015625,463.97528076171875,149.59283447265625
97,player,5,1,737.3585205078125,352.471435546875,642.7685546875,351.10345458984375
97,player,30,-1,899.8331298828125,441.01019287109375,696.6959228515625,636.3350830078125
97,player,7,1,677.1610107421875,517.566650390625,452.807373046875,780.8241577148438
97,player,6,0,154.21905517578125,367.309814453125,22.077354431152344,203.66604614257812
97,player,28,1,483.456787109375,409.4893798828125,357.3335266113281,449.33221435546875
98,player,4,1,541.806884765625,313.71990966796875,468.651611328125,148.31024169921875
98,player,30,-1,906.2205810546875,441.013916015625,700.2015991210938,642.5711669921875
98,player,5,1,737.1334228515625,348.4598083496094,644.04296875,347.7669982910156
98,player,6,0,154.04437255859375,366.74688720703125,21.385398864746094,202.65960693359375
98,player,7,1,678.7230834960938,517.1796875,455.240478515625,779.353515625
98,player,28,1,480.5106201171875,409.448486328125,353.95123291015625,450.54791259765625
98,player,31,-1,728.7733154296875,389.714111328125,598.4140014648438,468.06329345703125
98,player,3,1,732.9230346679688,584.2948608398438,457.9394226074219,913.49267578125
98,player,32,-1,483.33642578125,327.60418701171875,402.65386962890625,177.0782470703125
99,player,30,-1,911.3221435546875,439.579833984375,704.4620361328125,645.8314819335938
99,player,7,1,686.0796508789062,517.51708984375,458.8360595703125,779.2084350585938
99,player,5,1,739.3147583007812,353.877197265625,643.66845703125,352.0875549316406
99,player,4,1,543.1114501953125,312.4731750488281,472.56292724609375,145.9416961669922
99,player,6,0,154.34408569335938,363.4542236328125,21.184165954589844,197.71356201171875
99,player,28,1,479.5812072753906,409.73016357421875,351.3814697265625,451.53558349609375
99,player,31,-1,729.69775390625,381.1347351074219,601.4805908203125,459.1878662109375
99,player,32,-1,484.25274658203125,318.2589111328125,405.4034118652344,164.52239990234375
99,ball,-1,-1,963.1777954101562,367.26025390625,653.5765380859375,469.7707214355469
100,player,4,1,543.8298950195312,312.2188720703125,475.4566650390625,144.1505584716797
100,player,7,1,687.997802734375,518.2548828125,461.55712890625,779.8125
100,player,6,0,154.19436645507812,365.8934326171875,20.89777374267578,197.69175720214844
100,player,5,1,742.2437744140625,357.5870056152344,643.0988159179688,359.44012451171875
100,player,28,1,477.31317138671875,409.3115539550781,349.0212707519531,451.50103759765625
100,player,30,-1,911.8916015625,427.8375244140625,711.4725341796875,637.7286376953125
100,player,31,-1,731.6907958984375,376.21246337890625,605.7517700195312,448.38677978515625
100,player,33,-1,902.689208984375,396.84539794921875,748.8919677734375,538.1995239257812
100,ball,-1,-1,963.0928344726562,368.51483154296875,668.1268310546875,470.170166015625
101,player,4,1,545.469482421875,310.8370666503906,478.3827209472656,141.30438232421875
101,player,6,0,155.13543701171875,365.00311279296875,21.121416091918945,196.63131713867188
101,player,7,1,689.2640991210938,518.397705078125,463.6531982421875,780.40771484375
101,player,28,1,475.53558349609375,409.42626953125,346.859619140625,451.4122314453125
101,player,5,1,742.06005859375,364.8315124511719,640.1239013671875,372.2894287109375
101,player,33,-1,896.7880249023438,404.395751953125,744.2530517578125,544.8619384765625
102,player,4,1,546.17626953125,310.31689453125,480.7135009765625,138.83187866210938
102,player,7,1,695.077880859375,519.5322875976562,466.4119567871094,782.080078125
102,player,28,1,474.5081481933594,409.5858459472656,345.0736999511719,451.4139099121094
102,player,6,0,153.90655517578125,363.30816650390625,20.843547821044922,193.54421997070312
102,player,5,1,742.7607421875,372.24700927734375,635.8751220703125,388.82525634765625
102,player,33,-1,905.9797973632812,419.56103515625,738.5110473632812,564.1294555664062
102,player,34,-1,533.0823974609375,309.4117736816406,471.4281921386719,125.45643615722656
103,player,30,-1,925.6756591796875,427.4688415527344,720.245361328125,633.362548828125
103,player,7,1,696.8587646484375,518.264404296875,468.984130859375,782.354248046875
103,player,28,1,474.2537536621094,409.60540771484375,343.82244873046875,451.4088134765625
103,player,4,1,548.824462890625,310.3282470703125,483.24053955078125,137.60626220703125
103,player,6,0,153.89678955078125,363.40606689453125,20.655189514160156,191.66583251953125
103,player,5,1,744.7482299804688,366.2489318847656,635.8369140625,393.24896240234375
104,player,7,1,698.8045043945312,518.4603271484375,471.16241455078125,782.8253784179688
104,player,30,-1,931.0625,433.21685791015625,725.49169921875,636.0503540039062
104,player,28,1,474.2730712890625,410.24639892578125,342.8918151855469,452.07904052734375
104,player,4,1,547.41455078125,311.6014709472656,483.9556884765625,138.37440490722656
104,player,6,0,153.87384033203125,363.9422607421875,20.50257110595703,191.15042114257812
104,player,5,1,742.6121826171875,368.14453125,634.4429931640625,397.969482421875
104,player,33,-1,914.004638671875,411.1779479980469,740.2422485351562,569.6968994140625
105,player,7,1,700.9727172851562,519.2689819335938,473.01251220703125,783.89794921875
105,player,28,1,475.45916748046875,411.0028076171875,342.54412841796875,453.4296569824219
105,player,6,0,152.8876495361328,364.2567443847656,19.99755096435547,191.10055541992188
105,player,4,1,547.34375,312.11029052734375,484.2392578125,139.56509399414062
105,player,33,-1,917.079345703125,428.88739013671875,735.8973388671875,589.6333618164062
105,player,5,1,739.3975830078125,370.3717041015625,631.7020263671875,403.11737060546875
105,player,31,-1,754.8018798828125,370.482177734375,618.1370239257812,437.6829833984375
106,player,7,1,702.0914306640625,518.2608642578125,474.75201416015625,783.9271240234375
106,player,30,-1,943.353271484375,437.6190185546875,730.93798828125,642.675048828125
106,player,28,1,475.6851806640625,409.72662353515625,342.64208984375,452.99639892578125
106,player,6,0,152.41763305664062,364.21624755859375,19.483247756958008,190.95278930664062
106,player,4,1,549.3471069335938,313.30889892578125,484.82598876953125,142.26019287109375
106,player,31,-1,746.8187255859375,364.57574462890625,625.5831909179688,423.390869140625
106,player,5,1,740.1878051757812,370.3131103515625,630.2036743164062,406.48583984375
106,player,32,-1,481.96636962890625,294.9342346191406,412.59368896484375,122.64362335205078
107,player,7,1,706.5896606445312,519.3759765625,476.9039306640625,785.1150512695312
107,player,28,1,477.035400390625,409.957275390625,343.1203918457031,453.09796142578125
107,player,4,1,548.8016357421875,312.0589294433594,485.37799072265625,142.22036743164062
107,player,6,0,150.65013122558594,363.3870849609375,18.47405242919922,189.52745056152344
107,player,30,-1,949.34814453125,439.08404541015625,735.702392578125,648.7525024414062
107,player,31,-1,759.7664794921875,351.7060852050781,639.412109375,401.0998229980469
107,player,5,1,741.3359375,373.81915283203125,628.4209594726562,412.5958251953125
107,player,32,-1,485.9908752441406,290.17919921875,420.2344970703125,88.89500427246094
107,ball,-1,-1,955.36865234375,367.9461364746094,681.0139770507812,470.2216796875
108,player,7,1,709.8154296875,519.8165893554688,479.1123046875,786.456298828125
108,player,28,1,474.05780029296875,409.57452392578125,342.49200439453125,452.4504699707031
108,player,33,-1,929.6080322265625,434.29193115234375,734.859130859375,608.43505859375
108,player,4,1,549.7477416992188,310.62640380859375,486.53515625,140.3486328125
108,player,6,0,149.39968872070312,363.72613525390625,17.305587768554688,188.88455200195312
108,player,31,-1,764.8114013671875,350.5650634765625,650.53662109375,385.8829040527344
108,player,32,-1,487.19451904296875,287.5971374511719,426.4332580566406,63.224430084228516
109,player,7,1,710.6364135742188,520.0748291015625,480.72113037109375,787.5812377929688
109,player,4,1,552.628662109375,310.9391784667969,488.294189453125,139.96087646484375
109,player,28,1,470.2694091796875,408.59051513671875,340.9814147949219,450.59698486328125
109,player,33,-1,932.022705078125,429.35498046875,736.6470947265625,616.5498657226562
109,player,31,-1,767.31396484375,362.95758056640625,654.0721435546875,390.1986999511719
109,player,6,0,148.78582763671875,364.0229797363281,16.289934158325195,188.77822875976562
109,player,32,-1,489.2370910644531,288.67822265625,430.97430419921875,48.4906120300293
110,player,7,1,710.5308837890625,520.6074829101562,481.619140625,788.6995849609375
110,player,28,1,469.02264404296875,410.35504150390625,339.23651123046875,451.1143798828125
110,player,4,1,553.2001342773438,311.6101379394531,489.4501953125,140.71206665039062
110,player,6,0,148.3745574951172,364.31451416015625,15.454946517944336,189.0401611328125
110,player,31,-1,768.0015869140625,363.4628601074219,656.4177856445312,393.63677978515625
110,player,32,-1,488.43646240234375,290.0961608886719,433.1920471191406,40.93808364868164
110,player,33,1,939.0670166015625,428.85076904296875,740.0658569335938,622.0032958984375
110,player,36,-1,967.5042114257812,461.35565185546875,737.2735595703125,717.1256103515625
111,player,7,1,711.3262939453125,520.8236083984375,482.37823486328125,789.6460571289062
111,player,28,1,468.11737060546875,409.59259033203125,337.9390563964844,450.5556640625
111,player,4,1,555.26171875,313.29815673828125,490.4709167480469,143.799072265625
111,player,6,0,148.35726928710938,364.6952819824219,14.8917236328125,189.71084594726562
111,player,32,0,486.077880859375,289.0238952636719,433.9910583496094,34.05134963989258
111,player,36,-1,969.9158935546875,468.11334228515625,735.6641235351562,722.708984375
111,player,31,-1,770.080078125,363.549560546875,658.6043090820312,396.1959228515625
111,player,33,1,939.650390625,441.03936767578125,738.1312255859375,636.1529541015625
111,ball,-1,-1,873.5181884765625,410.22705078125,683.2730102539062,477.937255859375
112,player,4,1,556.6251220703125,313.784912109375,491.5042724609375,146.65682983398438
112,player,7,1,711.7421264648438,519.7337646484375,483.23040771484375,789.4840698242188
112,player,28,1,467.28985595703125,408.77264404296875,336.9696044921875,449.242919921875
112,player,6,0,147.9002685546875,365.47821044921875,14.315475463867188,191.1185302734375
112,player,31,-1,772.338623046875,364.24853515625,660.5255737304688,398.87591552734375
112,player,33,1,949.1690673828125,432.775390625,742.5804443359375,639.0626220703125
112,player,36,-1,975.838134765625,467.8826904296875,736.3516845703125,726.626953125
112,player,32,0,488.36737060546875,287.7094421386719,435.8171081542969,27.924901962280273
113,player,7,1,711.125,520.705078125,483.39532470703125,790.0531005859375
113,player,28,1,466.71807861328125,408.495849609375,336.19683837890625,448.03765869140625
113,player,4,1,559.6156005859375,315.0096130371094,492.93646240234375,150.5889129638672
113,player,31,0,775.0105590820312,359.2181091308594,664.4984130859375,395.35443115234375
113,player,6,0,147.40663146972656,369.4206237792969,13.607069969177246,197.12722778320312
113,player,33,1,946.2667236328125,438.06842041015625,742.7345581054688,645.2699584960938
113,player,36,-1,977.94921875,471.33447265625,736.224609375,732.0556640625
113,player,5,1,747.46728515625,373.99053955078125,629.2352294921875,417.4122009277344
113,player,32,0,489.81451416015625,289.47174072265625,437.0762939453125,26.834501266479492
114,player,7,1,711.2606201171875,521.29345703125,483.41021728515625,790.8687133789062
114,player,28,1,465.6793518066406,407.970458984375,335.439453125,446.5902099609375
114,player,4,1,561.5936279296875,315.5458068847656,494.45257568359375,154.14031982421875
114,player,31,0,778.1388549804688,361.22039794921875,667.39111328125,395.6331787109375
114,player,6,0,148.71475219726562,365.1143493652344,13.818347930908203,195.56704711914062
114,player,5,1,750.2999267578125,374.7078857421875,630.456787109375,421.6170654296875
114,player,33,1,940.8167114257812,435.05877685546875,742.3138427734375,646.2406616210938
114,player,32,0,489.265869140625,288.6745910644531,437.90496826171875,24.83599853515625
114,player,36,-1,996.025146484375,471.7498779296875,741.0198974609375,737.3294677734375
115,player,7,1,714.52197265625,519.6580810546875,484.6988830566406,790.4305419921875
115,player,28,1,464.8170166015625,405.2658996582031,335.16802978515625,442.6905822753906
115,player,4,1,562.7208251953125,315.0238037109375,496.02593994140625,155.8932342529297
115,player,31,0,778.5985107421875,363.62982177734375,668.5438232421875,398.51873779296875
115,player,6,0,147.5806427001953,365.1818542480469,13.500659942626953,194.4927215576172
115,player,36,-1,996.6605224609375,470.38946533203125,744.77734375,739.74609375
115,player,33,1,942.9196166992188,440.875,740.5990600585938,652.0471801757812
115,player,5,1,752.6767578125,376.39935302734375,631.4586181640625,426.4123229980469
115,player,32,0,490.2889404296875,288.82977294921875,438.8115234375,23.926666259765625
115,player,30,-1,981.8255615234375,471.15179443359375,736.9423828125,681.5996704101562
115,ball,-1,-1,995.5133056640625,406.2730407714844,694.112060546875,486.7965087890625
116,player,28,1,462.878662109375,406.61920166015625,334.0682678222656,441.3876037597656
116,player,4,1,566.0655517578125,315.36614990234375,498.20928955078125,157.94932556152344
116,player,7,1,719.4295654296875,518.6372680664062,487.1435546875,789.7547607421875
116,player,31,0,783.5723876953125,360.226806640625,672.1990356445312,397.19244384765625
116,player,30,0,982.198974609375,472.17669677734375,737.507080078125,703.78076171875
116,player,6,0,148.8873291015625,370.28314208984375,13.633951187133789,200.6322021484375
116,player,33,1,942.345703125,459.25225830078125,733.0211181640625,671.0753784179688
116,player,32,0,493.3763427734375,286.39862060546875,441.3622741699219,20.106815338134766
116,player,5,1,753.640380859375,381.8373107910156,630.588134765625,435.38189697265625
116,ball,-1,-1,999.4022827148438,407.5965576171875,704.2267456054688,495.3064270019531
117,player,28,1,461.47564697265625,406.08563232421875,332.9731140136719,439.8249206542969
117,player,4,1,568.0157470703125,316.8090515136719,499.91827392578125,161.49789428710938
117,player,7,1,721.49658203125,518.9298095703125,489.2467956542969,789.6873779296875
117,player,31,0,786.8899536132812,360.32464599609375,675.64453125,396.8057861328125
117,player,30,0,982.240966796875,472.5738525390625,737.7522583007812,718.51171875
117,player,6,0,149.07223510742188,371.3462219238281,13.75616455078125,206.0224609375
117,player,5,1,754.6940307617188,381.572998046875,630.455810546875,441.0455017089844
117,player,32,0,492.0711669921875,285.76953125,442.6774597167969,16.464033126831055
117,player,33,1,944.9791870117188,461.1214294433594,728.2182006835938,685.175537109375
118,player,28,1,457.604248046875,406.53887939453125,330.8461608886719,438.8788757324219
118,player,4,1,569.339111328125,316.62640380859375,501.5850830078125,163.73629760742188
118,player,30,0,982.6156005859375,473.37103271484375,737.7479248046875,728.7371826171875
118,player,7,1,723.55029296875,517.3326416015625,491.5523681640625,788.6099853515625
118,player,31,0,784.2869873046875,363.9161682128906,675.693603515625,400.2188415527344
118,player,6,0,149.8429412841797,371.87066650390625,14.121358871459961,210.3023681640625
118,player,5,1,758.5003662109375,377.84686279296875,632.8798828125,441.19891357421875
118,player,32,0,491.5013427734375,285.0867919921875,443.50299072265625,12.963427543640137
119,player,28,1,456.6280517578125,406.37200927734375,329.1594543457031,437.9826354980469
119,player,7,1,728.6329345703125,516.8602905273438,494.586181640625,787.939208984375
119,player,4,1,570.2218017578125,316.4478759765625,503.0570983886719,165.06936645507812
119,player,30,0,982.8270874023438,471.022705078125,738.593994140625,733.5675048828125
119,player,6,0,147.70880126953125,369.47003173828125,13.598997116088867,209.70016479492188
119,player,5,1,760.4769287109375,382.7777099609375,633.4283447265625,446.6944885253906
119,player,31,0,786.7582397460938,361.5142822265625,677.4310913085938,400.07122802734375
119,player,32,0,491.05194091796875,284.4377746582031,444.04913330078125,9.622673988342285
120,player,28,1,456.54400634765625,405.1837158203125,328.25689697265625,436.125244140625
120,player,7,1,731.2183837890625,516.6917724609375,497.32257080078125,787.5716552734375
120,player,6,0,149.19041442871094,370.8232727050781,13.798669815063477,211.25576782226562
120,player,30,0,984.7658081054688,470.47857666015625,739.866943359375,736.4339599609375
120,player,4,1,569.9490966796875,315.72601318359375,504.1358642578125,164.92489624023438
120,player,31,0,789.7161254882812,363.6860656738281,678.7401123046875,402.68426513671875
120,player,5,1,760.3868408203125,383.6681213378906,633.455322265625,451.1860656738281
120,player,32,0,491.0149230957031,287.7364196777344,443.4178161621094,12.488492965698242
120,player,36,-1,956.4993896484375,464.8638916015625,737.8646240234375,733.7548217773438
121,player,28,1,455.55084228515625,405.2222900390625,327.321044921875,434.8529968261719
121,player,6,0,150.29627990722656,371.41717529296875,14.34427261352539,213.17727661132812
121,player,7,1,740.8856811523438,515.572509765625,502.0722961425781,787.2244262695312
121,player,31,0,790.87158203125,360.016357421875,681.3370361328125,400.47515869140625
121,player,4,1,571.4615478515625,315.38372802734375,505.51531982421875,164.5723419189453
121,player,30,0,987.163818359375,468.1912536621094,742.1390380859375,736.6903686523438
121,player,5,1,760.7144775390625,375.48016357421875,636.3693237304688,445.51025390625
121,player,32,0,490.8280029296875,287.7055969238281,442.94091796875,14.276100158691406
121,player,36,0,958.19580078125,462.4344482421875,734.6655883789062,728.0491333007812
122,player,28,1,454.12335205078125,405.61199951171875,326.1484375,434.2893371582031
122,player,6,0,150.37411499023438,372.69207763671875,14.683706283569336,216.07904052734375
122,player,7,1,746.19775390625,514.7647094726562,506.838134765625,786.7955322265625
122,player,31,0,793.028076171875,360.8766784667969,683.4210815429688,400.2266845703125
122,player,4,1,572.507080078125,315.61767578125,506.7335205078125,164.80029296875
122,player,5,1,760.07958984375,367.79412841796875,640.73095703125,433.46624755859375
122,player,30,0,985.9934692382812,466.31085205078125,743.9320068359375,735.280029296875
122,player,32,0,490.9091796875,286.8760070800781,442.906982421875,14.18720817565918
122,player,36,0,951.433349609375,460.4134216308594,731.3543701171875,722.160888671875
123,player,28,1,452.9788818359375,405.2711181640625,325.05548095703125,433.4368896484375
123,player,6,0,150.7666473388672,372.3265075683594,15.07229995727539,217.54525756835938
123,player,30,0,984.886474609375,471.7209167480469,742.9503173828125,738.5283203125
123,player,31,0,793.4859619140625,362.91326904296875,684.169189453125,402.35247802734375
123,player,4,1,573.9371337890625,316.81378173828125,507.6899719238281,166.7528076171875
123,player,5,1,760.278564453125,368.0028076171875,643.5587158203125,425.8867492675781
123,player,7,1,760.333984375,513.360107421875,514.2288818359375,786.5311889648438
123,player,32,0,491.1246337890625,286.76666259765625,443.0042419433594,13.995414733886719
124,player,30,0,984.76953125,473.75335693359375,741.5955200195312,742.2139892578125
124,player,28,1,453.0032958984375,406.22991943359375,324.1753845214844,433.90789794921875
124,player,6,0,150.4866943359375,373.487060546875,15.172683715820312,219.95370483398438
124,player,4,1,576.94677734375,316.9544677734375,509.4005126953125,168.61463928222656
124,player,31,0,790.890380859375,363.20452880859375,683.6870727539062,403.7687072753906
124,player,5,1,760.95263671875,366.6265563964844,646.1064453125,419.5316162109375
124,player,7,1,769.3486938476562,511.7552490234375,521.94384765625,785.839599609375
124,player,32,0,491.8619079589844,286.5509948730469,443.429443359375,13.653787612915039
124,ball,-1,-1,997.6156005859375,398.61920166015625,714.2445068359375,501.1961669921875
125,player,30,0,984.4923706054688,480.52337646484375,738.3837890625,749.8067626953125
125,player,28,1,453.1614685058594,405.051513671875,323.8768310546875,432.9739074707031
125,player,6,0,150.4544677734375,374.5136413574219,15.188421249389648,222.82980346679688
125,player,4,1,578.9292602539062,316.8815002441406,511.281005859375,169.99249267578125
125,player,31,0,786.669921875,363.7618713378906,681.7684936523438,404.8369445800781
125,player,5,1,761.6805419921875,366.4154357910156,648.0795288085938,415.2495422363281
125,player,7,1,774.330810546875,506.89727783203125,529.5531616210938,782.1209716796875
125,player,32,0,492.16156005859375,286.0685729980469,443.96942138671875,12.7406005859375
126,player,30,0,984.5999145507812,484.3104248046875,735.0806274414062,757.632568359375
126,player,4,1,580.5101928710938,316.15618896484375,513.3275756835938,170.12551879882812
126,player,28,1,452.70989990234375,404.54937744140625,323.6205749511719,431.7815246582031
126,player,6,0,149.72799682617188,374.8289794921875,14.901922225952148,225.0095977783203
126,player,5,1,762.848876953125,367.16473388671875,649.4854125976562,413.41265869140625
126,player,31,0,789.0567016601562,364.1380615234375,681.1742553710938,406.2039794921875
126,player,7,1,777.370361328125,509.81982421875,534.6250610351562,782.130126953125
126,player,32,0,492.23223876953125,286.3072509765625,444.27862548828125,12.522405624389648
126,player,37,-1,914.6151123046875,605.13427734375,581.356689453125,988.813720703125
127,player,28,1,452.97967529296875,403.380126953125,323.765380859375,429.7821044921875
127,player,4,1,584.0748901367188,315.0731506347656,516.3447265625,169.23269653320312
127,player,6,0,149.4432373046875,375.45318603515625,14.581863403320312,227.18695068359375
127,player,30,0,988.9797973632812,493.99334716796875,730.9881591796875,770.297607421875
127,player,37,-1,920.8106689453125,601.3843994140625,583.76611328125,986.9761962890625
127,player,5,1,763.6014404296875,368.23468017578125,650.27099609375,413.46636962890625
127,player,31,0,790.4414672851562,363.2055358886719,681.5911254882812,406.22406005859375
127,player,7,1,776.3290405273438,513.0912475585938,536.8231201171875,784.49755859375
127,player,32,0,492.4813232421875,286.1577453613281,444.6246337890625,12.190132141113281
127,ball,-1,-1,933.2745361328125,474.6805419921875,712.8818969726562,520.265380859375
128,player,28,1,452.63037109375,402.345458984375,323.93243408203125,427.33233642578125
128,player,30,0,986.966064453125,499.40966796875,726.057373046875,782.36181640625
128,player,6,0,149.55340576171875,375.41082763671875,14.418567657470703,228.562255859375
128,player,4,1,584.6976928710938,314.782470703125,518.633544921875,168.34417724609375
128,player,37,-1,924.7889404296875,597.8370361328125,587.160400390625,983.9190673828125
128,player,5,1,763.9994506835938,368.21673583984375,650.9200439453125,413.52508544921875
128,player,7,1,779.673095703125,514.1256103515625,538.9288940429688,787.0535888671875
128,player,32,0,493.00030517578125,285.9815368652344,445.11187744140625,11.783909797668457
128,player,31,0,790.251220703125,364.18377685546875,681.4378051757812,407.2861328125
129,player,30,0,988.8629150390625,503.48980712890625,722.0765991210938,793.3081665039062
129,player,28,1,451.47747802734375,401.2938537597656,323.83892822265625,424.4810791015625
129,player,6,0,148.0977020263672,374.44781494140625,13.773826599121094,228.04010009765625
129,player,4,1,584.2261962890625,314.904296875,519.9046630859375,167.8675079345703
129,player,7,1,781.7498779296875,514.3239135742188,540.8265380859375,789.0166015625
129,player,37,-1,928.0947265625,599.9036254882812,589.6893310546875,983.355224609375
129,player,5,1,766.3533325195312,371.63519287109375,650.9176025390625,417.5166015625
129,player,31,0,799.8975219726562,362.9381103515625,684.993896484375,407.6703796386719
129,player,32,0,493.02618408203125,282.9879455566406,446.3292236328125,6.925236701965332
129,player,35,-1,780.6976318359375,363.88873291015625,672.4083251953125,405.3472595214844
130,player,30,0,990.3146362304688,506.6376953125,718.8926391601562,802.7965087890625
130,player,28,1,448.674072265625,401.7041015625,322.7298889160156,422.76776123046875
130,player,6,0,147.8545684814453,374.86090087890625,13.244959831237793,228.197998046875
130,player,7,1,784.9978637695312,514.9928588867188,542.79736328125,791.0287475585938
130,player,4,1,589.24072265625,316.1659240722656,522.2103271484375,169.927490234375
130,player,37,-1,929.3306274414062,597.9500122070312,592.1071166992188,981.9053955078125
130,player,5,1,766.2120361328125,370.7872619628906,651.1671752929688,419.18212890625
130,player,31,0,802.2045288085938,361.81500244140625,688.4902954101562,406.9437255859375
130,player,32,0,493.1434020996094,283.08489990234375,447.13922119140625,3.9347944259643555
131,player,30,0,990.9314575195312,507.36749267578125,716.7603149414062,809.5318603515625
131,player,28,1,446.90869140625,399.1356201171875,321.87396240234375,418.67730712890625
131,player,6,0,147.16001892089844,373.408203125,12.677282333374023,226.35037231445312
131,player,7,1,783.974609375,517.0802612304688,543.2798461914062,793.7978515625
131,player,31,0,805.7049560546875,368.260498046875,689.508544921875,413.846435546875
131,player,5,1,767.800048828125,371.19232177734375,651.7116088867188,420.872802734375
131,player,32,0,492.87481689453125,282.31048583984375,447.7879943847656,0.752763032913208
131,player,4,1,590.027587890625,315.7547607421875,524.136962890625,170.8201141357422
131,player,37,-1,928.63720703125,592.843994140625,594.740966796875,977.8735961914062
132,player,30,0,992.7962036132812,508.66253662109375,715.4685668945312,814.9703369140625
132,player,28,1,446.255615234375,399.13616943359375,321.0902099609375,415.94793701171875
132,player,6,0,148.74124145507812,366.51348876953125,13.174554824829102,216.40499877929688
132,player,7,1,792.552978515625,517.6500854492188,545.8270263671875,796.649658203125
132,player,31,0,805.9313354492188,367.9337158203125,690.3659057617188,418.0062255859375
132,player,5,1,767.4007568359375,371.5399169921875,651.8114013671875,422.3029479980469
132,player,4,1,590.322021484375,315.5927734375,525.5521240234375,171.22225952148438
132,player,32,0,492.8880920410156,282.252197265625,448.23260498046875,-1.4037306308746338
132,player,37,-1,939.58740234375,594.0302734375,598.880615234375,976.6263427734375
133,player,30,0,994.2084350585938,508.9803466796875,714.9064331054688,818.833740234375
133,player,28,1,444.3428649902344,399.01202392578125,319.9377746582031,413.830078125
133,player,6,0,148.2534637451172,366.85064697265625,13.291630744934082,210.31874084472656
133,player,7,1,794.0235595703125,519.9368896484375,547.322509765625,800.2811279296875
133,player,5,1,770.44384765625,373.99224853515625,652.0186767578125,426.1881103515625
133,player,4,1,589.9383544921875,315.53045654296875,526.3480224609375,171.34848022460938
133,player,31,0,806.693115234375,366.47900390625,691.7149658203125,419.2244873046875
133,player,32,0,493.13018798828125,282.84088134765625,448.4440002441406,-1.8578507900238037
133,player,37,0,944.5831298828125,593.728759765625,602.8824462890625,975.9373779296875
134,player,30,0,994.0736083984375,508.04132080078125,714.7977905273438,820.664794921875
134,player,28,1,443.12835693359375,398.8138427734375,318.80218505859375,412.1048278808594
134,player,4,1,590.3743896484375,316.3004150390625,526.7803955078125,172.5220947265625
134,player,6,0,146.87136840820312,367.498046875,12.795214653015137,207.02978515625
134,player,7,1,798.8609008789062,512.2816772460938,551.5472412109375,797.37890625
134,player,5,1,767.0543212890625,375.72235107421875,650.4361572265625,430.19549560546875
134,player,31,0,804.65380859375,363.8126220703125,692.91796875,416.9037170410156
134,player,32,0,494.5273132324219,285.0967712402344,448.4759521484375,1.5316050052642822
134,player,37,0,956.2713623046875,596.1050415039062,607.7827758789062,977.606201171875
135,player,30,0,995.5728759765625,493.1531982421875,719.8610229492188,811.138427734375
135,player,28,1,441.1102294921875,398.94482421875,317.33636474609375,410.90594482421875
135,player,6,0,145.1318359375,375.58282470703125,11.514482498168945,215.11614990234375
135,player,5,1,765.9180908203125,370.448974609375,650.8760375976562,427.0264892578125
135,player,7,1,809.5059814453125,506.1341552734375,558.83203125,791.7115478515625
135,player,4,1,591.3228759765625,316.5563659667969,527.33447265625,173.75453186035156
135,player,32,0,494.3868408203125,285.2776794433594,448.38592529296875,3.9904165267944336
135,player,37,0,974.092529296875,594.8673095703125,615.6627197265625,979.02587890625
135,player,31,0,808.1827392578125,362.9830627441406,695.1768188476562,414.876220703125
136,player,28,1,439.49273681640625,397.8848876953125,316.01373291015625,408.79132080078125
136,player,30,0,996.7252807617188,497.54998779296875,722.04736328125,808.267578125
136,player,5,1,765.2160034179688,368.7935485839844,651.5130615234375,423.09814453125
136,player,7,1,807.3751220703125,512.3331298828125,561.376708984375,792.481201171875
136,player,4,1,591.1026611328125,316.0830078125,527.7649536132812,173.89202880859375
136,player,6,0,144.09249877929688,375.442626953125,10.277902603149414,220.0607147216797
136,player,32,0,494.4251403808594,285.0190734863281,448.41986083984375,5.1983184814453125
136,player,37,0,971.7759399414062,596.2044067382812,619.8786010742188,980.6005859375
137,player,28,1,438.6578369140625,396.0968017578125,315.190673828125,405.362060546875
137,player,30,0,999.4334106445312,497.01116943359375,724.3712768554688,806.206787109375
137,player,7,1,813.750244140625,515.1235961914062,564.0794677734375,795.5076904296875
137,player,5,1,765.6525268554688,364.8092041015625,653.48828125,416.2432861328125
137,player,4,1,590.7869873046875,316.0435791015625,527.9391479492188,173.88629150390625
137,player,6,0,142.826171875,375.2814636230469,8.98105525970459,222.9071044921875
137,player,37,0,969.8389892578125,590.3790893554688,623.6142578125,978.0457763671875
137,player,32,0,494.565673828125,284.98126220703125,448.51019287109375,5.946959972381592
137,player,31,0,798.6070556640625,361.27496337890625,694.1200561523438,410.63983154296875
138,player,28,1,434.97052001953125,394.14056396484375,313.7211608886719,400.5648498535156
138,player,30,0,991.7979125976562,498.46771240234375,723.3578491210938,805.3702392578125
138,player,4,1,592.0737915039062,315.7174072265625,528.640625,173.61727905273438
138,player,5,1,765.0242919921875,364.40875244140625,654.7059326171875,411.27862548828125
138,player,37,0,980.6478271484375,590.5097045898438,628.6759643554688,977.1162719726562
138,player,6,0,142.230712890625,374.9980773925781,7.9124860763549805,224.31866455078125
138,player,7,1,822.370361328125,520.8673095703125,566.7376708984375,802.2840576171875
138,player,35,-1,785.2383422851562,363.61541748046875,674.01611328125,405.5457458496094
138,player,32,0,494.7567443847656,285.546630859375,448.47808837890625,7.3284220695495605
139,player,28,1,432.751220703125,393.8021545410156,312.04718017578125,396.8250427246094
139,player,37,0,980.109130859375,590.2911376953125,631.8893432617188,976.34912109375
139,player,4,1,591.29443359375,316.3612976074219,528.595947265625,174.20140075683594
139,player,5,1,764.4933471679688,364.2200927734375,655.3878173828125,407.78570556640625
139,player,6,0,141.7984619140625,374.9951477050781,7.047798156738281,225.17718505859375
139,player,30,0,996.3844604492188,487.4707946777344,727.497314453125,797.025390625
139,player,7,1,835.902099609375,520.7544555664062,572.1912841796875,807.59033203125
139,player,39,-1,984.3121948242188,575.2824096679688,652.0401611328125,949.6602172851562
139,player,32,0,494.90753173828125,285.84515380859375,448.4295654296875,8.705742835998535
140,player,28,1,428.936279296875,393.4779052734375,309.6741943359375,393.6097412109375
140,player,4,1,590.5328369140625,316.9155578613281,528.1027221679688,175.22119140625
140,player,37,0,981.2008056640625,591.4553833007812,633.948486328125,976.6103515625
140,player,5,1,762.4359130859375,368.37677001953125,653.6705322265625,409.83648681640625
140,player,30,0,998.69677734375,460.97869873046875,739.81494140625,771.2742919921875
140,player,6,0,141.34487915039062,374.84112548828125,6.311776161193848,225.47998046875
140,player,7,1,860.131591796875,523.7692260742188,581.5289306640625,814.9418334960938
140,player,31,0,802.46044921875,360.30419921875,695.0769653320312,407.2427978515625
140,player,40,-1,844.0503540039062,522.1802978515625,587.6019897460938,822.0531005859375
140,player,32,0,494.9775390625,286.0932922363281,448.3526611328125,9.990659713745117
141,player,28,1,427.32562255859375,393.55780029296875,307.54949951171875,391.42938232421875
141,player,37,0,993.1209106445312,588.6009521484375,638.95947265625,975.7969970703125
141,player,30,0,997.943115234375,461.3563537597656,747.47802734375,754.7772216796875
141,player,4,1,589.5345458984375,316.4783935546875,527.5487060546875,175.16552734375
141,player,6,0,141.1533203125,374.51470947265625,5.767736434936523,225.23394775390625
141,player,5,1,762.446044921875,372.13787841796875,651.2389526367188,415.239013671875
141,player,7,1,860.9068603515625,522.4393920898438,588.1600341796875,818.82958984375
141,player,31,0,796.63427734375,361.6618957519531,693.255859375,405.88623046875
141,player,32,0,494.67724609375,286.4021301269531,448.0895080566406,11.25149154663086
141,ball,-1,-1,1013.6448974609375,464.77197265625,717.51513671875,537.4815673828125
142,player,28,1,425.0623779296875,394.89715576171875,305.1309814453125,391.24822998046875
142,player,30,0,998.4666748046875,458.5325927734375,753.5982055664062,741.8336791992188
142,player,37,0,995.6468505859375,586.9498901367188,643.2703857421875,974.433349609375
142,player,5,1,762.1423950195312,374.302734375,648.8057861328125,421.04010009765625
142,player,6,0,141.21926879882812,374.53070068359375,5.439621925354004,225.10296630859375
142,player,4,1,591.8121337890625,313.131591796875,529.1298828125,170.92921447753906
142,player,7,1,862.1146240234375,526.6715698242188,591.6795654296875,824.44384765625
142,player,31,0,804.2666015625,361.0623779296875,694.8272705078125,405.1849365234375
142,player,35,-1,781.8038330078125,368.25390625,672.2356567382812,410.35040283203125
142,player,32,0,494.7137145996094,286.0042419433594,448.05126953125,11.469278335571289
143,player,28,1,423.49560546875,399.38043212890625,302.2166748046875,395.898193359375
143,player,30,0,1000.720703125,461.49822998046875,757.1646728515625,735.97705078125
143,player,5,1,761.485107421875,379.760498046875,645.1329345703125,430.5327453613281
143,player,31,0,810.0091552734375,363.7292175292969,696.7384643554688,408.27056884765625
143,player,4,1,593.2935180664062,312.2117919921875,531.01708984375,167.1297149658203
143,player,6,0,140.75038146972656,374.31842041015625,5.04787540435791,224.68548583984375
143,player,37,0,1001.7174072265625,582.09716796875,648.8534545898438,970.99560546875
143,player,7,1,864.1464233398438,532.9951782226562,592.8612670898438,832.66455078125
143,player,32,0,494.724853515625,285.7121276855469,448.11767578125,11.166158676147461
143,player,35,-1,786.14990234375,370.667236328125,671.6405029296875,416.54290771484375
144,player,28,1,422.5269775390625,398.26922607421875,300.17755126953125,397.59527587890625
144,player,30,0,1001.1409912109375,465.5361328125,758.190185546875,735.4088134765625
144,player,5,1,761.1947021484375,377.15155029296875,643.542724609375,433.9144287109375
144,player,4,1,597.16650390625,312.5711669921875,533.583984375,165.67056274414062
144,player,6,0,140.93446350097656,374.0935974121094,4.872585773468018,224.1491241455078
144,player,31,0,805.8660278320312,364.38983154296875,696.3665161132812,410.5434875488281
144,player,7,1,865.0263671875,525.0478515625,595.9486083984375,832.4967651367188
144,player,35,-1,780.5052490234375,369.0376281738281,669.9805297851562,418.2052001953125
144,player,32,0,494.7437744140625,285.1584167480469,448.333251953125,10.124682426452637
144,ball,-1,-1,1032.236083984375,459.8939208984375,723.3568725585938,552.7762451171875
145,player,28,1,421.6927185058594,395.6590881347656,299.0174560546875,395.72674560546875
145,player,5,1,760.5958862304688,380.1595458984375,641.2850952148438,439.22735595703125
145,player,4,1,599.1292724609375,312.84051513671875,535.9016723632812,165.3511962890625
145,player,31,0,810.5191650390625,369.051025390625,695.911865234375,417.5514221191406
145,player,30,0,1002.7967529296875,473.3704528808594,756.6170654296875,741.297119140625
145,player,6,0,141.51849365234375,374.3001708984375,4.982714653015137,224.14048767089844
145,player,7,1,867.1612548828125,527.7213134765625,597.8243408203125,834.4251708984375
145,player,32,0,494.687255859375,284.40020751953125,448.67645263671875,8.276209831237793
145,player,35,-1,784.8728637695312,373.44647216796875,668.759033203125,424.4833068847656
145,ball,-1,-1,1035.193603515625,461.77984619140625,728.7632446289062,567.242919921875
146,player,28,1,421.38201904296875,395.330810546875,298.2117919921875,394.1139831542969
146,player,5,1,760.65869140625,378.53143310546875,640.3931884765625,440.97039794921875
146,player,31,0,813.763916015625,370.94305419921875,695.9732666015625,424.4730224609375
146,player,4,1,599.6961669921875,314.0643005371094,537.216552734375,166.8701934814453
146,player,6,0,140.74417114257812,374.48175048828125,4.743549346923828,224.26861572265625
146,player,30,0,995.6675415039062,465.59442138671875,756.288818359375,738.4776611328125
146,player,37,0,1016.665771484375,579.2462158203125,656.9457397460938,967.9500732421875
146,player,32,0,494.7062683105469,283.56048583984375,449.1583251953125,5.786196231842041
146,ball,-1,-1,1041.849853515625,466.0453796386719,733.8067626953125,581.438720703125
147,player,28,1,420.91796875,394.9627685546875,297.5893859863281,392.60589599609375
147,player,5,1,760.527587890625,379.983642578125,639.275390625,443.62139892578125
147,player,31,0,813.2189331054688,374.40496826171875,694.5567016601562,432.5803527832031
147,player,4,1,600.2201538085938,315.6802978515625,537.7354125976562,170.09669494628906
147,player,37,0,1023.6807861328125,578.81201171875,664.0576171875,966.137451171875
147,player,6,0,140.1238250732422,374.13714599609375,4.3536906242370605,223.83013916015625
147,player,30,0,996.9119873046875,485.18896484375,749.7974853515625,751.86962890625
147,player,39,-1,1014.52099609375,578.2547607421875,658.7555541992188,953.3483276367188
147,player,32,0,494.6523132324219,282.743408203125,449.69451904296875,2.8992345333099365
148,player,28,1,420.3426513671875,394.6485900878906,297.0372009277344,391.2127685546875
148,player,5,1,760.165283203125,380.3140869140625,638.31787109375,445.65411376953125
148,player,4,1,600.1641235351562,314.2100524902344,538.5359497070312,170.21368408203125
148,player,31,0,813.815673828125,381.2395324707031,691.3401489257812,445.04571533203125
148,player,6,0,139.19522094726562,373.897216796875,3.7408390045166016,223.11769104003906
148,player,37,0,1024.79248046875,580.629150390625,668.4586181640625,966.1263427734375
148,player,30,0,996.5465087890625,500.20892333984375,740.6083374023438,771.670166015625
148,player,32,0,494.553955078125,282.94091796875,449.9437561035156,1.3125290870666504
148,player,7,1,880.3515014648438,540.6770629882812,599.17333984375,845.5588989257812
148,player,41,-1,982.5386962890625,534.5918579101562,683.0687255859375,874.4149780273438
149,player,28,1,419.6522216796875,394.38702392578125,296.48065185546875,389.93963623046875
149,player,5,1,759.808349609375,379.0469970703125,638.0098266601562,445.60247802734375
149,player,31,0,814.5050048828125,381.18951416015625,689.4893798828125,453.1678466796875
149,player,4,1,600.5626220703125,315.408203125,538.8106689453125,171.9513702392578
149,player,6,0,138.9436492919922,373.2173156738281,3.2628161907196045,221.7472686767578
149,player,37,0,1033.2200927734375,575.51806640625,674.8059692382812,963.53662109375
149,player,41,-1,980.5482788085938,541.28076171875,680.625,878.7571411132812
149,player,30,0,996.48828125,487.77545166015625,738.638427734375,775.3565673828125
149,player,32,0,494.5255126953125,282.48455810546875,450.23114013671875,-0.42813247442245483
150,player,28,1,419.22857666015625,394.61285400390625,295.9297180175781,389.31610107421875
150,player,5,1,760.005859375,377.65850830078125,638.3486328125,444.12109375
150,player,31,0,813.9432983398438,380.14251708984375,688.48388671875,457.30517578125
150,player,4,1,600.6610107421875,315.45928955078125,539.00927734375,173.16244506835938
150,player,37,0,1035.6407470703125,576.936279296875,679.1363525390625,962.864501953125
150,player,6,0,138.52157592773438,373.172119140625,2.7865731716156006,220.74395751953125
150,player,30,0,998.0897216796875,499.8377685546875,733.8880004882812,786.77978515625
150,player,32,0,494.2740478515625,282.9244384765625,450.18359375,-0.9187345504760742
150,player,41,-1,979.107666015625,539.979248046875,679.0358276367188,880.61669921875
151,player,28,1,418.5650939941406,394.38751220703125,295.37689208984375,388.5863037109375
151,player,5,1,759.9923095703125,375.7198486328125,639.2297973632812,441.096435546875
151,player,31,0,813.2940063476562,379.8197021484375,687.7377319335938,459.59210205078125
151,player,4,1,600.9522705078125,315.92840576171875,539.0930786132812,174.61636352539062
151,player,37,0,1041.1630859375,576.1764526367188,683.5252075195312,962.305419921875
151,player,6,0,137.8388671875,373.92645263671875,2.1858201026916504,220.97512817382812
151,player,30,0,998.62255859375,477.51129150390625,738.26611328125,777.556884765625
151,player,32,0,494.07373046875,282.95635986328125,450.0616149902344,-1.2191519737243652
152,player,28,1,417.263916015625,393.8750305175781,294.6476135253906,387.396240234375
152,player,5,1,760.21630859375,379.190185546875,638.6874389648438,442.834228515625
152,player,31,0,810.5628051757812,381.0990905761719,685.9103393554688,462.12103271484375
152,player,37,0,1049.95556640625,573.190673828125,689.387451171875,960.665771484375
152,player,4,1,601.792236328125,319.5014953613281,538.2920532226562,180.42333984375
152,player,6,0,137.2156524658203,374.2182312011719,1.5410754680633545,221.4204864501953
152,player,30,0,1000.8990478515625,483.44964599609375,739.748046875,776.2610473632812
152,player,41,-1,947.8703002929688,549.1405029296875,667.36279296875,885.8026123046875
152,player,32,0,493.94952392578125,282.8799743652344,449.95465087890625,-1.5514529943466187
153,player,31,0,811.6888427734375,382.2438049316406,684.6739501953125,465.06402587890625
153,player,37,0,1055.8775634765625,571.037109375,695.2733154296875,958.6499633789062
153,player,28,1,416.0955810546875,393.2348937988281,293.8722229003906,385.77789306640625
153,player,5,1,760.2705688476562,382.16595458984375,637.342529296875,447.0962829589844
153,player,6,0,143.09622192382812,373.55584716796875,3.462484836578369,221.6133270263672
153,player,4,1,602.464599609375,319.4541015625,538.0369262695312,184.22393798828125
153,player,41,-1,970.5873413085938,543.6786499023438,667.16015625,887.0827026367188
153,player,30,0,992.732666015625,487.87579345703125,737.0234985351562,778.13232421875
153,player,39,-1,978.4302368164062,511.131103515625,673.172607421875,909.178466796875
153,player,32,0,493.7740478515625,282.5093994140625,449.9247741699219,-2.367039203643799
154,player,41,-1,968.8321533203125,550.5970458984375,664.6444091796875,892.3458251953125
154,player,31,0,809.845703125,379.130126953125,684.3971557617188,463.5596008300781
154,player,28,1,415.25714111328125,394.20208740234375,292.9031677246094,385.71148681640625
154,player,37,0,1057.148193359375,575.1835327148438,698.2327270507812,959.9444580078125
154,player,5,1,758.7222900390625,381.059326171875,636.3369140625,448.54412841796875
154,player,4,1,602.6984252929688,320.21405029296875,537.7105712890625,187.72836303710938
154,player,6,0,143.07388305664062,374.8030090332031,4.663471221923828,223.33578491210938
154,player,42,-1,1000.8577270507812,480.49810791015625,745.28369140625,767.4453125
154,player,39,-1,975.1986694335938,530.9577026367188,675.7777099609375,894.047119140625
154,player,32,0,493.872314453125,283.03363037109375,449.78826904296875,-2.072251796722412
155,player,41,-1,964.7420654296875,552.9690551757812,661.3056640625,897.0420532226562
155,player,31,0,806.56298828125,378.631103515625,683.33544921875,461.71905517578125
155,player,28,1,414.6628112792969,395.3870849609375,291.85797119140625,386.92041015625
155,player,5,1,756.8248291015625,375.0255126953125,637.1175537109375,442.89190673828125
155,player,37,0,1058.014404296875,575.79296875,700.19677734375,961.2083740234375
155,player,4,1,602.5188598632812,320.06365966796875,537.4806518554688,189.7842559814453
155,player,6,0,142.59375,375.07476806640625,5.246615886688232,224.74185180664062
155,player,42,-1,1001.955322265625,478.22998046875,746.3472290039062,765.7977294921875
155,player,32,0,493.8382568359375,282.68182373046875,449.79107666015625,-2.4291605949401855
155,player,30,0,986.8516845703125,484.66925048828125,734.6956787109375,776.487548828125
156,player,41,0,963.0299072265625,552.88134765625,658.72021484375,899.92529296875
156,player,31,0,805.909912109375,376.905517578125,683.0570678710938,458.6494140625
156,player,28,1,414.50091552734375,396.05499267578125,291.0061340332031,388.4293212890625
156,player,5,1,755.0062866210938,366.73187255859375,639.9017333984375,430.0489501953125
156,player,4,1,602.680908203125,320.55419921875,537.23193359375,191.7884979248047
156,player,37,0,1061.47021484375,573.722412109375,702.9125366210938,960.985595703125
156,player,6,0,141.9584503173828,376.0137023925781,5.346858501434326,226.7744598388672
156,player,42,-1,1002.6691284179688,477.17962646484375,747.5894165039062,763.9766845703125
156,player,32,0,493.85260009765625,282.82244873046875,449.756591796875,-2.4417033195495605
156,player,39,-1,979.3522338867188,546.0797119140625,674.2142333984375,894.6099853515625
157,player,31,0,805.57421875,377.03759765625,682.7194213867188,456.75738525390625
157,player,28,1,413.43548583984375,396.19659423828125,290.0522766113281,389.44891357421875
157,player,41,0,963.704833984375,553.707275390625,656.9866943359375,902.3798217773438
157,player,37,0,1069.7159423828125,573.7340087890625,706.7033081054688,961.3543701171875
157,player,4,1,603.3131103515625,320.52490234375,537.3145141601562,193.13577270507812
157,player,6,0,141.7200164794922,376.94134521484375,5.29014253616333,229.24734497070312
157,player,5,1,757.3006591796875,361.4920654296875,644.3343505859375,416.1748046875
157,player,42,-1,1002.9654541015625,473.398193359375,749.763671875,759.9008178710938
157,player,32,0,493.8485412597656,283.0982971191406,449.6499328613281,-2.024646759033203
157,player,39,-1,981.4117431640625,501.420654296875,687.0245361328125,864.2232666015625
157,ball,-1,-1,1031.4949951171875,463.899169921875,737.9686889648438,593.9274291992188
158,player,31,0,803.68212890625,378.2845458984375,681.4366455078125,456.6343994140625
158,player,28,1,413.2248840332031,397.01953125,289.216796875,390.9993896484375
158,player,41,0,961.71875,553.6386108398438,655.369384765625,903.8006591796875
158,player,37,0,1075.733154296875,566.0662841796875,712.8773193359375,957.2777099609375
158,player,4,1,603.5740356445312,320.2244873046875,537.5628662109375,193.6500244140625
158,player,5,1,758.3662109375,362.4581298828125,647.227783203125,408.3465576171875
158,player,42,-1,1002.4459838867188,474.1181945800781,750.7880249023438,757.7681884765625
158,player,6,0,141.53683471679688,377.9261474609375,5.1516900062561035,232.08270263671875
158,player,32,0,493.8839111328125,283.45672607421875,449.4877624511719,-1.1954149007797241
159,player,31,0,803.1268310546875,378.22564697265625,680.4440307617188,456.43475341796875
159,player,28,1,412.66705322265625,397.25970458984375,288.43609619140625,392.21099853515625
159,player,41,0,960.2967529296875,553.564453125,653.9735717773438,904.582763671875
159,player,4,1,603.778564453125,320.1978759765625,537.8088989257812,193.97613525390625
159,player,42,-1,1001.8952026367188,469.5853271484375,752.8541870117188,752.8145751953125
159,player,37,0,1080.71484375,570.6256713867188,716.7850341796875,957.7303466796875
159,player,5,1,756.3929443359375,365.03424072265625,647.5338745117188,405.8836669921875
159,player,6,0,141.55291748046875,378.3966064453125,5.053857803344727,234.52410888671875
159,player,32,0,493.9333190917969,283.2066345214844,449.47723388671875,-1.0344008207321167
160,player,31,0,805.0370483398438,378.2276611328125,680.4171752929688,456.507080078125
160,player,28,1,412.14141845703125,397.590087890625,287.68707275390625,393.305419921875
160,player,37,0,1084.4227294921875,579.70556640625,717.60546875,963.728759765625
160,player,4,1,604.0706787109375,320.2408447265625,538.0632934570312,194.2831573486328
160,player,42,-1,1002.486083984375,469.530029296875,754.3800048828125,749.5980224609375
160,player,41,0,962.9392700195312,552.1278686523438,654.1376953125,904.3306274414062
160,player,6,0,141.55792236328125,378.465087890625,4.990170478820801,236.19839477539062
160,player,5,1,757.51025390625,372.0677490234375,645.6427001953125,412.06207275390625
160,player,32,0,493.89520263671875,283.1724853515625,449.4651184082031,-0.9882726073265076
161,player,31,0,806.9461669921875,379.15753173828125,680.6828002929688,457.72369384765625
161,player,28,1,411.905029296875,398.463134765625,286.9683532714844,394.95367431640625
161,player,4,1,604.7236328125,320.8387451171875,538.2761840820312,195.35562133789062
161,player,37,0,1089.103271484375,580.033935546875,719.184326171875,968.1061401367188
161,player,6,0,141.6898651123047,378.21087646484375,5.008116722106934,236.98129272460938
161,player,30,0,987.6669921875,463.09320068359375,740.6685791015625,758.7266845703125
161,player,42,1,1004.61328125,473.46844482421875,754.6082763671875,750.737548828125
161,player,41,0,964.2775268554688,545.5855712890625,656.3985595703125,899.9656982421875
161,player,5,1,758.0477294921875,369.53936767578125,645.4715576171875,413.4019775390625
161,player,32,0,493.7637023925781,283.32427978515625,449.35833740234375,-0.7443913817405701
162,player,31,0,807.59521484375,379.316650390625,681.008056640625,458.7479248046875
162,player,28,1,411.3931884765625,394.2408752441406,287.0422668457031,391.2879638671875
162,player,37,0,1094.71630859375,574.853515625,723.0821533203125,968.187744140625
162,player,4,1,604.941162109375,320.96441650390625,538.454345703125,196.24649047851562
162,player,6,0,142.38861083984375,378.22503662109375,5.293133735656738,237.59658813476562
162,player,30,0,989.50634765625,464.6328125,744.5342407226562,748.553955078125
162,player,5,1,758.8953857421875,388.4815673828125,639.1907348632812,434.3736572265625
162,player,42,1,1005.54248046875,474.1226806640625,754.789306640625,752.0564575195312
162,player,41,0,961.5650024414062,541.7568969726562,658.236083984375,894.40673828125
162,player,32,0,493.52984619140625,283.3771057128906,449.17803955078125,-0.5403386354446411
163,player,31,0,809.3538818359375,379.4322509765625,681.7462768554688,459.71722412109375
163,player,28,1,411.20709228515625,395.8343505859375,286.75140380859375,390.65777587890625
163,player,6,0,142.147705078125,378.529541015625,5.374753952026367,238.35171508789062
163,player,4,1,605.1700439453125,320.6646728515625,538.752685546875,196.46142578125
163,player,37,0,1101.72216796875,578.0809936523438,726.3804931640625,970.6009521484375
163,player,42,1,1004.6578369140625,474.241455078125,754.62255859375,752.9367065429688
163,player,5,1,760.299072265625,365.859619140625,643.321044921875,424.1368408203125
163,player,41,0,960.0413818359375,544.80419921875,658.1843872070312,892.7156982421875
163,player,30,0,987.2366943359375,471.79669189453125,743.9686279296875,747.4002685546875
163,player,32,0,492.0083312988281,281.4189453125,449.0269775390625,-3.6719930171966553
164,player,31,0,806.242919921875,368.01336669921875,685.3931274414062,447.94146728515625
164,player,28,1,410.046142578125,400.5050048828125,285.36181640625,395.271728515625
164,player,4,1,605.6124877929688,321.1168518066406,538.9632568359375,197.2536163330078
164,player,6,0,141.55007934570312,378.9355163574219,5.181562423706055,239.28073120117188
164,player,37,0,1108.33740234375,574.063720703125,731.316162109375,970.1632080078125
164,player,5,1,759.3511962890625,363.70013427734375,646.4560546875,415.0037841796875
164,player,41,0,954.7940063476562,545.9165649414062,656.484130859375,892.0020751953125
164,player,42,1,998.8772583007812,479.71624755859375,751.07275390625,757.2664794921875
164,player,39,-1,982.9983520507812,506.7725830078125,694.1094970703125,848.4586181640625
164,player,32,0,492.14801025390625,281.3968200683594,448.992431640625,-5.7203216552734375
165,player,28,1,409.7349548339844,401.22833251953125,284.22796630859375,399.0284423828125
165,player,31,0,804.9248046875,367.19403076171875,687.6351928710938,439.2629089355469
165,player,4,1,605.9767456054688,320.98797607421875,539.2772216796875,197.64700317382812
165,player,6,0,141.89599609375,378.97235107421875,5.1902756690979,239.974853515625
165,player,37,0,1114.1571044921875,571.2587890625,736.77880859375,968.5426025390625
165,player,5,1,758.944580078125,363.52801513671875,648.4191284179688,408.83245849609375
165,player,41,0,950.354248046875,546.1411743164062,654.1673583984375,891.3902587890625
165,player,42,1,991.6063232421875,509.698974609375,737.1325073242188,781.6513671875
165,player,39,-1,972.9920654296875,539.4523315429688,686.3656005859375,860.1589965820312
165,player,47,-1,1015.5364379882812,476.110107421875,761.0355834960938,761.0902099609375
166,player,28,1,408.8045654296875,400.2095947265625,283.3352355957031,400.25250244140625
166,player,4,1,605.8470458984375,321.23583984375,539.3524169921875,198.21124267578125
166,player,31,0,808.1824951171875,364.8111572265625,691.054443359375,431.39764404296875
166,player,39,0,966.6051635742188,544.5845336914062,678.22802734375,870.747802734375
166,player,5,1,762.75146484375,363.47869873046875,650.985107421875,405.18707275390625
166,player,37,0,1122.1043701171875,570.3870849609375,742.53076171875,967.4481201171875
166,player,6,0,141.65939331054688,378.8865661621094,5.105912685394287,240.28765869140625
166,player,30,0,983.471923828125,537.06982421875,722.1778564453125,793.58447265625
166,player,46,-1,1002.4332275390625,482.1837158203125,744.9046630859375,771.4497680664062
166,player,32,0,491.721923828125,281.2803649902344,448.8309326171875,-7.298550605773926
167,player,28,1,407.3623352050781,401.3089599609375,282.0650329589844,402.09442138671875
167,player,4,1,605.7635498046875,321.45220947265625,539.2998046875,198.85104370117188
167,player,37,0,1127.2490234375,573.6790161132812,746.5308837890625,969.031494140625
167,player,5,1,763.510498046875,364.7879638671875,652.4386596679688,404.34228515625
167,player,31,0,808.4215087890625,369.5679931640625,691.5805053710938,431.4351501464844
167,player,41,0,948.4039306640625,544.77685546875,652.5309448242188,889.9578857421875
167,player,6,0,142.03302001953125,379.0316162109375,5.192936897277832,240.72158813476562
167,player,42,1,992.9246826171875,527.73828125,722.9359130859375,810.1785888671875
167,player,46,-1,998.0858154296875,482.608642578125,743.5736083984375,771.4400024414062
167,player,39,0,976.072509765625,551.6359252929688,673.4078369140625,882.880615234375
168,player,28,1,406.69769287109375,396.78662109375,281.7623291015625,398.23785400390625
168,player,41,0,947.5767822265625,546.8662109375,650.6795654296875,890.3555908203125
168,player,31,0,805.2305908203125,370.07037353515625,690.6923217773438,431.6551513671875
168,player,4,1,605.5208740234375,320.8881530761719,539.3594970703125,198.4943389892578
168,player,6,0,142.39218139648438,379.55743408203125,5.374028205871582,241.7130584716797
168,player,5,1,760.3092651367188,363.935546875,652.6188354492188,402.502685546875
168,player,37,0,1129.71142578125,576.8363647460938,748.7813110351562,972.095458984375
168,player,46,-1,991.4785766601562,468.03106689453125,745.8048095703125,759.6599731445312
168,player,47,-1,1017.984375,469.84698486328125,763.875732421875,756.4412841796875
168,player,39,0,981.0889892578125,552.338623046875,671.3631591796875,891.5517578125
169,player,28,1,405.8247375488281,396.4359130859375,281.3161926269531,395.2451171875
169,player,41,0,946.1078491210938,546.2711181640625,649.25830078125,890.122314453125
169,player,31,0,805.8155517578125,370.75311279296875,690.0548095703125,432.5899963378906
169,player,4,1,605.4807739257812,320.66070556640625,539.4575805664062,197.9581298828125
169,player,6,0,142.2179718017578,379.8634033203125,5.414348602294922,242.72149658203125
169,player,5,1,759.9031982421875,364.88916015625,652.2613525390625,402.3119201660156
169,player,48,-1,1001.399658203125,541.8385620117188,690.9956665039062,891.8612670898438
169,player,47,-1,1020.584716796875,473.11029052734375,765.302978515625,756.1514282226562
169,player,37,0,1125.07470703125,580.4801025390625,748.0391845703125,975.9700927734375
169,player,46,-1,992.4849243164062,467.794921875,747.6162109375,751.8968505859375
170,player,41,0,941.49755859375,538.6339721679688,649.2369995117188,884.557373046875
170,player,28,1,403.6157531738281,398.2212219238281,279.94805908203125,395.03228759765625
170,player,4,1,605.43310546875,320.6446533203125,539.5089111328125,197.58221435546875
170,player,31,0,800.8111572265625,375.27850341796875,686.3560180664062,437.46728515625
170,player,6,0,142.54327392578125,379.681396484375,5.573233604431152,243.1884307861328
170,player,37,0,1135.152587890625,579.2742309570312,750.347900390625,978.3785400390625
170,player,30,0,1001.405029296875,549.8316650390625,708.9622192382812,833.2142333984375
170,player,5,1,760.404052734375,364.9666748046875,652.1685791015625,402.3282165527344
170,player,42,1,999.0161743164062,474.10540771484375,732.4078369140625,790.1718139648438
170,player,47,-1,1020.6455078125,470.7459411621094,767.0700073242188,754.137939453125
171,player,41,0,939.44287109375,536.5317993164062,649.2684936523438,879.3790283203125
171,player,28,1,402.8399658203125,397.4403381347656,278.9146728515625,393.944091796875
171,player,4,1,605.564697265625,320.4618225097656,539.6507568359375,197.11456298828125
171,player,37,0,1136.6904296875,570.30908203125,754.9271240234375,974.684814453125
171,player,31,0,797.9407958984375,378.6827087402344,681.7959594726562,443.9109191894531
171,player,6,0,142.7395477294922,380.04730224609375,5.742023944854736,243.97793579101562
171,player,30,0,1012.1129150390625,550.903564453125,702.793701171875,860.367431640625
171,player,5,1,761.3204956054688,363.12811279296875,653.0693359375,400.414306640625
171,player,42,1,996.01025390625,471.99005126953125,738.4530029296875,775.290771484375
171,player,32,0,492.005615234375,281.0787658691406,448.90228271484375,-8.59381103515625
172,player,41,0,939.6235961914062,535.6004638671875,649.5955200195312,875.3936157226562
172,player,28,1,402.21734619140625,396.01055908203125,278.2606201171875,391.580322265625
172,player,31,0,794.4862060546875,378.52655029296875,677.7660522460938,447.57379150390625
172,player,4,1,605.30615234375,319.96405029296875,539.8096313476562,196.120849609375
172,player,48,-1,1009.8130493164062,550.276611328125,690.710205078125,897.9326171875
172,player,6,0,143.0089111328125,380.40924072265625,5.94582986831665,244.98069763183594
172,player,37,0,1138.6007080078125,561.4041748046875,761.113525390625,966.9844970703125
172,player,5,1,762.6018676757812,364.7681884765625,653.4974975585938,401.11834716796875
172,player,32,0,491.9444885253906,280.97821044921875,448.9538879394531,-9.601556777954102
173,player,48,-1,1014.7432861328125,550.572265625,691.6943969726562,902.3919677734375
173,player,28,1,401.86358642578125,395.5482177734375,277.7872009277344,389.4897155761719
173,player,31,0,793.5801391601562,379.0732421875,674.6581420898438,450.4317932128906
173,player,4,1,605.4393310546875,319.51470947265625,540.109375,194.89962768554688
173,player,6,0,143.36996459960938,380.40667724609375,6.219326972961426,245.6746368408203
173,player,41,0,935.0555419921875,535.6653442382812,648.590576171875,872.5339965820312
173,player,37,0,1141.177490234375,561.2592163085938,765.8114624023438,962.05029296875
173,player,5,1,763.0113525390625,364.7286376953125,653.9264526367188,401.57757568359375
173,player,32,0,491.86968994140625,281.0502624511719,448.93524169921875,-10.15613079071045
173,player,42,1,993.483154296875,478.23797607421875,739.5751953125,770.2496337890625
174,player,28,1,402.1607360839844,396.2811279296875,277.46270751953125,388.9796142578125
174,player,31,0,792.9473266601562,379.81500244140625,672.1698608398438,452.99822998046875
174,player,6,0,143.99765014648438,380.27642822265625,6.646173477172852,246.0406951904297
174,player,4,1,605.3629150390625,319.5566711425781,540.2620849609375,194.1511688232422
174,player,42,1,995.8001708984375,462.3191833496094,746.385986328125,754.707275390625
174,player,30,0,1037.75341796875,550.966552734375,705.27099609375,879.7252807617188
174,player,41,0,931.2679443359375,541.067138671875,645.4586181640625,874.0679321289062
174,player,48,-1,1016.898193359375,547.7863159179688,693.6898193359375,903.6270751953125
174,player,37,0,1145.131591796875,561.3578491210938,769.8028564453125,959.1488037109375
174,player,5,1,764.0164184570312,366.3909912109375,653.9485473632812,403.80841064453125
175,player,28,1,401.6680603027344,397.90740966796875,276.8079833984375,390.3971862792969
175,player,31,0,790.404541015625,379.90447998046875,669.6956787109375,454.49395751953125
175,player,6,0,144.7584686279297,380.4324645996094,7.2156195640563965,246.570556640625
175,player,4,1,605.466796875,319.5505676269531,540.4019165039062,193.67030334472656
175,player,41,0,929.5889282226562,538.80859375,643.6007080078125,873.4287109375
175,player,30,0,1042.401123046875,554.5021362304688,707.0171508789062,894.8680419921875
175,player,42,1,998.9169921875,461.98834228515625,751.800537109375,744.5910034179688
175,player,37,0,1143.84033203125,561.6041259765625,772.004150390625,957.3338623046875
175,player,48,-1,1022.498291015625,555.6264038085938,694.142333984375,909.8394775390625
175,player,5,1,765.7432250976562,369.13787841796875,653.5633544921875,408.43719482421875
176,player,28,1,400.8194580078125,398.7735595703125,275.9401550292969,392.1821594238281
176,player,6,0,145.55337524414062,380.4095458984375,7.896611213684082,246.98597717285156
176,player,4,1,605.3466186523438,319.57958984375,540.4386596679688,193.38021850585938
176,player,30,0,1049.06787109375,554.9586181640625,709.6958618164062,905.42919921875
176,player,31,0,789.5543823242188,380.442138671875,667.6221923828125,455.9383850097656
176,player,42,1,999.421142578125,460.00885009765625,756.1555786132812,736.474365234375
176,player,41,0,929.248779296875,538.76025390625,642.317138671875,872.9573974609375
176,player,5,1,765.869384765625,373.110107421875,651.9597778320312,415.7415771484375
176,player,48,-1,1030.285400390625,557.3388061523438,695.9083251953125,915.4666748046875
176,player,37,0,1143.318603515625,560.717041015625,773.58447265625,955.5772705078125
177,player,28,1,400.3349609375,399.5044860839844,275.0852355957031,394.09515380859375
177,player,6,0,146.09365844726562,380.6559753417969,8.541976928710938,247.633544921875
177,player,4,1,605.2615966796875,319.9068298339844,540.3239135742188,193.61221313476562
177,player,41,0,929.68359375,538.2965698242188,641.7239379882812,872.3671875
177,player,42,1,1000.5585327148438,463.18292236328125,758.1917724609375,733.8216552734375
177,player,31,0,787.2252197265625,379.78515625,665.7490844726562,455.9476013183594
177,player,37,0,1144.026123046875,559.53857421875,775.1543579101562,953.7546997070312
177,player,30,0,1054.06689453125,560.153564453125,711.1673583984375,915.8901977539062
177,player,32,0,491.1492919921875,280.8687438964844,448.6832275390625,-10.910585403442383
177,player,45,-1,752.2197875976562,380.60003662109375,628.830078125,447.89605712890625
178,player,28,1,399.62738037109375,399.83935546875,274.22540283203125,395.62945556640625
178,player,6,0,146.73324584960938,380.4462890625,9.2177095413208,247.87124633789062
178,player,41,0,927.1870727539062,537.668212890625,640.8552856445312,871.3873291015625
178,player,4,1,605.1763916015625,319.45123291015625,540.3667602539062,193.15054321289062
178,player,42,1,997.2708740234375,468.59674072265625,756.723388671875,736.1104736328125
178,player,37,0,1142.7208251953125,557.5819091796875,776.46923828125,951.281005859375
178,player,5,1,770.0338134765625,377.9662170410156,650.596923828125,426.09942626953125
178,player,30,0,1056.626708984375,562.5809326171875,712.0546875,924.369140625
178,player,32,0,490.947998046875,280.6561279296875,448.5008850097656,-11.763209342956543
178,player,45,-1,752.4613647460938,381.814208984375,628.5015869140625,449.19818115234375
179,player,28,1,399.22723388671875,399.9040832519531,273.5149841308594,396.6539306640625
179,player,6,0,147.60935974121094,380.1983642578125,10.006816864013672,247.8240966796875
179,player,4,1,605.2359008789062,319.403076171875,540.4324340820312,192.79470825195312
179,player,41,0,926.7634887695312,537.8203125,640.1377563476562,870.8245849609375
179,player,42,1,995.7001953125,469.70135498046875,754.9537353515625,738.340087890625
179,player,30,0,1060.304931640625,567.9118041992188,711.9999389648438,933.413330078125
179,player,31,0,786.5807495117188,379.3302917480469,664.48193359375,455.41015625
179,player,37,0,1142.4443359375,561.0609130859375,776.1650390625,951.7998657226562
179,player,45,-1,754.3277587890625,382.44085693359375,628.6883544921875,450.8975830078125
179,player,32,0,490.9659423828125,280.3018798828125,448.49603271484375,-12.86670207977295
180,player,28,1,398.9871826171875,401.1069030761719,272.7728271484375,398.61553955078125
180,player,4,1,604.2142333984375,318.90380859375,540.2587280273438,191.76852416992188
180,player,6,0,148.41845703125,381.753662109375,10.782511711120605,249.8455810546875
180,player,41,0,924.9603881835938,535.746337890625,639.7658081054688,868.926025390625
180,player,42,1,995.8479614257812,459.2772216796875,757.4600830078125,731.5362548828125
180,player,31,0,787.54931640625,378.83099365234375,664.1491088867188,454.6393737792969
180,player,30,0,1060.38623046875,567.5294799804688,712.0949096679688,939.0615844726562
180,player,37,0,1141.924072265625,558.1490478515625,776.751953125,950.3111572265625
180,player,45,-1,760.1947631835938,375.59661865234375,633.0596313476562,445.39141845703125
181,player,28,1,398.5010986328125,401.4351806640625,272.06622314453125,400.197265625
181,player,6,0,149.07989501953125,381.59564208984375,11.549365997314453,251.04449462890625
181,player,4,1,604.0009765625,319.43963623046875,539.8912353515625,191.7818603515625
181,player,30,0,1062.778076171875,570.2742919921875,711.9569091796875,944.5673828125
181,player,42,1,998.4996948242188,460.41925048828125,759.4318237304688,728.2431030273438
181,player,41,0,923.7998046875,533.7626342773438,639.763671875,866.257568359375
181,player,31,0,787.9559936523438,379.373779296875,663.873779296875,454.74951171875
181,player,37,0,1141.218994140625,560.8453369140625,776.1157836914062,950.9609375
181,player,45,-1,755.161376953125,376.80792236328125,633.829345703125,442.56561279296875
182,player,28,1,397.98675537109375,401.0560302734375,271.4874267578125,400.7529602050781
182,player,6,0,149.4964141845703,382.44464111328125,12.180599212646484,252.93679809570312
182,player,4,1,603.9482421875,319.30224609375,539.6776733398438,191.60202026367188
182,player,30,0,1064.5352783203125,572.1240844726562,711.7691650390625,949.384765625
182,player,42,1,995.904541015625,462.0609130859375,759.412109375,727.2055053710938
182,player,41,0,917.3114624023438,533.5526123046875,638.1064453125,863.9306640625
182,player,31,0,788.1893310546875,380.99224853515625,663.201904296875,456.53533935546875
182,player,37,0,1140.8402099609375,562.1753540039062,775.19482421875,952.1758422851562
182,player,5,1,750.32666015625,384.34405517578125,641.1087646484375,437.4534912109375
183,player,28,1,397.3457336425781,400.895751953125,270.91156005859375,400.8677062988281
183,player,6,0,149.2567901611328,382.99017333984375,12.47916030883789,254.8172607421875
183,player,30,0,1062.6033935546875,571.9581909179688,711.2183837890625,952.2957763671875
183,player,4,1,603.7212524414062,319.3135986328125,539.4507446289062,191.4701690673828
183,player,42,1,994.1871948242188,461.73419189453125,759.0323486328125,726.1324462890625
183,player,41,0,918.3674926757812,536.9246826171875,636.3875122070312,864.7943115234375
183,player,5,1,743.7561645507812,386.90728759765625,631.9545288085938,446.81494140625
183,player,37,0,1140.5517578125,559.489990234375,775.3636474609375,951.2974243164062
183,player,31,0,790.1405029296875,381.855224609375,663.094970703125,458.79705810546875
184,player,28,1,395.8938903808594,400.4978332519531,270.09014892578125,400.3450927734375
184,player,30,0,1059.8028564453125,571.8250122070312,710.2076416015625,953.933837890625
184,player,6,0,149.56033325195312,383.4715576171875,12.774504661560059,256.6766662597656
184,player,4,1,603.5872192382812,319.6509704589844,539.1432495117188,191.8125
184,player,42,1,990.9461669921875,474.02166748046875,753.6686401367188,734.84765625
184,player,41,0,915.7542114257812,537.7507934570312,634.35791015625,865.7380981445312
184,player,5,1,743.1334228515625,387.9287109375,625.46826171875,453.89324951171875
184,player,37,0,1140.9864501953125,563.3450317382812,774.3780517578125,953.119384765625
184,player,31,0,789.2685546875,382.2506103515625,662.6046142578125,460.58697509765625
185,player,28,1,395.143310546875,400.33306884765625,269.3182678222656,399.7414245605469
185,player,42,1,991.1024169921875,477.5740966796875,749.0318603515625,743.2677001953125
185,player,30,0,1061.11865234375,577.7787475585938,708.1810302734375,958.6907958984375
185,player,4,1,603.5054931640625,319.60321044921875,538.9285888671875,191.961181640625
185,player,6,0,150.23585510253906,383.5929870605469,13.224211692810059,258.1202392578125
185,player,41,0,914.02587890625,539.60791015625,632.0826416015625,867.4927368164062
185,player,37,0,1143.2962646484375,562.6219482421875,774.52734375,954.0043334960938
185,player,5,1,744.6138916015625,390.02996826171875,621.0505981445312,460.81390380859375
185,player,31,0,788.865966796875,383.93994140625,661.5662231445312,463.4576721191406
186,player,28,1,394.93328857421875,400.510009765625,268.71405029296875,399.5206298828125
186,player,4,1,603.48388671875,319.2579650878906,538.8937377929688,191.5987548828125
186,player,42,1,990.345458984375,475.5802307128906,746.4775390625,747.1452026367188
186,player,6,0,151.203857421875,383.84857177734375,13.882713317871094,259.496337890625
186,player,30,0,1064.9853515625,580.616455078125,707.0093994140625,963.7219848632812
186,player,41,0,913.327880859375,539.1694946289062,630.5381469726562,868.28857421875
186,player,37,0,1138.39453125,563.428955078125,773.17431640625,954.77001953125
186,player,5,1,752.7625732421875,390.9771728515625,620.5107421875,467.12078857421875
186,player,31,0,784.8814086914062,389.16546630859375,657.8060302734375,470.27532958984375
187,player,28,1,394.677001953125,400.0162353515625,268.31036376953125,398.80511474609375
187,player,4,1,603.457763671875,319.595703125,538.7510986328125,191.8060302734375
187,player,6,0,151.97000122070312,383.6297302246094,14.615320205688477,260.2140197753906
187,player,42,1,989.089111328125,476.81298828125,744.05712890625,750.519287109375
187,player,37,0,1138.12841796875,563.9871826171875,772.056884765625,955.59228515625
187,player,41,0,909.5150146484375,540.9537353515625,628.0532836914062,869.7528076171875
187,player,30,0,1068.5198974609375,581.396484375,706.8912353515625,967.6723022460938
187,player,5,1,767.2529907226562,393.5280456542969,623.9917602539062,475.2923583984375
187,player,45,-1,744.5886840820312,393.27130126953125,625.4307861328125,456.7652587890625
188,player,28,1,394.251953125,400.2347412109375,267.8629150390625,398.533935546875
188,player,4,1,603.3356323242188,320.2923583984375,538.385986328125,192.84378051757812
188,player,6,0,152.05508422851562,383.81231689453125,15.117950439453125,260.9178771972656
188,player,42,1,991.133056640625,475.6555480957031,743.4361572265625,751.9781494140625
188,player,37,0,1135.499267578125,560.7954711914062,771.6763305664062,954.0074462890625
188,player,30,0,1069.0098876953125,572.8248291015625,709.3771362304688,965.1051025390625
188,player,41,0,907.058349609375,540.0924072265625,626.022216796875,869.9542846679688
188,player,5,1,774.7890625,396.04840087890625,627.8350219726562,483.90289306640625
188,player,45,-1,747.0199584960938,396.01727294921875,619.8754272460938,469.0279541015625
189,player,28,1,393.52215576171875,400.17437744140625,267.3243408203125,398.210693359375
189,player,4,1,603.3644409179688,320.1751708984375,538.197509765625,193.36764526367188
189,player,6,0,151.50927734375,383.4989929199219,15.244344711303711,260.9183349609375
189,player,42,1,991.0709838867188,476.681884765625,742.6708984375,753.7133178710938
189,player,30,0,1068.0697021484375,569.361083984375,711.7608642578125,961.2640380859375
189,player,41,0,901.48681640625,541.3811645507812,622.893310546875,870.5768432617188
189,player,37,0,1136.52880859375,562.8235473632812,771.0519409179688,954.2861328125
189,player,5,1,775.801513671875,394.453125,631.1863403320312,487.9989318847656
189,player,45,1,749.38427734375,397.2721862792969,616.623291015625,478.50286865234375
190,player,28,1,392.19635009765625,400.5126953125,266.4525146484375,398.22711181640625
190,player,4,1,603.5316162109375,320.6214904785156,537.9918212890625,194.318115234375
190,player,42,1,990.64794921875,477.8253173828125,741.674072265625,755.6882934570312
190,player,6,0,152.01058959960938,383.03448486328125,15.537397384643555,260.4030456542969
190,player,30,0,1065.3746337890625,572.6871337890625,711.6869506835938,960.6322021484375
190,player,41,0,899.1387939453125,541.0955810546875,620.3170166015625,870.6280517578125
190,player,37,0,1134.68408203125,560.2814331054688,770.9828491210938,952.791259765625
190,player,5,1,774.4064331054688,395.56219482421875,632.5502319335938,491.63580322265625
190,player,31,0,742.054443359375,398.156005859375,638.6420288085938,479.4637451171875
191,player,28,1,390.9593505859375,401.114990234375,265.3538513183594,398.764404296875
191,player,4,1,604.0843505859375,321.0565490722656,537.9217529296875,195.58078002929688
191,player,42,1,989.7216796875,478.28839111328125,740.6163330078125,757.256103515625
191,player,6,0,152.30035400390625,382.31500244140625,15.866153717041016,259.2076110839844
191,player,37,0,1132.39501953125,558.16796875,771.033447265625,950.3713989257812
191,player,30,0,1067.008056640625,570.5841064453125,712.6466674804688,959.0394287109375
191,player,41,0,893.4818115234375,536.7876586914062,618.2894897460938,867.3406982421875
191,player,5,1,770.5843505859375,395.1679992675781,632.34423828125,493.21856689453125
191,player,31,0,739.969970703125,398.27325439453125,625.478271484375,485.34405517578125
192,player,28,1,389.96417236328125,400.9434814453125,264.31591796875,398.8153076171875
192,player,4,1,604.92578125,321.6507568359375,537.9949951171875,197.2919921875
192,player,42,1,988.83203125,477.0527648925781,740.09619140625,757.256103515625
192,player,6,0,152.44082641601562,381.762451171875,16.15435791015625,257.7582092285156
192,player,30,0,1066.6993408203125,570.8219604492188,713.125732421875,958.1304931640625
192,player,37,0,1130.4638671875,556.5006713867188,771.111083984375,947.6429443359375
192,player,5,1,762.900634765625,395.18133544921875,629.7431640625,493.4851989746094
192,player,31,0,739.784912109375,395.574462890625,617.715576171875,486.42242431640625
192,player,41,0,890.4005737304688,551.174560546875,612.4110717773438,874.685302734375
193,player,28,1,389.0303955078125,400.05950927734375,263.4514465332031,397.7711181640625
193,player,42,1,988.5748291015625,476.62451171875,739.830322265625,756.9061279296875
193,player,6,0,152.5709686279297,381.5511474609375,16.399913787841797,256.5682373046875
193,player,4,1,604.9652099609375,322.45611572265625,537.7957763671875,199.46438598632812
193,player,37,0,1130.2576904296875,552.191650390625,772.464111328125,943.1649780273438
193,player,30,0,1064.768798828125,572.0338134765625,712.6123657226562,958.16015625
193,player,41,0,885.96435546875,601.3895263671875,595.3153686523438,910.706787109375
193,player,5,1,762.5873413085938,396.3718566894531,627.5633544921875,494.8253479003906
194,player,37,0,1132.2861328125,557.573486328125,772.155029296875,943.7391357421875
194,player,28,1,388.07257080078125,401.31890869140625,262.35296630859375,398.3744812011719
194,player,42,1,988.7647705078125,476.4281005859375,739.7756958007812,756.5418701171875
194,player,4,1,604.9651489257812,323.90411376953125,537.1979370117188,202.7664794921875
194,player,6,0,152.46585083007812,381.6283264160156,16.515880584716797,255.8781280517578
194,player,30,0,1065.509521484375,570.156005859375,713.0018920898438,957.078125
194,player,5,1,762.854248046875,396.6348876953125,626.1463012695312,495.987548828125
194,player,41,0,883.27294921875,606.4755859375,582.381591796875,936.96875
194,player,32,0,492.3966064453125,280.5677490234375,448.9979248046875,-12.947626113891602
195,player,37,0,1129.931396484375,554.7879638671875,772.2449951171875,942.231689453125
195,player,42,1,988.876708984375,476.93060302734375,739.6029052734375,756.701171875
195,player,28,1,387.29510498046875,402.0477294921875,261.2505798339844,399.48211669921875
195,player,4,1,605.0533447265625,324.5963134765625,536.6187744140625,205.8247528076172
195,player,30,0,1065.643798828125,570.6434326171875,713.1476440429688,956.6812744140625
195,player,5,1,762.42529296875,397.62139892578125,624.7671508789062,497.68927001953125
195,player,6,0,153.6370391845703,381.92156982421875,17.035438537597656,255.94204711914062
195,player,41,0,882.8013916015625,606.596923828125,573.8305053710938,954.0823974609375
196,player,42,1,990.0670166015625,477.72747802734375,739.552490234375,757.51025390625
196,player,37,0,1125.377685546875,549.392822265625,772.8740844726562,937.5742797851562
196,player,28,1,387.00897216796875,402.07183837890625,260.42938232421875,400.1971130371094
196,player,30,0,1064.3995361328125,570.6087646484375,712.9453125,956.3251953125
196,player,4,1,605.8896484375,324.0400695800781,536.7302856445312,207.1978759765625
196,player,5,1,761.0036010742188,398.57171630859375,623.1082153320312,499.6036376953125
196,player,6,0,154.00814819335938,382.5030517578125,17.495668411254883,256.7550964355469
196,player,32,0,492.22705078125,281.7769470214844,448.891845703125,-11.147356986999512
196,player,41,0,882.6917724609375,607.1204833984375,568.1273193359375,965.5076904296875
197,player,28,1,386.648193359375,400.93902587890625,259.94549560546875,399.37628173828125
197,player,42,1,990.7279052734375,477.03350830078125,739.93408203125,757.553466796875
197,player,37,0,1120.630859375,545.54833984375,773.31884765625,931.80078125
197,player,30,0,1064.6722412109375,572.68701171875,712.2838745117188,957.378662109375
197,player,5,1,755.2060546875,398.834228515625,620.0909423828125,500.5294189453125
197,player,6,0,154.50721740722656,382.81292724609375,17.9768123626709,257.73162841796875
197,player,4,1,606.1658325195312,324.0049133300781,536.9160766601562,208.08053588867188
197,player,32,0,491.72467041015625,281.7333068847656,448.6309814453125,-10.122488021850586
198,player,28,1,386.1251525878906,399.8668212890625,259.6141357421875,397.601806640625
198,player,42,1,990.981201171875,476.6927490234375,740.3660888671875,757.3387451171875
198,player,37,0,1117.748291015625,541.2566528320312,774.2552490234375,925.1087646484375
198,player,30,0,1063.460205078125,576.9725952148438,710.3334350585938,960.5865478515625
198,player,5,1,754.131103515625,400.7740783691406,617.1660766601562,502.9591064453125
198,player,6,0,154.85183715820312,382.32281494140625,18.441526412963867,257.79876708984375
198,player,4,1,610.4971923828125,326.848876953125,537.7127685546875,212.8964385986328
198,player,32,0,490.35015869140625,282.34503173828125,447.71807861328125,-8.720325469970703
198,ball,-1,-1,1139.3875732421875,442.2790832519531,750.51611328125,603.4539184570312
199,player,37,0,1114.9141845703125,538.9374389648438,774.8951416015625,919.0746459960938
199,player,28,1,384.7098083496094,399.5675048828125,258.94488525390625,395.9607238769531
199,player,30,0,1063.4493408203125,579.9866943359375,708.2103271484375,964.48388671875
199,player,42,1,991.06298828125,475.430908203125,741.0931396484375,756.2318115234375
199,player,5,1,753.0537109375,401.52899169921875,614.6808471679688,505.181640625
199,player,6,0,155.072509765625,382.61651611328125,18.818117141723633,258.23577880859375
199,player,4,1,611.288330078125,327.439453125,538.3303833007812,216.88836669921875
199,player,45,1,776.2193603515625,372.769775390625,631.4761352539062,462.029541015625
199,ball,-1,-1,872.3584594726562,394.7152099609375,748.4183349609375,597.0831298828125
200,player,37,0,1109.163330078125,542.7723999023438,772.64111328125,917.2545166015625
200,player,30,0,1059.6171875,576.9462890625,706.7496337890625,964.9544677734375
200,player,28,1,383.5311279296875,399.28826904296875,258.1361083984375,394.4541931152344
200,player,5,1,752.7504272460938,397.9723815917969,614.1028442382812,503.0451965332031
200,player,42,1,992.1827392578125,474.5537109375,742.1705932617188,754.9208984375
200,player,6,0,154.86851501464844,382.54010009765625,18.986682891845703,258.3992919921875
200,player,4,1,612.4291381835938,326.91815185546875,539.318603515625,218.9591064453125
200,ball,-1,-1,870.5294189453125,395.6427917480469,746.27978515625,591.3884887695312
201,player,28,1,382.75946044921875,399.080078125,257.3694152832031,393.1585998535156
201,player,5,1,746.9989624023438,399.32574462890625,611.4519653320312,502.4351501464844
201,player,37,0,1107.474853515625,538.448486328125,772.1275634765625,913.1641845703125
201,player,6,0,154.06893920898438,382.388916015625,18.79178810119629,258.2176513671875
201,player,30,0,1055.1219482421875,573.46728515625,705.6799926757812,962.874755859375
201,player,42,1,991.2970581054688,474.3841552734375,742.6832885742188,753.8684692382812
201,player,4,1,611.5870361328125,327.3383483886719,539.516357421875,220.73745727539062
201,ball,-1,-1,869.6959838867188,395.61346435546875,744.25537109375,586.1242065429688
202,player,28,1,382.33441162109375,398.5574951171875,256.8016357421875,391.6893310546875
202,player,5,1,748.77099609375,398.4629821777344,610.5712280273438,501.35205078125
202,player,37,0,1102.913818359375,536.4063720703125,771.2944946289062,908.8739624023438
202,player,6,0,152.8712158203125,382.5028076171875,18.196250915527344,258.0924072265625
202,player,30,0,1054.664794921875,576.9689331054688,703.8816528320312,963.61962890625
202,player,42,1,992.7796630859375,474.41876220703125,743.4147338867188,753.3267822265625
202,player,4,1,612.0382080078125,327.31036376953125,539.8193359375,221.91534423828125
202,ball,-1,-1,862.1651611328125,408.92095947265625,740.764892578125,584.040771484375
203,player,37,0,1106.0994873046875,528.6231079101562,774.07763671875,901.1666259765625
203,player,28,1,382.00079345703125,398.632080078125,256.30267333984375,390.7800598144531
203,player,5,1,751.7576904296875,398.83123779296875,610.8386840820312,501.3170166015625
203,player,6,0,152.0078125,382.29718017578125,17.48148536682129,257.6470031738281
203,player,30,0,1056.243408203125,570.2440795898438,705.0117797851562,960.1068115234375
203,player,4,1,612.676025390625,327.9872741699219,540.0315551757812,223.6320343017578
203,player,42,1,992.5756225585938,473.0216064453125,744.3062133789062,751.8749389648438
203,ball,-1,-1,862.0279541015625,400.94757080078125,738.1929321289062,580.3788452148438
204,player,37,0,1102.6171875,529.0296630859375,774.86669921875,896.1934814453125
204,player,28,1,381.72540283203125,398.7235107421875,255.86648559570312,390.25994873046875
204,player,5,1,752.6965942382812,399.78729248046875,611.008056640625,502.34417724609375
204,player,6,0,151.68319702148438,381.97576904296875,16.90233612060547,256.915771484375
204,player,30,0,1057.43896484375,567.5293579101562,706.8221435546875,956.2286376953125
204,player,4,1,609.989501953125,324.96343994140625,540.1610107421875,220.5033416748047
204,player,50,-1,994.3431396484375,471.59942626953125,748.7403564453125,746.4119262695312
204,ball,-1,-1,860.9359130859375,400.8580017089844,735.756591796875,576.9659423828125
205,player,37,0,1102.3514404296875,534.3512573242188,773.5914916992188,896.4591674804688
205,player,5,1,752.796630859375,402.32318115234375,610.3442993164062,505.5445556640625
205,player,28,1,381.3505859375,398.89801025390625,255.42300415039062,390.073974609375
205,player,50,-1,990.71435546875,471.41168212890625,747.7979736328125,745.9805908203125
205,player,6,0,151.87570190429688,382.8700256347656,16.568660736083984,257.579833984375
205,player,4,1,610.5609130859375,323.87298583984375,540.81005859375,217.12826538085938
205,player,30,0,1077.599853515625,561.602294921875,714.7345581054688,951.2996826171875
206,player,37,0,1099.4794921875,536.99658203125,771.1883544921875,898.1747436523438
206,player,5,1,753.209716796875,393.2264404296875,612.9631958007812,498.5349426269531
206,player,28,1,380.836669921875,398.9194641113281,254.94918823242188,389.9198303222656
206,player,50,-1,1019.8975830078125,570.6281127929688,724.4263916015625,816.6168212890625
206,player,42,1,1069.751708984375,563.4828491210938,736.5955200195312,819.1450805664062
206,player,6,0,152.4662628173828,381.32452392578125,16.636737823486328,256.15576171875
206,player,4,1,604.4752197265625,322.33587646484375,539.483154296875,212.13661193847656
206,player,51,-1,989.97705078125,472.649658203125,744.2652587890625,747.7710571289062
206,player,52,-1,615.7141723632812,327.22015380859375,544.3148193359375,225.11941528320312
206,player,30,0,1085.201904296875,540.8338623046875,728.1077880859375,935.3819580078125
206,ball,-1,-1,850.7064208984375,415.15167236328125,731.648193359375,576.7059936523438
207,player,37,0,1098.596923828125,533.2096557617188,770.6142578125,896.7464599609375
207,player,28,1,380.429443359375,399.1210632324219,254.46563720703125,389.99810791015625
207,player,5,1,752.9415283203125,393.23760986328125,614.5753784179688,493.9627380371094
207,player,51,-1,986.3643798828125,471.4024658203125,743.6849365234375,746.5149536132812
207,player,4,1,607.2359008789062,321.74127197265625,539.8358154296875,208.47427368164062
207,player,6,0,153.6623992919922,380.6361083984375,17.171371459960938,254.51763916015625
207,player,30,0,1072.917236328125,566.9263305664062,725.8419799804688,940.7498779296875
208,player,37,0,1098.977783203125,526.2838745117188,772.580810546875,891.2440185546875
208,player,5,1,753.4100952148438,392.2042236328125,616.1106567382812,489.98675537109375
208,player,28,1,379.9415283203125,399.19964599609375,253.96621704101562,390.08203125
208,player,51,-1,985.0949096679688,471.12506103515625,743.048828125,745.3817749023438
208,player,30,0,1066.1064453125,562.7559204101562,723.9014892578125,941.2335205078125
208,player,4,1,605.5345458984375,320.2718505859375,539.9141235351562,203.9403076171875
208,player,6,0,154.96771240234375,380.45782470703125,18.03331184387207,253.392822265625
208,player,52,-1,616.859130859375,323.0755615234375,546.0923461914062,219.909423828125
208,player,45,1,780.1832275390625,376.8149108886719,641.0032958984375,456.0440979003906
209,player,5,1,752.8411865234375,393.1513977050781,616.6168212890625,488.3085632324219
209,player,28,1,379.6224365234375,399.35986328125,253.5037841796875,390.27886962890625
209,player,37,0,1085.3115234375,533.4425048828125,768.0648803710938,891.5101318359375
209,player,51,-1,984.4097900390625,470.7703552246094,742.5648803710938,744.313720703125
209,player,30,0,1065.076171875,560.796630859375,722.9593505859375,940.2618408203125
209,player,4,1,610.0726318359375,320.569580078125,541.5501098632812,201.9808349609375
209,player,6,0,155.73988342285156,379.88946533203125,18.915674209594727,252.04539489746094
209,player,45,1,779.4136352539062,373.78826904296875,648.0118408203125,448.8603515625
210,player,5,1,753.1092529296875,394.3399353027344,616.6467895507812,488.4513854980469
210,player,28,1,379.61627197265625,399.64825439453125,253.15667724609375,390.7257995605469
210,player,37,0,1086.9150390625,530.97119140625,766.326416015625,890.1534423828125
210,player,51,-1,984.4257202148438,471.09564208984375,742.144775390625,743.875244140625
210,player,30,0,1067.087890625,555.4828491210938,724.4235229492188,936.420166015625
210,player,52,-1,619.2540893554688,326.2904052734375,547.070556640625,220.99197387695312
210,player,6,0,156.32952880859375,381.275634765625,19.665130615234375,252.9798583984375
210,player,45,1,780.6035766601562,374.58709716796875,652.6748046875,445.16796875
211,player,51,-1,984.735595703125,470.98822021484375,741.994140625,743.5306396484375
211,player,5,1,752.8870849609375,393.96954345703125,616.7147216796875,488.1461181640625
211,player,28,1,379.3565673828125,399.30999755859375,252.8909912109375,390.61248779296875
211,player,37,0,1086.4749755859375,540.2544555664062,762.1458129882812,895.34375
211,player,30,0,1059.747802734375,564.1390380859375,720.99462890625,938.879150390625
211,player,52,-1,619.740234375,329.001220703125,546.9990234375,225.23146057128906
211,player,6,0,157.12088012695312,381.08648681640625,20.4669246673584,253.44961547851562
211,player,45,1,782.2984619140625,374.73321533203125,656.2091674804688,443.1034851074219
212,player,51,-1,985.4434204101562,471.00537109375,742.087158203125,743.375732421875
212,player,5,1,751.04443359375,393.57977294921875,616.2910766601562,487.364501953125
212,player,28,1,379.2293395996094,399.4703369140625,252.64854431152344,390.7025146484375
212,player,37,0,1084.509033203125,546.05126953125,757.1295776367188,902.33642578125
212,player,52,-1,618.0213623046875,327.6913757324219,546.7507934570312,226.092529296875
212,player,30,0,1055.2362060546875,571.9756469726562,715.3917236328125,945.02294921875
212,player,6,0,158.46630859375,380.09912109375,21.549869537353516,252.68701171875
212,player,45,1,783.076171875,374.89300537109375,658.7045288085938,442.0138854980469
212,player,32,0,507.07733154296875,277.6698303222656,455.38214111328125,-12.493864059448242
212,player,53,-1,831.1781005859375,570.829833984375,543.8287353515625,913.8325805664062
213,player,51,1,984.6842041015625,471.6251220703125,741.727294921875,743.6998291015625
213,player,28,1,378.81439208984375,399.6507568359375,252.316162109375,390.9150085449219
213,player,5,1,746.9874267578125,393.7508239746094,614.6514282226562,486.6171569824219
213,player,52,-1,618.1359252929688,328.036865234375,546.5188598632812,227.1094970703125
213,player,45,1,784.4268188476562,376.60845947265625,660.1607055664062,443.26470947265625
213,player,30,0,1053.5318603515625,575.5872192382812,710.3052368164062,951.1099243164062
213,player,37,0,1081.8953857421875,565.6004638671875,747.31494140625,919.012939453125
213,player,6,0,159.26275634765625,380.195556640625,22.559486389160156,252.41189575195312
214,player,51,1,984.5623168945312,471.7674560546875,741.4114990234375,744.0120849609375
214,player,28,1,378.57696533203125,399.79901123046875,251.99325561523438,391.19110107421875
214,player,42,1,1080.3775634765625,527.53759765625,745.2981567382812,840.3853759765625
214,player,5,1,749.5140380859375,394.48760986328125,614.163330078125,487.1365051269531
214,player,52,-1,617.4857177734375,328.54296875,545.9659423828125,228.33499145507812
214,player,30,0,1051.194091796875,581.7030639648438,704.711181640625,958.6097412109375
214,player,45,1,785.3096313476562,378.034912109375,660.8917236328125,445.67364501953125
214,player,6,0,160.24325561523438,382.5253601074219,23.501537322998047,255.26370239257812
215,player,51,1,984.4052734375,473.804931640625,740.47705078125,745.7900390625
215,player,28,1,378.1099853515625,400.1097412109375,251.5703582763672,391.66290283203125
215,player,52,1,618.6654052734375,326.0243225097656,546.8598022460938,226.05032348632812
215,player,5,1,748.8494262695312,397.5123596191406,612.6619262695312,490.4610595703125
215,player,30,0,1055.1307373046875,567.2694091796875,706.129150390625,954.951171875
215,player,37,0,1083.962890625,560.7713012695312,742.8817749023438,926.99267578125
215,player,6,0,160.33624267578125,383.22857666015625,24.121231079101562,258.0025329589844
215,player,45,1,786.001220703125,380.0389404296875,660.887451171875,449.4126892089844
215,player,53,-1,824.2942504882812,573.9407348632812,541.3356323242188,915.38134765625
216,player,37,0,1083.270263671875,554.3154296875,741.77001953125,928.090576171875
216,player,51,1,984.2747802734375,473.40069580078125,739.96923828125,746.6212158203125
216,player,5,1,749.210693359375,394.96929931640625,612.6173095703125,490.0923156738281
216,player,28,1,379.37396240234375,400.26568603515625,251.71932983398438,392.2821044921875
216,player,52,1,618.5564575195312,325.97198486328125,547.4180297851562,224.4838409423828
216,player,6,0,162.71975708007812,380.10748291015625,25.57738494873047,256.189208984375
216,player,45,1,785.729248046875,379.862548828125,660.8580932617188,451.6301574707031
216,player,53,-1,822.828125,570.2064208984375,540.1832275390625,913.8947143554688
217,player,51,1,983.9320678710938,472.99871826171875,739.67919921875,746.8217163085938
217,player,37,0,1083.9400634765625,554.1039428710938,741.27880859375,928.7134399414062
217,player,5,1,749.20654296875,395.79376220703125,612.322021484375,490.6861572265625
217,player,28,1,379.0068359375,400.30816650390625,251.67965698242188,392.69091796875
217,player,52,1,618.24169921875,326.2522277832031,547.57373046875,223.78607177734375
217,player,6,0,164.24124145507812,384.81451416015625,26.911781311035156,261.0489807128906
217,player,53,-1,822.7388305664062,572.9408569335938,538.7896118164062,914.680908203125
217,player,45,1,784.384033203125,386.89166259765625,657.9641723632812,460.2117919921875
218,player,37,0,1085.148193359375,536.2180786132812,746.7978515625,917.682373046875
218,player,51,1,983.1390380859375,476.2889404296875,738.1697998046875,749.4423828125
218,player,6,0,166.37393188476562,383.9609375,28.638286590576172,263.4169921875
218,player,28,1,378.5430603027344,400.92071533203125,251.39605712890625,393.5823669433594
218,player,5,1,750.0028076171875,396.22845458984375,612.2467041015625,491.591552734375
218,player,52,1,622.92626953125,326.38836669921875,549.345947265625,224.1093292236328
218,player,53,-1,821.6217041015625,573.96875,537.36181640625,915.7779541015625
218,player,45,1,786.4349365234375,383.37945556640625,657.9588623046875,462.38238525390625
219,player,6,0,167.09494018554688,384.46136474609375,30.01622772216797,265.6630859375
219,player,51,1,983.3280029296875,476.7247314453125,737.095703125,751.4970703125
219,player,28,1,378.4879455566406,400.77301025390625,251.21475219726562,393.9925537109375
219,player,5,1,750.820556640625,395.8269958496094,612.5897216796875,491.8575439453125
219,player,52,1,621.4158325195312,328.4610290527344,549.2656860351562,226.78173828125
219,player,37,0,1081.9287109375,530.5775146484375,751.3546142578125,906.5691528320312
219,player,53,-1,820.0347900390625,573.730712890625,536.0763549804688,916.236083984375
219,player,45,1,788.116455078125,381.9543151855469,658.9967041015625,462.489990234375
220,player,6,0,167.94224548339844,384.677490234375,31.228530883789062,267.4939880371094
220,player,51,1,983.993408203125,476.90533447265625,736.521240234375,753.0236206054688
220,player,37,0,1081.36328125,525.9255981445312,755.662841796875,896.195556640625
220,player,28,1,378.4302062988281,400.77484130859375,251.07620239257812,394.25482177734375
220,player,52,1,625.0130615234375,327.66839599609375,550.78662109375,227.96481323242188
220,player,5,1,752.7779541015625,395.1978759765625,613.6450805664062,491.593017578125
220,player,31,0,776.9341430664062,405.3448486328125,621.3948974609375,500.5501708984375
220,player,53,-1,820.8201904296875,574.205322265625,535.3372802734375,916.8883056640625
220,player,45,1,788.4119873046875,386.0884094238281,658.3292236328125,466.8604736328125
220,player,30,0,1054.7392578125,534.2313842773438,716.8121948242188,931.3981323242188
221,player,6,0,168.42381286621094,384.87054443359375,32.19318771362305,268.9812316894531
221,player,28,1,378.40234375,401.19207763671875,250.9126434326172,394.8829345703125
221,player,51,1,980.928466796875,473.531005859375,736.4261474609375,751.1622924804688
221,player,37,0,1076.8829345703125,521.2313232421875,758.8265991210938,885.9716796875
221,player,5,1,756.5873413085938,397.04327392578125,614.9586791992188,493.66583251953125
221,player,52,1,622.0884399414062,325.6505126953125,551.3707885742188,225.76846313476562
221,player,53,0,821.1446533203125,574.5352783203125,534.8665161132812,917.544189453125
221,player,30,0,1045.39013671875,532.9444580078125,721.753662109375,914.6038818359375
221,player,45,1,788.076904296875,384.40972900390625,658.3689575195312,467.9388122558594
222,player,6,0,169.457275390625,384.93646240234375,33.214839935302734,270.1562805175781
222,player,28,1,378.35479736328125,401.4608459472656,250.74856567382812,395.5823974609375
222,player,51,1,982.039794921875,473.87640380859375,736.556884765625,750.30810546875
222,player,52,1,622.7140502929688,327.7738342285156,551.2808227539062,227.1473388671875
222,player,5,1,757.738525390625,396.0062255859375,616.517333984375,494.08587646484375
222,player,37,0,1073.66943359375,522.6377563476562,759.59814453125,880.0615234375
222,player,30,0,1046.5421142578125,532.3475341796875,725.4459228515625,903.36669921875
222,player,45,1,785.7442626953125,386.97509765625,656.7559204101562,471.0377197265625
222,player,53,0,820.8563842773438,575.9989013671875,534.15673828125,918.8858032226562
223,player,6,0,170.11537170410156,385.4697570800781,34.107444763183594,271.6568908691406
223,player,30,0,1043.2442626953125,533.5096435546875,726.6400146484375,896.615966796875
223,player,28,1,378.71856689453125,401.13702392578125,250.8199462890625,395.7200012207031
223,player,51,1,983.1142578125,473.7547912597656,736.9805297851562,749.742431640625
223,player,5,1,761.4180908203125,397.2897644042969,618.2936401367188,496.0196533203125
223,player,52,1,623.1323852539062,327.0671081542969,551.607421875,227.19186401367188
223,player,45,1,786.6624755859375,393.638671875,653.7306518554688,479.912353515625
223,player,53,0,818.9281005859375,576.683349609375,533.0435791015625,920.069580078125
223,player,37,0,1068.6744384765625,521.3024291992188,759.2390747070312,874.968994140625
224,player,6,0,170.86834716796875,386.1212463378906,34.946685791015625,273.52435302734375
224,player,28,1,378.72674560546875,400.7809753417969,250.923583984375,395.417236328125
224,player,5,1,762.0369262695312,396.8497314453125,619.789306640625,496.8973083496094
224,player,52,1,622.4463500976562,326.6407470703125,551.7090454101562,226.58575439453125
224,player,53,0,816.8759765625,576.400146484375,531.852783203125,920.5267333984375
224,player,31,0,777.6500854492188,402.57568359375,624.912353515625,507.08868408203125
224,player,30,0,1047.907958984375,532.876953125,728.8097534179688,892.1199951171875
224,player,37,0,1072.8753662109375,515.015625,762.1399536132812,867.63623046875
224,player,51,1,985.0228271484375,475.33843994140625,737.2540283203125,750.7523193359375
224,player,54,-1,641.325439453125,323.248046875,574.87890625,219.9152374267578
225,player,6,0,171.70260620117188,385.87713623046875,35.823814392089844,274.5410461425781
225,player,45,1,783.6734619140625,403.9527587890625,647.3849487304688,495.6181640625
225,player,28,1,378.89404296875,400.7042541503906,251.0618896484375,395.1541748046875
225,player,52,1,624.0418090820312,326.4066162109375,552.4359741210938,226.09568786621094
225,player,53,0,813.4194946289062,576.2064208984375,530.2276000976562,920.477783203125
225,player,37,0,1073.2825927734375,513.6168212890625,764.5912475585938,861.9306640625
225,player,30,0,1045.7237548828125,532.0327758789062,729.9189453125,888.4866943359375
225,player,51,1,983.405029296875,474.9654846191406,737.1087646484375,750.9937744140625
225,player,5,1,755.601318359375,394.80010986328125,619.3617553710938,494.75274658203125
225,player,54,-1,643.3312377929688,323.38336181640625,575.5654296875,220.3480682373047
226,player,28,1,379.09552001953125,400.7271728515625,251.2196044921875,395.03076171875
226,player,52,1,625.7890625,326.32550048828125,553.5743408203125,225.89706420898438
226,player,6,0,171.4114532470703,386.926025390625,36.23320007324219,276.45098876953125
226,player,45,1,783.8154296875,404.88262939453125,643.0010375976562,506.7497863769531
226,player,37,0,1074.176025390625,523.0140380859375,763.3545532226562,864.7247314453125
226,player,5,1,757.9118041992188,395.24029541015625,619.68359375,494.0374755859375
226,player,53,0,811.5938720703125,575.3654174804688,528.8854370117188,919.791259765625
226,player,51,1,997.734375,491.37371826171875,735.5264282226562,764.694580078125
226,player,30,0,1051.2242431640625,530.2044677734375,732.6226806640625,885.2726440429688
226,player,55,-1,130.79266357421875,315.0190124511719,-2.464197874069214,-20.065814971923828
227,player,6,0,172.55197143554688,386.88372802734375,36.93838119506836,277.78009033203125
227,player,28,1,379.072021484375,401.0965576171875,251.25733947753906,395.3558349609375
227,player,45,1,783.9776611328125,407.63201904296875,639.3080444335938,516.6751708984375
227,player,30,0,1049.347412109375,528.7671508789062,734.3443603515625,882.0906982421875
227,player,37,0,1082.4615478515625,520.7406005859375,765.4265747070312,865.564697265625
227,player,52,1,629.8953857421875,327.8331298828125,555.3135986328125,228.22329711914062
227,player,5,1,758.516845703125,395.0658264160156,620.1439208984375,493.4576416015625
227,player,53,0,809.3217163085938,574.1325073242188,527.6978759765625,918.40869140625
227,player,50,-1,982.8396606445312,475.70062255859375,728.3688354492188,794.3309326171875
228,player,28,1,379.3076171875,400.95574951171875,251.38671875,395.437744140625
228,player,6,0,173.47836303710938,386.03985595703125,37.792091369628906,277.7243347167969
228,player,30,0,1045.99609375,526.7079467773438,735.2406005859375,878.4046630859375
228,player,45,1,785.0106201171875,404.02801513671875,638.4075927734375,519.7188110351562
228,player,52,1,630.1198120117188,328.145751953125,556.4222412109375,230.16282653808594
228,player,53,0,805.60546875,572.935302734375,526.2261962890625,916.499755859375
228,player,5,1,761.9358520507812,392.970703125,622.2276611328125,491.3067626953125
228,player,37,0,1081.656982421875,516.4862670898438,767.95947265625,863.146728515625
228,player,51,1,1004.2916259765625,529.7736206054688,724.249267578125,801.3229370117188
228,player,58,-1,981.8250732421875,474.697509765625,735.8450317382812,750.4960327148438
228,ball,-1,-1,1093.89404296875,430.15850830078125,742.9292602539062,584.4594116210938
229,player,6,0,174.70797729492188,385.38067626953125,38.850669860839844,277.0303039550781
229,player,42,1,1032.126953125,528.7388305664062,738.1414184570312,851.7230224609375
229,player,28,1,379.4622802734375,400.5175476074219,251.5926513671875,395.0240173339844
229,player,52,1,632.136474609375,329.1317443847656,557.5497436523438,232.9349365234375
229,player,45,1,784.939208984375,403.38311767578125,638.0113525390625,521.0587768554688
229,player,5,1,763.318359375,392.02435302734375,624.3388671875,489.08807373046875
229,player,37,0,1082.5458984375,510.942138671875,771.674560546875,857.80419921875
229,player,53,0,802.217529296875,572.56689453125,524.4694213867188,914.80126953125
229,player,32,0,521.6928100585938,276.4139709472656,466.72772216796875,-14.634146690368652
229,ball,-1,-1,1094.1326904296875,430.0755310058594,753.3310546875,591.5812377929688
230,player,6,0,176.27566528320312,385.1205139160156,40.153228759765625,276.45208740234375
230,player,42,1,1035.107666015625,526.3804321289062,734.9900512695312,857.698974609375
230,player,28,1,380.01885986328125,399.970703125,252.00750732421875,394.21185302734375
230,player,5,1,762.6162109375,393.56182861328125,624.97900390625,489.13494873046875
230,player,56,-1,634.705810546875,328.267822265625,563.134033203125,235.8764190673828
230,player,45,1,787.7276000976562,400.29669189453125,639.6548461914062,519.1686401367188
230,player,37,0,1083.262939453125,507.32635498046875,775.4884643554688,851.8564453125
230,player,53,0,799.9775390625,573.1881713867188,522.60693359375,913.9517822265625
230,ball,-1,-1,1094.2841796875,428.95318603515625,763.015625,597.9196166992188
231,player,6,0,177.9947967529297,383.9442138671875,41.719234466552734,274.84088134765625
231,player,42,1,1034.89599609375,526.6517333984375,732.802734375,861.7530517578125
231,player,28,1,380.4278564453125,399.72564697265625,252.45977783203125,393.45794677734375
231,player,5,1,762.9728393554688,394.30242919921875,625.2666625976562,489.950927734375
231,player,56,-1,636.84423828125,328.48699951171875,563.8380737304688,236.42691040039062
231,player,45,1,787.1466064453125,401.35528564453125,640.1881713867188,518.926513671875
231,player,53,0,797.896728515625,572.9322509765625,520.9105834960938,913.099365234375
231,player,37,0,1084.9964599609375,506.1195068359375,778.828369140625,847.2656860351562
231,ball,-1,-1,1094.79345703125,428.72845458984375,771.9794921875,603.7174072265625
232,player,42,1,1034.387939453125,526.7376098632812,731.22265625,864.41162109375
232,player,6,0,179.1197967529297,383.3365173339844,43.20071029663086,273.1830749511719
232,player,28,1,380.4773864746094,399.7248229980469,252.77142333984375,392.97247314453125
232,player,56,-1,637.8001708984375,327.0899353027344,565.1121826171875,235.126708984375
232,player,5,1,763.243408203125,395.778076171875,625.0576171875,491.9969787597656
232,player,53,0,793.9308471679688,571.5125122070312,519.08544921875,911.3695068359375
232,player,45,1,784.544677734375,403.233154296875,639.0933227539062,520.3580322265625
232,player,37,0,1085.3759765625,505.15228271484375,781.4260864257812,843.6278686523438
232,player,51,1,1008.736083984375,504.94622802734375,725.7567138671875,808.1248779296875
232,player,59,-1,194.09634399414062,374.1855773925781,63.96608352661133,242.8050537109375
232,ball,-1,-1,1095.060302734375,428.9200439453125,780.2255249023438,609.0936279296875
233,player,42,1,1032.3919677734375,518.5347290039062,732.2359619140625,860.3837280273438
233,player,6,0,180.54782104492188,382.96820068359375,44.73194885253906,271.8270568847656
233,player,28,1,380.9254150390625,399.58538818359375,253.15423583984375,392.5521240234375
233,player,56,-1,639.0707397460938,326.298828125,566.6697998046875,233.432861328125
233,player,5,1,763.051025390625,393.019775390625,625.7642211914062,490.5205078125
233,player,53,0,789.1453857421875,573.31298828125,516.256103515625,911.0963134765625
233,player,45,1,790.928955078125,388.86614990234375,645.243408203125,507.5729064941406
233,player,37,0,1087.465576171875,511.13201904296875,781.6461181640625,845.5939331054688
233,player,59,-1,193.90771484375,374.8609619140625,63.85112762451172,243.6334228515625
233,ball,-1,-1,1093.6259765625,430.4896240234375,787.5721435546875,614.3146362304688
234,player,42,1,1031.1070556640625,511.95245361328125,734.64404296875,853.0884399414062
234,player,28,1,380.69683837890625,400.3370361328125,253.2062530517578,393.08538818359375
234,player,6,0,181.19253540039062,381.8089599609375,46.03656005859375,269.5919189453125
234,player,56,-1,639.505859375,325.2665710449219,568.1904296875,231.06515502929688
234,player,5,1,764.8597412109375,392.02813720703125,627.1326904296875,488.7378845214844
234,player,37,0,1089.698486328125,511.2091064453125,782.344482421875,847.081787109375
234,player,45,1,793.712158203125,393.05963134765625,648.6946411132812,503.7884521484375
234,player,53,0,785.1678466796875,572.1978149414062,513.6202392578125,909.938232421875
234,player,59,-1,199.05313110351562,373.6107177734375,65.85112762451172,243.24270629882812
235,player,42,1,1029.917724609375,508.2020263671875,737.0972290039062,845.6163330078125
235,player,28,1,381.42852783203125,400.40985107421875,253.48779296875,393.59344482421875
235,player,56,-1,642.2828369140625,325.55303955078125,570.0936279296875,230.24887084960938
235,player,6,0,182.06195068359375,380.8546142578125,47.27056884765625,267.063232421875
235,player,5,1,765.8648071289062,391.343017578125,628.57275390625,486.984619140625
235,player,45,1,793.1600341796875,394.0863037109375,650.412109375,502.30413818359375
235,player,37,0,1089.981201171875,512.3062744140625,782.5044555664062,848.8292236328125
235,player,53,0,781.15966796875,573.133544921875,510.6565246582031,909.529052734375
235,player,55,-1,144.18121337890625,313.5972900390625,3.4103336334228516,-20.203895568847656
235,player,59,-1,198.1846923828125,375.8155517578125,66.6724853515625,245.6558837890625
236,player,42,1,1026.1810302734375,503.47674560546875,739.2266845703125,837.1229248046875
236,player,28,1,382.2967834472656,400.90997314453125,253.9006805419922,394.57177734375
236,player,56,-1,642.98046875,326.275634765625,571.3387451171875,230.73175048828125
236,player,6,0,182.6565704345703,379.91009521484375,48.35308837890625,264.31890869140625
236,player,45,1,793.987060546875,396.0826721191406,651.1143798828125,503.4189147949219
236,player,5,1,766.2244262695312,391.0902099609375,629.7086181640625,485.6241760253906
236,player,37,0,1090.0760498046875,512.56201171875,782.5475463867188,850.148681640625
236,player,55,-1,145.83119201660156,313.49798583984375,7.949855804443359,-20.191986083984375
236,player,53,0,777.9515380859375,575.408447265625,507.4039611816406,910.5218505859375
236,player,59,-1,195.37615966796875,374.14715576171875,66.22428894042969,244.77099609375
237,player,42,1,1024.900146484375,500.5133056640625,741.2332153320312,829.3767700195312
237,player,28,1,383.05419921875,401.5421142578125,254.33900451660156,395.98785400390625
237,player,56,1,645.0057983398438,326.6857604980469,572.7448120117188,231.8272705078125
237,player,45,1,795.7465209960938,397.57135009765625,651.6260375976562,505.80023193359375
237,player,6,0,183.5267333984375,379.4959716796875,49.415321350097656,262.12744140625
237,player,5,1,766.298583984375,391.8387451171875,630.222412109375,485.50927734375
237,player,37,0,1089.7772216796875,510.78399658203125,783.093505859375,849.752685546875
237,player,53,0,771.010009765625,578.605712890625,502.8018798828125,912.7698974609375
237,player,59,-1,196.41854858398438,374.18072509765625,66.33521270751953,244.36961364746094
237,player,55,-1,148.0281219482422,313.191650390625,11.86772346496582,-20.321117401123047
238,player,28,1,383.28472900390625,401.7702941894531,254.6700439453125,397.184814453125
238,player,42,1,1018.7031860351562,496.6424560546875,742.143798828125,821.0780029296875
238,player,56,1,646.9439697265625,327.12420654296875,574.2130737304688,233.34451293945312
238,player,45,1,797.0128173828125,397.08026123046875,652.5263671875,506.98638916015625
238,player,6,0,185.5211181640625,378.28875732421875,50.94353485107422,259.444580078125
238,player,53,0,765.2833862304688,578.4989013671875,498.339599609375,913.7920532226562
238,player,5,1,767.64990234375,391.83795166015625,630.9915771484375,485.57147216796875
238,player,37,0,1088.792724609375,510.8353271484375,783.1749267578125,849.4619140625
238,ball,-1,-1,1082.14501953125,416.76708984375,794.880615234375,616.1987915039062
239,player,28,1,383.79278564453125,401.7117004394531,255.07363891601562,397.95428466796875
239,player,42,1,1021.1519775390625,495.7906494140625,743.6724243164062,815.2418823242188
239,player,56,1,647.7348022460938,326.9648132324219,575.5089111328125,234.22836303710938
239,player,53,0,762.5982666015625,577.0982666015625,495.03009033203125,913.38232421875
239,player,45,1,792.0419921875,385.14776611328125,655.6199340820312,495.190185546875
239,player,6,0,187.748291015625,377.084228515625,52.86722183227539,256.4709167480469
239,player,5,1,770.1265869140625,392.37225341796875,632.1104736328125,486.40631103515625
239,player,37,0,1088.6865234375,511.64434814453125,782.9290771484375,849.8271484375
239,ball,-1,-1,1078.1318359375,419.4866943359375,801.0810546875,618.39404296875
240,player,53,0,758.77001953125,576.5886840820312,491.98345947265625,912.53857421875
240,player,28,1,384.38800048828125,401.56036376953125,255.5695343017578,398.353515625
240,player,42,1,1018.6810302734375,494.99981689453125,744.2620849609375,810.6875
240,player,56,1,648.2010498046875,326.7363586425781,576.5985717773438,234.57125854492188
240,player,45,1,789.8744506835938,384.80059814453125,657.052490234375,486.9417724609375
240,player,6,0,188.64454650878906,376.68389892578125,54.487884521484375,254.14804077148438
240,player,5,1,769.59228515625,392.09100341796875,632.759521484375,486.6092529296875
240,player,37,0,1089.43505859375,511.65948486328125,782.958984375,850.12744140625
240,ball,-1,-1,1079.4603271484375,417.9337463378906,807.0205688476562,620.1309814453125
241,player,53,0,755.4271240234375,580.1785278320312,488.38751220703125,914.0799560546875
241,player,28,1,384.37994384765625,401.54095458984375,255.89202880859375,398.59075927734375
241,player,6,0,189.17892456054688,376.7210693359375,55.74607849121094,252.7518310546875
241,player,42,1,1013.740234375,494.0970458984375,743.6121826171875,806.69921875
241,player,56,1,648.5791015625,326.61859130859375,577.484375,234.69219970703125
241,player,45,1,789.2573852539062,383.4071044921875,658.2694702148438,480.07806396484375
241,player,5,1,769.6543579101562,392.90753173828125,632.9301147460938,487.5753479003906
241,player,37,0,1086.0501708984375,512.199462890625,781.9173583984375,850.460205078125
241,ball,-1,-1,1081.541015625,418.256103515625,812.5909423828125,621.8349609375
242,player,53,0,751.774658203125,581.942626953125,484.73651123046875,915.9737548828125
242,player,28,1,384.39447021484375,401.2850341796875,256.1465148925781,398.4648132324219
242,player,42,1,1015.9630126953125,497.30242919921875,742.739013671875,806.61767578125
242,player,6,0,190.63699340820312,376.4394836425781,57.145103454589844,251.67364501953125
242,player,45,1,790.657470703125,383.51837158203125,659.4742431640625,475.876708984375
242,player,5,1,769.3831787109375,393.15008544921875,632.87353515625,488.42138671875
242,player,56,1,648.4095458984375,326.88519287109375,577.9073486328125,235.0887908935547
242,player,37,0,1083.9697265625,513.1948852539062,780.3677368164062,851.2205200195312
242,ball,-1,-1,1080.01611328125,421.8739318847656,817.2720336914062,624.0899047851562
243,player,53,0,748.9833984375,580.0654296875,482.0168151855469,915.8232421875
243,player,28,1,384.39813232421875,401.21441650390625,256.32415771484375,398.3055419921875
243,player,42,1,1016.0389404296875,500.08843994140625,741.2861328125,808.5950317382812
243,player,6,0,190.8189697265625,375.7725524902344,58.16473388671875,250.15744018554688
243,player,5,1,769.1514892578125,391.6394958496094,633.263916015625,487.41552734375
243,player,45,1,793.91015625,385.4346923828125,660.6380615234375,475.4561767578125
243,player,56,1,648.5140380859375,327.387939453125,578.0482177734375,235.9993896484375
243,player,37,0,1085.3720703125,512.928466796875,779.813720703125,851.6282958984375
243,ball,-1,-1,1078.343994140625,423.3111572265625,821.333740234375,626.4146728515625
244,player,53,0,746.436279296875,583.990234375,478.7895812988281,918.0679931640625
244,player,28,1,383.95330810546875,401.8023681640625,256.1914367675781,398.8001708984375
244,player,6,0,191.1759796142578,375.7027587890625,58.97003936767578,249.12896728515625
244,player,5,1,771.4261474609375,394.13299560546875,633.4201049804688,489.5176086425781
244,player,56,1,648.6082763671875,327.4000244140625,578.1697998046875,236.61859130859375
244,player,45,1,795.0921630859375,386.7281494140625,661.324462890625,476.6302490234375
244,player,51,1,1004.809326171875,497.4588623046875,728.08544921875,806.8379516601562
244,player,57,-1,1071.755615234375,514.4822998046875,767.194580078125,852.741943359375
244,ball,-1,-1,1079.8463134765625,423.99798583984375,825.104248046875,628.7182006835938
245,player,53,0,743.71923828125,585.8408203125,475.61346435546875,920.528076171875
245,player,56,1,649.166259765625,327.62158203125,578.3754272460938,237.37335205078125
245,player,6,0,191.8990478515625,375.3751220703125,59.793495178222656,248.13897705078125
245,player,28,1,381.63287353515625,403.15423583984375,255.0785675048828,400.3510437011719
245,player,51,1,1015.625732421875,498.1697998046875,732.2736206054688,807.3148803710938
245,player,45,1,795.535888671875,385.93621826171875,662.1890869140625,476.6278381347656
245,player,5,1,770.506591796875,393.5614013671875,633.4161987304688,490.2137451171875
245,ball,-1,-1,1081.133056640625,424.6920471191406,828.5919189453125,630.9990234375
246,player,53,0,742.65966796875,587.526123046875,472.937744140625,923.1258544921875
246,player,28,1,380.9248046875,403.98907470703125,253.9781951904297,402.1956787109375
246,player,56,1,649.6521606445312,327.4356994628906,578.748779296875,237.68948364257812
246,player,42,1,1031.35302734375,507.22930908203125,742.10791015625,816.1083984375
246,player,6,0,193.02125549316406,375.24627685546875,60.771602630615234,247.474365234375
246,player,45,1,796.15625,385.47607421875,663.1113891601562,476.21795654296875
246,player,5,1,769.8352661132812,392.6236877441406,633.50927734375,489.6490478515625
246,player,55,-1,155.5453643798828,315.04656982421875,17.588302612304688,-16.351486206054688
246,player,57,-1,1056.16748046875,516.1255493164062,762.596923828125,852.7908935546875
246,ball,-1,-1,1081.2967529296875,423.56072998046875,831.9176025390625,632.8785400390625
247,player,28,1,380.71856689453125,403.69647216796875,253.2349090576172,403.0519104003906
247,player,56,1,649.83251953125,327.6177978515625,578.9945068359375,238.14910888671875
247,player,53,0,743.3236083984375,587.7796630859375,471.320556640625,925.0169677734375
247,player,51,1,1012.1524658203125,494.6259765625,735.21875,804.778076171875
247,player,5,1,768.465087890625,392.95660400390625,633.0191650390625,489.480224609375
247,player,6,0,192.52957153320312,374.6426696777344,61.253536224365234,246.2196044921875
247,player,45,1,795.6321411132812,382.9715576171875,664.4200439453125,473.31756591796875
247,player,57,-1,1055.001220703125,517.21728515625,758.9525146484375,853.4956665039062
247,ball,-1,-1,1112.3494873046875,442.5438232421875,835.212158203125,638.8338623046875
248,player,28,1,380.3936767578125,401.84869384765625,252.91944885253906,401.5443115234375
248,player,56,1,649.3228759765625,327.365234375,579.055908203125,238.06240844726562
248,player,53,0,742.8375244140625,585.2579345703125,470.6454772949219,924.6185302734375
248,player,45,1,806.2847900390625,391.7377624511719,665.6224365234375,481.4602966308594
248,player,5,1,764.6814575195312,394.4254150390625,631.0010986328125,490.47259521484375
248,player,51,1,1011.952392578125,497.92816162109375,736.0032958984375,805.5303955078125
248,player,6,0,192.5252685546875,373.8240966796875,61.615089416503906,244.36924743652344
248,player,57,-1,1055.060302734375,515.0765991210938,757.2894897460938,852.4771118164062
248,ball,-1,-1,1112.7601318359375,443.2929992675781,838.2005004882812,644.4595947265625
249,player,45,1,806.98876953125,390.04339599609375,667.21875,485.115966796875
249,player,28,1,380.6058349609375,402.55828857421875,252.68072509765625,401.36798095703125
249,player,56,1,649.3980712890625,327.03021240234375,579.23779296875,237.58961486816406
249,player,53,0,741.1309814453125,585.15869140625,469.7820129394531,924.18701171875
249,player,51,1,1011.8602294921875,496.4951171875,736.954345703125,804.9664306640625
249,player,5,1,763.473388671875,392.8241271972656,629.8277587890625,489.37408447265625
249,player,6,0,192.1851806640625,374.85400390625,61.65531921386719,244.42446899414062
249,player,57,-1,1054.2174072265625,514.6602172851562,756.1229248046875,851.4671630859375
249,ball,-1,-1,1112.518310546875,443.51873779296875,840.9136962890625,649.672607421875
250,player,28,1,379.68402099609375,401.29779052734375,252.39273071289062,399.76458740234375
250,player,45,1,807.1092529296875,389.389404296875,668.5234985351562,486.84295654296875
250,player,56,1,648.737548828125,327.0740966796875,579.1014404296875,237.25421142578125
250,player,53,0,739.7036743164062,585.2431640625,468.83209228515625,923.8685913085938
250,player,5,1,762.107666015625,392.8457946777344,628.6184692382812,488.54315185546875
250,player,51,1,1010.8704833984375,500.75238037109375,735.9282836914062,807.6253662109375
250,player,6,0,192.86721801757812,376.53485107421875,61.84355926513672,246.6601104736328
250,player,57,-1,1055.88623046875,514.6212768554688,755.8133544921875,850.9005126953125
250,ball,-1,-1,1111.21533203125,442.82757568359375,843.3905029296875,654.31591796875
251,player,28,1,379.1416015625,400.86053466796875,252.08055114746094,398.179931640625
251,player,45,1,807.2562255859375,392.99493408203125,668.1624755859375,491.61181640625
251,player,53,0,737.8330688476562,583.92626953125,467.98876953125,922.7032470703125
251,player,56,1,648.4749755859375,326.94000244140625,578.9634399414062,236.83218383789062
251,player,5,1,761.791748046875,392.5780029296875,627.81884765625,487.698974609375
251,player,6,0,193.08096313476562,375.41259765625,62.11711120605469,246.73001098632812
251,player,42,1,1017.3031005859375,507.029541015625,738.9808349609375,819.842529296875
251,player,57,-1,1050.678466796875,514.952392578125,754.1439208984375,850.3973999023438
251,ball,-1,-1,1110.583740234375,441.9135437011719,845.712890625,658.4058227539062
252,player,28,1,378.29052734375,401.28509521484375,251.51174926757812,397.5245361328125
252,player,45,1,807.9649658203125,393.08013916015625,668.1235961914062,494.8681640625
252,player,53,0,737.312255859375,584.3077392578125,467.22882080078125,922.1552734375
252,player,56,1,648.739990234375,326.32373046875,579.1810913085938,235.80645751953125
252,player,6,0,193.4024658203125,375.24920654296875,62.429527282714844,246.61016845703125
252,player,42,1,1023.0681762695312,506.23828125,738.732421875,822.1199951171875
252,player,5,1,761.638427734375,391.85821533203125,627.4866333007812,486.4026794433594
252,player,57,0,1052.2957763671875,516.821044921875,752.8799438476562,851.477783203125
252,ball,-1,-1,1110.60546875,441.6787109375,847.8724975585938,662.125244140625
253,player,28,1,377.28759765625,401.13763427734375,250.80960083007812,396.82501220703125
253,player,45,1,806.9573364257812,394.1287841796875,667.415283203125,497.932861328125
253,player,53,0,734.9814453125,584.9710083007812,465.9952087402344,922.0714721679688
253,player,6,0,193.44873046875,374.6456298828125,62.6876220703125,245.7774200439453
253,player,56,1,649.4969482421875,325.855712890625,579.7581787109375,234.63900756835938
253,player,42,1,1027.7940673828125,505.7095947265625,739.9954833984375,823.5631103515625
253,player,5,1,760.932373046875,392.76776123046875,626.7440185546875,486.4129638671875
253,player,57,0,1054.3699951171875,517.9530029296875,752.235595703125,853.10546875
253,ball,-1,-1,1109.7060546875,440.6038818359375,849.9010620117188,665.3295288085938
254,player,28,1,376.80615234375,400.60711669921875,250.26332092285156,395.73089599609375
254,player,45,1,806.487548828125,392.83172607421875,667.2542724609375,498.57940673828125
254,player,6,0,193.62547302246094,375.1891174316406,62.89048767089844,245.94337463378906
254,player,42,1,1026.3853759765625,501.634033203125,741.7637939453125,821.47900390625
254,player,5,1,760.2828369140625,392.5708312988281,626.1168212890625,486.1534423828125
254,player,53,0,729.8759765625,584.4140625,463.97003173828125,921.33349609375
254,player,57,0,1058.411376953125,517.77197265625,752.9273681640625,854.319580078125
254,player,56,1,650.5841064453125,326.02935791015625,580.4683837890625,234.24032592773438
255,player,28,1,376.52105712890625,399.7895202636719,249.93148803710938,394.0828857421875
255,player,45,1,807.1055908203125,392.1504211425781,667.5826416015625,498.3780212402344
255,player,53,0,728.021240234375,583.5863037109375,462.3313903808594,920.20556640625
255,player,6,0,193.65658569335938,375.756591796875,62.99951934814453,246.76913452148438
255,player,5,1,760.4078369140625,393.4161376953125,625.47216796875,486.85552978515625
255,player,42,1,1021.5072021484375,504.444580078125,740.7036743164062,821.78955078125
255,player,57,0,1067.545166015625,517.118408203125,755.9644775390625,855.2931518554688
255,player,56,1,651.32373046875,325.283447265625,581.4559326171875,233.1230010986328
255,player,50,-1,984.9276123046875,468.7276611328125,733.859619140625,774.5684204101562
256,player,28,1,376.7706604003906,400.78204345703125,249.65341186523438,394.13800048828125
256,player,45,1,807.727783203125,392.4396057128906,667.8936157226562,498.60009765625
256,player,42,1,1020.459716796875,502.0240478515625,740.517333984375,820.177001953125
256,player,57,0,1071.337646484375,519.8106689453125,758.048828125,858.0348510742188
256,player,53,0,725.431640625,582.0791015625,460.8841552734375,918.3394165039062
256,player,5,1,759.0057373046875,392.904296875,624.7694091796875,486.64990234375
256,player,6,0,193.9361572265625,375.9710693359375,63.16545104980469,247.6104736328125
256,player,56,1,651.5098266601562,325.11968994140625,582.2220458984375,232.21112060546875
256,player,50,-1,985.0137939453125,462.31817626953125,739.6491088867188,756.6475830078125
256,ball,-1,-1,1092.37158203125,428.3136291503906,851.796142578125,665.6071166992188
257,player,28,1,376.34527587890625,399.148193359375,249.57028198242188,392.31640625
257,player,45,1,808.1126708984375,386.662841796875,670.24169921875,492.93963623046875
257,player,42,1,1022.7317504882812,504.4542236328125,740.216064453125,821.03857421875
257,player,57,0,1070.1484375,519.5499267578125,759.1800537109375,859.556640625
257,player,50,-1,985.4371337890625,460.891357421875,744.0249633789062,743.8909301757812
257,player,5,1,758.6676635742188,393.4813537597656,624.014892578125,487.0675048828125
257,player,56,1,652.2718505859375,324.18487548828125,583.3209838867188,230.5187225341797
257,player,53,0,720.8140869140625,582.313720703125,458.6862487792969,916.9776000976562
257,player,6,0,194.1722869873047,377.07183837890625,63.29691696166992,249.56724548339844
257,player,51,1,1002.7826538085938,482.7861328125,738.96435546875,795.447021484375
257,ball,-1,-1,1091.959228515625,427.8062744140625,853.5604858398438,665.7561645507812
258,player,28,1,376.60797119140625,400.13336181640625,249.45953369140625,392.25408935546875
258,player,45,1,807.461181640625,389.5335693359375,670.55029296875,492.10992431640625
258,player,5,1,759.0960083007812,394.5284118652344,623.3204345703125,488.4427490234375
258,player,57,0,1069.047119140625,519.8634033203125,759.5284423828125,860.6841430664062
258,player,42,1,1024.48828125,501.2344970703125,741.5314331054688,819.4124145507812
258,player,56,1,652.948974609375,324.0679626464844,584.322265625,229.35543823242188
258,player,51,1,1004.1851196289062,488.2794189453125,739.497314453125,791.7684936523438
258,player,6,0,194.38156127929688,377.5518798828125,63.433685302734375,251.46572875976562
258,player,53,0,719.5911865234375,583.7044677734375,456.6661376953125,916.9049682617188
258,player,55,-1,160.1122589111328,315.3719482421875,23.261672973632812,-12.563433647155762
258,ball,-1,-1,1074.3350830078125,438.66448974609375,853.0455322265625,667.6353759765625
259,player,28,1,376.2667236328125,399.5985107421875,249.34783935546875,391.58294677734375
259,player,45,1,805.3876953125,385.3233642578125,671.567626953125,487.0730895996094
259,player,42,1,1025.9140625,502.26336669921875,742.4318237304688,819.1998291015625
259,player,56,1,653.8624267578125,324.927001953125,585.0067749023438,229.81622314453125
259,player,57,0,1067.647216796875,519.7650146484375,759.423828125,861.253173828125
259,player,53,0,716.8040771484375,583.3169555664062,454.69732666015625,916.4290771484375
259,player,5,1,760.381103515625,393.4609680175781,623.6312255859375,488.38629150390625
259,player,50,1,990.0744018554688,466.30523681640625,746.2988891601562,740.2806396484375
259,player,6,0,194.57217407226562,376.4046936035156,63.66699981689453,251.2872772216797
259,ball,-1,-1,1073.9405517578125,440.1900939941406,852.4091186523438,669.6453247070312
260,player,28,1,375.72845458984375,399.069580078125,249.16464233398438,390.49969482421875
260,player,45,1,805.380126953125,389.02203369140625,670.9263916015625,487.5673828125
260,player,53,0,714.2274169921875,584.296875,452.5525207519531,916.580810546875
260,player,56,1,653.9229736328125,324.753662109375,585.533935546875,229.90176391601562
260,player,57,0,1065.2542724609375,520.1286010742188,758.6180419921875,861.70654296875
260,player,51,1,1001.3443603515625,476.8124694824219,742.8968505859375,780.4733276367188
260,player,6,0,194.69882202148438,375.7337646484375,63.90921401977539,250.3448486328125
260,player,5,1,759.2142944335938,392.4403991699219,623.7920532226562,487.19464111328125
260,player,42,1,1025.7371826171875,503.76092529296875,742.4840087890625,820.123779296875
261,player,28,1,375.18597412109375,398.0710754394531,249.00466918945312,388.6240234375
261,player,45,1,805.27099609375,387.91876220703125,670.8610229492188,486.7573547363281
261,player,37,0,1073.3829345703125,519.5082397460938,774.1787109375,855.5869750976562
261,player,56,1,654.30908203125,324.76702880859375,586.01220703125,230.02378845214844
261,player,53,0,711.313720703125,586.7545166015625,449.92401123046875,918.0611572265625
261,player,50,1,991.8673095703125,474.85357666015625,745.3660888671875,744.7601928710938
261,player,6,0,195.1178741455078,374.7845458984375,64.2880859375,248.59033203125
261,player,42,1,1026.921630859375,504.3209228515625,742.6514892578125,821.2108764648438
261,player,5,1,758.815185546875,394.1937255859375,623.1944580078125,488.1583557128906
262,player,28,1,374.99176025390625,398.33001708984375,248.792236328125,387.67169189453125
262,player,45,1,803.61376953125,388.25006103515625,670.1720581054688,486.3988037109375
262,player,56,1,654.8262329101562,323.51715087890625,586.946533203125,228.5674591064453
262,player,37,0,1076.23486328125,518.4271240234375,771.6067504882812,857.6173095703125
262,player,50,1,982.7017211914062,466.67388916015625,744.9861450195312,740.550537109375
262,player,42,1,1028.876708984375,507.12066650390625,742.3746337890625,824.05419921875
262,player,6,0,195.2953643798828,373.9383544921875,64.65617370605469,246.40444946289062
262,player,53,0,707.8809204101562,587.9863891601562,447.0831298828125,919.5867919921875
262,player,5,1,761.335205078125,393.13134765625,623.9644165039062,487.9641418457031
262,player,55,-1,161.38209533691406,314.10205078125,27.562149047851562,-11.872244834899902
263,player,28,1,374.8103942871094,398.6370849609375,248.54306030273438,387.3742980957031
263,player,45,1,803.276123046875,387.8427734375,669.7586059570312,485.71710205078125
263,player,53,0,704.027587890625,588.477294921875,444.1357116699219,920.6430053710938
263,player,42,1,1026.981201171875,507.637451171875,741.5263671875,826.1336669921875
263,player,56,1,655.7046508789062,323.53558349609375,587.8670654296875,227.75711059570312
263,player,57,0,1069.7239990234375,516.8859252929688,760.3053588867188,860.0860595703125
263,player,6,0,195.21826171875,373.0098876953125,64.92379760742188,243.79905700683594
263,player,5,1,762.1025390625,391.31182861328125,625.3111572265625,486.0657958984375
263,player,50,1,974.764892578125,460.09771728515625,744.7647705078125,731.9270629882812
263,player,55,0,161.5498046875,314.098388671875,30.430072784423828,-11.402731895446777
263,ball,-1,-1,1017.736572265625,397.552734375,852.0521240234375,661.7919311523438
264,player,51,1,987.82861328125,493.81396484375,735.8142700195312,784.9255981445312
264,player,28,1,374.71417236328125,398.723876953125,248.333740234375,387.2668762207031
264,player,53,0,701.1785278320312,586.3505859375,441.873291015625,919.790283203125
264,player,45,1,802.4564819335938,388.0392150878906,669.1586303710938,485.39031982421875
264,player,57,0,1073.305419921875,517.5709228515625,762.1088256835938,859.751953125
264,player,56,1,657.0496826171875,324.0549011230469,588.7728271484375,228.06851196289062
264,player,6,0,195.64097595214844,371.9481506347656,65.32917785644531,240.81158447265625
264,player,5,1,761.5831909179688,391.04718017578125,626.1064453125,484.5089111328125
264,player,55,0,162.19842529296875,313.9569091796875,32.581687927246094,-11.216865539550781
264,player,42,1,1027.2718505859375,507.6885986328125,741.0355224609375,827.54248046875
265,player,28,1,374.43548583984375,398.70513916015625,248.1014862060547,387.1451721191406
265,player,53,0,697.1249389648438,588.0390014648438,439.023193359375,920.0523071289062
265,player,45,1,801.390869140625,389.3255920410156,667.9790649414062,486.37603759765625
265,player,57,0,1069.822509765625,517.0780029296875,762.5374145507812,858.9544677734375
265,player,6,0,196.16148376464844,372.4832458496094,65.76124572753906,239.6153564453125
265,player,56,1,659.224365234375,324.9398193359375,589.841552734375,229.68023681640625
265,player,5,1,760.5135498046875,390.1004638671875,626.5908813476562,482.4201354980469
265,player,42,1,1026.913818359375,509.9356689453125,739.901611328125,830.0235595703125
265,player,50,1,980.677001953125,474.2504577636719,741.4740600585938,737.9893188476562
265,player,55,0,162.14439392089844,313.32464599609375,33.989967346191406,-12.086946487426758
266,player,28,1,373.7281799316406,398.6827392578125,247.7025146484375,386.96234130859375
266,player,45,1,803.3607177734375,393.0406799316406,666.5537109375,490.9627380371094
266,player,53,0,693.6209106445312,589.9088134765625,435.90545654296875,921.1871337890625
266,player,6,0,196.810791015625,372.458984375,66.29612731933594,238.8892822265625
266,player,42,1,1026.0919189453125,513.12548828125,737.9323120117188,833.8226318359375
266,player,37,0,1075.9632568359375,517.2176513671875,770.259765625,858.0888061523438
266,player,56,1,659.8106689453125,325.11761474609375,590.6866455078125,231.02947998046875
266,player,5,1,760.907958984375,390.1400146484375,627.0200805664062,481.1433410644531
266,player,50,1,971.637451171875,469.47802734375,738.4176025390625,737.4842529296875
266,ball,-1,-1,967.05078125,416.8538513183594,846.5081176757812,657.5497436523438
267,player,45,1,803.697265625,396.0052185058594,664.7152099609375,496.9393310546875
267,player,28,1,373.36541748046875,398.6044921875,247.3260498046875,386.71600341796875
267,player,53,0,689.0519409179688,591.1063232421875,432.4623718261719,922.391845703125
267,player,6,0,196.95425415039062,371.2364196777344,66.77798461914062,236.8815460205078
267,player,37,0,1078.7843017578125,517.1600341796875,770.134765625,858.5511474609375
267,player,42,1,1024.393310546875,514.9618530273438,735.6245727539062,837.4571533203125
267,player,5,1,760.6987915039062,389.4384765625,627.4637451171875,479.57354736328125
267,player,56,1,661.139404296875,324.460693359375,591.9481201171875,231.23721313476562
267,player,50,1,967.5851440429688,468.00592041015625,735.79150390625,735.671630859375
268,player,45,1,803.248046875,394.615966796875,663.8540649414062,499.3943786621094
268,player,28,1,372.7589416503906,398.6029357910156,246.86593627929688,386.486572265625
268,player,53,0,684.2023315429688,592.7289428710938,428.65966796875,923.8922729492188
268,player,6,0,197.20510864257812,368.4007263183594,67.37234497070312,231.98147583007812
268,player,42,1,1025.0057373046875,512.882568359375,734.9429931640625,838.4071655273438
268,player,37,0,1080.05908203125,517.2474365234375,770.3553466796875,858.9998779296875
268,player,5,1,760.7991333007812,389.8061828613281,627.6627807617188,478.9402160644531
268,player,56,1,662.6802978515625,323.5351867675781,593.6533203125,230.38510131835938
268,player,50,1,978.8658447265625,469.9525146484375,736.5806884765625,736.9232177734375
268,player,60,-1,946.9512939453125,356.33148193359375,836.0640258789062,433.44171142578125
269,player,45,1,802.314208984375,393.0863952636719,663.523681640625,499.36529541015625
269,player,28,1,372.4577331542969,398.54180908203125,246.46896362304688,386.2358093261719
269,player,53,0,680.89453125,593.9874267578125,425.09564208984375,925.45166015625
269,player,6,0,197.43658447265625,365.6568908691406,68.02864837646484,225.28628540039062
269,player,37,0,1078.089111328125,518.5621948242188,769.5577392578125,860.0562744140625
269,player,42,1,1026.38671875,513.2249755859375,734.7553100585938,839.362548828125
269,player,5,1,760.2118530273438,390.244384765625,627.4574584960938,478.91680908203125
269,player,56,1,663.7730102539062,323.3148193359375,595.2362670898438,229.688720703125
269,player,60,-1,947.3580322265625,357.47015380859375,835.6914672851562,434.69989013671875
270,player,45,1,804.766845703125,392.87896728515625,664.1610107421875,499.3849182128906
270,player,53,0,677.4049072265625,596.444091796875,421.42822265625,927.7904663085938
270,player,28,1,372.8585205078125,398.3624267578125,246.38052368164062,385.91766357421875
270,player,6,0,197.88992309570312,363.93939208984375,68.74688720703125,218.7620849609375
270,player,42,1,1026.935302734375,513.9406127929688,734.551025390625,840.5234375
270,player,37,0,1081.15576171875,518.0151977539062,770.0125122070312,860.5802612304688
270,player,5,1,759.9345092773438,387.20025634765625,628.2442016601562,475.7457275390625
270,player,56,1,662.2415771484375,323.0828857421875,595.7910766601562,228.74267578125
270,player,61,-1,651.3870849609375,319.6378173828125,588.97802734375,210.26901245117188
270,player,50,1,969.3570556640625,464.68756103515625,736.212646484375,732.812255859375
271,player,45,1,802.0525512695312,393.8856201171875,663.3648681640625,500.13385009765625
271,player,53,0,676.1119384765625,596.4976806640625,418.69732666015625,929.26220703125
271,player,28,1,372.6830139160156,400.71630859375,245.90676879882812,388.3054504394531
271,player,6,0,198.7298583984375,362.87158203125,69.61595153808594,213.23777770996094
271,player,42,1,1025.4329833984375,512.9336547851562,734.3416748046875,840.46630859375
271,player,57,0,1039.6632080078125,514.1768188476562,755.87841796875,854.3197631835938
271,player,5,1,760.51220703125,386.3087463378906,629.2406005859375,472.82342529296875
271,player,37,0,1081.315673828125,517.927001953125,770.37841796875,860.8714599609375
271,player,56,1,664.4279174804688,323.322509765625,596.86083984375,228.71478271484375
271,player,50,1,957.2492065429688,454.33221435546875,736.0809326171875,720.7767944335938
272,player,45,1,798.194580078125,394.76318359375,661.3198852539062,501.11181640625
272,player,53,0,674.263427734375,595.0010375976562,416.7046813964844,929.1588134765625
272,player,28,1,372.51007080078125,400.4312744140625,245.5802001953125,389.5227355957031
272,player,42,1,1028.4384765625,514.558837890625,734.4817504882812,841.779052734375
272,player,6,0,199.6555633544922,362.65447998046875,70.56053924560547,209.48403930664062
272,player,5,1,761.3118896484375,384.8819274902344,630.6260986328125,469.528564453125
272,player,50,1,956.130126953125,456.1612548828125,735.0499877929688,714.3594970703125
272,player,56,1,664.6167602539062,322.9704895019531,597.74951171875,228.2696533203125
272,player,37,0,1084.2781982421875,516.8240966796875,771.7462768554688,860.5096435546875
273,player,45,1,797.672607421875,395.99481201171875,659.4051513671875,502.924560546875
273,player,28,1,372.34912109375,400.3924560546875,245.316650390625,390.25311279296875
273,player,6,0,201.16807556152344,362.4017028808594,71.78824615478516,206.91107177734375
273,player,42,1,1028.276611328125,515.8137817382812,734.133544921875,843.4962158203125
273,player,53,0,672.2716674804688,593.7088623046875,415.11724853515625,928.1480712890625
273,player,5,1,761.0154418945312,382.5399169921875,632.2192993164062,464.9166564941406
273,player,37,0,1087.120849609375,518.3547973632812,772.8667602539062,861.5188598632812
273,player,56,1,662.4344482421875,323.64263916015625,597.2969970703125,228.56236267089844
273,player,50,1,944.031982421875,457.0492858886719,730.6343994140625,709.9195556640625
274,player,45,1,796.234375,395.99267578125,657.7045288085938,503.95703125
274,player,28,1,371.72869873046875,398.0516052246094,245.2763214111328,388.0562744140625
274,player,53,0,670.0772094726562,593.87158203125,413.4814147949219,927.4537353515625
274,player,42,1,1028.9888916015625,516.76171875,733.7951049804688,845.32177734375
274,player,6,0,201.88583374023438,362.7808837890625,72.84310913085938,205.82766723632812
274,player,37,0,1089.34423828125,518.4574584960938,774.1358032226562,862.398193359375
274,player,5,1,761.6410522460938,383.0469970703125,633.2874755859375,462.51385498046875
274,player,56,1,661.9024658203125,324.19677734375,596.614501953125,229.3936767578125
274,player,50,1,947.6270141601562,459.72882080078125,727.884765625,709.5113525390625
274,ball,-1,-1,1000.135986328125,450.19189453125,840.772216796875,660.8521728515625
275,player,28,1,371.49853515625,398.1266784667969,245.15689086914062,386.6864013671875
275,player,45,1,794.8949584960938,390.8803405761719,657.9185791015625,499.35968017578125
275,player,42,1,1032.628173828125,516.9490356445312,734.4700317382812,846.893310546875
275,player,53,0,668.315673828125,594.49853515625,411.84576416015625,927.2864379882812
275,player,6,0,202.28582763671875,360.872314453125,73.81889343261719,202.67654418945312
275,player,50,1,946.5187377929688,455.90692138671875,727.072021484375,706.0377807617188
275,player,56,1,664.2365112304688,323.2889404296875,597.3384399414062,229.0704345703125
275,player,37,0,1091.149658203125,519.286865234375,775.1534423828125,863.65966796875
275,player,5,1,762.5466918945312,381.57080078125,634.777099609375,459.503662109375
275,ball,-1,-1,1023.84033203125,421.96044921875,839.486328125,658.8805541992188
276,player,28,1,371.44091796875,397.60040283203125,245.13792419433594,385.2019958496094
276,player,45,1,795.6614990234375,389.9985656738281,658.6066284179688,495.5563049316406
276,player,42,1,1030.4500732421875,515.81640625,734.6956787109375,846.9749755859375
276,player,53,0,666.2564086914062,594.174560546875,410.2996826171875,926.841064453125
276,player,6,0,202.91969299316406,360.3280029296875,74.74176025390625,199.99609375
276,player,37,0,1092.9488525390625,518.4267578125,776.563232421875,864.0170288085938
276,player,56,1,664.2236938476562,323.5570373535156,597.7094116210938,229.2020263671875
276,player,5,1,761.2178955078125,381.5826721191406,635.3074951171875,457.4200439453125
276,player,50,1,941.969482421875,454.75634765625,725.634765625,702.459228515625
276,ball,-1,-1,1024.5386962890625,419.4620056152344,838.5762939453125,656.5787353515625
277,player,28,1,370.7994079589844,397.78741455078125,244.86895751953125,384.37432861328125
277,player,53,0,665.1158447265625,594.9169921875,408.865478515625,926.9483642578125
277,player,42,1,1032.349853515625,516.1854858398438,735.2239990234375,847.4180908203125
277,player,6,0,204.72317504882812,360.11370849609375,76.06982421875,198.20870971679688
277,player,45,1,791.4209594726562,387.64190673828125,658.5072021484375,490.25347900390625
277,player,37,0,1095.153076171875,518.8577270507812,777.90576171875,864.6947021484375
277,player,5,1,761.6758422851562,380.218017578125,636.2655639648438,454.68133544921875
277,player,56,1,664.2816162109375,323.3614196777344,598.0408935546875,229.0444793701172
277,player,50,1,938.6343994140625,449.83734130859375,725.4168701171875,695.7806396484375
277,ball,-1,-1,807.8817749023438,433.07342529296875,821.9238891601562,652.802734375
278,player,28,1,370.2305603027344,397.7858581542969,244.49171447753906,383.77105712890625
278,player,50,1,943.4820556640625,464.99822998046875,721.5635375976562,704.236083984375
278,player,37,0,1097.75927734375,520.4920043945312,778.9094848632812,866.4249267578125
278,player,53,0,664.406005859375,594.6048583984375,407.8017578125,926.7753295898438
278,player,6,0,205.83636474609375,360.81109619140625,77.32292938232422,198.109130859375
278,player,42,1,1033.25,516.064697265625,735.8416748046875,847.6851806640625
278,player,45,1,790.56689453125,386.8826904296875,658.4303588867188,485.942626953125
278,player,5,1,766.315673828125,380.98602294921875,638.1421508789062,454.1953125
278,player,56,1,664.344482421875,323.1308288574219,598.36083984375,228.6546630859375
279,player,50,1,942.96044921875,466.6922607421875,718.3532104492188,711.0459594726562
279,player,28,1,369.951416015625,397.8599853515625,244.13595581054688,383.4305419921875
279,player,37,0,1097.3934326171875,522.0634765625,778.9496459960938,868.5887451171875
279,player,6,0,207.07545471191406,361.43048095703125,78.58159637451172,199.01828002929688
279,player,53,0,663.8706665039062,593.7269287109375,407.12359619140625,926.072509765625
279,player,42,1,1033.724365234375,516.0170288085938,736.382568359375,847.8590087890625
279,player,45,1,791.2835693359375,387.2117919921875,658.4971313476562,483.55084228515625
279,player,5,1,764.533935546875,379.23614501953125,639.37841796875,451.8529052734375
279,player,56,1,665.1041259765625,322.7078857421875,598.9947509765625,227.95614624023438
280,player,28,1,369.6436767578125,399.963134765625,243.48153686523438,385.51678466796875
280,player,37,0,1096.074951171875,523.8370361328125,778.0549926757812,871.1019897460938
280,player,50,1,941.334228515625,466.663330078125,715.8172607421875,715.318603515625
280,player,6,0,208.02517700195312,360.1203308105469,79.86996459960938,198.0152130126953
280,player,42,1,1033.7921142578125,516.4500732421875,736.61474609375,848.2777099609375
280,player,53,0,662.8370361328125,594.79052734375,406.2255859375,926.22314453125
280,player,45,1,789.2081298828125,386.7003173828125,658.0494995117188,481.25958251953125
280,player,56,1,665.06103515625,322.46575927734375,599.4772338867188,227.185791015625
280,player,63,-1,758.4141845703125,381.71075439453125,633.5523071289062,453.09320068359375
281,player,37,0,1093.618408203125,524.7366943359375,776.5491943359375,873.1741943359375
281,player,28,1,369.4080505371094,399.79583740234375,242.997314453125,386.6609191894531
281,player,50,1,937.9151611328125,468.29119873046875,712.6719970703125,719.1201171875
281,player,6,0,208.72259521484375,357.34637451171875,81.18827819824219,193.79425048828125
281,player,53,0,661.6702880859375,595.8789672851562,405.14642333984375,926.9345092773438
281,player,42,1,1034.30517578125,517.304931640625,736.6295776367188,849.1788330078125
281,player,5,1,765.9093017578125,380.67071533203125,640.140625,451.9835205078125
281,player,56,1,665.419677734375,322.4233093261719,599.9362182617188,226.67652893066406
281,player,45,1,791.7237548828125,387.56683349609375,658.268310546875,480.9149169921875
281,ball,-1,-1,747.9605102539062,442.9449462890625,801.7779541015625,650.1176147460938
282,player,28,1,368.9792175292969,399.519775390625,242.57113647460938,387.05010986328125
282,player,37,0,1095.2470703125,524.8025512695312,775.9666748046875,874.6759033203125
282,player,50,1,934.72509765625,466.14892578125,710.42626953125,719.623046875
282,player,6,0,210.15908813476562,357.3240661621094,82.61637115478516,191.21104431152344
282,player,53,0,658.529296875,594.463134765625,403.86669921875,926.300537109375
282,player,42,1,1033.844482421875,516.2534790039062,736.851318359375,849.002685546875
282,player,56,1,666.7597045898438,321.0729064941406,601.2037353515625,224.78018188476562
282,player,63,-1,758.359130859375,380.2119445800781,634.04150390625,451.512939453125
282,player,45,1,793.2144165039062,388.93743896484375,658.4158935546875,482.2405700683594
283,player,28,1,368.9400634765625,398.8078308105469,242.38601684570312,386.50634765625
283,player,37,0,1095.7607421875,527.2592163085938,774.91943359375,877.333251953125
283,player,50,1,931.7225952148438,472.2904052734375,706.131103515625,724.59619140625
283,player,53,0,656.4150390625,592.8458862304688,402.7596130371094,924.7258911132812
283,player,6,0,211.23175048828125,357.08721923828125,83.98774719238281,189.3599853515625
283,player,56,1,666.7694702148438,322.20111083984375,601.6279907226562,225.0006103515625
283,player,42,1,1032.295166015625,515.0049438476562,736.98486328125,847.910400390625
283,player,63,-1,757.796142578125,377.70965576171875,635.026123046875,447.78253173828125
283,player,45,1,794.245361328125,388.12811279296875,659.1222534179688,482.3832092285156
284,player,37,0,1103.083984375,528.413818359375,775.7333984375,880.323486328125
284,player,50,1,928.0364990234375,472.37841796875,702.274658203125,727.6051025390625
284,player,28,1,369.47503662109375,398.610595703125,242.4854736328125,385.99273681640625
284,player,53,0,663.3858032226562,590.6326904296875,404.26239013671875,922.7406616210938
284,player,6,0,213.1890869140625,358.60186767578125,85.53813171386719,190.41717529296875
284,player,42,1,1032.3043212890625,513.5419921875,737.5390625,846.179443359375
284,player,63,-1,757.1558837890625,377.2705078125,635.605712890625,444.8237609863281
284,player,56,1,666.6953125,322.3302001953125,601.8307495117188,225.3001708984375
284,player,45,1,795.263427734375,387.859619140625,660.0011596679688,482.30615234375
285,player,37,0,1104.37939453125,529.797607421875,776.1421508789062,883.2734375
285,player,50,1,925.3160400390625,468.1536865234375,700.35693359375,725.9851684570312
285,player,6,0,213.61257934570312,358.2589111328125,86.73970031738281,190.70777893066406
285,player,28,1,369.8985900878906,398.399658203125,242.73239135742188,385.47100830078125
285,player,53,0,659.5125732421875,587.3097534179688,404.80291748046875,919.0694580078125
285,player,42,1,1031.8897705078125,512.7460327148438,738.0439453125,844.4677734375
285,player,56,1,666.6700439453125,322.4388732910156,601.9146728515625,225.63116455078125
285,player,63,-1,757.8206787109375,377.2140197753906,636.22021484375,442.9112854003906
285,player,45,1,795.936279296875,387.708740234375,660.8408203125,482.17095947265625
286,player,37,0,1106.9649658203125,529.1514892578125,777.276611328125,884.935302734375
286,player,53,0,655.551025390625,586.623046875,404.2264709472656,915.9827880859375
286,player,50,1,922.2552490234375,465.655517578125,699.0498046875,722.6815795898438
286,player,28,1,370.1835632324219,399.2359619140625,242.869384765625,386.0950927734375
286,player,6,0,215.23114013671875,358.8621520996094,88.1134033203125,191.90464782714844
286,player,56,1,666.63818359375,322.471435546875,601.946044921875,225.88401794433594
286,player,42,1,1039.2904052734375,512.1721801757812,740.50244140625,843.47607421875
286,player,45,1,794.8258056640625,387.43017578125,661.126708984375,481.6851806640625
286,player,63,-1,757.875244140625,377.1346435546875,636.6647338867188,441.5896911621094
287,player,53,0,654.5150756835938,584.70947265625,403.91363525390625,912.6714477539062
287,player,37,0,1110.5947265625,530.9267578125,778.3582763671875,887.433837890625
287,player,28,1,370.7026062011719,398.70709228515625,243.22207641601562,385.9698486328125
287,player,50,1,916.3132934570312,474.98834228515625,693.547119140625,727.4892578125
287,player,6,0,216.98110961914062,359.02386474609375,89.68427276611328,193.1251983642578
287,player,57,0,1037.3214111328125,512.0628662109375,751.6121826171875,849.6640625
287,player,45,1,795.552978515625,387.7528991699219,661.4340209960938,481.773193359375
287,player,56,1,665.709228515625,322.79779052734375,601.512939453125,226.34808349609375
287,player,63,-1,757.808837890625,376.8603515625,637.025634765625,440.4321594238281
288,player,53,0,650.4984741210938,588.3766479492188,402.00408935546875,912.6250610351562
288,player,37,0,1112.2509765625,532.0865478515625,779.10400390625,889.9332275390625
288,player,28,1,371.8017578125,397.7647705078125,243.98406982421875,384.96014404296875
288,player,50,1,910.2264404296875,474.8233642578125,688.3087158203125,730.001220703125
288,player,6,0,218.47581481933594,358.94549560546875,91.30116271972656,194.01168823242188
288,player,57,0,1036.10107421875,515.9067993164062,747.29150390625,849.2352294921875
288,player,45,1,796.4744873046875,389.876953125,661.19384765625,484.08441162109375
288,player,56,1,666.5343017578125,321.86962890625,601.86181640625,225.56353759765625
288,player,63,0,758.53125,376.787353515625,637.522705078125,439.6790466308594
289,player,53,0,645.4734497070312,586.2342529296875,399.80169677734375,910.8849487304688
289,player,37,0,1113.346923828125,533.327392578125,779.4630126953125,892.44677734375
289,player,6,0,218.99114990234375,358.99334716796875,92.551513671875,194.7184295654297
289,player,28,1,372.5011901855469,397.097412109375,244.82928466796875,383.63623046875
289,player,45,1,796.5657958984375,390.36590576171875,660.898193359375,486.0913391113281
289,player,57,0,1036.50927734375,512.761474609375,745.5932006835938,846.7911376953125
289,player,50,1,904.3235473632812,479.22174072265625,681.8807983398438,734.622314453125
289,player,63,0,758.5662841796875,376.72430419921875,637.87890625,439.1262512207031
289,player,56,1,666.082275390625,322.6718444824219,601.638427734375,226.0260009765625
290,player,6,0,220.35873413085938,358.65423583984375,93.93087768554688,194.9114532470703
290,player,53,0,641.986328125,585.9097900390625,397.49945068359375,909.315673828125
290,player,28,1,373.02587890625,395.26885986328125,245.843505859375,380.783935546875
290,player,37,0,1114.2314453125,534.1871948242188,779.6411743164062,894.7031860351562
290,player,57,0,1042.24462890625,512.7958984375,745.985107421875,845.6312866210938
290,player,50,1,900.2430419921875,482.06317138671875,675.68994140625,739.5209350585938
290,player,45,1,796.505859375,389.543701171875,660.970703125,486.5563659667969
290,player,63,0,758.7128295898438,376.46148681640625,638.2487182617188,438.5030517578125
290,player,56,1,666.2649536132812,323.0207214355469,601.4354248046875,226.79733276367188
291,player,6,0,220.11068725585938,358.56781005859375,94.73666381835938,194.8906707763672
291,player,53,0,637.68505859375,582.3519897460938,395.4696044921875,905.69677734375
291,player,37,0,1113.557373046875,534.9481811523438,779.3399047851562,896.6235961914062
291,player,28,1,373.916015625,394.67144775390625,246.91207885742188,378.35797119140625
291,player,45,1,796.818115234375,389.357177734375,661.182373046875,486.7010803222656
291,player,50,1,895.8931884765625,485.04571533203125,669.54736328125,744.6767578125
291,player,57,0,1040.64111328125,513.8372802734375,745.4847412109375,845.49169921875
291,player,63,0,758.467529296875,376.52581787109375,638.3864135742188,438.1402587890625
291,player,56,1,667.9537353515625,322.59320068359375,602.0686645507812,226.966796875
292,player,37,0,1113.7376708984375,537.3176879882812,778.424560546875,899.429931640625
292,player,6,0,220.69049072265625,358.70513916015625,95.4779052734375,195.1339111328125
292,player,45,1,797.56884765625,388.3841552734375,661.8977661132812,485.8825378417969
292,player,28,1,375.8268737792969,393.88568115234375,248.41067504882812,376.1109619140625
292,player,53,0,635.58349609375,589.37255859375,392.39190673828125,907.7628173828125
292,player,57,0,1038.93310546875,513.8778076171875,744.6982421875,845.3090209960938
292,player,50,1,893.8997802734375,492.600830078125,662.7528076171875,753.65869140625
292,player,63,0,758.2442626953125,376.6141357421875,638.3721923828125,437.974609375
292,player,56,1,668.4686279296875,322.79412841796875,602.5953979492188,227.4004669189453
293,player,37,0,1113.444091796875,540.621826171875,776.6956176757812,903.3775024414062
293,player,28,1,377.7052307128906,393.3070068359375,250.1463165283203,374.20941162109375
293,player,45,1,798.4822998046875,387.39263916015625,663.0006713867188,484.4333801269531
293,player,53,0,630.1124877929688,588.2620239257812,389.12542724609375,908.0326538085938
293,player,6,0,220.39633178710938,358.1622009277344,95.88786315917969,194.53887939453125
293,player,57,0,1040.124755859375,513.6453857421875,744.57421875,845.1119384765625
293,player,63,0,758.5093994140625,376.5478515625,638.472900390625,437.82464599609375
293,player,50,1,887.7888793945312,486.2289123535156,658.5184326171875,754.14990234375
293,player,56,1,668.175537109375,323.19781494140625,602.6875,228.16189575195312
294,player,37,0,1113.4923095703125,542.0435791015625,775.1302490234375,906.8637084960938
294,player,28,1,378.8521728515625,392.54656982421875,251.80360412597656,372.2435302734375
294,player,45,1,798.33251953125,386.5729675292969,663.9554443359375,482.6387939453125
294,player,6,0,220.89749145507812,357.97528076171875,96.36737060546875,193.97174072265625
294,player,53,0,627.2268676757812,583.741455078125,386.9944763183594,905.0806884765625
294,player,57,0,1040.75244140625,513.068603515625,744.8433837890625,844.625244140625
294,player,63,0,759.2423706054688,376.3658142089844,638.841796875,437.6116027832031
294,player,56,1,668.0999755859375,323.3662109375,602.6599731445312,228.86264038085938
294,player,50,1,886.00244140625,482.9791259765625,656.2338256835938,751.8114013671875
294,ball,-1,-1,1089.7862548828125,400.254150390625,810.07958984375,645.9231567382812
295,player,53,0,621.543701171875,584.0751953125,384.0331726074219,903.0050048828125
295,player,37,0,1114.402099609375,540.3521728515625,774.8814697265625,908.09765625
295,player,45,1,797.6129150390625,386.345458984375,664.42431640625,481.1658020019531
295,player,28,1,380.0408935546875,391.1258544921875,253.530029296875,369.4899597167969
295,player,57,0,1042.69384765625,512.8306274414062,745.6045532226562,844.2794189453125
295,player,6,0,221.75070190429688,357.14111328125,97.08444213867188,192.61495971679688
295,player,50,1,882.083984375,475.38818359375,655.9287109375,744.0166625976562
295,player,63,0,760.4112548828125,376.12017822265625,639.5504150390625,437.3363037109375
295,player,56,1,667.9622802734375,323.8529052734375,602.4190063476562,229.92276000976562
295,ball,-1,-1,1090.787841796875,398.46954345703125,817.96435546875,641.7125854492188
296,player,50,1,878.8775634765625,471.18865966796875,656.09716796875,735.341796875
296,player,53,0,619.7825317382812,584.6529541015625,381.54071044921875,901.9171142578125
296,player,6,0,223.94442749023438,356.9621887207031,98.43196105957031,191.7859344482422
296,player,28,1,381.046630859375,390.00677490234375,255.19021606445312,366.5416564941406
296,player,45,1,798.0028076171875,386.74169921875,664.7160034179688,480.65362548828125
296,player,37,0,1113.7752685546875,539.5458374023438,774.8203125,908.3370361328125
296,player,57,0,1043.972412109375,512.5432739257812,746.5274658203125,843.94384765625
296,player,63,0,760.549560546875,376.0426940917969,640.0831298828125,437.089599609375
296,player,56,1,667.8389282226562,324.1026611328125,602.12890625,230.9150390625
296,ball,-1,-1,1092.3768310546875,398.6409912109375,825.3074340820312,637.9080810546875
297,player,50,1,873.902587890625,473.76129150390625,654.0089111328125,731.3614501953125
297,player,6,0,224.25653076171875,356.0621337890625,99.50684356689453,190.09793090820312
297,player,53,0,616.3274536132812,585.4258422851562,378.8680725097656,901.48681640625
297,player,45,1,797.0498046875,388.066162109375,664.138671875,481.5749206542969
297,player,28,1,381.9834289550781,388.96392822265625,256.77203369140625,363.5425109863281
297,player,37,0,1114.1041259765625,538.690185546875,775.1378173828125,907.9595947265625
297,player,42,1,1053.0728759765625,514.0406494140625,745.1124267578125,845.1057739257812
297,player,63,0,759.677001953125,376.22540283203125,640.07958984375,437.03070068359375
297,player,56,1,667.6837158203125,324.31927490234375,601.8072509765625,231.81668090820312
297,player,5,1,782.2001342773438,383.61279296875,644.921875,456.8363342285156
297,ball,-1,-1,1094.119384765625,398.706298828125,832.1731567382812,634.4581298828125
298,player,50,1,874.240478515625,469.97161865234375,653.8976440429688,725.7623291015625
298,player,6,0,225.88156127929688,355.22369384765625,100.9195556640625,188.1041717529297
298,player,53,0,611.6705932617188,586.3556518554688,375.732177734375,901.5068359375
298,player,37,0,1114.113525390625,537.7006225585938,775.6647338867188,907.0721435546875
298,player,28,1,382.0087890625,388.5223388671875,257.8799133300781,361.0911865234375
298,player,42,1,1053.5977783203125,514.4051513671875,748.1282958984375,846.4552001953125
298,player,45,1,796.9229736328125,390.02996826171875,663.0425415039062,484.15618896484375
298,player,63,0,761.1199951171875,376.0240478515625,640.6211547851562,436.93194580078125
298,player,56,1,667.7855834960938,324.60357666015625,601.5341796875,232.77822875976562
298,ball,-1,-1,1094.6383056640625,398.4661865234375,838.5487060546875,631.244873046875
299,player,53,0,609.4715576171875,583.0884399414062,373.63995361328125,899.236572265625
299,player,50,1,868.9912109375,466.3782958984375,653.4191284179688,718.7854614257812
299,player,6,0,226.1962127685547,354.2093811035156,102.04940032958984,185.50167846679688
299,player,37,0,1114.5953369140625,540.7510986328125,775.1498413085938,908.5035400390625
299,player,42,1,1052.4979248046875,514.7128295898438,749.70166015625,847.468994140625
299,player,63,0,762.6201782226562,376.15838623046875,641.4200439453125,437.1705322265625
299,player,28,1,385.04962158203125,388.30255126953125,259.7288818359375,359.59429931640625
299,player,45,1,797.34521484375,391.8128662109375,661.8505859375,487.6788024902344
299,player,56,1,668.2548828125,324.734130859375,601.480224609375,233.62933349609375
299,ball,-1,-1,1095.4638671875,400.1663818359375,844.2972412109375,628.66064453125
300,player,50,1,863.4119262695312,468.0674743652344,650.9921264648438,715.1673583984375
300,player,53,0,607.492431640625,582.6554565429688,371.8192443847656,897.344970703125
300,player,37,0,1114.5855712890625,541.1047973632812,774.6996459960938,909.66162109375
300,player,42,1,1051.415283203125,513.9549560546875,750.6859130859375,847.5252685546875
300,player,63,0,762.4342041015625,376.08001708984375,641.9052734375,437.222412109375
300,player,6,0,226.28292846679688,352.7598876953125,102.94314575195312,181.8874053955078
300,player,28,1,385.76947021484375,389.37713623046875,261.01568603515625,359.9303283691406
300,player,45,1,797.4534912109375,392.22979736328125,660.967041015625,490.3995361328125
300,player,56,1,668.314697265625,324.7861328125,601.4483642578125,234.25637817382812
300,ball,-1,-1,1095.6641845703125,400.7962646484375,849.5355834960938,626.4183349609375
301,player,37,0,1114.7528076171875,542.265625,774.0784912109375,911.17333984375
301,player,53,0,606.1365966796875,584.5357055664062,369.96466064453125,897.260009765625
301,player,50,1,861.1243896484375,468.561279296875,648.6087036132812,713.0296020507812
301,player,42,1,1052.912841796875,513.4630126953125,751.8768310546875,847.3245849609375
301,player,6,0,226.52880859375,351.8908386230469,103.69708251953125,178.4071044921875
301,player,28,1,387.0374755859375,389.458251953125,262.2939453125,360.38568115234375
301,player,63,0,762.0899658203125,375.6938171386719,642.2406616210938,436.8083190917969
301,player,45,1,796.5387573242188,392.11541748046875,660.14013671875,491.96044921875
301,player,56,1,668.7149658203125,324.72381591796875,601.5945434570312,234.63552856445312
302,player,37,0,1115.03369140625,541.5,773.9895629882812,911.6810302734375
302,player,53,0,604.988525390625,584.22802734375,368.50103759765625,896.9270629882812
302,player,50,1,856.8297119140625,464.04705810546875,647.1897583007812,707.6034545898438
302,player,28,1,388.0232849121094,387.7555236816406,263.75592041015625,358.8501892089844
302,player,42,1,1055.4410400390625,513.7731323242188,753.2119140625,847.58740234375
302,player,63,0,763.1517333984375,375.4568176269531,642.8897705078125,436.39996337890625
302,player,6,0,226.90274047851562,350.96856689453125,104.416259765625,174.95645141601562
302,player,45,1,796.5299072265625,387.48907470703125,661.197998046875,488.2828369140625
302,player,56,1,669.3655395507812,324.6711120605469,601.943603515625,234.8975830078125
303,player,53,0,602.9781494140625,586.3123779296875,366.6729736328125,897.9420166015625
303,player,37,0,1115.600830078125,542.3192749023438,773.8126220703125,912.5755615234375
303,player,28,1,389.930908203125,388.37933349609375,265.28936767578125,358.78326416015625
303,player,42,1,1063.306884765625,515.3801879882812,755.6114501953125,849.4229736328125
303,player,50,1,850.26416015625,468.759765625,642.956787109375,707.3872680664062
303,player,63,0,761.5809326171875,375.13238525390625,642.9069213867188,435.6208801269531
303,player,45,1,795.7889404296875,380.9044189453125,663.956298828125,479.0328369140625
303,player,6,0,228.97219848632812,349.8089599609375,105.81057739257812,171.42979431152344
303,player,56,1,669.2113037109375,324.8053894042969,602.0670166015625,235.21929931640625
304,player,53,0,602.2197265625,586.6539916992188,365.2264404296875,898.7747802734375
304,player,28,1,391.48431396484375,388.06011962890625,266.896240234375,358.55267333984375
304,player,37,0,1116.21142578125,543.0997314453125,773.6019897460938,913.6983032226562
304,player,42,1,1064.1224365234375,515.1879272460938,757.4462280273438,850.5401000976562
304,player,50,1,841.5525512695312,473.71630859375,636.241455078125,710.5466918945312
304,player,63,0,761.50439453125,375.28851318359375,642.8389892578125,435.2728576660156
304,player,56,1,669.8973388671875,324.5638427734375,602.481201171875,235.20803833007812
304,player,45,1,795.6429443359375,381.94915771484375,665.3328247070312,474.08990478515625
304,player,6,0,230.14846801757812,348.5358581542969,107.3001708984375,167.57554626464844
304,ball,-1,-1,1107.01953125,407.04681396484375,854.480712890625,625.8761596679688
305,player,53,0,601.3448486328125,586.3059692382812,364.107666015625,899.0311279296875
305,player,28,1,391.47119140625,387.0091247558594,268.1096496582031,357.19891357421875
305,player,50,1,843.5352783203125,473.46868896484375,632.517333984375,712.5615844726562
305,player,37,0,1116.779052734375,543.5499267578125,773.4639892578125,914.7538452148438
305,player,42,1,1065.62548828125,516.7791137695312,758.5127563476562,852.469482421875
305,player,63,0,762.6676025390625,375.0148620605469,643.272216796875,434.87896728515625
305,player,6,0,229.63848876953125,346.43084716796875,108.25416564941406,162.1411590576172
305,player,56,1,670.3031005859375,324.31060791015625,602.9873657226562,234.92967224121094
305,player,45,1,797.0029907226562,368.26708984375,671.5955200195312,456.56109619140625
305,ball,-1,-1,1106.196533203125,407.41754150390625,858.938720703125,625.43603515625
306,player,53,0,600.3201904296875,583.9212646484375,363.48931884765625,897.5675048828125
306,player,50,1,842.7554931640625,476.377197265625,629.0260620117188,716.140869140625
306,player,28,1,391.74176025390625,387.17156982421875,268.96875,356.53607177734375
306,player,37,0,1117.595947265625,544.2203369140625,773.3656005859375,915.9224853515625
306,player,63,0,765.4150390625,375.8721923828125,644.1605224609375,435.829345703125
306,player,42,1,1060.460693359375,514.3629150390625,758.6453857421875,851.69287109375
306,player,6,0,230.38929748535156,346.8145751953125,109.14030456542969,159.233642578125
306,player,56,1,670.95556640625,324.2721252441406,603.566162109375,234.78274536132812
306,player,45,1,796.5670776367188,370.50537109375,674.7039794921875,447.52435302734375
306,ball,-1,-1,1106.5716552734375,409.20458984375,862.8865356445312,625.40185546875
307,player,53,0,599.6940307617188,582.1109619140625,363.2113342285156,895.3826904296875
307,player,50,1,840.50830078125,477.32293701171875,625.8408203125,719.0419921875
307,player,28,1,391.9722900390625,387.2169189453125,269.6025085449219,356.18353271484375
307,player,37,0,1118.3775634765625,544.22607421875,773.4954833984375,916.7363891601562
307,player,63,0,766.6880493164062,375.8248596191406,645.1724853515625,436.5323181152344
307,player,42,1,1060.07763671875,513.2736206054688,758.9862060546875,850.4046630859375
307,player,6,0,229.89877319335938,347.1522216796875,109.48936462402344,157.73660278320312
307,player,56,1,673.0733642578125,323.87493896484375,604.8504028320312,234.45046997070312
307,player,45,1,797.9364013671875,368.17828369140625,678.0263671875,439.29852294921875
307,ball,-1,-1,1107.475830078125,410.3790283203125,866.4613037109375,625.6263427734375
308,player,53,0,599.7061767578125,576.375244140625,363.9678955078125,890.15478515625
308,player,37,0,1120.3751220703125,544.4539794921875,774.007080078125,917.5404052734375
308,player,28,1,392.19573974609375,387.02972412109375,270.12579345703125,355.765625
308,player,42,1,1059.819091796875,513.4656982421875,759.0775146484375,849.6827392578125
308,player,63,0,766.40283203125,375.44976806640625,645.86669921875,436.55975341796875
308,player,50,1,837.1992797851562,477.03253173828125,622.908447265625,720.4301147460938
308,player,6,0,231.05633544921875,347.58258056640625,110.14039611816406,157.5052947998047
308,player,56,1,673.4537963867188,323.91363525390625,605.8088989257812,234.33230590820312
308,player,45,1,799.7318115234375,365.5392150878906,681.7522583007812,431.29290771484375
308,ball,-1,-1,1108.34375,406.3990478515625,870.2049560546875,625.0425415039062
309,player,53,0,599.381591796875,573.940185546875,364.7716064453125,885.102783203125
309,player,37,0,1121.170166015625,545.081298828125,774.3386840820312,918.515380859375
309,player,42,1,1060.263427734375,513.7529296875,759.1594848632812,849.4442138671875
309,player,28,1,392.6555480957031,386.4542236328125,270.726806640625,354.886962890625
309,player,63,0,765.3650512695312,375.60137939453125,645.92431640625,436.62835693359375
309,player,50,1,834.4248657226562,477.837646484375,619.9778442382812,721.7523193359375
309,player,6,0,232.65994262695312,346.74188232421875,111.28197479248047,156.4297332763672
309,player,56,1,673.79150390625,323.74072265625,606.6160278320312,234.07797241210938
309,player,45,1,800.2054443359375,364.74981689453125,684.6238403320312,425.2834167480469
310,player,53,0,598.878662109375,570.3682861328125,365.74749755859375,879.3744506835938
310,player,63,0,765.9503784179688,376.359375,645.8916015625,437.54119873046875
310,player,42,1,1060.8438720703125,514.3452758789062,759.1715087890625,849.7410888671875
310,player,37,0,1122.451171875,544.8195190429688,774.957763671875,919.0645751953125
310,player,50,1,827.3163452148438,477.6424560546875,616.0943603515625,721.8845825195312
310,player,6,0,233.74378967285156,345.40484619140625,112.58201599121094,154.05514526367188
310,player,28,1,395.4137268066406,384.55523681640625,272.4285888671875,352.44915771484375
310,player,56,1,673.8458251953125,323.6274719238281,607.200927734375,233.77508544921875
310,player,45,1,800.4434814453125,367.5408935546875,685.5335693359375,424.4254150390625
311,player,53,0,599.0726318359375,569.1712646484375,366.6336364746094,874.8521728515625
311,player,63,0,765.716796875,376.8585205078125,645.62109375,438.6394348144531
311,player,37,0,1123.7578125,544.67724609375,775.732177734375,919.4149780273438
311,player,42,1,1062.9520263671875,515.3914184570312,759.3889770507812,850.805908203125
311,player,50,1,824.516357421875,478.332763671875,612.572265625,722.2971801757812
311,player,28,1,398.1976318359375,380.7607727050781,275.1866760253906,346.7900390625
311,player,6,0,235.254638671875,343.4556884765625,114.21666717529297,150.04771423339844
311,player,56,1,674.0709228515625,323.9022216796875,607.5640258789062,233.95730590820312
311,player,45,1,800.8138427734375,405.27117919921875,673.015380859375,462.5120544433594
312,player,53,0,599.62158203125,568.9419555664062,367.39776611328125,871.7944946289062
312,player,37,0,1124.927734375,544.2728271484375,776.6571655273438,919.4597778320312
312,player,63,0,765.350830078125,377.6922607421875,645.0376586914062,440.19769287109375
312,player,42,1,1063.740478515625,516.1088256835938,759.5026245117188,852.048828125
312,player,28,1,397.897216796875,381.59967041015625,276.7266540527344,344.052734375
312,player,6,0,235.8145294189453,343.49334716796875,115.5006332397461,147.57135009765625
312,player,50,1,819.7764892578125,480.90478515625,608.2028198242188,724.2347412109375
312,player,56,1,671.55615234375,323.8104248046875,606.923095703125,233.63833618164062
313,player,53,0,600.2158203125,568.9910888671875,368.048583984375,869.881103515625
313,player,63,0,765.573974609375,376.8221130371094,645.03173828125,440.3123779296875
313,player,37,0,1125.7349853515625,544.7902221679688,777.294677734375,919.87158203125
313,player,42,1,1063.8250732421875,516.9041748046875,759.3403930664062,853.4112548828125
313,player,28,1,398.4794616699219,380.23370361328125,278.1732482910156,340.75079345703125
313,player,50,1,815.16748046875,480.0665283203125,604.277587890625,724.457763671875
313,player,6,0,236.82235717773438,342.5350341796875,116.8320083618164,144.78182983398438
313,player,56,1,671.1312255859375,323.79217529296875,606.3592529296875,233.35353088378906
313,player,45,1,802.2723999023438,371.07525634765625,677.2874755859375,452.6121520996094
313,player,66,-1,801.3726806640625,462.496826171875,599.7559814453125,680.6597900390625
314,player,53,0,600.8699951171875,569.267333984375,368.60418701171875,868.869873046875
314,player,37,0,1126.154541015625,544.6907348632812,777.8456420898438,920.102783203125
314,player,42,1,1063.68017578125,516.8558959960938,759.212890625,854.25341796875
314,player,63,0,765.6130981445312,375.5861511230469,645.4683837890625,439.07781982421875
314,player,28,1,399.3150939941406,380.5792236328125,279.35650634765625,339.10479736328125
314,player,50,1,809.6690673828125,481.38787841796875,599.7843017578125,725.2145385742188
314,player,6,0,237.29579162597656,342.72540283203125,117.86953735351562,143.29579162597656
314,player,45,1,803.5133056640625,384.95904541015625,675.4732666015625,460.8336181640625
314,player,56,1,671.22998046875,323.7997131347656,606.0258178710938,233.1906280517578
315,player,53,0,600.1995849609375,569.1104125976562,368.8084411621094,868.06005859375
315,player,37,0,1126.180419921875,544.4151611328125,778.2984008789062,920.0787353515625
315,player,63,0,766.139404296875,375.665283203125,645.8977661132812,438.4156494140625
315,player,42,1,1064.100830078125,517.1564331054688,759.1420288085938,855.037109375
315,player,28,1,400.2112121582031,379.3959045410156,280.65521240234375,336.75848388671875
315,player,50,1,803.7806396484375,480.75445556640625,595.3494873046875,724.7295532226562
315,player,6,0,237.52943420410156,342.16162109375,118.6922836303711,141.58531188964844
315,player,45,1,803.563232421875,380.61859130859375,675.8514404296875,461.70306396484375
315,player,56,1,670.2594604492188,323.79522705078125,605.4593505859375,232.9552764892578
316,player,53,0,600.3316650390625,569.2197265625,368.95904541015625,867.6170043945312
316,player,37,0,1123.6953125,545.3524169921875,777.672607421875,920.501220703125
316,player,42,1,1065.0009765625,516.9033203125,759.4122314453125,855.4346923828125
316,player,63,0,766.861083984375,376.36346435546875,646.171875,438.8041076660156
316,player,28,1,402.50634765625,379.2913818359375,282.3493347167969,335.3794250488281
316,player,50,1,796.8673706054688,480.8536376953125,590.45361328125,723.93798828125
316,player,6,0,238.199951171875,342.89849853515625,119.42550659179688,141.58029174804688
316,player,45,1,801.987548828125,387.251220703125,673.2443237304688,468.93072509765625
316,player,56,1,670.07861328125,323.8115234375,605.0198364257812,232.800048828125
317,player,53,0,599.5703125,569.6690673828125,368.77423095703125,867.5819091796875
317,player,37,0,1126.571044921875,547.3682861328125,777.3412475585938,922.2434692382812
317,player,42,1,1065.49072265625,517.476318359375,759.529296875,856.1217041015625
317,player,63,0,766.8001708984375,375.2139892578125,646.7288208007812,437.82769775390625
317,player,28,1,403.9500732421875,379.8173828125,283.8810729980469,335.2655944824219
317,player,50,1,792.5462646484375,481.24420166015625,585.9224853515625,723.38818359375
317,player,6,0,239.086181640625,343.3912048339844,120.21034240722656,142.37545776367188
317,player,45,1,801.972900390625,381.4503173828125,673.59228515625,467.6636962890625
317,player,56,1,671.1114501953125,323.7793884277344,605.1195068359375,232.789794921875
318,player,53,0,597.89404296875,569.8256225585938,368.1704406738281,867.550537109375
318,player,37,0,1126.78369140625,547.4822387695312,777.142578125,923.4619140625
318,player,42,1,1065.29833984375,517.7974243164062,759.4513549804688,856.7756958007812
318,player,63,0,767.2586059570312,375.3641357421875,647.1893310546875,437.40179443359375
318,player,28,1,406.0049133300781,379.59002685546875,285.66021728515625,335.16607666015625
318,player,6,0,240.19248962402344,343.724853515625,121.13194274902344,143.50135803222656
318,player,50,1,786.9177856445312,481.9342041015625,581.1715087890625,723.1296997070312
318,player,45,1,802.0606689453125,381.6194152832031,673.78662109375,467.02447509765625
318,player,56,1,670.6280517578125,324.0389404296875,604.916748046875,233.05274963378906
319,player,53,0,596.7200927734375,569.9293823242188,367.4402160644531,867.5202026367188
319,player,28,1,405.328369140625,380.52191162109375,286.4078369140625,336.1080322265625
319,player,37,0,1125.400390625,547.6323852539062,776.6212158203125,924.260498046875
319,player,42,1,1065.5775146484375,518.0698852539062,759.385009765625,857.4074096679688
319,player,6,0,241.0172119140625,344.29669189453125,122.00563049316406,145.12884521484375
319,player,63,0,767.09326171875,374.32781982421875,647.794921875,436.00244140625
319,player,45,1,802.0973510742188,380.0999450683594,674.4664306640625,465.03546142578125
319,player,56,1,671.3501586914062,324.0747375488281,605.033447265625,233.361328125
319,player,50,1,778.4793701171875,483.72601318359375,575.1767578125,723.7142333984375
320,player,53,0,596.2008666992188,571.035888671875,366.64111328125,868.2149047851562
320,player,37,0,1127.85498046875,547.7661743164062,776.85107421875,925.021728515625
320,player,28,1,405.55413818359375,380.2271728515625,287.0272216796875,336.403564453125
320,player,42,1,1064.9091796875,518.117919921875,759.1526489257812,857.8047485351562
320,player,45,1,802.18017578125,378.9122314453125,675.360107421875,462.51361083984375
320,player,6,0,241.27272033691406,343.91436767578125,122.7135009765625,145.6983642578125
320,player,50,1,773.5438232421875,484.2414245605469,569.72314453125,724.1091918945312
320,player,63,0,764.0486450195312,378.68304443359375,645.6834716796875,439.3929443359375
320,player,56,1,671.9635009765625,323.7679443359375,605.4408569335938,233.24864196777344
321,player,53,0,596.5977783203125,571.364501953125,366.17578125,868.9158935546875
321,player,6,0,241.513916015625,343.4403076171875,123.31705474853516,145.45187377929688
321,player,37,0,1128.56103515625,547.1868896484375,777.3607177734375,925.1943359375
321,player,42,1,1064.723876953125,517.7178344726562,759.0830078125,857.775146484375
321,player,45,1,803.72998046875,377.9842834472656,676.776611328125,460.0670166015625
321,player,28,1,405.77130126953125,378.83612060546875,287.75396728515625,334.9981994628906
321,player,63,0,767.394287109375,376.12481689453125,646.290283203125,439.24261474609375
321,player,56,1,671.3446044921875,323.6798095703125,605.51318359375,232.98397827148438
321,player,50,1,771.2618408203125,483.83526611328125,565.6273193359375,723.8587036132812
322,player,53,0,596.7596435546875,571.2640991210938,365.93402099609375,869.314697265625
322,player,37,0,1128.8680419921875,546.8099365234375,777.8885498046875,925.0868530273438
322,player,6,0,241.82870483398438,342.94195556640625,123.88496398925781,144.65081787109375
322,player,42,1,1065.6195068359375,516.99169921875,759.506103515625,857.318359375
322,player,45,1,803.2448120117188,377.7119140625,677.6380615234375,458.14080810546875
322,player,28,1,409.5655517578125,380.5550537109375,289.2931213378906,336.530029296875
322,player,56,1,671.191162109375,323.4784240722656,605.57666015625,232.53515625
322,player,63,0,767.9056396484375,376.33172607421875,646.78076171875,439.4189758300781
322,ball,-1,-1,781.1163330078125,406.7052917480469,851.0474853515625,617.5785522460938
323,player,53,0,596.8946533203125,571.0975952148438,365.8411560058594,869.470458984375
323,player,37,0,1128.895751953125,548.3859252929688,777.7366943359375,926.0181274414062
323,player,42,1,1066.72119140625,512.4049072265625,761.5659790039062,853.9229736328125
323,player,6,0,243.16123962402344,343.12469482421875,124.77067565917969,144.56346130371094
323,player,45,1,804.1781005859375,381.22967529296875,677.2389526367188,460.6505126953125
323,player,28,1,409.48516845703125,381.3277587890625,290.1272277832031,338.41302490234375
323,player,50,1,763.0711669921875,494.42059326171875,557.8892822265625,731.3964233398438
323,player,56,1,668.7977294921875,323.30633544921875,604.8121948242188,231.71780395507812
323,player,63,0,765.1435546875,374.540771484375,646.8136596679688,437.33251953125
324,player,53,0,597.2015380859375,571.042236328125,365.8736267089844,869.55517578125
324,player,37,0,1129.24072265625,549.2494506835938,777.449462890625,927.1915283203125
324,player,50,1,758.43115234375,495.91265869140625,551.1597900390625,737.093994140625
324,player,28,1,409.3922424316406,380.88665771484375,290.7142333984375,339.1145935058594
324,player,42,1,1066.15478515625,515.5590209960938,761.725341796875,853.8634033203125
324,player,45,1,804.803955078125,384.61114501953125,675.9795532226562,465.834228515625
324,player,6,0,243.82534790039062,342.9931335449219,125.62596893310547,144.4170684814453
324,player,56,1,666.8556518554688,323.275634765625,603.6220092773438,230.8990478515625
324,player,63,0,765.8658447265625,370.36761474609375,648.53271484375,431.5719909667969
325,player,53,0,596.73095703125,570.6636962890625,365.828857421875,869.32177734375
325,player,37,0,1129.22412109375,548.44091796875,777.5155029296875,927.4420166015625
325,player,50,1,752.1949462890625,495.373779296875,545.1389770507812,739.8890380859375
325,player,42,1,1066.92724609375,515.9644775390625,761.89794921875,854.158447265625
325,player,28,1,411.121337890625,378.6174621582031,292.12603759765625,337.12994384765625
325,player,45,1,805.00439453125,386.26959228515625,674.6398315429688,470.9225769042969
325,player,56,1,667.346435546875,323.21160888671875,603.0491943359375,230.34764099121094
325,player,6,0,244.37896728515625,342.25543212890625,126.47831726074219,143.38430786132812
325,player,63,0,766.3897705078125,372.28155517578125,649.1512451171875,429.946044921875
326,player,53,0,598.1424560546875,568.7288818359375,366.50592041015625,867.9534301757812
326,player,37,0,1129.153564453125,549.4451904296875,777.2219848632812,928.235107421875
326,player,42,1,1066.75244140625,516.0050048828125,761.951416015625,854.365966796875
326,player,28,1,413.2018737792969,377.9700927734375,293.91326904296875,335.32647705078125
326,player,50,1,751.4501953125,495.05853271484375,541.0909423828125,741.4013671875
326,player,56,1,665.67431640625,323.04278564453125,602.1302490234375,229.55908203125
326,player,45,1,804.4476318359375,387.2481689453125,673.2463989257812,475.17156982421875
326,player,63,0,765.4365234375,371.9829406738281,649.34326171875,428.465576171875
326,player,6,0,244.93862915039062,341.80462646484375,127.302734375,142.16941833496094
326,player,67,-1,677.7449951171875,321.951171875,614.0474853515625,228.51113891601562
327,player,53,0,598.8084716796875,568.4036865234375,367.1822204589844,866.8884887695312
327,player,37,0,1128.8997802734375,549.2762451171875,777.021728515625,928.627685546875
327,player,28,1,415.0495910644531,377.58013916015625,295.8144836425781,333.9141845703125
327,player,50,1,744.3286743164062,496.27374267578125,536.1216430664062,742.773193359375
327,player,45,1,804.6881103515625,382.8528137207031,673.970703125,473.45166015625
327,player,56,1,666.0523681640625,323.1683349609375,601.62548828125,229.2557373046875
327,player,42,1,1078.3255615234375,517.0863647460938,764.6395874023438,856.0488891601562
327,player,6,0,245.51480102539062,341.34722900390625,128.11663818359375,140.82864379882812
327,player,63,0,767.7925415039062,368.48480224609375,651.4801635742188,423.9784240722656
327,player,70,-1,1053.46337890625,515.6060791015625,752.5208740234375,851.3151245117188
328,player,53,0,598.318603515625,567.1807250976562,367.69171142578125,865.3289794921875
328,player,50,1,741.3623046875,497.07354736328125,531.8468017578125,744.0553588867188
328,player,37,0,1128.673095703125,550.7857666015625,776.357177734375,929.820556640625
328,player,28,1,417.27166748046875,378.6546630859375,297.6572265625,334.5106506347656
328,player,45,1,805.4544677734375,380.61602783203125,675.4866943359375,470.0987548828125
328,player,69,-1,1065.281005859375,516.2200927734375,760.7564697265625,854.8829956054688
328,player,56,1,668.464599609375,322.8494567871094,602.2861328125,228.95864868164062
328,player,6,0,246.81314086914062,341.2964172363281,129.17271423339844,140.06564331054688
328,player,42,1,1078.3974609375,512.2318725585938,768.00634765625,853.7962036132812
328,player,63,0,767.8322143554688,368.0137939453125,653.0494995117188,420.554443359375
329,player,53,0,598.0101318359375,567.126220703125,367.947509765625,864.2568359375
329,player,50,1,741.4615478515625,499.35760498046875,528.539794921875,746.6698608398438
329,player,69,-1,1065.739013671875,516.4508056640625,760.8006591796875,855.073974609375
329,player,37,0,1128.60302734375,552.7962036132812,775.2735595703125,931.854736328125
329,player,28,1,417.5246887207031,377.50006103515625,299.1580810546875,333.5797424316406
329,player,45,1,805.6485595703125,380.38433837890625,676.6177978515625,467.69903564453125
329,player,6,0,247.25819396972656,341.2046813964844,130.0474395751953,139.50442504882812
329,player,56,1,668.4227294921875,322.63275146484375,602.7777099609375,228.48243713378906
329,player,63,0,769.076171875,367.8187561035156,654.5514526367188,418.252197265625
330,player,50,1,740.388671875,502.99713134765625,525.2045288085938,751.0918579101562
330,player,69,-1,1066.4462890625,516.4248046875,761.0218505859375,855.2293701171875
330,player,37,0,1128.7852783203125,552.5707397460938,774.6853637695312,933.047119140625
330,player,45,1,806.2781982421875,379.68414306640625,677.8078002929688,465.4770202636719
330,player,53,0,598.1921997070312,565.1068115234375,368.5014953613281,862.1907348632812
330,player,28,1,418.22723388671875,377.51751708984375,300.38446044921875,333.07720947265625
330,player,6,0,247.20989990234375,340.91845703125,130.62611389160156,138.73817443847656
330,player,56,1,667.458251953125,322.6671142578125,602.7349853515625,228.0934600830078
330,player,63,0,768.081298828125,367.3524475097656,655.3636474609375,416.13995361328125
331,player,69,-1,1066.3153076171875,516.2891235351562,761.1756591796875,855.2276611328125
331,player,50,1,736.88037109375,505.17132568359375,521.5194702148438,755.3609619140625
331,player,28,1,419.6251220703125,378.799560546875,301.4505310058594,334.40960693359375
331,player,53,0,598.5040283203125,559.1787719726562,369.948486328125,856.7763671875
331,player,37,0,1128.944580078125,554.6664428710938,773.683837890625,935.1437377929688
331,player,45,1,806.415283203125,381.06378173828125,678.1307373046875,465.47943115234375
331,player,6,0,247.30062866210938,341.35748291015625,130.9934539794922,138.85804748535156
331,player,63,0,767.175537109375,369.15020751953125,654.9533081054688,416.6214904785156
331,player,56,1,668.78125,322.9933776855469,603.07080078125,228.42803955078125
332,player,69,-1,1066.6993408203125,515.882080078125,761.5081787109375,854.972412109375
332,player,28,1,421.0360107421875,376.90155029296875,303.0040283203125,333.2245788574219
332,player,53,0,598.8709716796875,554.8590698242188,371.7290954589844,850.2652587890625
332,player,50,1,729.81884765625,505.1136474609375,517.1318359375,757.5478515625
332,player,37,0,1128.5546875,556.0779418945312,772.4946899414062,937.3619384765625
332,player,45,1,807.5258178710938,379.99700927734375,679.0819702148438,464.489501953125
332,player,6,0,247.3514862060547,341.4152526855469,131.2467041015625,139.02255249023438
332,player,63,0,768.762939453125,370.21710205078125,654.834716796875,418.2605285644531
332,player,56,1,673.311279296875,323.20458984375,604.8548583984375,229.4944305419922
333,player,69,-1,1066.6171875,516.1480712890625,761.6162719726562,854.984375
333,player,28,1,422.49603271484375,378.37957763671875,304.2664794921875,334.3505859375
333,player,50,1,734.01318359375,505.53118896484375,515.3727416992188,759.6116943359375
333,player,53,0,599.35888671875,551.7569580078125,373.557373046875,843.88232421875
333,player,37,0,1128.7138671875,555.8361206054688,771.836669921875,938.6632080078125
333,player,45,1,808.3310546875,379.95733642578125,679.9746704101562,463.88861083984375
333,player,63,0,769.0108642578125,367.23876953125,655.896728515625,416.1228942871094
333,player,6,0,247.8328399658203,341.12249755859375,131.63494873046875,138.79214477539062
333,player,67,-1,678.2078857421875,324.31201171875,613.361572265625,231.58360290527344
334,player,69,-1,1066.84326171875,516.3497314453125,761.6796875,855.14697265625
334,player,28,1,422.91845703125,379.4898681640625,305.0333251953125,336.4227294921875
334,player,50,1,732.4205322265625,506.27423095703125,513.6014404296875,761.398193359375
334,player,53,0,598.9630126953125,547.4190673828125,375.39044189453125,836.62255859375
334,player,37,0,1128.870361328125,556.2948608398438,771.30419921875,939.804443359375
334,player,63,0,770.8859252929688,366.0556945800781,657.632568359375,413.6477966308594
334,player,45,1,809.3118286132812,378.45001220703125,681.4158935546875,462.0312194824219
334,player,6,0,248.40472412109375,340.72918701171875,132.15794372558594,138.178466796875
334,player,67,-1,678.5406494140625,323.58087158203125,613.299560546875,232.69223022460938
335,player,69,1,1066.270751953125,515.678466796875,761.79052734375,854.7495727539062
335,player,28,1,422.508056640625,379.45709228515625,305.39007568359375,337.6839294433594
335,player,50,1,731.6671142578125,506.737548828125,512.126953125,762.8548583984375
335,player,37,0,1127.185791015625,556.202392578125,770.571044921875,940.3827514648438
335,player,63,0,772.0809326171875,367.6172790527344,658.598388671875,413.8708190917969
335,player,53,0,599.1466674804688,545.9082641601562,376.8980712890625,830.8359375
335,player,45,1,808.8948364257812,385.2291259765625,679.7894287109375,467.7852478027344
335,player,67,-1,678.8527221679688,323.530517578125,613.3902587890625,233.3883819580078
335,player,6,0,248.61663818359375,340.037109375,132.65518188476562,136.85238647460938
336,player,69,1,1065.530517578125,515.6065673828125,761.6932373046875,854.3900146484375
336,player,28,1,423.4814453125,380.4643249511719,305.7857666015625,339.7841796875
336,player,63,0,771.3924560546875,371.9580383300781,657.45751953125,418.6307373046875
336,player,50,1,727.6200561523438,505.2342529296875,510.37298583984375,762.3417358398438
336,player,37,0,1126.6466064453125,556.1763916015625,769.9693603515625,940.70849609375
336,player,53,0,599.387451171875,541.8270874023438,378.66571044921875,824.1532592773438
336,player,45,1,809.08935546875,385.0880126953125,678.8447265625,471.4008483886719
336,player,67,-1,679.566650390625,331.9858093261719,610.687744140625,244.56588745117188
336,player,6,0,248.3206787109375,340.0872802734375,132.85406494140625,136.01901245117188
336,ball,-1,-1,596.9945678710938,352.7862854003906,851.0474853515625,617.5785522460938
337,player,69,1,1064.454833984375,515.3236694335938,761.4418334960938,853.8857421875
337,player,28,1,425.5321044921875,380.673828125,306.7409973144531,341.62884521484375
337,player,63,0,771.5458984375,368.01580810546875,658.1650390625,417.4844970703125
337,player,53,0,598.88916015625,540.3019409179688,379.94512939453125,818.6675415039062
337,player,50,1,724.4915771484375,506.1640625,508.1251220703125,762.478759765625
337,player,67,-1,687.7635498046875,374.9156799316406,597.4932250976562,302.724853515625
337,player,37,0,1125.54345703125,556.3056030273438,769.2655029296875,940.9312744140625
337,player,45,1,808.81201171875,385.57098388671875,677.9703369140625,474.2167663574219
337,player,6,0,250.83474731445312,339.4515075683594,134.06195068359375,134.9444122314453
337,ball,-1,-1,597.075439453125,350.13800048828125,851.0474853515625,617.5785522460938
338,player,28,1,430.32806396484375,380.6241455078125,309.0927734375,343.3245544433594
338,player,69,1,1065.0107421875,513.62353515625,761.9781494140625,852.4188232421875
338,player,63,0,772.040771484375,368.670166015625,658.5554809570312,417.50299072265625
338,player,53,0,599.444580078125,537.5537109375,381.42401123046875,813.1405029296875
338,player,67,-1,684.9796752929688,371.5685119628906,589.0322265625,336.554931640625
338,player,37,0,1124.7529296875,556.1460571289062,768.662353515625,940.9269409179688
338,player,50,1,704.5296630859375,504.991455078125,501.2416687011719,760.125
338,player,45,1,808.6959228515625,384.3896484375,677.7840576171875,474.82513427734375
338,player,71,-1,253.84054565429688,339.13665771484375,139.8573760986328,132.88931274414062
338,ball,-1,-1,596.5841064453125,348.84747314453125,851.0474853515625,617.5785522460938
339,player,69,1,1064.858642578125,513.6290893554688,762.2852783203125,851.4586181640625
339,player,28,1,431.40234375,380.6636657714844,310.999267578125,344.59637451171875
339,player,63,0,771.742431640625,368.1009521484375,658.9134521484375,416.865234375
339,player,50,1,715.6661376953125,504.95123291015625,499.95819091796875,759.4268798828125
339,player,53,0,599.1128540039062,535.7659912109375,382.6121826171875,808.214111328125
339,player,37,0,1124.151123046875,557.368408203125,767.741455078125,941.646728515625
339,player,67,1,683.360107421875,374.48406982421875,582.0709228515625,361.5655517578125
339,player,45,1,808.8170776367188,383.69000244140625,677.9510498046875,474.5145263671875
339,player,71,-1,253.40896606445312,338.9585876464844,139.70289611816406,132.58291625976562
339,ball,-1,-1,596.529296875,346.61248779296875,851.0474853515625,617.5785522460938
340,player,28,1,432.5735168457031,381.10491943359375,312.5748291015625,346.06689453125
340,player,69,1,1063.82958984375,513.3731689453125,762.2999267578125,850.5845947265625
340,player,63,0,772.1675415039062,366.39068603515625,659.8988647460938,414.635986328125
340,player,53,0,599.78125,534.739013671875,383.7589111328125,804.306884765625
340,player,37,0,1123.9091796875,566.7142944335938,764.2099609375,947.848388671875
340,player,50,1,706.3719482421875,505.73309326171875,496.29058837890625,758.8548583984375
340,player,45,1,808.45166015625,381.2989807128906,678.7965087890625,471.80859375
340,player,67,1,705.960205078125,505.857666015625,549.517822265625,500.30889892578125
340,player,71,-1,253.31883239746094,338.3204345703125,139.63497924804688,131.4857940673828
340,player,56,1,684.1922607421875,456.6579895019531,569.66064453125,372.3512268066406
340,ball,-1,-1,597.952880859375,341.43463134765625,851.0474853515625,617.5785522460938
341,player,28,1,434.04278564453125,379.49493408203125,314.431884765625,345.3335266113281
341,player,63,0,771.974853515625,365.90618896484375,660.6492919921875,412.6370544433594
341,player,69,1,1063.87890625,513.3740844726562,762.322021484375,850.0205688476562
341,player,37,0,1124.142578125,565.9960327148438,762.1904296875,951.4561767578125
341,player,53,0,600.087158203125,534.6065063476562,384.61492919921875,801.6923217773438
341,player,50,1,702.7744140625,506.6187744140625,492.6774597167969,758.88525390625
341,player,71,-1,254.44021606445312,340.37457275390625,139.8202362060547,133.7707977294922
341,player,45,1,809.2247314453125,382.3994445800781,679.2010498046875,471.266845703125
341,player,56,1,681.55615234375,379.50775146484375,567.3181762695312,390.0892333984375
341,player,72,-1,691.9876098632812,446.2934265136719,518.6494750976562,613.4405517578125
341,ball,-1,-1,597.3653564453125,336.77117919921875,851.0474853515625,617.5785522460938
342,player,28,1,435.02337646484375,379.1971435546875,316.04791259765625,344.62567138671875
342,player,50,1,698.7435302734375,505.71533203125,489.3807678222656,757.8981323242188
342,player,63,0,771.9031982421875,367.0762023925781,660.69384765625,412.60589599609375
342,player,53,0,600.419677734375,533.1272583007812,385.53338623046875,798.92724609375
342,player,69,1,1063.36767578125,513.82373046875,762.0560302734375,849.930419921875
342,player,37,0,1123.937744140625,567.7811889648438,760.2845458984375,954.875244140625
342,player,56,1,680.4072265625,359.01416015625,571.8828735351562,378.73370361328125
342,player,45,1,809.6250610351562,386.4000549316406,678.1688232421875,475.0595703125
342,player,71,-1,254.952880859375,339.36175537109375,140.2562255859375,133.92750549316406
342,player,73,-1,596.3662109375,382.7519836425781,478.0523376464844,406.64129638671875
343,player,28,1,437.64105224609375,377.315185546875,318.4017639160156,342.28521728515625
343,player,63,0,772.3282470703125,364.48541259765625,661.7948608398438,409.8011474609375
343,player,53,0,600.2435302734375,533.0515747070312,386.0940856933594,797.0609130859375
343,player,50,1,695.4530029296875,507.89532470703125,485.8069763183594,758.67724609375
343,player,69,1,1061.77783203125,514.1686401367188,761.3555908203125,849.9999389648438
343,player,73,-1,597.700927734375,380.73529052734375,479.0478515625,404.5758972167969
343,player,37,0,1123.2879638671875,563.8023681640625,760.0995483398438,954.629638671875
343,player,71,-1,256.836181640625,340.13232421875,141.21212768554688,135.35345458984375
343,player,56,1,679.9656982421875,341.423583984375,580.5695190429688,350.6369934082031
343,player,45,1,810.947509765625,383.92669677734375,678.80126953125,475.12933349609375
344,player,53,0,600.0157470703125,531.6171875,386.65423583984375,794.769775390625
344,player,63,0,773.5833129882812,366.3489685058594,662.256591796875,410.15338134765625
344,player,37,0,1122.91064453125,567.020263671875,758.9053955078125,956.4120483398438
344,player,69,1,1058.741455078125,512.9804077148438,760.4940185546875,849.0064086914062
344,player,50,1,688.9393310546875,510.95166015625,480.94677734375,761.0191040039062
344,player,28,1,430.19586181640625,334.49346923828125,325.9513854980469,286.576904296875
344,player,71,-1,255.45074462890625,343.71307373046875,140.8906707763672,141.0025634765625
344,player,56,1,676.338623046875,334.454345703125,587.3385620117188,323.4327392578125
344,player,45,1,810.47705078125,382.92584228515625,679.4187622070312,474.09716796875
344,player,73,-1,597.24658203125,386.85906982421875,477.91021728515625,409.8600158691406
345,player,28,1,438.4248046875,378.4122619628906,324.90789794921875,305.91864013671875
345,player,69,1,1057.89013671875,515.3482666015625,758.9423828125,849.9451293945312
345,player,50,1,685.650390625,512.72314453125,476.46234130859375,763.637451171875
345,player,53,0,600.557373046875,530.9662475585938,387.29095458984375,792.8382568359375
345,player,63,0,775.4083251953125,365.68218994140625,663.4024658203125,409.85406494140625
345,player,71,0,259.6023864746094,337.41424560546875,143.037841796875,136.57025146484375
345,player,56,1,678.422119140625,340.6297302246094,590.3435668945312,313.5462646484375
345,player,73,-1,599.0706787109375,387.5987548828125,477.59405517578125,414.29010009765625
345,player,37,0,1122.3817138671875,566.2861938476562,758.222900390625,957.0908203125
345,player,45,1,810.6813354492188,380.3265380859375,680.8193969726562,470.76123046875
346,player,28,1,438.7798156738281,377.7433166503906,324.4869689941406,317.7557067871094
346,player,69,1,1055.229736328125,514.9021606445312,757.383544921875,850.06005859375
346,player,50,1,681.8642578125,514.5128173828125,472.0814208984375,766.407470703125
346,player,71,0,260.34674072265625,334.09857177734375,145.10885620117188,129.15872192382812
346,player,56,1,677.4913330078125,359.4110412597656,585.717529296875,329.10113525390625
346,player,66,-1,792.339111328125,368.1466064453125,627.4799194335938,590.1981811523438
346,player,37,0,1121.51123046875,576.5179443359375,754.489013671875,963.64990234375
346,player,53,0,600.7451171875,529.5625,388.0146789550781,790.5533447265625
346,player,73,-1,599.8095703125,396.48846435546875,475.31854248046875,426.70916748046875
346,player,74,-1,577.7559814453125,271.552978515625,557.4959106445312,-15.383206367492676
347,player,28,1,438.61309814453125,376.81488037109375,324.33404541015625,324.3504943847656
347,player,50,1,676.323486328125,516.0296020507812,467.33209228515625,768.93310546875
347,player,69,1,1056.06005859375,514.3455200195312,756.7675170898438,849.806640625
347,player,53,0,600.6748046875,528.57568359375,388.64581298828125,788.3273315429688
347,player,63,0,775.6405029296875,363.9878845214844,664.8373413085938,407.830322265625
347,player,71,0,260.9122314453125,332.4124755859375,146.87705993652344,122.04524230957031
347,player,37,0,1119.917236328125,577.262939453125,751.4541015625,968.2614135742188
347,player,56,1,678.1990966796875,332.7318115234375,591.9500732421875,307.5349426269531
347,player,45,1,816.9705810546875,379.77288818359375,683.95849609375,468.67205810546875
347,player,73,-1,601.2755126953125,401.25604248046875,473.1065979003906,439.90997314453125
347,ball,-1,-1,615.423828125,284.2841796875,851.0474853515625,617.5785522460938
348,player,50,1,671.835693359375,515.118408203125,463.16119384765625,769.54345703125
348,player,28,1,438.63018798828125,374.87188720703125,324.62042236328125,326.36944580078125
348,player,63,0,775.817626953125,364.5511169433594,665.624755859375,407.1518249511719
348,player,69,1,1055.762939453125,513.8450317382812,756.4517211914062,849.2733154296875
348,player,71,0,261.4597473144531,331.9134521484375,148.3060760498047,116.79324340820312
348,player,53,0,600.22900390625,529.0872802734375,388.8350830078125,787.2284545898438
348,player,56,1,678.3978881835938,323.1623229980469,599.4818115234375,281.5086669921875
348,player,37,0,1119.424560546875,579.8280029296875,748.6034545898438,972.7535400390625
348,player,45,1,818.17138671875,378.2706604003906,686.933837890625,465.8782958984375
348,player,73,-1,599.4915771484375,403.197265625,470.58331298828125,450.31256103515625
348,ball,-1,-1,621.2633666992188,270.7947998046875,851.0474853515625,617.5785522460938
349,player,28,1,440.2474670410156,374.0997314453125,325.5419921875,326.9659423828125
349,player,50,1,668.6611938476562,515.8579711914062,459.38885498046875,770.2581787109375
349,player,56,1,679.12109375,323.38983154296875,604.5565185546875,264.973876953125
349,player,71,0,260.5692443847656,331.904296875,148.87440490722656,113.2408447265625
349,player,63,0,775.5343017578125,364.78582763671875,665.9574584960938,406.9367980957031
349,player,37,0,1118.3438720703125,578.6791381835938,746.8280029296875,974.9267578125
349,player,45,1,818.1898193359375,377.94927978515625,688.9913330078125,463.72955322265625
349,player,53,0,598.942626953125,529.2357788085938,388.56396484375,786.5283203125
349,player,69,1,1053.92333984375,514.0460815429688,755.7001953125,848.9374389648438
349,player,74,-1,577.3890380859375,273.836181640625,556.5159301757812,-11.890730857849121
349,ball,-1,-1,625.650146484375,263.89373779296875,851.0474853515625,617.5785522460938
350,player,50,1,664.0547485351562,522.5923461914062,454.2238464355469,775.4344482421875
350,player,28,1,440.383056640625,374.11492919921875,326.18695068359375,327.3874206542969
350,player,56,1,679.6304321289062,323.5226135253906,607.9910888671875,254.46035766601562
350,player,37,0,1116.8236083984375,578.8941650390625,745.2421875,976.375732421875
350,player,71,0,260.273681640625,331.80303955078125,149.13539123535156,110.74674987792969
350,player,63,0,775.8134765625,364.65093994140625,666.3153686523438,406.679931640625
350,player,45,1,819.1626586914062,377.49346923828125,690.8099365234375,461.95928955078125
350,player,69,1,1048.39013671875,516.0346069335938,753.1241455078125,849.7119140625
350,player,53,0,600.0771484375,530.7715454101562,388.4310607910156,787.3008422851562
350,player,74,-1,577.2756958007812,274.18487548828125,555.70703125,-9.098442077636719
350,ball,-1,-1,630.0244140625,253.35833740234375,851.0474853515625,617.5785522460938
351,player,50,1,658.0960693359375,526.8060913085938,448.32159423828125,781.482421875
351,player,71,0,259.50048828125,332.0223388671875,148.96588134765625,109.32684326171875
351,player,28,1,440.56964111328125,374.0557861328125,326.6852111816406,327.6138610839844
351,player,37,0,1114.498291015625,577.4691162109375,744.068115234375,976.329345703125
351,player,63,0,775.9273681640625,365.08154296875,666.4299926757812,406.9967041015625
351,player,56,1,681.158447265625,323.3106994628906,610.8521728515625,247.55099487304688
351,player,45,1,819.6727294921875,378.02593994140625,691.9615478515625,461.4167785644531
351,player,69,1,1046.038330078125,516.4573974609375,750.6995849609375,850.3439331054688
351,player,53,0,597.5032348632812,530.3764038085938,387.6831359863281,787.316650390625
351,player,74,-1,578.91455078125,274.7708435058594,555.6259765625,-6.126089572906494
351,ball,-1,-1,632.8421630859375,246.7796630859375,851.0474853515625,617.5785522460938
352,player,71,0,259.44287109375,332.3907470703125,148.790283203125,108.91677856445312
352,player,69,1,1044.1385498046875,515.8099975585938,748.833984375,850.1729736328125
352,player,28,1,440.7894592285156,374.44036865234375,327.01251220703125,328.2379455566406
352,player,50,1,650.2332763671875,526.6751708984375,442.2900390625,784.7303466796875
352,player,37,0,1112.68896484375,574.0128173828125,743.888671875,974.1206665039062
352,player,63,0,776.887939453125,366.932373046875,666.1551513671875,409.32611083984375
352,player,56,1,678.65283203125,325.03839111328125,611.1836547851562,244.9385528564453
352,player,45,1,818.7440185546875,379.2017822265625,691.9805908203125,462.18994140625
352,player,53,0,597.29150390625,532.2452392578125,386.79815673828125,788.6978759765625
352,player,74,-1,578.6827392578125,275.4874572753906,555.2208251953125,-3.1253654956817627
353,player,69,1,1041.5506591796875,515.0143432617188,747.1981811523438,849.3277587890625
353,player,71,0,260.6539611816406,332.24237060546875,149.18472290039062,108.6112289428711
353,player,28,1,440.7314758300781,373.7501220703125,327.34063720703125,327.8267822265625
353,player,37,0,1111.097412109375,573.7462768554688,743.46337890625,972.427978515625
353,player,50,1,643.6848754882812,522.71240234375,437.3038330078125,783.3974609375
353,player,56,1,677.9991455078125,324.8544921875,611.2294921875,242.92422485351562
353,player,45,1,819.8270263671875,379.8729553222656,692.0971069335938,463.50103759765625
353,player,63,0,776.2538452148438,365.48834228515625,666.2871704101562,409.1970520019531
353,player,53,0,600.52734375,534.458740234375,386.74200439453125,791.4703979492188
353,player,74,-1,581.8245849609375,276.9064636230469,555.6997680664062,1.4830398559570312
354,player,69,1,1039.7926025390625,514.1671752929688,745.9449462890625,848.0648193359375
354,player,71,0,261.2099609375,332.275634765625,149.6629180908203,108.53799438476562
354,player,28,1,441.93829345703125,373.37799072265625,328.0635070800781,327.2640075683594
354,player,53,0,601.326171875,536.44775390625,386.5727844238281,794.7919311523438
354,player,56,1,677.2024536132812,324.7048034667969,611.0256958007812,241.32373046875
354,player,50,1,636.0873413085938,532.067138671875,430.074462890625,788.9006958007812
354,player,45,1,818.947265625,380.46343994140625,691.6746215820312,464.87322998046875
354,player,37,0,1110.007568359375,576.3724975585938,742.14453125,972.8369750976562
354,player,63,0,781.1146240234375,366.91558837890625,667.4677124023438,411.197998046875
354,player,74,-1,582.0255126953125,275.30377197265625,556.6731567382812,2.0503146648406982
355,player,71,0,262.27099609375,331.8805236816406,150.45001220703125,108.08139038085938
355,player,69,1,1039.4835205078125,513.9989624023438,745.1030883789062,847.1048583984375
355,player,28,1,443.37445068359375,372.7039794921875,329.1864013671875,326.274169921875
355,player,45,1,818.3134765625,379.8900146484375,691.404541015625,465.1057434082031
355,player,53,0,601.34130859375,539.1002197265625,385.9906005859375,798.888671875
355,player,56,1,676.3575439453125,324.3607177734375,610.7118530273438,239.73867797851562
355,player,50,1,633.2476806640625,535.1317749023438,423.98779296875,794.5106811523438
355,player,37,0,1109.3798828125,578.7283325195312,740.44189453125,974.4708251953125
355,player,66,-1,794.2244873046875,367.95037841796875,646.193115234375,531.39013671875
355,player,74,0,580.9508666992188,274.0125732421875,557.34619140625,0.2628662586212158
356,player,69,1,1038.9764404296875,513.803955078125,744.4852294921875,846.30908203125
356,player,71,0,263.5072021484375,331.3584289550781,151.5243377685547,107.22012329101562
356,player,28,1,444.62969970703125,372.6776428222656,330.3751220703125,325.74749755859375
356,player,45,1,817.152099609375,380.0669250488281,690.7904052734375,465.31964111328125
356,player,50,1,630.881591796875,533.0081787109375,419.7701110839844,796.429931640625
356,player,53,0,595.951416015625,535.040771484375,384.81439208984375,798.183349609375
356,player,56,1,677.30810546875,325.78216552734375,610.3408203125,240.63299560546875
356,player,37,0,1107.6318359375,578.4112548828125,739.0037841796875,975.2386474609375
356,player,74,0,582.0860595703125,273.0762023925781,558.581787109375,-2.1733815670013428
356,player,63,0,777.0310668945312,362.30841064453125,668.5538330078125,407.010009765625
357,player,69,1,1037.72412109375,512.3401489257812,744.2235107421875,844.679931640625
357,player,50,1,625.6244506835938,531.830810546875,415.7679443359375,796.423095703125
357,player,71,0,264.2598571777344,330.60284423828125,152.6171112060547,105.69540405273438
357,player,28,1,444.7320861816406,372.8008728027344,331.16009521484375,325.562255859375
357,player,53,0,594.8912353515625,538.833984375,383.073974609375,800.425537109375
357,player,45,1,819.21337890625,379.68133544921875,691.1956787109375,465.2730712890625
357,player,63,0,776.372314453125,364.09844970703125,668.3889770507812,406.1833190917969
357,player,37,0,1104.961181640625,579.1947021484375,737.19140625,976.0433959960938
357,player,56,1,673.2115478515625,323.5758056640625,609.4111328125,237.88906860351562
357,player,74,0,583.50634765625,273.05706787109375,559.9619140625,-3.567348003387451
358,player,69,1,1036.493896484375,513.439208984375,743.378173828125,844.30322265625
358,player,50,1,625.0762939453125,531.8203735351562,413.01348876953125,796.3702392578125
358,player,71,0,264.671630859375,329.93377685546875,153.57382202148438,103.81199645996094
358,player,45,1,818.2056884765625,379.21746826171875,691.303466796875,464.6568603515625
358,player,53,0,594.894775390625,540.8536987304688,381.58673095703125,803.3528442382812
358,player,28,1,444.60882568359375,370.66424560546875,332.054931640625,322.9051208496094
358,player,37,0,1103.410888671875,576.60400390625,736.3945922851562,974.9261474609375
358,player,74,0,585.5397338867188,271.6504211425781,562.1949462890625,-6.343041896820068
358,player,66,-1,788.3297119140625,364.93621826171875,657.5160522460938,489.2552490234375
358,player,56,1,678.42138671875,325.38348388671875,610.03955078125,239.06655883789062
359,player,69,1,1035.0863037109375,512.5582885742188,742.7403564453125,843.342529296875
359,player,28,1,442.552490234375,370.4288635253906,331.93853759765625,320.6554260253906
359,player,53,0,594.623046875,543.1909790039062,380.1325988769531,806.927978515625
359,player,71,0,265.1099853515625,329.6954345703125,154.4022979736328,102.31085205078125
359,player,45,1,819.201904296875,380.5747985839844,691.2001953125,465.76605224609375
359,player,63,0,776.6590576171875,364.1402587890625,668.3619995117188,405.7232666015625
359,player,50,1,613.6298828125,538.4498291015625,406.75775146484375,800.34228515625
359,player,37,0,1103.098388671875,576.18994140625,735.9219970703125,973.9329223632812
359,player,74,0,587.32763671875,269.1903381347656,565.28369140625,-11.711835861206055
359,player,56,1,679.55126953125,323.5797424316406,611.5057373046875,237.68331909179688
360,player,69,1,1033.1168212890625,511.33148193359375,742.199951171875,841.7177734375
360,player,28,1,442.666748046875,368.66552734375,332.259033203125,317.1102294921875
360,player,50,1,608.19775390625,541.9868774414062,400.52215576171875,805.0895385742188
360,player,45,1,818.498291015625,380.60797119140625,690.8945922851562,466.44842529296875
360,player,66,-1,796.4423828125,366.76812744140625,666.881591796875,464.73956298828125
360,player,37,0,1102.873779296875,575.9375,735.6342163085938,973.1223754882812
360,player,56,1,681.127685546875,323.51214599609375,613.052490234375,236.89865112304688
360,player,74,0,587.98388671875,266.9322509765625,568.4073486328125,-18.653234481811523
360,player,71,0,269.57330322265625,328.40716552734375,156.91278076171875,100.13328552246094
361,player,69,1,1029.203369140625,510.00103759765625,741.2423706054688,839.4466552734375
361,player,50,1,608.3922729492188,544.0180053710938,396.15887451171875,809.6519165039062
361,player,28,1,443.34527587890625,369.0119323730469,332.64404296875,315.29931640625
361,player,45,1,817.7235107421875,379.4478454589844,690.8683471679688,465.60980224609375
361,player,56,1,680.746337890625,322.92266845703125,614.134033203125,235.58851623535156
361,player,37,0,1102.346435546875,575.7571411132812,735.3716430664062,972.455322265625
361,player,71,0,267.01904296875,328.83734130859375,157.45230102539062,98.96825408935547
361,player,74,0,585.8544311523438,270.3678894042969,568.2879638671875,-18.09979820251465
362,player,69,1,1027.792236328125,508.908935546875,740.596923828125,837.0980834960938
362,player,50,1,606.00146484375,545.4989624023438,392.3890380859375,813.5068969726562
362,player,45,1,815.3724365234375,377.57037353515625,690.77685546875,462.86553955078125
362,player,28,1,444.1088562011719,368.70550537109375,333.2336730957031,313.84820556640625
362,player,56,1,680.657470703125,322.43853759765625,614.9808349609375,234.10728454589844
362,player,37,0,1101.56591796875,577.013916015625,734.6424560546875,972.7275390625
362,player,71,0,269.67144775390625,328.8001403808594,158.88729858398438,98.53506469726562
362,player,80,-1,670.380126953125,316.6213684082031,611.9285278320312,206.09718322753906
362,player,63,0,778.2607421875,364.53765869140625,668.732421875,406.0352783203125
363,player,69,1,1023.7203369140625,508.608154296875,739.1961669921875,835.067626953125
363,player,50,1,600.2399291992188,549.2294921875,387.6714172363281,818.2603759765625
363,player,66,-1,798.9581298828125,367.2052001953125,673.636474609375,449.54913330078125
363,player,56,1,680.5869140625,321.74835205078125,615.7568969726562,232.25234985351562
363,player,28,1,444.81231689453125,367.9386901855469,334.0281982421875,312.07427978515625
363,player,37,0,1101.220458984375,578.322265625,733.7022705078125,973.6655883789062
363,player,71,0,267.42108154296875,329.81683349609375,158.78163146972656,99.38134765625
364,player,69,1,1022.9818725585938,508.53662109375,738.1129760742188,833.644287109375
364,player,50,1,599.6693725585938,550.3446655273438,384.25152587890625,822.1011962890625
364,player,56,1,680.26904296875,322.29083251953125,615.9488525390625,231.70034790039062
364,player,66,-1,799.30419921875,367.5650939941406,678.0081787109375,440.1011962890625
364,player,28,1,445.16864013671875,367.5826416015625,334.7467041015625,310.5384826660156
364,player,71,0,268.1388854980469,329.40350341796875,159.05462646484375,99.4452896118164
364,player,37,0,1101.517578125,577.7432861328125,733.3323974609375,973.947509765625
365,player,69,1,1021.8685302734375,507.41302490234375,737.4732055664062,831.8414916992188
365,player,56,1,681.1678466796875,323.0042724609375,616.1393432617188,232.36746215820312
365,player,71,0,270.0559387207031,328.8568115234375,160.07833862304688,98.98053741455078
365,player,50,1,597.197021484375,551.0335693359375,381.2200927734375,824.909423828125
365,player,28,1,445.1707763671875,367.23199462890625,335.28594970703125,309.1212158203125
365,player,66,0,798.9576416015625,366.35498046875,681.182861328125,432.6147766113281
365,player,37,0,1100.67529296875,577.7216186523438,732.8933715820312,974.06689453125
366,player,69,1,1021.4092407226562,508.219970703125,736.6776123046875,831.2101440429688
366,player,71,0,270.18450927734375,328.7059326171875,160.81451416015625,98.48168182373047
366,player,56,1,681.5484619140625,322.85931396484375,616.453369140625,232.6646270751953
366,player,28,1,445.281982421875,365.81268310546875,335.96697998046875,306.5117492675781
366,player,66,0,798.9127197265625,366.1939697265625,683.2911987304688,427.5693664550781
366,player,74,0,594.3595581054688,309.77960205078125,557.6749877929688,41.09406280517578
366,player,37,0,1100.3433837890625,578.524169921875,732.293212890625,974.6036376953125
366,player,50,1,592.1358642578125,551.2116088867188,377.807861328125,826.4992065429688
366,player,45,1,819.9452514648438,376.94696044921875,692.424072265625,460.9090881347656
367,player,69,1,1019.3469848632812,506.6522216796875,736.114501953125,829.53662109375
367,player,71,0,270.46630859375,328.36383056640625,161.44961547851562,97.70954895019531
367,player,56,1,682.6819458007812,322.48333740234375,617.2039184570312,232.52230834960938
367,player,28,1,445.37554931640625,364.7586669921875,336.6600341796875,303.55853271484375
367,player,66,0,799.4097900390625,366.12054443359375,684.8526000976562,424.26422119140625
367,player,50,1,585.9118041992188,549.552490234375,374.1340637207031,825.906982421875
367,player,37,0,1099.9512939453125,580.5202026367188,731.2275390625,976.1175537109375
368,player,69,1,1018.7987060546875,506.63702392578125,735.6077270507812,828.3985595703125
368,player,71,0,270.70697021484375,328.27349853515625,161.9715118408203,97.11299133300781
368,player,50,1,582.0737915039062,547.4672241210938,371.0245361328125,823.7547607421875
368,player,56,1,684.7717895507812,323.1664123535156,618.197265625,233.5671844482422
368,player,28,1,445.633056640625,364.66650390625,337.2235412597656,301.5588684082031
368,player,66,0,799.72802734375,366.23687744140625,685.9292602539062,422.2763671875
368,player,37,0,1099.28271484375,580.463134765625,730.3890991210938,977.0274658203125
368,player,82,-1,694.3644409179688,282.2104187011719,676.1118774414062,80.30004119873047
368,ball,-1,-1,1078.48095703125,430.1488037109375,851.77880859375,621.76123046875
369,player,69,1,1017.89501953125,506.80474853515625,734.9846801757812,827.7134399414062
369,player,71,0,270.8213806152344,328.22088623046875,162.36380004882812,96.66641235351562
369,player,50,1,578.069091796875,546.6390380859375,368.01824951171875,821.4713134765625
369,player,37,0,1098.1568603515625,581.4215087890625,729.29345703125,978.120361328125
369,player,28,1,445.85333251953125,363.20819091796875,337.9710998535156,298.52392578125
369,player,56,1,686.019287109375,323.1588134765625,619.2957763671875,234.39532470703125
369,player,45,1,819.8141479492188,376.3206787109375,693.6828002929688,458.968994140625
369,player,82,-1,695.040283203125,285.0911560058594,675.1599731445312,84.54869079589844
369,player,63,0,779.5870361328125,363.6932373046875,669.7212524414062,405.45819091796875
370,player,69,1,1016.4102783203125,506.2611083984375,734.3588256835938,826.7734985351562
370,player,71,0,271.57025146484375,328.22760009765625,162.92283630371094,96.49229431152344
370,player,56,1,687.0934448242188,323.89117431640625,620.12939453125,236.001220703125
370,player,50,1,570.7360229492188,547.149658203125,363.91510009765625,819.8228149414062
370,player,37,0,1097.453369140625,581.1091918945312,728.5008544921875,978.6031494140625
370,player,28,1,446.1280517578125,362.90875244140625,338.6195373535156,296.2218017578125
370,player,66,0,799.7413330078125,365.70941162109375,686.8291015625,420.41412353515625
371,player,69,1,1015.9306030273438,505.901611328125,733.9393310546875,825.8712158203125
371,player,71,0,272.01202392578125,328.3599853515625,163.44964599609375,96.630859375
371,player,56,1,686.941162109375,324.04998779296875,620.5584716796875,237.22738647460938
371,player,74,0,603.3834228515625,299.05517578125,557.857666015625,65.92733764648438
371,player,50,1,567.01220703125,547.3116455078125,360.1723937988281,818.5977783203125
371,player,28,1,446.3612365722656,363.2132263183594,339.0633544921875,295.12237548828125
371,player,66,0,800.0325927734375,366.212158203125,687.323486328125,419.780029296875
371,player,37,0,1096.11083984375,579.6013793945312,728.095947265625,977.9392700195312
371,ball,-1,-1,1245.399658203125,357.6600646972656,871.333740234375,614.003662109375
372,player,69,1,1014.7877807617188,505.65350341796875,733.44189453125,825.0250244140625
372,player,71,0,271.9205322265625,328.24639892578125,163.76889038085938,96.54586029052734
372,player,28,1,446.6497802734375,363.04302978515625,339.4927062988281,294.2366027832031
372,player,56,1,687.49658203125,322.8780517578125,621.4661254882812,236.60479736328125
372,player,66,0,799.4126586914062,365.7434387207031,687.6143798828125,418.792724609375
372,player,50,1,569.2015380859375,547.309326171875,358.356689453125,817.9586181640625
372,player,74,0,604.260498046875,304.8412780761719,556.311767578125,90.27783203125
372,player,37,0,1093.4942626953125,579.4930419921875,727.2277221679688,977.285400390625
372,ball,-1,-1,1245.574951171875,357.61279296875,889.342041015625,606.8600463867188
373,player,69,1,1014.0792236328125,505.0880126953125,733.1106567382812,824.01904296875
373,player,71,0,272.5881042480469,327.89471435546875,164.291748046875,96.08357238769531
373,player,28,1,446.8765869140625,362.5811767578125,339.95062255859375,293.1286315917969
373,player,53,0,595.5963134765625,545.6083374023438,379.037841796875,811.062744140625
373,player,66,0,798.392822265625,365.423828125,687.5856323242188,417.6934509277344
373,player,45,1,821.2056884765625,374.806884765625,695.510498046875,456.26715087890625
373,player,56,1,687.154296875,324.5417785644531,621.32470703125,238.2704315185547
373,player,74,0,611.5516357421875,296.1409912109375,561.1312255859375,94.92391967773438
373,player,83,-1,612.2660522460938,298.5717468261719,568.3956909179688,113.66763305664062
373,player,37,0,1091.042724609375,579.1348266601562,726.170166015625,976.4985961914062
373,ball,-1,-1,1245.741943359375,357.21575927734375,905.970703125,600.20263671875
374,player,69,1,1013.931884765625,505.7115478515625,732.656982421875,823.8008422851562
374,player,71,0,272.95220947265625,327.8182373046875,164.78936767578125,95.72570037841797
374,player,53,0,589.713623046875,546.3597412109375,376.545654296875,813.8639526367188
374,player,28,1,446.78350830078125,362.818115234375,340.1650085449219,292.68438720703125
374,player,56,1,687.29833984375,325.234375,621.0323486328125,240.24807739257812
374,player,45,1,822.0842895507812,375.4845275878906,696.732177734375,455.31427001953125
374,player,83,-1,612.80908203125,299.32269287109375,568.33740234375,114.80070495605469
374,player,66,0,795.3389892578125,364.64288330078125,686.847900390625,415.79730224609375
374,player,37,0,1088.47607421875,579.8238525390625,724.6591796875,976.243408203125
374,player,50,1,560.8594970703125,543.4892578125,355.4512939453125,814.1722412109375
374,ball,-1,-1,1246.0419921875,357.54766845703125,921.2476196289062,594.1590576171875
375,player,69,1,1011.05712890625,506.00433349609375,731.50341796875,823.6611328125
375,player,53,0,585.2036743164062,548.0958251953125,373.36322021484375,816.6028442382812
375,player,71,0,273.10797119140625,327.76556396484375,165.1827850341797,95.44002532958984
375,player,28,1,447.0108642578125,362.80242919921875,340.390869140625,292.4041748046875
375,player,45,1,821.9592895507812,375.0623474121094,697.64208984375,454.239013671875
375,player,37,0,1087.9136962890625,577.9852905273438,724.0701293945312,974.9445190429688
375,player,56,1,687.631103515625,323.37249755859375,621.6415405273438,239.21463012695312
375,player,83,-1,611.1103515625,297.1007080078125,568.4371337890625,112.16288757324219
375,player,63,0,776.3463134765625,362.9488830566406,669.5570068359375,403.90899658203125
375,player,84,-1,529.580810546875,544.2212524414062,324.3211975097656,802.0984497070312
375,ball,-1,-1,1246.07861328125,356.4189453125,935.4466552734375,588.3463134765625
376,player,69,1,1008.8316650390625,505.18707275390625,730.4207763671875,822.8243408203125
376,player,53,0,587.5703125,547.1964111328125,372.11199951171875,817.9100341796875
376,player,71,0,272.89031982421875,327.53271484375,165.37887573242188,94.89051818847656
376,player,28,1,447.5831298828125,362.773193359375,340.75323486328125,292.2558898925781
376,player,56,1,689.112060546875,323.23895263671875,622.6201171875,238.5611572265625
376,player,45,1,821.7293701171875,375.67828369140625,697.9312133789062,454.1617431640625
376,player,37,0,1086.279296875,578.30859375,723.1953125,974.19482421875
376,player,63,0,776.48193359375,362.846923828125,669.5325317382812,402.80474853515625
376,player,83,-1,615.4698486328125,294.81707763671875,570.99169921875,107.8212661743164
376,player,84,-1,532.5093994140625,544.3173828125,325.1409912109375,802.3843383789062
376,ball,-1,-1,1245.92041015625,356.12115478515625,948.5365600585938,582.9280395507812
377,player,69,1,1005.6503295898438,504.839111328125,728.97900390625,821.8006591796875
377,player,71,0,272.4997253417969,327.5428161621094,165.34597778320312,94.49209594726562
377,player,53,0,587.0416259765625,548.2678833007812,370.96710205078125,819.48828125
377,player,56,1,690.366943359375,323.6021423339844,623.5748291015625,238.75714111328125
377,player,45,1,821.7249755859375,375.8447265625,698.05615234375,454.285400390625
377,player,28,1,447.2861328125,362.57098388671875,340.92205810546875,291.87841796875
377,player,83,-1,620.1400756835938,295.3233947753906,574.260986328125,106.38233947753906
377,player,63,0,775.043701171875,362.4032897949219,669.198974609375,401.43975830078125
377,player,84,-1,528.1151123046875,543.3743286132812,324.566650390625,801.5560913085938
377,player,37,0,1083.646728515625,578.3316650390625,721.9776611328125,973.5618896484375
377,ball,-1,-1,1246.1533203125,356.43231201171875,960.5557861328125,578.0184936523438
378,player,69,1,1003.6819458007812,504.75433349609375,727.543212890625,820.9318237304688
378,player,53,0,586.903564453125,549.7290649414062,369.93499755859375,821.546875
378,player,71,0,272.666259765625,327.61407470703125,165.38357543945312,94.35874938964844
378,player,56,1,695.0767822265625,323.9586486816406,625.7579345703125,239.93316650390625
378,player,28,1,448.94195556640625,361.9106750488281,341.7760314941406,291.0326232910156
378,player,45,1,820.0155029296875,376.63616943359375,697.2926635742188,455.0146484375
378,player,84,-1,526.120849609375,544.722412109375,323.4169921875,801.8573608398438
378,player,63,0,774.498046875,362.10003662109375,668.9105834960938,400.1577453613281
378,player,83,-1,620.7764892578125,294.730224609375,576.8452758789062,104.69383239746094
378,player,37,0,1080.68115234375,575.1036987304688,721.3917846679688,971.0289916992188
378,ball,-1,-1,1246.17626953125,356.1722106933594,971.6478271484375,573.4437255859375
379,player,71,0,272.2167053222656,327.6679992675781,165.2181854248047,94.28507995605469
379,player,69,1,1000.16943359375,503.8660888671875,725.9526977539062,819.4730224609375
379,player,53,0,585.7536010742188,550.7835083007812,368.763427734375,823.5528564453125
379,player,56,1,699.213134765625,322.0299377441406,629.3802490234375,238.77352905273438
379,player,28,1,449.10809326171875,361.8640441894531,342.4017333984375,290.4464111328125
379,player,45,1,819.251220703125,376.5709228515625,696.5732421875,455.3404235839844
379,player,66,0,784.135009765625,362.95654296875,683.2774047851562,411.49462890625
379,player,83,-1,622.6683959960938,294.24468994140625,579.4275512695312,103.173583984375
379,player,84,-1,526.5948486328125,546.555908203125,322.5243225097656,803.4253540039062
379,player,37,0,1077.10498046875,576.6154174804688,719.6997680664062,970.075927734375
379,ball,-1,-1,490.1451721191406,463.603759765625,971.6478271484375,573.4437255859375
380,player,71,0,272.84661865234375,328.3898620605469,165.27748107910156,95.35745239257812
380,player,53,0,585.1693115234375,550.6599731445312,367.85955810546875,824.7269897460938
380,player,56,1,698.1436767578125,323.0888671875,630.9556884765625,239.2295379638672
380,player,69,1,998.4518432617188,502.41064453125,724.9204711914062,817.3489990234375
380,player,28,1,449.5903015136719,361.16949462890625,343.13079833984375,289.27960205078125
380,player,45,1,818.483642578125,376.77667236328125,695.78173828125,455.6868896484375
380,player,84,-1,518.2308959960938,542.3643798828125,320.193603515625,800.7590942382812
380,player,83,0,624.5853881835938,294.11859130859375,581.88720703125,102.27809143066406
380,player,37,0,1074.77099609375,574.4939575195312,718.6380615234375,968.0333251953125
381,player,71,0,272.0798645019531,328.3993225097656,165.00291442871094,95.95896911621094
381,player,56,1,700.0064697265625,323.52789306640625,632.4855346679688,240.3182373046875
381,player,53,0,583.723876953125,552.2293701171875,366.6032409667969,826.5008544921875
381,player,28,1,450.08306884765625,361.12786865234375,343.79412841796875,288.53045654296875
381,player,45,1,817.9545288085938,376.9833068847656,695.0203247070312,456.0726623535156
381,player,69,1,993.7626953125,499.417724609375,723.9415283203125,813.4510498046875
381,player,83,0,628.7351684570312,296.541259765625,584.1859130859375,105.71723937988281
381,player,84,-1,517.5101928710938,542.7540283203125,318.41326904296875,799.2593994140625
381,player,37,0,1073.05419921875,572.026123046875,718.238037109375,965.1026611328125
382,player,71,0,271.674560546875,328.7591857910156,164.61512756347656,96.8052978515625
382,player,53,0,583.2267456054688,553.967041015625,365.356201171875,828.84765625
382,player,56,1,701.1610107421875,322.1329345703125,634.415283203125,239.40225219726562
382,player,28,1,449.90069580078125,362.38372802734375,343.8949890136719,289.5466613769531
382,player,69,1,987.6806030273438,501.58648681640625,720.9822387695312,812.050048828125
382,player,45,1,817.3739013671875,376.8266906738281,694.3950805664062,456.09893798828125
382,player,83,0,633.6746826171875,296.5422668457031,587.5626220703125,108.648681640625
382,player,37,0,1071.66650390625,574.802001953125,716.8373413085938,964.797119140625
382,player,84,1,513.6638793945312,542.1339721679688,316.2470397949219,797.5423583984375
383,player,71,0,271.3310852050781,329.6297607421875,164.1163787841797,98.54524230957031
383,player,28,1,450.52825927734375,362.67706298828125,344.1287536621094,290.63861083984375
383,player,69,1,983.9278564453125,504.81414794921875,717.0396728515625,813.2030029296875
383,player,84,1,510.3917236328125,544.3956298828125,313.56378173828125,797.8480224609375
383,player,53,0,579.7030029296875,556.7683715820312,363.09857177734375,832.0950927734375
383,player,56,1,710.7321166992188,322.72607421875,638.8812866210938,240.7715606689453
383,player,45,1,817.3316650390625,377.01739501953125,693.9050903320312,456.3109130859375
383,player,83,0,635.7815551757812,298.1138916015625,589.9798583984375,113.05709075927734
383,player,37,0,1070.478271484375,580.3789672851562,714.0453491210938,967.8814697265625
384,player,71,0,271.06884765625,330.1190185546875,163.62576293945312,100.33366394042969
384,player,84,1,504.1604919433594,539.7901611328125,310.711669921875,794.1805419921875
384,player,28,1,451.5668029785156,363.3507080078125,344.51922607421875,292.2886962890625
384,player,69,1,982.7909545898438,500.0693359375,715.6571655273438,810.4248046875
384,player,56,1,711.6992797851562,325.35833740234375,641.1373901367188,245.09991455078125
384,player,66,0,800.1832275390625,364.53424072265625,685.6881103515625,412.1776428222656
384,player,53,0,568.75634765625,554.7454223632812,358.91229248046875,832.0030517578125
384,player,83,0,636.0763549804688,305.8792724609375,588.8400268554688,126.70376586914062
384,player,50,1,588.8701171875,556.3526000976562,359.27655029296875,822.9129028320312
384,player,37,0,1069.211669921875,579.92626953125,712.0493774414062,969.5386962890625
385,player,71,0,270.6595458984375,329.859375,163.17242431640625,101.0697021484375
385,player,56,1,713.0872192382812,324.6680908203125,643.359130859375,247.22067260742188
385,player,84,1,499.1899719238281,539.31689453125,307.4936218261719,791.0718383789062
385,player,28,1,453.19793701171875,362.14111328125,345.62384033203125,292.0948486328125
385,player,69,1,979.5640869140625,502.5235595703125,713.1201171875,810.1695556640625
385,player,66,0,800.2596435546875,365.22247314453125,687.024169921875,413.3779296875
385,player,53,0,569.3887939453125,555.4921875,356.24627685546875,832.5157470703125
385,player,37,0,1067.501953125,579.5382690429688,710.4439086914062,970.27978515625
385,player,83,0,637.07666015625,304.5960998535156,588.9368896484375,133.9547882080078
386,player,71,0,270.3884582519531,330.13421630859375,162.734130859375,101.89987182617188
386,player,56,1,714.676513671875,325.1346130371094,645.1942138671875,249.38426208496094
386,player,28,1,453.38262939453125,361.916748046875,346.45684814453125,291.71923828125
386,player,84,1,493.895263671875,544.4269409179688,303.1372985839844,792.4425048828125
386,player,53,0,561.8448486328125,559.0264282226562,351.8416748046875,834.800048828125
386,player,66,0,800.2054443359375,366.06134033203125,687.5631713867188,415.06195068359375
386,player,69,1,977.9656372070312,500.9759521484375,711.5238647460938,808.7598266601562
386,player,83,0,643.1995239257812,317.050048828125,586.8509521484375,156.21072387695312
386,player,37,0,1066.4610595703125,577.3709716796875,709.7603759765625,969.3955078125
387,player,71,0,270.0665283203125,330.028564453125,162.33140563964844,102.24398803710938
387,player,84,1,493.00885009765625,539.4451293945312,300.76593017578125,789.573486328125
387,player,28,1,454.24578857421875,361.3331298828125,347.4378967285156,290.8714599609375
387,player,56,1,716.8868408203125,324.2283020019531,647.5186157226562,249.92974853515625
387,player,53,0,557.9239501953125,556.8963012695312,348.2235107421875,834.5087890625
387,player,66,0,800.247314453125,365.74786376953125,688.0436401367188,415.8214111328125
387,player,69,1,972.7451171875,501.1168212890625,709.0338134765625,807.5624389648438
387,player,83,0,647.181640625,323.64508056640625,584.6624145507812,179.7722930908203
387,player,37,0,1065.058349609375,577.79150390625,708.852783203125,968.9886474609375
388,player,84,1,486.96221923828125,541.8726196289062,297.1307067871094,789.0620727539062
388,player,71,0,270.0130615234375,330.4629821777344,161.99508666992188,103.07630920410156
388,player,83,0,648.5914306640625,323.052978515625,583.9588012695312,194.5062713623047
388,player,53,0,556.7532958984375,556.7572021484375,345.566650390625,834.1380615234375
388,player,66,0,800.3642578125,366.7149658203125,688.035888671875,417.37469482421875
388,player,56,1,716.0586547851562,326.75244140625,647.7803344726562,253.34181213378906
388,player,28,1,456.4144287109375,359.45306396484375,349.2717590332031,288.2950439453125
388,player,69,1,972.09814453125,501.61834716796875,707.084716796875,807.1025390625
389,player,53,0,551.43017578125,556.6539916992188,342.3672790527344,833.4451904296875
389,player,84,1,482.505615234375,538.5942993164062,293.9417419433594,785.9492797851562
389,player,71,0,269.9377136230469,330.8576354980469,161.69798278808594,104.16572570800781
389,player,69,1,969.6395263671875,502.38458251953125,704.9169311523438,807.181396484375
389,player,83,0,649.0818481445312,322.6263427734375,583.8284301757812,203.59649658203125
389,player,66,0,806.98095703125,372.6704406738281,688.00390625,425.47186279296875
389,player,28,1,458.67156982421875,358.961669921875,351.3977355957031,286.29571533203125
389,player,56,1,719.1700439453125,326.0020751953125,649.3403930664062,255.01087951660156
389,player,86,-1,449.2840576171875,348.1323547363281,352.136962890625,240.75978088378906
389,player,37,0,1060.546630859375,575.2081298828125,707.8885498046875,966.8878784179688
390,player,53,0,550.3662109375,556.4991455078125,340.0141296386719,832.8095703125
390,player,84,1,478.5695495605469,538.5072021484375,290.7388916015625,783.5634765625
390,player,71,0,269.8438720703125,331.6122741699219,161.3754119873047,105.9276351928711
390,player,69,1,969.1982421875,502.27874755859375,703.4215087890625,807.1231689453125
390,player,83,0,651.5171508789062,322.6112365722656,584.637451171875,209.79922485351562
390,player,66,0,800.1398315429688,367.0316162109375,687.8189697265625,423.96539306640625
390,player,56,1,720.2699584960938,323.7857971191406,651.5889892578125,253.45556640625
390,player,28,1,462.12652587890625,357.0540771484375,354.4635925292969,283.08282470703125
390,player,86,-1,444.1142578125,332.0166015625,353.7659912109375,219.13636779785156
390,player,88,-1,472.2364501953125,359.6419982910156,369.1033020019531,289.6675109863281
391,player,53,0,546.55322265625,554.9265747070312,337.661376953125,831.00927734375
391,player,71,0,269.6648254394531,332.37420654296875,161.00125122070312,108.12240600585938
391,player,66,0,800.1232299804688,367.72344970703125,687.4376831054688,423.73095703125
391,player,83,0,651.9075927734375,321.9858093261719,585.5240478515625,213.07440185546875
391,player,69,1,968.1746826171875,503.6519775390625,701.7496337890625,808.0093994140625
391,player,84,1,472.11212158203125,543.7246704101562,286.0660705566406,785.419921875
391,player,56,1,721.5355834960938,323.80755615234375,653.4935913085938,252.6309051513672
391,player,28,1,463.2933349609375,356.85205078125,356.9295654296875,280.8895263671875
391,player,86,-1,444.5787353515625,336.121826171875,354.07708740234375,210.58505249023438
391,player,37,0,1051.4267578125,582.457275390625,702.9876708984375,969.330810546875
392,player,53,0,542.5042114257812,552.4673461914062,335.37652587890625,827.7953491210938
392,player,71,0,269.2085876464844,332.1642761230469,160.5986785888672,109.18901062011719
392,player,83,0,652.52783203125,321.35430908203125,586.5477294921875,214.46713256835938
392,player,84,1,466.45037841796875,557.356201171875,279.58990478515625,796.1700439453125
392,player,66,0,804.517578125,371.008056640625,687.4210205078125,427.5726013183594
392,player,28,1,462.77227783203125,357.5657653808594,358.1842956542969,280.2755126953125
392,player,56,1,722.951904296875,326.2235107421875,654.3141479492188,255.29676818847656
392,player,69,1,967.532470703125,503.52288818359375,700.529541015625,808.444580078125
392,player,37,0,1049.830810546875,586.26708984375,698.359130859375,973.091552734375
392,ball,-1,-1,911.0288696289062,472.008056640625,971.6478271484375,573.4437255859375
393,player,53,0,538.4862060546875,555.0177001953125,332.3666076660156,827.236572265625
393,player,84,1,460.9654541015625,562.968505859375,273.10076904296875,806.7764892578125
393,player,71,0,269.16583251953125,332.313232421875,160.30177307128906,110.08626556396484
393,player,69,1,966.597412109375,503.42462158203125,699.5146484375,808.5875244140625
393,player,28,1,465.3965759277344,356.90411376953125,360.1092224121094,279.38665771484375
393,player,66,0,805.582763671875,370.1456298828125,688.076171875,429.26263427734375
393,player,83,0,653.1871337890625,320.7754821777344,587.6571044921875,214.708251953125
393,player,56,1,724.27099609375,330.259521484375,653.787841796875,262.1940002441406
393,player,87,-1,452.0946960449219,353.57708740234375,351.74456787109375,261.2978820800781
393,player,37,0,1048.758056640625,584.3851318359375,695.607177734375,974.3526611328125
394,player,53,0,535.8679809570312,558.3252563476562,329.1710510253906,829.0313720703125
394,player,84,1,457.75714111328125,566.3836059570312,267.5452880859375,815.8612670898438
394,player,69,1,964.846923828125,502.19573974609375,698.7608642578125,807.656982421875
394,player,71,0,268.95184326171875,333.0198669433594,159.93740844726562,111.63418579101562
394,player,66,0,804.7066040039062,371.30462646484375,687.7888793945312,431.50457763671875
394,player,28,1,468.5092468261719,357.0142822265625,362.47845458984375,279.3253173828125
394,player,83,0,655.832275390625,321.32061767578125,589.1525268554688,215.91220092773438
394,player,56,1,726.669921875,325.0246276855469,656.2842407226562,260.47955322265625
394,player,37,0,1048.063232421875,583.2607421875,693.9590454101562,974.459716796875
394,player,87,-1,451.9111328125,353.74053955078125,351.6412353515625,261.4784240722656
395,player,53,0,530.8582763671875,560.117919921875,325.4207458496094,831.1063232421875
395,player,69,1,961.8975830078125,499.632080078125,698.26416015625,804.9581298828125
395,player,66,0,803.2869873046875,372.18731689453125,686.814697265625,433.7502136230469
395,player,71,0,268.33746337890625,333.3603515625,159.4114990234375,113.03276824951172
395,player,28,1,469.67327880859375,356.5623779296875,364.54638671875,278.8740234375
395,player,83,0,655.572509765625,322.1705017089844,589.7310180664062,217.75828552246094
395,player,84,1,452.0669250488281,564.4951171875,262.5567626953125,820.0230712890625
395,player,56,1,728.14208984375,326.88812255859375,657.7159423828125,261.87115478515625
395,player,37,0,1047.424072265625,582.3023071289062,692.9964599609375,973.9176025390625
395,player,87,-1,452.4329528808594,353.41290283203125,351.8382263183594,261.2529296875
396,player,84,1,440.72686767578125,564.65673828125,256.073486328125,822.030517578125
396,player,69,1,961.1747436523438,501.305908203125,697.2291870117188,804.37744140625
396,player,28,1,470.4939880371094,356.94451904296875,366.1060791015625,279.14959716796875
396,player,71,0,268.3655700683594,334.0656433105469,158.9969482421875,114.93547821044922
396,player,66,0,804.352294921875,372.5826110839844,686.384765625,435.7433166503906
396,player,83,0,657.4790649414062,322.8092041015625,590.5772094726562,220.02561950683594
396,player,53,0,537.9659423828125,564.83935546875,324.26104736328125,836.261962890625
396,player,56,1,730.4412841796875,329.3421630859375,658.5240478515625,266.0967712402344
396,player,37,0,1047.7125244140625,581.9425048828125,692.5411376953125,973.3671875
396,player,63,0,778.548828125,362.0815124511719,670.080322265625,399.75115966796875
397,player,69,1,960.1856689453125,502.68426513671875,695.86572265625,804.9342041015625
397,player,84,1,433.50390625,564.782470703125,249.78880310058594,822.9063720703125
397,player,71,0,267.70855712890625,333.3516540527344,158.54701232910156,115.07826232910156
397,player,28,1,472.45037841796875,356.99835205078125,367.824951171875,279.634033203125
397,player,83,0,662.43359375,323.2027587890625,592.7900390625,222.63998413085938
397,player,66,0,807.7007446289062,373.5937805175781,686.826904296875,438.4660339355469
397,player,56,1,732.35791015625,327.05096435546875,660.60205078125,266.24737548828125
397,player,53,0,529.8192138671875,566.8356323242188,320.94537353515625,840.4290771484375
397,player,63,0,777.624755859375,362.3028564453125,670.4518432617188,399.6289367675781
397,player,37,0,1045.76806640625,583.0482177734375,691.4630126953125,973.5534057617188
398,player,53,0,531.167724609375,568.2034912109375,318.96429443359375,844.1793212890625
398,player,69,1,958.5510864257812,501.4935302734375,694.9024658203125,804.3057861328125
398,player,84,1,421.8133544921875,565.3228759765625,242.3084259033203,823.0206298828125
398,player,28,1,473.71514892578125,355.92437744140625,369.6480407714844,278.7873840332031
398,player,83,0,667.1525268554688,322.5574951171875,596.1710815429688,224.11610412597656
398,player,71,0,267.40130615234375,333.2037353515625,158.1479034423828,114.92008209228516
398,player,66,0,804.3355712890625,373.4202880859375,686.0811767578125,439.6953125
398,player,63,0,777.9869995117188,363.37322998046875,670.4234619140625,400.76702880859375
398,player,56,1,734.4522094726562,324.18035888671875,663.8033447265625,263.0306396484375
398,player,89,-1,744.2064208984375,358.1590270996094,643.3583984375,375.56988525390625
399,player,53,0,527.98193359375,567.380126953125,316.91192626953125,845.824462890625
399,player,83,0,664.79248046875,325.0337219238281,596.6351318359375,227.94009399414062
399,player,84,1,418.92181396484375,565.54150390625,236.59608459472656,823.0429077148438
399,player,69,1,957.1041870117188,496.5640869140625,695.4039916992188,800.1611328125
399,player,28,1,475.59619140625,354.7135925292969,371.7984619140625,276.9795227050781
399,player,45,1,815.1181640625,377.416015625,692.724853515625,456.6335144042969
399,player,71,0,267.69781494140625,333.46697998046875,157.97708129882812,115.22877502441406
399,player,63,0,777.5501708984375,362.84283447265625,670.4529418945312,400.8756103515625
399,player,56,1,734.8826904296875,321.7532958984375,666.983642578125,257.94732666015625
399,player,89,-1,744.70556640625,356.87451171875,643.984375,374.1771240234375
400,player,53,0,525.3853759765625,568.2733154296875,314.72625732421875,847.3311157226562
400,player,84,1,410.2303771972656,565.5880737304688,230.39407348632812,822.4647216796875
400,player,83,0,666.1813354492188,324.88165283203125,597.4932250976562,230.40866088867188
400,player,28,1,477.1478271484375,353.6741027832031,374.004150390625,274.7138366699219
400,player,45,1,815.5120849609375,377.19818115234375,692.1646728515625,456.6568603515625
400,player,71,0,267.6529235839844,334.240966796875,157.75604248046875,116.50897216796875
400,player,69,1,954.6216430664062,497.94720458984375,694.6268310546875,798.3050537109375
400,player,63,0,778.7073974609375,363.01580810546875,670.794189453125,401.2637939453125
400,player,89,-1,743.6607666015625,348.1268310546875,647.1929931640625,363.135986328125
401,player,28,1,478.76629638671875,354.08697509765625,375.937744140625,273.949951171875
401,player,84,1,402.96270751953125,565.2012939453125,224.32373046875,821.2874755859375
401,player,53,0,523.9461669921875,568.1810913085938,312.9188232421875,848.1460571289062
401,player,83,0,667.3203125,325.65472412109375,598.1897583007812,233.14157104492188
401,player,71,0,266.9004821777344,334.96551513671875,157.22314453125,118.25018310546875
401,player,66,0,805.899658203125,374.596435546875,685.6770629882812,441.9037170410156
401,player,69,1,955.778076171875,495.07305908203125,695.3262939453125,795.05517578125
401,player,63,0,780.1512451171875,362.4129638671875,671.7169799804688,401.01190185546875
401,player,56,1,737.7523803710938,323.5468444824219,669.3695068359375,257.2554626464844
401,player,89,-1,745.0439453125,351.9612731933594,648.3568115234375,360.5408630371094
402,player,53,0,522.122314453125,567.85986328125,311.2829895019531,848.32568359375
402,player,28,1,480.30499267578125,353.3323974609375,377.9339904785156,272.712158203125
402,player,84,1,394.53369140625,563.040771484375,218.18658447265625,818.3567504882812
402,player,69,1,951.6497802734375,493.14453125,695.2528686523438,791.1949462890625
402,player,66,0,805.2608032226562,374.47967529296875,685.2489624023438,443.14837646484375
402,player,71,0,265.9477233886719,335.46624755859375,156.43380737304688,119.94883728027344
402,player,83,0,669.60888671875,324.14434814453125,600.0059814453125,233.28604125976562
402,player,63,0,778.964599609375,361.92572021484375,672.1000366210938,400.18048095703125
402,player,89,-1,741.80224609375,348.12255859375,649.3995361328125,354.05181884765625
403,player,28,1,481.7147216796875,352.84765625,379.8621520996094,271.48272705078125
403,player,84,1,389.1898193359375,563.5604248046875,212.604248046875,816.4381103515625
403,player,53,0,520.7304077148438,568.1083984375,309.796630859375,848.5174560546875
403,player,69,1,945.3040161132812,489.168212890625,694.703125,785.21630859375
403,player,66,0,808.5671997070312,372.3151550292969,686.8402099609375,442.01629638671875
403,player,71,0,265.787109375,336.47796630859375,155.73793029785156,122.4410400390625
403,player,83,0,672.176025390625,323.4417419433594,602.36669921875,232.81028747558594
403,player,89,-1,741.97265625,338.391845703125,653.7361450195312,338.39447021484375
403,player,63,0,775.964599609375,360.65777587890625,671.8126220703125,397.90679931640625
404,player,53,0,520.0300903320312,568.2884521484375,308.6098327636719,848.7178955078125
404,player,28,1,484.0840759277344,352.17974853515625,382.14239501953125,270.1502380371094
404,player,69,1,943.358642578125,488.20880126953125,694.1096801757812,780.4557495117188
404,player,84,1,386.21295166015625,564.1583251953125,208.05662536621094,815.4059448242188
404,player,45,1,816.926025390625,376.2135009765625,692.6189575195312,455.7900390625
404,player,71,0,265.2460021972656,336.89093017578125,155.01986694335938,124.56033325195312
404,player,56,1,742.0475463867188,324.9654235839844,671.8877563476562,259.1120300292969
404,player,83,0,673.2484130859375,327.36474609375,602.8907470703125,237.61727905273438
404,player,63,0,774.8236083984375,360.162353515625,671.4259643554688,395.75299072265625
405,player,53,0,519.2545166015625,568.302490234375,307.6205749511719,848.8037109375
405,player,28,1,484.47491455078125,353.139404296875,383.5436096191406,270.5184020996094
405,player,84,1,381.93511962890625,566.55859375,203.62606811523438,816.15234375
405,player,69,1,940.1072387695312,486.21014404296875,693.4514770507812,775.5933837890625
405,player,45,1,817.100830078125,374.81353759765625,693.4859619140625,453.7757873535156
405,player,56,1,741.9959716796875,324.8194885253906,673.5634765625,260.13067626953125
405,player,71,0,264.71246337890625,336.66455078125,154.36465454101562,125.54899597167969
405,player,83,0,675.7435302734375,325.400634765625,604.8297119140625,238.57257080078125
405,player,63,0,776.24267578125,360.29742431640625,671.5994873046875,394.660400390625
406,player,28,1,484.2093505859375,352.7841796875,384.43994140625,270.286376953125
406,player,53,0,516.2861328125,568.7353515625,306.0897216796875,848.9520263671875
406,player,69,1,937.8297119140625,487.2942810058594,692.0562133789062,773.083740234375
406,player,84,1,378.36370849609375,567.5228271484375,199.62313842773438,817.0711669921875
406,player,45,1,817.1107177734375,375.75054931640625,693.707763671875,453.4515380859375
406,player,56,1,742.1845703125,328.8800964355469,673.14013671875,265.84112548828125
406,player,71,0,264.6602478027344,336.54742431640625,153.93128967285156,126.02137756347656
406,player,83,0,676.4490356445312,325.93585205078125,606.1529541015625,239.96096801757812
406,player,89,-1,753.1095581054688,351.55767822265625,655.5034790039062,344.9208068847656
406,player,63,0,769.7156982421875,358.96246337890625,670.0159912109375,391.73931884765625
407,player,84,1,375.6825256347656,567.8045654296875,196.22254943847656,817.6765747070312
407,player,28,1,484.1822204589844,353.02777099609375,384.95562744140625,270.4330139160156
407,player,69,1,937.9766845703125,485.3321533203125,691.8021850585938,769.9678344726562
407,player,45,1,816.1202392578125,372.9542236328125,694.562255859375,450.19171142578125
407,player,53,0,514.5474853515625,569.3394165039062,304.5252380371094,849.34521484375
407,player,56,1,744.8477783203125,342.11297607421875,668.7716674804688,285.818603515625
407,player,71,0,263.8958740234375,336.659912109375,153.328857421875,126.37887573242188
407,player,83,0,679.7611694335938,333.5691223144531,605.49609375,250.82281494140625
407,player,37,0,1015.388671875,584.1521606445312,683.0028686523438,972.4948120117188
408,player,84,1,372.7104797363281,568.3217163085938,193.10699462890625,818.22607421875
408,player,28,1,484.5483703613281,353.5921936035156,385.29339599609375,271.2696228027344
408,player,45,1,816.779052734375,374.5482482910156,694.7426147460938,449.82391357421875
408,player,69,1,937.1749267578125,485.01885986328125,691.51318359375,767.6412353515625
408,player,53,0,512.5670776367188,569.111083984375,302.98919677734375,849.3043212890625
408,player,56,1,746.5516357421875,345.92626953125,665.104736328125,303.479248046875
408,player,71,0,263.84185791015625,336.87652587890625,152.89059448242188,126.90513610839844
408,player,83,0,679.4791870117188,334.4455261230469,604.6616821289062,258.929443359375
408,player,37,0,1013.1473999023438,584.5720825195312,676.8395385742188,971.9226684570312
409,player,84,1,367.29345703125,568.7274780273438,189.48434448242188,818.482666015625
409,player,28,1,484.9670715332031,353.24456787109375,385.74786376953125,271.4364013671875
409,player,53,0,509.1026611328125,569.5905151367188,300.9587707519531,849.3678588867188
409,player,45,1,817.6397705078125,377.6077575683594,694.0143432617188,452.8807067871094
409,player,69,1,935.647216796875,483.8533630371094,691.266845703125,765.1181640625
409,player,83,0,681.6239013671875,337.68487548828125,603.751220703125,268.431640625
409,player,56,1,749.471923828125,342.83154296875,664.8756103515625,311.67510986328125
409,player,71,0,263.9491271972656,337.25225830078125,152.60565185546875,127.78435516357422
409,player,37,0,1011.32568359375,584.6630249023438,672.3605346679688,971.4947509765625
410,player,84,1,363.47509765625,569.6092529296875,185.9473876953125,819.0054931640625
410,player,28,1,485.4382629394531,351.7895202636719,386.55767822265625,269.804443359375
410,player,45,1,818.1129150390625,377.3216552734375,693.7987060546875,454.6185302734375
410,player,53,0,505.01422119140625,582.080810546875,296.7975769042969,857.6605224609375
410,player,83,0,679.822509765625,338.5737609863281,602.2140502929688,275.47137451171875
410,player,69,1,929.4471435546875,481.3143310546875,690.17919921875,761.0416259765625
410,player,56,1,751.02099609375,349.0122985839844,662.9660034179688,324.38629150390625
410,player,71,0,263.4896240234375,337.14617919921875,152.24777221679688,128.144775390625
410,player,37,0,1009.9751586914062,583.0983276367188,669.5346069335938,970.1937255859375
410,player,63,0,776.09228515625,369.93341064453125,667.1473388671875,402.5728454589844
410,ball,-1,-1,934.3145141601562,393.04266357421875,956.3895874023438,570.484619140625
411,player,28,1,485.532958984375,352.1139221191406,387.0426025390625,269.15704345703125
411,player,53,0,501.8248291015625,586.6795654296875,292.60491943359375,865.9188232421875
411,player,84,1,357.448974609375,570.075927734375,181.8701629638672,819.2445068359375
411,player,45,1,818.6495971679688,377.52044677734375,693.7590942382812,456.01165771484375
411,player,83,0,680.8214721679688,339.1390380859375,601.3727416992188,280.85552978515625
411,player,56,1,751.9269409179688,356.68133544921875,659.241943359375,341.5054931640625
411,player,69,1,927.115478515625,481.078369140625,688.8965454101562,758.0277099609375
411,player,71,0,263.12091064453125,337.3465270996094,151.8438262939453,128.60630798339844
411,player,63,0,776.1160888671875,370.6348876953125,665.0405883789062,410.37298583984375
411,player,37,0,1009.9478149414062,583.451904296875,667.596435546875,969.559326171875
411,ball,-1,-1,932.7284545898438,396.19482421875,941.9578247070312,568.4219970703125
412,player,84,1,354.094482421875,571.8445434570312,178.09353637695312,820.4227294921875
412,player,45,1,819.407958984375,377.89434814453125,693.8412475585938,457.3861083984375
412,player,28,1,486.22528076171875,350.8146667480469,387.91876220703125,267.21112060546875
412,player,83,0,682.5763549804688,343.99566650390625,599.776123046875,290.4183654785156
412,player,53,0,498.9501953125,590.7252197265625,288.5638427734375,873.7825317382812
412,player,69,1,925.707275390625,484.0064697265625,686.7589111328125,758.2183227539062
412,player,56,1,757.4267578125,358.1143493652344,658.160888671875,354.8645324707031
412,player,71,0,262.6844482421875,337.5247497558594,151.38531494140625,129.09335327148438
412,player,63,0,775.1995849609375,371.13812255859375,663.1900634765625,415.8857421875
412,ball,-1,-1,930.1551513671875,389.9005126953125,929.0659790039062,565.0730590820312
413,player,84,1,351.16204833984375,574.4430541992188,174.5636444091797,822.8282470703125
413,player,45,1,819.5020751953125,378.017822265625,693.8797607421875,458.41796875
413,player,56,1,758.990234375,357.47607421875,658.2158813476562,363.0069274902344
413,player,69,1,924.398681640625,482.787353515625,685.3839111328125,757.3018798828125
413,player,83,0,687.4134521484375,345.1956787109375,600.0223999023438,298.64227294921875
413,player,53,0,498.04913330078125,591.8438110351562,285.5462951660156,879.5731811523438
413,player,28,1,487.678466796875,349.8367919921875,389.2554016113281,264.91058349609375
413,player,71,0,261.972412109375,337.7606201171875,150.7740478515625,129.63876342773438
413,player,63,0,773.9088745117188,369.9043884277344,661.9998779296875,418.0008544921875
413,ball,-1,-1,928.6448974609375,399.6610107421875,916.2271118164062,564.1116333007812
414,player,84,1,347.4617919921875,576.7091674804688,171.00889587402344,825.7330322265625
414,player,45,1,819.6419067382812,378.36260986328125,693.8236694335938,459.46209716796875
414,player,56,1,759.8932495117188,355.85223388671875,659.146240234375,366.5726623535156
414,player,69,1,923.1128540039062,484.08258056640625,683.7308959960938,757.604248046875
414,player,83,0,686.8594970703125,344.46673583984375,600.2384033203125,303.0535888671875
414,player,53,0,496.72576904296875,587.2697143554688,283.8172912597656,880.21240234375
414,player,71,0,261.3973693847656,337.1471862792969,150.21495056152344,129.06138610839844
414,player,28,1,487.7547912597656,351.0338439941406,389.86810302734375,264.9127197265625
414,player,63,0,774.4700317382812,364.98779296875,663.1746826171875,414.0931396484375
414,ball,-1,-1,925.83837890625,397.5079040527344,904.4091796875,562.6953125
415,player,84,1,342.5469665527344,579.3872680664062,167.0610809326172,829.16015625
415,player,45,1,819.8475952148438,377.60089111328125,694.1328125,459.3689880371094
415,player,56,1,761.26904296875,355.7189025878906,660.26416015625,368.895263671875
415,player,83,0,687.804443359375,344.12347412109375,600.8274536132812,305.62408447265625
415,player,69,1,922.2373046875,484.5487060546875,682.2689819335938,758.0913696289062
415,player,71,0,260.91827392578125,337.2164306640625,149.65078735351562,128.7159423828125
415,player,28,1,491.1558532714844,351.2838134765625,391.45733642578125,265.64520263671875
415,player,53,0,497.038330078125,582.1822509765625,283.446533203125,877.235107421875
415,player,63,0,773.8822021484375,362.46612548828125,664.65625,408.7182922363281
415,ball,-1,-1,926.1448974609375,399.1463623046875,893.41357421875,561.7572631835938
416,player,84,1,338.2564697265625,581.27197265625,163.11021423339844,832.407470703125
416,player,69,1,919.8568115234375,483.8787841796875,680.8633422851562,757.7081909179688
416,player,45,1,820.43408203125,376.85162353515625,694.7985229492188,458.5879211425781
416,player,56,1,762.4661865234375,353.22235107421875,662.3111572265625,367.713134765625
416,player,83,0,686.99658203125,341.60272216796875,601.7958984375,304.17791748046875
416,player,71,0,259.8900451660156,337.072998046875,148.88612365722656,128.149169921875
416,player,53,0,497.95037841796875,584.398193359375,283.1645202636719,876.853515625
416,player,28,1,493.830810546875,350.45172119140625,393.6726989746094,265.4211120605469
416,ball,-1,-1,924.1286010742188,396.8880310058594,883.355712890625,560.3556518554688
417,player,69,1,919.0848388671875,483.1409912109375,679.96240234375,756.8304443359375
417,player,45,1,820.5498046875,376.92510986328125,695.2415771484375,458.1690673828125
417,player,83,0,690.552490234375,341.114501953125,603.8444213867188,303.078125
417,player,71,0,260.27490234375,336.65472412109375,148.59133911132812,127.2517318725586
417,player,56,1,763.2286376953125,353.5731201171875,663.7705688476562,367.4298095703125
417,player,84,1,331.6514587402344,582.079345703125,158.58860778808594,834.6171875
417,player,28,1,495.41668701171875,349.83172607421875,395.84527587890625,264.702392578125
417,player,53,0,497.6454162597656,586.79736328125,282.5828552246094,878.1912841796875
417,player,37,0,999.9085693359375,585.5045166015625,663.3154296875,969.7705078125
418,player,69,1,917.0716552734375,482.45867919921875,679.0263061523438,755.576171875
418,player,45,1,821.41357421875,376.50439453125,695.9637451171875,457.54766845703125
418,player,71,0,260.05523681640625,336.8421325683594,148.2900390625,126.89895629882812
418,player,83,0,693.367431640625,341.1009521484375,606.1693115234375,302.6853942871094
418,player,84,1,323.75634765625,585.2738037109375,153.14141845703125,837.7294921875
418,player,56,1,764.1607666015625,356.0015869140625,664.1422119140625,370.0973815917969
418,player,28,1,495.35028076171875,350.92254638671875,396.9696044921875,265.5800476074219
418,player,53,0,496.4768981933594,587.5667114257812,281.7841796875,879.49560546875
418,player,37,0,998.2342529296875,585.779541015625,660.0472412109375,969.97119140625
419,player,69,1,915.6873779296875,484.11090087890625,677.5232543945312,755.9287109375
419,player,45,1,821.294677734375,377.20794677734375,696.1355590820312,457.865966796875
419,player,71,0,259.88763427734375,336.984619140625,148.01060485839844,126.84477233886719
419,player,83,0,694.287841796875,341.468994140625,607.8748779296875,302.9828796386719
419,player,56,1,763.649169921875,360.21051025390625,662.6806030273438,376.48760986328125
419,player,84,1,317.627197265625,584.0548706054688,147.94354248046875,838.4696044921875
419,player,28,1,498.5118103027344,351.3633117675781,398.7536315917969,267.08642578125
419,player,53,0,495.55999755859375,587.6875,280.9981384277344,880.3621826171875
419,player,37,0,995.1568603515625,582.2463989257812,658.0950317382812,967.7840576171875
420,player,69,1,913.0436401367188,484.2509765625,675.7667846679688,756.0607299804688
420,player,45,1,820.3945922851562,377.73468017578125,695.7630615234375,458.52801513671875
420,player,71,0,259.4349060058594,337.08990478515625,147.63473510742188,126.89324951171875
420,player,53,0,494.10284423828125,590.5685424804688,279.7161865234375,882.7428588867188
420,player,56,1,765.2139892578125,360.8399353027344,662.027587890625,381.51519775390625
420,player,28,1,502.151123046875,351.76959228515625,401.1473083496094,269.01568603515625
420,player,84,1,310.82171630859375,584.179931640625,142.60728454589844,838.5577392578125
420,player,83,0,696.6719970703125,342.95721435546875,609.2988891601562,305.2439880371094
420,player,37,0,992.9556274414062,579.8150024414062,656.924560546875,964.7513427734375
421,player,69,1,908.9987182617188,482.0006103515625,674.1854858398438,754.0916748046875
421,player,71,0,259.07635498046875,337.89508056640625,147.1558837890625,127.99435424804688
421,player,45,1,820.65478515625,377.6451416015625,695.6378173828125,458.8922424316406
421,player,56,1,765.70068359375,364.51776123046875,660.4429931640625,388.8995361328125
421,player,84,1,288.32977294921875,583.7673950195312,132.70657348632812,836.73095703125
421,player,28,1,505.81329345703125,352.77447509765625,403.79583740234375,271.9558410644531
421,player,53,0,491.374755859375,589.4762573242188,278.27716064453125,883.382568359375
421,player,83,0,697.964599609375,343.61920166015625,610.4453735351562,307.65771484375
421,player,37,0,992.689697265625,585.307373046875,654.6486206054688,966.087890625
421,ball,-1,-1,358.6283874511719,544.0855712890625,883.355712890625,560.3556518554688
422,player,69,1,907.0665283203125,480.1549987792969,673.183349609375,751.2252807617188
422,player,84,1,299.38232421875,582.802490234375,129.51881408691406,835.6489868164062
422,player,71,0,257.52728271484375,338.31170654296875,146.17494201660156,129.07382202148438
422,player,63,0,771.2896728515625,362.7671813964844,664.6453857421875,405.2705078125
422,player,45,1,821.65673828125,376.8936462402344,696.1563720703125,458.44976806640625
422,player,53,0,489.09027099609375,586.0132446289062,277.1595458984375,881.3328857421875
422,player,28,1,507.4090576171875,353.5492858886719,405.9093322753906,275.0120849609375
422,player,37,0,990.3930053710938,584.7665405273438,652.7433471679688,966.4910278320312
422,player,83,0,699.0975952148438,344.6399230957031,611.230224609375,310.57568359375
423,player,69,1,904.8868408203125,480.98577880859375,671.666259765625,749.83837890625
423,player,84,1,294.1334533691406,577.6345825195312,126.29327392578125,830.9039306640625
423,player,71,0,256.66961669921875,338.62091064453125,145.1581573486328,130.0856170654297
423,player,53,0,486.877685546875,583.966796875,276.0870361328125,878.4752807617188
423,player,63,0,771.9185180664062,364.984130859375,664.04736328125,405.5347900390625
423,player,45,1,821.6123657226562,376.6658020019531,696.5631103515625,457.9195861816406
423,player,28,1,508.9547119140625,352.3094482421875,408.1521911621094,275.6679382324219
423,player,83,0,700.8990478515625,416.67193603515625,589.661865234375,389.8478088378906
423,player,37,0,990.7160034179688,582.4052734375,652.205322265625,965.34619140625
423,player,91,-1,699.311767578125,343.75323486328125,613.785400390625,313.0548400878906
424,player,69,1,904.9752807617188,477.5808410644531,671.751708984375,746.282470703125
424,player,84,1,288.9483642578125,581.1048583984375,122.45927429199219,829.9173583984375
424,player,53,0,485.48358154296875,584.6104736328125,274.9233093261719,876.95654296875
424,player,45,1,822.8446044921875,376.1894226074219,697.4015502929688,457.2060241699219
424,player,63,0,771.0194091796875,362.9277648925781,664.1013793945312,403.34844970703125
424,player,71,0,255.84716796875,338.75494384765625,144.15167236328125,130.81536865234375
424,player,83,0,701.77197265625,416.136474609375,576.072265625,440.94140625
424,player,28,1,511.4912109375,353.265869140625,410.2979736328125,277.57733154296875
424,player,37,0,990.69873046875,584.8311767578125,651.2138671875,966.0665283203125
424,player,91,-1,700.64453125,343.3897705078125,614.3779907226562,312.78057861328125
424,ball,-1,-1,685.818359375,257.37005615234375,883.355712890625,560.3556518554688
425,player,69,1,904.2569580078125,478.12744140625,671.436767578125,744.3431396484375
425,player,53,0,483.28399658203125,586.62353515625,273.305419921875,877.1722412109375
425,player,63,0,772.098876953125,363.5361328125,664.2762451171875,402.7160339355469
425,player,84,1,283.7023010253906,580.4351806640625,118.49472045898438,828.4249267578125
425,player,45,1,822.9613037109375,377.1573181152344,697.6270141601562,457.7652282714844
425,player,71,0,255.4849090576172,339.50537109375,143.26992797851562,132.27853393554688
425,player,28,1,512.317138671875,356.66192626953125,411.1548767089844,283.0522766113281
425,player,83,0,702.7216796875,416.119873046875,567.5454711914062,474.22833251953125
425,player,91,-1,703.431884765625,344.25738525390625,615.431396484375,313.9658203125
426,player,69,1,902.8968505859375,474.67633056640625,671.9158935546875,740.25732421875
426,player,45,1,823.2994384765625,376.2012939453125,698.2357788085938,457.165771484375
426,player,84,1,278.8030700683594,580.00341796875,114.52659606933594,826.7957763671875
426,player,53,0,480.0912170410156,586.697265625,271.3661804199219,877.1458129882812
426,player,71,0,255.66232299804688,340.1907958984375,142.6934814453125,134.20074462890625
426,player,63,0,771.6994018554688,361.98236083984375,664.8197021484375,400.548095703125
426,player,28,1,514.67333984375,356.91461181640625,412.5029296875,287.20159912109375
426,player,91,-1,705.8074951171875,345.3849182128906,616.5475463867188,316.3538513183594
426,player,37,0,985.7701416015625,584.144287109375,649.5294189453125,965.819580078125
427,player,69,1,902.2977905273438,475.48773193359375,671.806884765625,738.195068359375
427,player,84,1,277.94207763671875,581.1170654296875,111.62666320800781,826.4677734375
427,player,45,1,822.3795166015625,377.028076171875,698.029052734375,457.54345703125
427,player,71,0,255.2859649658203,341.5480651855469,142.02078247070312,137.26702880859375
427,player,63,0,772.4339599609375,361.2498474121094,665.6846313476562,398.41015625
427,player,53,0,477.4600830078125,586.2664184570312,269.43524169921875,876.6612548828125
427,player,28,1,518.4973754882812,358.482666015625,414.37347412109375,292.24945068359375
427,player,91,-1,708.44384765625,347.6502685546875,617.3946533203125,320.8856201171875
427,player,37,0,982.017822265625,585.3115234375,647.201171875,966.134521484375
428,player,84,1,276.2937316894531,581.1629028320312,109.26136779785156,826.1690673828125
428,player,69,1,900.8286743164062,474.54296875,671.6138916015625,735.990966796875
428,player,71,0,255.31948852539062,343.78912353515625,141.35574340820312,142.33224487304688
428,player,45,1,821.555908203125,377.0492248535156,697.620849609375,457.72491455078125
428,player,53,0,474.9835205078125,589.3086547851562,267.1211242675781,878.2158203125
428,player,28,1,521.1602172851562,359.79345703125,416.2239990234375,297.42132568359375
428,player,63,0,773.3348999023438,361.5530090332031,666.4373779296875,397.45562744140625
428,player,91,-1,711.8095703125,368.6379699707031,611.9622802734375,348.08892822265625
428,player,37,0,981.0027465820312,586.9236450195312,645.018798828125,967.248046875
429,player,84,1,272.3409423828125,583.0598754882812,106.4613037109375,827.0386962890625
429,player,69,1,900.1043701171875,473.8880920410156,671.4866943359375,733.9817504882812
429,player,53,0,471.8444519042969,589.8037109375,264.6937255859375,879.34521484375
429,player,45,1,822.1759643554688,376.0665283203125,697.9183349609375,456.8808898925781
429,player,71,0,257.09136962890625,343.8841552734375,141.62034606933594,145.99520874023438
429,player,28,1,522.1260375976562,361.4619140625,417.36102294921875,302.8886413574219
429,player,63,0,773.5238037109375,361.6527099609375,666.953369140625,396.96630859375
429,player,91,-1,715.4378662109375,364.79913330078125,610.9329833984375,361.9197692871094
429,player,37,0,978.4268188476562,589.8883056640625,642.20068359375,969.592529296875
430,player,84,1,270.004638671875,583.82666015625,103.91856384277344,827.980224609375
430,player,69,1,900.489990234375,476.22857666015625,670.7892456054688,734.556884765625
430,player,45,1,821.6809692382812,376.03192138671875,697.9644165039062,456.24420166015625
430,player,91,0,716.169921875,365.609619140625,610.2393798828125,371.89276123046875
430,player,53,0,469.5963134765625,583.759521484375,263.23828125,875.8658447265625
430,player,71,0,255.32650756835938,344.0760498046875,141.0675048828125,148.39767456054688
430,player,28,1,523.7763671875,360.2088623046875,419.00341796875,305.1456604003906
430,player,63,0,773.8389892578125,361.03955078125,667.6176147460938,396.0047912597656
430,player,37,0,975.59912109375,588.7052001953125,639.9739990234375,970.237060546875
431,player,84,1,262.8844299316406,590.0390625,99.84492492675781,832.456787109375
431,player,69,1,900.49072265625,475.84271240234375,670.4551391601562,734.62646484375
431,player,45,1,821.596435546875,376.1604309082031,697.9195556640625,455.9559326171875
431,player,91,0,717.3466796875,363.0708312988281,611.0408935546875,375.6763916015625
431,player,63,0,774.6651611328125,361.18487548828125,668.2722778320312,395.6322021484375
431,player,53,0,467.19403076171875,584.451171875,261.5426330566406,873.9081420898438
431,player,28,1,525.077392578125,359.56085205078125,420.70013427734375,305.9939270019531
431,player,71,0,252.78330993652344,343.9691467285156,139.70419311523438,149.4675750732422
431,player,37,0,972.6397094726562,588.6497802734375,637.8092651367188,970.4432373046875
432,player,84,1,258.27764892578125,590.0554809570312,95.87028503417969,835.0531616210938
432,player,69,1,897.53173828125,473.29522705078125,670.189453125,732.418701171875
432,player,45,1,821.5743408203125,376.2919921875,697.834716796875,455.90386962890625
432,player,63,0,776.2099609375,362.203369140625,668.8414306640625,396.68585205078125
432,player,91,0,718.0555419921875,359.53271484375,613.0054931640625,374.2373962402344
432,player,28,1,525.442138671875,364.67724609375,420.6639709472656,312.65863037109375
432,player,71,0,249.48947143554688,341.87249755859375,137.7195587158203,146.84161376953125
432,player,53,0,463.5359191894531,587.8831787109375,259.013427734375,874.6987915039062
432,player,37,0,972.205322265625,585.4782104492188,637.108154296875,968.6414794921875
433,player,84,1,254.83627319335938,596.9892578125,91.91783142089844,841.3142700195312
433,player,91,0,717.9603271484375,366.3818359375,611.9315795898438,380.9545593261719
433,player,69,1,895.4340209960938,472.56378173828125,669.6490478515625,730.23388671875
433,player,45,1,821.4664306640625,376.3997802734375,697.7049560546875,455.971435546875
433,player,63,0,778.282958984375,365.0916748046875,668.8504028320312,400.7694091796875
433,player,28,1,527.1158447265625,364.8385925292969,421.1977844238281,317.3774719238281
433,player,71,0,248.75448608398438,343.134765625,136.00393676757812,146.7662353515625
433,player,53,0,459.677978515625,584.07080078125,256.76129150390625,872.3787841796875
433,ball,-1,-1,484.10076904296875,428.8486022949219,883.355712890625,560.3556518554688
434,player,91,0,718.958740234375,368.72052001953125,610.7877807617188,388.0125732421875
434,player,69,1,892.308349609375,471.652587890625,668.693115234375,727.836181640625
434,player,45,1,820.8662109375,375.9700927734375,697.5849609375,455.50286865234375
434,player,84,1,248.1431884765625,598.8968505859375,87.3348159790039,846.2320556640625
434,player,63,0,779.9534912109375,366.4893798828125,668.9036865234375,405.1302490234375
434,player,71,0,248.1761016845703,344.96978759765625,134.46871948242188,149.1444549560547
434,player,28,1,528.3726806640625,360.28265380859375,423.129150390625,315.1994323730469
434,player,53,0,456.95404052734375,587.0046997070312,254.19290161132812,872.6673583984375
435,player,69,1,891.828125,471.4525146484375,667.9972534179688,726.0792236328125
435,player,91,0,717.8663330078125,366.66119384765625,610.3648071289062,390.20733642578125
435,player,45,1,821.0400390625,374.95745849609375,697.9375,454.1548767089844
435,player,63,0,780.744384765625,365.99920654296875,669.3779296875,407.517333984375
435,player,84,1,243.8468475341797,594.684326171875,83.34043884277344,846.21923828125
435,player,28,1,528.8097534179688,358.6543884277344,424.9515380859375,311.890625
435,player,53,0,454.5526123046875,584.5745849609375,252.14663696289062,871.0492553710938
435,player,71,0,247.37643432617188,346.03399658203125,133.0431671142578,152.02874755859375
436,player,69,1,891.7279052734375,471.6003723144531,667.4708251953125,725.0472412109375
436,player,91,0,715.960205078125,367.283447265625,609.2398681640625,392.11126708984375
436,player,45,1,822.10107421875,375.47747802734375,698.3177490234375,453.9356689453125
436,player,63,0,781.8782348632812,365.957763671875,670.0768432617188,409.1474304199219
436,player,84,1,236.05615234375,596.95068359375,78.394287109375,847.2373046875
436,player,28,1,531.0316162109375,359.923583984375,426.61334228515625,311.52178955078125
436,player,71,0,247.04916381835938,346.6304626464844,131.9256591796875,154.66819763183594
436,player,53,0,452.22564697265625,584.9815063476562,250.12303161621094,870.1141357421875
437,player,69,1,890.859619140625,473.764892578125,666.2152709960938,726.031982421875
437,player,45,1,825.0823364257812,375.8455505371094,699.3927001953125,454.49127197265625
437,player,91,0,717.48681640625,366.6746826171875,609.2262573242188,392.8443908691406
437,player,84,1,230.7156982421875,594.6719970703125,73.75062561035156,845.94287109375
437,player,63,0,781.4873046875,366.6077880859375,670.165771484375,410.87176513671875
437,player,28,1,532.2623901367188,356.8363952636719,428.920654296875,307.73236083984375
437,player,71,0,247.23583984375,347.216796875,131.21434020996094,157.20278930664062
437,player,53,0,447.66058349609375,588.8450927734375,247.09310913085938,871.8025512695312
438,player,69,1,889.250244140625,470.98199462890625,665.799560546875,724.3225708007812
438,player,91,0,717.9844970703125,368.7102355957031,608.7054443359375,395.6224060058594
438,player,84,1,223.33547973632812,603.0287475585938,68.2384262084961,850.3580322265625
438,player,28,1,533.1182861328125,359.09808349609375,430.1512451171875,308.082763671875
438,player,45,1,823.6507568359375,376.0419921875,699.555908203125,454.90789794921875
438,player,63,0,780.6495361328125,368.2054748535156,669.369140625,413.63482666015625
438,player,71,0,246.6657257080078,348.2179870605469,130.42433166503906,160.1254119873047
438,player,53,0,444.75189208984375,603.5111083984375,242.66738891601562,882.4068603515625
439,player,69,1,888.3689575195312,470.2169189453125,665.5150146484375,722.527099609375
439,player,91,0,718.754150390625,369.67340087890625,608.304931640625,398.5709228515625
439,player,84,1,217.34364318847656,606.4532470703125,62.79978561401367,855.152099609375
439,player,63,0,780.4332885742188,369.58380126953125,668.2841796875,416.8965759277344
439,player,28,1,534.8502197265625,355.99896240234375,432.3673095703125,304.8001708984375
439,player,45,1,826.301513671875,377.522705078125,699.9701538085938,457.000732421875
439,player,53,0,440.7130126953125,598.0718383789062,239.29005432128906,885.468994140625
439,player,71,0,247.31005859375,349.9372863769531,129.99412536621094,164.4231414794922
440,player,69,1,888.0096435546875,468.1089172363281,665.880859375,719.635009765625
440,player,91,0,718.6149291992188,369.926025390625,607.9140014648438,400.74920654296875
440,player,84,1,213.87754821777344,608.043701171875,58.21217346191406,859.11083984375
440,player,63,0,781.3760986328125,369.9046325683594,667.774658203125,419.46417236328125
440,player,45,1,825.909912109375,377.87042236328125,699.9847412109375,458.6820068359375
440,player,53,0,436.4343566894531,595.2099609375,236.23605346679688,885.279296875
440,player,28,1,536.9970092773438,357.8591003417969,434.1009521484375,305.15875244140625
440,player,71,0,247.15481567382812,349.264892578125,129.72036743164062,166.29342651367188
441,player,53,0,428.80462646484375,603.2871704101562,231.2833709716797,889.9703979492188
441,player,91,0,718.765380859375,369.58770751953125,607.82275390625,401.810546875
441,player,69,1,888.8101196289062,462.91290283203125,667.972900390625,713.6021728515625
441,player,84,1,208.58612060546875,607.794921875,53.730873107910156,861.1527099609375
441,player,45,1,830.052978515625,377.8515625,701.3358154296875,460.18658447265625
441,player,28,1,538.3095092773438,364.5740661621094,433.9842529296875,313.5064697265625
441,player,63,0,781.1943969726562,374.7243957519531,665.6655883789062,426.26922607421875
441,player,71,0,246.49484252929688,349.78582763671875,129.2284698486328,168.12010192871094
442,player,91,0,719.66015625,374.3509216308594,606.4892578125,407.7882995605469
442,player,69,1,886.6066284179688,466.2696533203125,667.6499633789062,712.2322998046875
442,player,53,0,424.99249267578125,598.6141357421875,227.51522827148438,889.6954345703125
442,player,28,1,538.856689453125,366.6338195800781,433.5832824707031,321.40533447265625
442,player,84,1,174.25917053222656,605.177001953125,41.0553092956543,858.320068359375
442,player,71,0,246.92825317382812,350.1239318847656,129.0467987060547,169.81878662109375
442,player,45,1,828.4075927734375,377.5801086425781,701.78466796875,460.71112060546875
442,player,63,0,781.24072265625,372.7046203613281,665.0269775390625,428.5455322265625
442,player,93,-1,200.89755249023438,606.1895141601562,39.297645568847656,860.310302734375
443,player,69,1,886.1339111328125,463.9219055175781,668.0382080078125,709.3943481445312
443,player,91,0,720.02978515625,374.24462890625,605.7806396484375,411.5988464355469
443,player,28,1,539.9677734375,368.817138671875,433.1679382324219,329.20538330078125
443,player,71,0,247.15261840820312,351.99139404296875,128.83128356933594,173.4477996826172
443,player,45,1,829.3141479492188,376.9443359375,702.6043701171875,460.48480224609375
443,player,84,1,167.4479217529297,605.787353515625,30.835031509399414,856.4259643554688
443,player,53,0,422.3258056640625,603.1883544921875,223.85287475585938,892.348388671875
443,player,63,0,782.0968017578125,373.02838134765625,664.7776489257812,430.46240234375
444,player,84,1,162.51419067382812,605.4957275390625,22.773771286010742,854.650634765625
444,player,69,1,885.98291015625,467.4429931640625,667.149169921875,710.396240234375
444,player,28,1,540.0263671875,366.98760986328125,433.378173828125,332.1580810546875
444,player,53,0,419.02728271484375,602.9091796875,220.59786987304688,893.6717529296875
444,player,91,0,720.506103515625,376.5987548828125,604.70751953125,416.666259765625
444,player,45,1,828.6661376953125,377.08416748046875,702.8764038085938,460.415771484375
444,player,71,0,248.04010009765625,353.3414306640625,128.90708923339844,177.71853637695312
444,player,63,0,782.0723876953125,372.4617919921875,664.8095092773438,431.10052490234375
445,player,84,1,159.09234619140625,606.03564453125,16.532470703125,853.6309814453125
445,player,28,1,540.8865966796875,368.9287109375,433.33123779296875,336.4302062988281
445,player,69,1,884.6719970703125,465.1051025390625,666.923828125,709.0447998046875
445,player,91,0,719.7574462890625,376.7610168457031,603.708251953125,420.0539245605469
445,player,71,0,247.71566772460938,354.59320068359375,128.70425415039062,182.10821533203125
445,player,45,1,827.787353515625,376.87103271484375,702.848876953125,460.05706787109375
445,player,53,0,414.59765625,604.9147338867188,217.0633087158203,895.5515747070312
445,player,63,0,781.9165649414062,372.0225830078125,664.935791015625,431.0288391113281
446,player,69,1,883.6591186523438,468.8326416015625,665.3310546875,711.1021728515625
446,player,28,1,542.1348876953125,371.4965515136719,433.098388671875,342.31072998046875
446,player,71,0,247.73731994628906,355.13336181640625,128.52749633789062,185.67721557617188
446,player,84,1,172.67681884765625,606.8861694335938,16.374372482299805,854.496337890625
446,player,91,0,718.0462036132812,380.1356201171875,601.3973388671875,425.6824951171875
446,player,45,1,824.95166015625,377.52081298828125,701.6759643554688,460.2049560546875
446,player,53,0,413.27435302734375,603.2598876953125,214.5714569091797,895.6029052734375
446,player,63,0,780.71240234375,371.30914306640625,664.8766479492188,430.0885009765625
446,player,94,-1,895.392333984375,607.0693969726562,566.5379028320312,988.7965698242188
447,player,84,1,165.97418212890625,607.342041015625,14.328999519348145,854.9075927734375
447,player,71,0,247.29920959472656,355.7731628417969,128.1773223876953,188.78228759765625
447,player,69,1,882.95556640625,470.43865966796875,663.6005249023438,713.6746826171875
447,player,28,1,542.636474609375,371.8323974609375,433.0396728515625,346.57598876953125
447,player,91,0,716.8622436523438,400.34832763671875,593.1823120117188,450.1439208984375
447,player,45,1,822.4173583984375,377.869384765625,699.9676513671875,460.3996887207031
447,player,53,0,411.38421630859375,602.22705078125,212.53773498535156,894.8326416015625
447,player,63,0,780.0667724609375,371.209228515625,664.6614379882812,429.30072021484375
447,player,95,-1,799.0517578125,373.36846923828125,679.8242797851562,440.218505859375
447,player,94,-1,893.7506713867188,610.00244140625,565.4673461914062,990.4143676757812
447,ball,-1,-1,522.9737548828125,299.2423400878906,883.355712890625,560.3556518554688
448,player,84,1,157.29530334472656,605.5098876953125,10.53510570526123,853.3099365234375
448,player,71,0,246.80581665039062,355.58587646484375,127.77424621582031,190.48916625976562
448,player,69,1,881.8148193359375,471.563720703125,661.8057861328125,716.1571044921875
448,player,91,0,715.0452880859375,415.6793212890625,582.703369140625,480.9787902832031
448,player,28,1,543.16650390625,371.03289794921875,433.3878173828125,348.491455078125
448,player,53,0,411.71881103515625,603.3065185546875,211.19839477539062,895.0631713867188
448,player,45,1,824.1715087890625,378.8496398925781,699.0623779296875,461.7276611328125
448,player,63,0,784.7344360351562,370.6268615722656,666.2662353515625,428.6651611328125
449,player,71,0,246.2110595703125,357.11639404296875,127.1291732788086,193.53173828125
449,player,84,1,152.3795928955078,603.9515380859375,6.676992416381836,850.848876953125
449,player,91,0,714.67431640625,415.4855651855469,575.8308715820312,500.79833984375
449,player,28,1,544.4148559570312,370.66705322265625,434.145263671875,349.4594421386719
449,player,45,1,824.4598999023438,378.1430969238281,698.8267822265625,461.8869934082031
449,player,69,1,882.0875244140625,472.146484375,660.53857421875,718.2591552734375
449,player,53,0,406.64947509765625,603.906982421875,208.87643432617188,895.2711181640625
449,player,63,0,775.27294921875,370.6072998046875,664.1995849609375,427.21246337890625
450,player,71,0,245.08551025390625,358.615478515625,126.12387084960938,197.32337951660156
450,player,84,1,147.00039672851562,602.3113403320312,2.637223720550537,847.7303466796875
450,player,91,0,715.1259765625,411.27716064453125,572.7384033203125,509.6356201171875
450,player,28,1,546.625,370.18682861328125,435.5365905761719,349.7904357910156
450,player,69,1,882.4561767578125,467.48541259765625,661.25341796875,715.9058227539062
450,player,53,0,403.43646240234375,606.1448974609375,206.2648468017578,896.6585083007812
450,player,45,1,827.4569091796875,379.4671325683594,699.1510009765625,463.6752624511719
450,player,63,0,770.714599609375,370.6676025390625,661.3304443359375,425.84149169921875
451,player,71,0,243.408203125,359.1668701171875,124.7613525390625,200.28878784179688
451,player,84,1,143.08937072753906,606.01318359375,-1.1906107664108276,848.0018310546875
451,player,91,0,714.6763916015625,414.25830078125,569.7117919921875,518.2376708984375
451,player,28,1,546.9791259765625,370.2087097167969,436.56011962890625,350.071533203125
451,player,69,1,884.42822265625,461.53961181640625,664.138427734375,709.69287109375
451,player,53,0,402.2873229980469,606.335693359375,204.23373413085938,897.609130859375
451,player,45,1,826.52978515625,377.2423095703125,699.8842163085938,462.4313659667969
451,player,63,0,769.7418212890625,371.23358154296875,658.9443969726562,425.45513916015625
452,player,71,0,242.37399291992188,359.55712890625,123.43418884277344,202.59030151367188
452,player,84,1,139.45372009277344,605.2056884765625,-4.721254825592041,847.3642578125
452,player,91,0,714.0177612304688,416.08349609375,567.0046997070312,525.5303955078125
452,player,28,1,548.1519775390625,369.0743408203125,437.926025390625,349.08203125
452,player,53,0,400.796630859375,606.5863037109375,202.4805908203125,898.2923583984375
452,player,69,1,884.6954956054688,468.4859619140625,663.9234619140625,711.3279418945312
452,player,63,0,770.6148071289062,371.517822265625,657.581298828125,425.6038513183594
452,player,45,1,841.37353515625,370.9541015625,707.5235595703125,456.58740234375
452,player,95,-1,828.536865234375,377.83056640625,687.7510375976562,448.0057373046875
453,player,71,0,241.47769165039062,359.40167236328125,122.23548889160156,203.76712036132812
453,player,84,1,129.83644104003906,606.43310546875,-9.829730033874512,847.12841796875
453,player,91,0,713.4447021484375,417.5416259765625,564.6417236328125,531.6195678710938
453,player,28,1,549.5732421875,368.21405029296875,439.53424072265625,347.6090087890625
453,player,53,0,400.90576171875,605.8355712890625,201.44403076171875,898.2532348632812
453,player,69,1,884.2242431640625,461.71234130859375,665.760986328125,706.8421630859375
453,player,95,-1,826.0865478515625,373.98046875,693.5431518554688,448.7862854003906
453,player,63,0,777.1885986328125,368.9404296875,659.78173828125,423.6309814453125
454,player,84,1,129.6919708251953,606.1561279296875,-13.188800811767578,846.7728271484375
454,player,71,0,242.13763427734375,359.6357421875,121.69252014160156,204.9228515625
454,player,91,0,712.9837646484375,417.04150390625,563.1044311523438,535.0519409179688
454,player,28,1,550.5245361328125,370.68170166015625,440.2855224609375,349.6048278808594
454,player,53,0,401.00946044921875,605.9754638671875,200.78506469726562,898.3260498046875
454,player,95,-1,826.9505004882812,377.38311767578125,696.32275390625,452.94403076171875
454,player,69,1,883.9185791015625,464.77618408203125,665.908203125,706.4052734375
454,player,63,0,772.353759765625,369.40869140625,659.4469604492188,422.33160400390625
455,player,84,1,125.06718444824219,606.4166259765625,-16.721351623535156,846.3987426757812
455,player,71,0,240.91094970703125,359.5697021484375,120.86589050292969,205.42852783203125
455,player,91,0,712.9848022460938,417.68206787109375,561.9205932617188,537.899169921875
455,player,28,1,551.3831787109375,368.57489013671875,441.61358642578125,348.57513427734375
455,player,69,1,883.14306640625,465.28515625,665.6229858398438,706.4720458984375
455,player,53,0,403.8323974609375,608.7926025390625,200.85464477539062,900.3941650390625
455,player,95,-1,834.018798828125,376.40447998046875,700.7716064453125,455.3647155761719
455,player,63,0,777.1012573242188,364.0089111328125,662.744384765625,416.12420654296875
456,player,71,0,240.22885131835938,358.62158203125,120.14993286132812,204.43093872070312
456,player,91,0,713.0337524414062,418.5330810546875,560.9214477539062,540.5714721679688
456,player,28,1,551.8214111328125,367.29266357421875,442.9605712890625,346.47296142578125
456,player,53,0,405.65216064453125,609.227783203125,201.35427856445312,902.139892578125
456,player,84,1,117.36740112304688,610.8494262695312,-21.298330307006836,848.6842041015625
456,player,69,1,883.498046875,462.8740234375,666.2923583984375,704.5776977539062
456,player,63,0,764.585205078125,368.8345031738281,659.00390625,415.98760986328125
456,player,95,-1,828.865234375,373.03863525390625,703.2592163085938,452.871337890625
456,player,96,-1,874.9986572265625,364.2635803222656,760.3159790039062,435.6602478027344
457,player,91,0,712.415283203125,415.2884521484375,561.013671875,539.1239624023438
457,player,53,0,406.0214538574219,607.3123168945312,201.9683074951172,902.0545654296875
457,player,28,1,553.5831298828125,366.28558349609375,444.7181091308594,344.1422119140625
457,player,71,0,239.32211303710938,357.2807312011719,119.45368957519531,201.90724182128906
457,player,69,1,883.31494140625,465.009033203125,666.0079345703125,705.0735473632812
457,player,95,-1,831.3324584960938,372.935302734375,705.7141723632812,451.40203857421875
457,player,84,1,104.87397766113281,613.8356323242188,-27.91631317138672,851.3560180664062
457,player,63,0,766.2058715820312,371.21490478515625,656.2709350585938,418.64874267578125
458,player,84,1,100.38706970214844,606.3505859375,-33.49992752075195,847.59814453125
458,player,53,0,394.5506591796875,605.5589599609375,199.3933563232422,900.09765625
458,player,91,0,712.312744140625,417.44415283203125,560.417724609375,540.2525024414062
458,player,28,1,555.0462646484375,367.0231628417969,446.18585205078125,343.6529846191406
458,player,69,1,880.776123046875,462.79705810546875,665.784423828125,703.3816528320312
458,player,71,0,239.74380493164062,356.68133544921875,119.22281646728516,199.53439331054688
458,player,95,-1,829.5220336914062,373.90899658203125,706.358154296875,451.2803955078125
458,player,63,0,765.04638671875,372.2164306640625,653.760498046875,421.3314208984375
458,player,96,-1,876.74658203125,399.7042541503906,747.234130859375,471.79742431640625
459,player,84,1,100.37870025634766,603.021728515625,-37.12274169921875,842.8206787109375
459,player,28,1,556.576904296875,368.0126037597656,447.4228515625,344.6568908691406
459,player,53,0,408.01348876953125,605.50634765625,201.41793823242188,899.6806030273438
459,player,91,0,711.781982421875,418.9704895019531,559.4235229492188,542.4000244140625
459,player,69,1,882.273193359375,459.42926025390625,667.1277465820312,699.6368408203125
459,player,71,0,235.83253479003906,358.14166259765625,117.40110778808594,199.39700317382812
459,player,95,1,828.2056274414062,376.1955871582031,705.497802734375,453.4581298828125
459,player,63,0,760.83984375,372.3531799316406,650.6917724609375,422.76934814453125
459,player,92,-1,246.49664306640625,353.8348083496094,127.17001342773438,186.93467712402344
459,player,45,1,846.656005859375,373.580810546875,713.1909790039062,456.10614013671875
460,player,28,1,557.59765625,367.77850341796875,448.64703369140625,345.15692138671875
460,player,53,0,407.05841064453125,605.3788452148438,202.48492431640625,899.26318359375
460,player,84,1,91.49579620361328,614.9192504882812,-42.08745193481445,847.3622436523438
460,player,95,1,829.4779052734375,374.28790283203125,706.061279296875,453.01007080078125
460,player,71,0,235.09815979003906,358.5872497558594,115.88829803466797,199.79544067382812
460,player,91,0,711.4725341796875,420.095947265625,558.3572387695312,544.8427734375
460,player,69,1,882.7387084960938,458.42535400390625,668.4525756835938,696.4116821289062
460,player,63,0,753.169189453125,375.35272216796875,645.130615234375,426.0968322753906
460,player,96,-1,879.26318359375,409.57427978515625,735.9301147460938,504.9298095703125
460,player,92,-1,245.69862365722656,355.9714050292969,126.646728515625,189.6502685546875
461,player,84,1,86.29601287841797,621.7945556640625,-46.812198638916016,854.6416625976562
461,player,28,1,558.488525390625,373.634765625,448.2455139160156,352.2920227050781
461,player,95,1,830.5022583007812,371.58465576171875,707.775634765625,449.9794921875
461,player,71,0,232.31910705566406,358.73614501953125,113.80029296875,199.8861083984375
461,player,53,0,406.369384765625,602.1864013671875,203.30723571777344,896.8519897460938
461,player,63,0,752.865234375,375.0534362792969,641.517822265625,427.9071044921875
461,player,91,0,710.0951538085938,421.80364990234375,556.7433471679688,547.926513671875
461,player,69,1,883.3055419921875,456.36444091796875,670.1317749023438,692.6529541015625
461,player,96,-1,881.2857055664062,399.02325439453125,733.0386962890625,516.6045532226562
461,player,94,-1,858.5016479492188,599.9532470703125,558.2719116210938,983.413330078125
462,player,84,1,80.06501007080078,624.8466186523438,-51.670433044433594,861.0081176757812
462,player,95,1,830.777587890625,371.6961669921875,708.9371948242188,448.1566162109375
462,player,28,1,559.4622192382812,371.1222229003906,448.97064208984375,354.17779541015625
462,player,53,0,404.4690246582031,603.8773803710938,203.15145874023438,896.27001953125
462,player,63,0,755.247314453125,374.88323974609375,640.0137939453125,429.1568603515625
462,player,71,0,230.49806213378906,359.04180908203125,111.7008056640625,200.10726928710938
462,player,91,0,708.6203002929688,422.9269104003906,554.911865234375,550.8572998046875
462,player,69,1,883.956787109375,456.44183349609375,671.3870239257812,690.32861328125
462,player,96,-1,879.553955078125,407.1462707519531,727.6640625,531.7928466796875
462,player,92,-1,241.46099853515625,356.1737365722656,124.62135314941406,191.12490844726562
463,player,95,1,832.8214111328125,372.425048828125,710.0794677734375,447.95703125
463,player,28,1,559.728271484375,384.078125,446.251708984375,369.97119140625
463,player,69,1,883.9012451171875,454.02947998046875,672.9574584960938,686.8015747070312
463,player,71,0,228.9447479248047,358.1849365234375,109.79981994628906,198.92388916015625
463,player,53,0,403.89691162109375,605.5604248046875,202.72723388671875,896.956298828125
463,player,63,0,752.12060546875,375.0626220703125,637.9429931640625,429.826171875
463,player,84,1,76.09054565429688,626.4976196289062,-55.96463394165039,865.986083984375
463,player,91,0,708.4820556640625,413.7237548828125,556.3117065429688,543.9095458984375
463,player,97,-1,920.91064453125,299.0420837402344,889.1228637695312,233.5338897705078
464,player,95,1,833.1585083007812,374.80224609375,710.0361328125,450.3598327636719
464,player,28,1,560.0045166015625,376.97039794921875,446.3663635253906,372.36077880859375
464,player,63,0,747.8551025390625,375.2303466796875,635.1312255859375,429.98358154296875
464,player,69,1,886.2310791015625,453.081298828125,674.9589233398438,683.9112548828125
464,player,71,0,225.34344482421875,358.1907653808594,107.14549255371094,197.6898651123047
464,player,53,0,401.66778564453125,604.8643798828125,201.9082489013672,896.7994995117188
464,player,91,0,706.3455810546875,392.45361328125,562.869873046875,517.8721313476562
464,player,84,1,69.22235107421875,625.48876953125,-60.74089431762695,868.07763671875
464,player,97,-1,923.07861328125,292.502685546875,893.2659301757812,225.3785400390625
465,player,28,1,559.10595703125,372.9852294921875,447.1451416015625,369.3065490722656
465,player,95,1,833.623779296875,370.284912109375,711.864990234375,447.21173095703125
465,player,63,0,745.9478759765625,376.3297424316406,632.301513671875,431.05743408203125
465,player,84,1,65.90296173095703,627.613037109375,-64.78506469726562,870.6397705078125
465,player,53,0,397.82061767578125,605.4697875976562,200.26092529296875,896.8397216796875
465,player,69,1,886.7666015625,449.91827392578125,677.438232421875,679.4169921875
465,player,71,0,223.98870849609375,358.5325012207031,104.85774993896484,197.1592254638672
465,player,91,0,705.2430419921875,394.20697021484375,566.2371826171875,502.63909912109375
465,player,97,-1,921.8768310546875,293.134033203125,895.2081298828125,220.74313354492188
465,player,45,1,860.4501953125,370.6401672363281,722.455322265625,454.1580810546875
465,ball,-1,-1,933.8866577148438,281.5289611816406,883.355712890625,560.3556518554688
466,player,28,1,558.967529296875,379.44793701171875,445.96087646484375,374.5875244140625
466,player,63,0,744.536376953125,377.12506103515625,629.7283935546875,432.4532470703125
466,player,95,1,836.9627685546875,367.39007568359375,715.2467041015625,442.44097900390625
466,player,69,1,887.08984375,448.0041809082031,679.7671508789062,674.90283203125
466,player,98,-1,32.739112854003906,631.2095336914062,-99.48287963867188,875.8758544921875
466,player,53,0,394.3191223144531,607.5506591796875,198.03009033203125,897.9947509765625
466,player,71,0,224.1441650390625,357.9365234375,103.48179626464844,196.05078125
466,player,91,0,705.69775390625,409.03668212890625,564.1487426757812,507.7052917480469
466,player,97,-1,921.73876953125,290.567626953125,897.7677001953125,214.36080932617188
466,player,94,-1,834.75927734375,585.6886596679688,550.771484375,968.68359375
467,player,63,0,743.4494018554688,376.43511962890625,627.9291381835938,432.508056640625
467,player,28,1,559.6103515625,386.4676818847656,443.6627197265625,385.8465576171875
467,player,95,1,838.139404296875,370.0592041015625,716.803466796875,442.3045654296875
467,player,53,0,389.02008056640625,604.8958740234375,195.37564086914062,896.657470703125
467,player,98,-1,28.578407287597656,631.5162963867188,-100.67909240722656,875.7999267578125
467,player,69,1,888.9412841796875,443.08709716796875,683.439208984375,667.9297485351562
467,player,71,0,221.33436584472656,357.0558776855469,101.55133056640625,193.798828125
467,player,96,-1,907.6038818359375,366.94879150390625,748.4761962890625,504.43707275390625
467,player,91,0,704.3861694335938,401.7994689941406,564.5044555664062,503.6607971191406
467,player,94,-1,828.8387451171875,592.29345703125,542.9290771484375,962.81982421875
468,player,28,1,559.7734985351562,388.9037170410156,441.62530517578125,395.83721923828125
468,player,63,0,742.019287109375,376.869384765625,626.1414184570312,432.85455322265625
468,player,95,1,840.3624267578125,370.35211181640625,718.424072265625,442.76165771484375
468,player,53,0,385.3985595703125,603.146240234375,192.816162109375,894.3953247070312
468,player,71,0,217.87353515625,356.2090759277344,98.99602508544922,190.75668334960938
468,player,96,-1,911.21533203125,367.63421630859375,762.8731079101562,487.75201416015625
468,player,69,1,890.83154296875,441.2596435546875,686.9881591796875,661.9878540039062
468,player,91,0,703.5977783203125,395.410888671875,566.3976440429688,494.4674377441406
468,player,98,-1,25.264766693115234,633.9730224609375,-102.36160278320312,877.1700439453125
468,player,94,-1,824.777099609375,605.9227294921875,533.8758544921875,967.00732421875
469,player,28,1,560.747802734375,391.75885009765625,439.93536376953125,405.5237731933594
469,player,63,0,740.7569580078125,377.53741455078125,624.3389282226562,433.65753173828125
469,player,71,0,217.83432006835938,357.227783203125,97.23787689208984,190.12310791015625
469,player,53,0,381.67596435546875,604.7173461914062,189.97999572753906,893.7127685546875
469,player,69,1,891.382080078125,439.29193115234375,690.1145629882812,656.47216796875
469,player,96,0,912.3552856445312,368.71160888671875,772.1483764648438,478.150146484375
469,player,95,1,842.873779296875,364.97601318359375,722.3709716796875,437.5973205566406
469,player,98,-1,21.206207275390625,632.8659057617188,-104.65190124511719,877.046875
469,player,91,0,704.80224609375,409.429931640625,563.8514404296875,502.6927490234375
469,player,94,-1,820.8123779296875,608.1012573242188,526.539306640625,970.78759765625
470,player,28,1,559.6666870117188,392.59600830078125,438.26531982421875,412.6040344238281
470,player,71,0,217.54696655273438,357.34613037109375,95.97197723388672,189.82981872558594
470,player,53,0,376.4751892089844,604.5740356445312,186.71463012695312,892.8287963867188
470,player,63,0,737.51025390625,379.3406066894531,621.4963989257812,435.751708984375
470,player,69,1,894.5609130859375,439.3382568359375,693.0668334960938,653.2037963867188
470,player,96,0,915.4564208984375,422.78131103515625,758.325439453125,524.5377197265625
470,player,95,1,844.532958984375,363.54296875,726.0381469726562,432.8779296875
470,player,91,0,703.0809936523438,404.22857666015625,563.1697998046875,502.70721435546875
470,player,98,-1,19.417203903198242,631.8040161132812,-106.68291473388672,876.1339111328125
470,player,94,0,816.4461669921875,607.186279296875,520.8675537109375,972.437255859375
471,player,28,1,559.3626708984375,391.1817932128906,437.41998291015625,415.6507873535156
471,player,71,0,217.62701416015625,358.7366943359375,95.0699691772461,191.48361206054688
471,player,63,0,739.8347778320312,381.849609375,619.584228515625,440.01190185546875
471,player,53,0,373.3661193847656,606.92041015625,183.5240020751953,893.591064453125
471,player,69,1,890.7813720703125,438.2122497558594,694.2509765625,649.7730102539062
471,player,99,-1,920.0478515625,365.26446533203125,800.4865112304688,452.32073974609375
471,player,95,1,844.6688232421875,363.96771240234375,728.2996826171875,430.2823181152344
471,player,91,0,702.5353393554688,405.5723876953125,562.1551513671875,504.0028381347656
471,player,100,-1,702.4481201171875,375.88006591796875,586.1805419921875,418.2902526855469
471,player,94,0,812.0242309570312,605.0247802734375,516.5211791992188,971.9501953125
472,player,71,0,218.166259765625,359.40869140625,94.64283752441406,193.51260375976562
472,player,28,1,559.2416381835938,393.82568359375,436.18804931640625,420.4599609375
472,player,53,0,371.0395202636719,610.4953002929688,180.4942169189453,896.2701416015625
472,player,63,0,738.0303955078125,379.91119384765625,618.3883666992188,440.54241943359375
472,player,69,1,889.1024169921875,436.8909912109375,694.9692993164062,646.2454223632812
472,player,95,1,846.03662109375,361.96044921875,731.005615234375,426.5771484375
472,player,99,-1,923.8106689453125,361.282958984375,803.3763427734375,448.5174255371094
472,player,94,0,806.8681640625,597.6417846679688,513.94140625,966.855712890625
472,player,100,-1,701.4801635742188,376.43499755859375,585.6800537109375,418.7857666015625
472,player,91,0,703.3084106445312,409.66961669921875,560.5457763671875,508.97930908203125
473,player,71,0,217.827880859375,358.8439025878906,94.27674865722656,194.04486083984375
473,player,28,1,558.6702880859375,395.913818359375,434.690673828125,425.75439453125
473,player,53,0,368.9510498046875,613.448486328125,177.69496154785156,899.7922973632812
473,player,63,0,735.86572265625,378.0561218261719,617.51171875,438.685546875
473,player,91,0,703.3284912109375,413.27178955078125,558.4632568359375,515.74560546875
473,player,69,1,889.6578369140625,436.58245849609375,695.7042236328125,643.7318725585938
473,player,94,0,807.4068603515625,601.7202758789062,511.5450439453125,966.0526123046875
473,player,95,1,846.8087158203125,361.6694641113281,733.1318359375,423.9375305175781
473,player,99,-1,927.69140625,357.330078125,808.1998291015625,442.24603271484375
473,player,98,-1,7.195730209350586,626.43798828125,-111.69572448730469,871.0769653320312
474,player,71,0,217.30374145507812,359.1958923339844,93.80409240722656,194.78482055664062
474,player,53,0,364.40948486328125,618.58447265625,174.1961669921875,905.0941772460938
474,player,28,1,558.334228515625,393.82305908203125,434.1062927246094,426.92718505859375
474,player,91,0,702.7793579101562,414.38861083984375,556.6136474609375,521.1774291992188
474,player,69,1,890.2299194335938,436.7857971191406,696.2824096679688,642.32568359375
474,player,63,0,734.3768310546875,378.9459533691406,616.15576171875,438.2672119140625
474,player,95,1,845.7772827148438,360.9432373046875,734.4635009765625,421.32275390625
474,player,94,0,801.68310546875,606.6168823242188,507.529052734375,968.1273193359375
474,player,97,-1,913.3665771484375,337.3331298828125,873.738525390625,266.3616638183594
474,player,99,-1,930.16064453125,353.33282470703125,813.8743286132812,434.13043212890625
475,player,71,0,216.56793212890625,360.9366455078125,93.06991577148438,197.4510955810547
475,player,53,0,361.478759765625,620.18310546875,170.98965454101562,909.373779296875
475,player,28,1,558.6235961914062,395.4822082519531,433.42529296875,429.4932861328125
475,player,91,0,702.6724243164062,413.11083984375,555.74462890625,523.4531860351562
475,player,94,0,800.3321533203125,618.5638427734375,502.1589660644531,976.4580078125
475,player,69,1,889.58837890625,436.69415283203125,696.4995727539062,641.2754516601562
475,player,63,0,732.546630859375,386.50555419921875,612.2059326171875,445.7591552734375
475,player,95,1,847.9623413085938,360.42462158203125,736.2501220703125,419.297607421875
476,player,71,0,214.68026733398438,363.183837890625,91.67703247070312,201.8667449951172
476,player,28,1,558.516357421875,394.52581787109375,433.17633056640625,430.12890625
476,player,53,0,358.9625244140625,620.9654541015625,168.1555633544922,912.4927978515625
476,player,91,0,703.3319091796875,409.79254150390625,556.3507080078125,521.745361328125
476,player,69,1,890.7513427734375,437.05010986328125,696.8643188476562,641.0052490234375
476,player,94,0,793.9007568359375,594.220458984375,502.023681640625,966.8863525390625
476,player,95,1,851.51806640625,364.40863037109375,736.9963989257812,422.66552734375
476,player,63,0,725.735107421875,384.42547607421875,608.07568359375,447.7404479980469
476,player,99,-1,939.00830078125,351.084228515625,821.4149780273438,427.3764953613281
477,player,53,0,357.5009765625,619.7728271484375,166.01296997070312,913.66357421875
477,player,71,0,213.805908203125,366.69854736328125,90.16256713867188,209.1646728515625
477,player,28,1,558.625,393.55389404296875,433.2857666015625,429.5133972167969
477,player,94,0,790.2099609375,599.0802612304688,499.9873046875,963.414306640625
477,player,91,0,702.1492309570312,413.9625244140625,555.162109375,524.6012573242188
477,player,95,1,848.803955078125,363.3150634765625,737.028076171875,423.3873291015625
477,player,69,1,891.7635498046875,437.96209716796875,697.093017578125,641.7122802734375
477,player,63,0,724.029052734375,381.02392578125,605.927001953125,445.25927734375
477,player,99,-1,941.6671142578125,352.4981689453125,826.544677734375,424.8086242675781
478,player,53,0,356.86724853515625,620.177490234375,164.41436767578125,914.6425170898438
478,player,71,0,212.86618041992188,365.94427490234375,88.86780548095703,212.8170928955078
478,player,28,1,558.645751953125,391.20526123046875,433.93310546875,426.5897216796875
478,player,95,1,848.7560424804688,366.75335693359375,735.6845092773438,427.5357666015625
478,player,91,0,701.8377685546875,419.48211669921875,552.71826171875,531.7611083984375
478,player,69,1,894.240234375,437.75067138671875,698.0431518554688,642.204345703125
478,player,63,0,722.3363647460938,378.398193359375,604.8233032226562,440.67071533203125
478,player,94,0,786.5527954101562,606.7185668945312,496.1806640625,965.5557861328125
478,player,99,-1,947.9232177734375,346.96990966796875,834.3858642578125,417.79803466796875
479,player,71,0,211.21792602539062,374.24365234375,86.77630615234375,225.5401153564453
479,player,53,0,360.823486328125,615.6661376953125,164.8289794921875,912.6372680664062
479,player,28,1,558.6434326171875,390.08441162109375,434.6260986328125,423.4776916503906
479,player,95,1,848.054931640625,365.9827880859375,734.88427734375,429.33465576171875
479,player,94,0,785.3269653320312,617.7694091796875,491.19781494140625,973.432861328125
479,player,91,0,699.9115600585938,422.1662902832031,549.7660522460938,538.7962036132812
479,player,69,1,894.9407958984375,437.772216796875,698.8599243164062,642.6041259765625
479,player,63,0,718.721435546875,381.64129638671875,601.861083984375,440.7549743652344
479,player,99,0,949.8541259765625,343.87896728515625,841.5213623046875,410.04791259765625
480,player,71,0,210.22592163085938,375.0540466308594,84.97592163085938,234.70266723632812
480,player,94,0,779.918212890625,624.6356201171875,485.2750244140625,982.2353515625
480,player,53,0,359.24176025390625,614.848876953125,164.73348999023438,910.7025146484375
480,player,95,1,848.85400390625,367.03350830078125,734.2135009765625,431.71063232421875
480,player,28,1,558.1712036132812,385.2259826660156,436.1076354980469,416.1068115234375
480,player,91,0,697.28369140625,418.9810791015625,547.9098510742188,540.0679931640625
480,player,69,1,895.3869018554688,437.69757080078125,699.5475463867188,642.8380126953125
480,player,100,-1,711.59912109375,390.49462890625,584.2816162109375,435.06036376953125
480,player,99,0,955.21240234375,336.6637268066406,851.2647705078125,397.5467529296875
480,player,102,-1,547.4760131835938,370.5504150390625,438.713623046875,351.8797302246094
481,player,71,0,209.21554565429688,375.5851745605469,83.37835693359375,241.1972198486328
481,player,94,0,773.32470703125,626.9981689453125,479.33563232421875,988.9364624023438
481,player,28,1,557.4721069335938,385.10699462890625,436.859619140625,411.10821533203125
481,player,95,1,848.78759765625,367.9638671875,733.3936157226562,434.2379150390625
481,player,91,0,700.8623046875,422.011962890625,546.9838256835938,544.1395263671875
481,player,53,0,352.74072265625,619.2948608398438,162.52825927734375,911.8855590820312
481,player,69,1,895.068603515625,438.59930419921875,699.596435546875,643.745361328125
482,player,71,0,208.6128387451172,375.7305908203125,82.09733581542969,245.52532958984375
482,player,28,1,556.870361328125,382.3587951660156,437.82196044921875,404.7615966796875
482,player,94,0,767.79248046875,625.45361328125,474.39276123046875,992.0755615234375
482,player,91,0,700.6900634765625,417.4195556640625,547.6229248046875,542.3660888671875
482,player,95,1,849.0389404296875,370.90667724609375,731.802001953125,439.0213623046875
482,player,53,0,339.148681640625,627.4891357421875,156.75454711914062,916.99658203125
482,player,69,1,896.5357666015625,438.3927001953125,700.1298828125,644.2838134765625
482,player,96,0,911.7740478515625,340.3143310546875,781.231201171875,471.17999267578125
483,player,71,0,208.11375427246094,375.4781494140625,81.08988952636719,247.96011352539062
483,player,28,1,556.0882568359375,378.15972900390625,439.2261962890625,395.8698425292969
483,player,94,0,765.9969482421875,620.0440063476562,471.7603759765625,990.8574829101562
483,player,95,1,849.1175537109375,369.7281494140625,731.2483520507812,440.89495849609375
483,player,91,0,699.2938232421875,415.53045654296875,548.1317138671875,539.250244140625
483,player,53,0,336.1870422363281,631.1073608398438,151.92897033691406,922.4080200195312
483,player,69,1,895.43994140625,438.71856689453125,700.0440673828125,644.8209228515625
484,player,71,0,207.37908935546875,375.24456787109375,80.16787719726562,249.15802001953125
484,player,28,1,555.7608642578125,379.89080810546875,439.59161376953125,391.9898376464844
484,player,94,0,759.9308471679688,614.9454345703125,469.50152587890625,986.69677734375
484,player,91,0,697.87939453125,415.76312255859375,547.9462280273438,537.3130493164062
484,player,95,1,849.7777099609375,370.6676330566406,730.738525390625,443.17449951171875
484,player,53,0,336.74957275390625,636.8431396484375,148.5228271484375,929.5359497070312
484,player,69,1,895.6348876953125,438.09674072265625,700.2554931640625,644.6474609375
484,player,99,0,965.5333251953125,343.27484130859375,857.8580322265625,397.95098876953125
484,player,96,0,905.6444091796875,318.84356689453125,803.9783935546875,410.6978454589844
485,player,71,0,205.97439575195312,375.2603759765625,79.02520751953125,249.78053283691406
485,player,28,1,555.5794677734375,378.1177978515625,440.21026611328125,387.464111328125
485,player,94,0,754.8795166015625,619.6741943359375,465.8647155761719,986.483642578125
485,player,91,0,698.1923828125,416.4945068359375,547.7176513671875,536.7929077148438
485,player,99,0,974.5833129882812,364.74774169921875,855.2780151367188,422.13677978515625
485,player,95,1,849.8868408203125,369.84619140625,730.76025390625,443.80072021484375
485,player,53,0,336.091796875,647.3564453125,145.37420654296875,940.5672607421875
485,player,69,1,895.187744140625,435.8147277832031,701.0335693359375,642.5078125
485,player,96,0,908.0581665039062,314.32647705078125,821.7503662109375,366.1884460449219
485,ball,-1,-1,694.6937255859375,253.65283203125,883.355712890625,560.3556518554688
486,player,71,0,204.93923950195312,375.3404846191406,77.87725830078125,250.15594482421875
486,player,28,1,555.2310791015625,372.9189758300781,441.8057861328125,378.6071472167969
486,player,94,0,747.77392578125,608.6302490234375,463.80230712890625,979.3411254882812
486,player,91,0,697.8427734375,416.3154296875,547.5086669921875,536.2474975585938
486,player,95,1,849.3623046875,367.5164794921875,731.5095825195312,441.68194580078125
486,player,69,1,894.7614135742188,435.37664794921875,701.5621337890625,640.6966552734375
486,player,99,0,983.8529663085938,365.8141174316406,856.0383911132812,439.9176025390625
486,player,96,0,907.0752563476562,300.37969970703125,839.8412475585938,319.7030334472656
486,player,53,0,333.67132568359375,649.201904296875,142.55337524414062,948.7052001953125
487,player,71,0,203.47213745117188,375.72760009765625,76.53836822509766,250.7016143798828
487,player,28,1,555.718994140625,372.2926025390625,443.1734313964844,372.1917724609375
487,player,99,0,977.2442626953125,368.8358154296875,853.1300048828125,453.8968505859375
487,player,91,0,696.54345703125,416.28509521484375,546.9682006835938,535.7373657226562
487,player,94,0,743.6390380859375,611.9522705078125,460.7814025878906,976.4437866210938
487,player,95,1,850.443359375,368.2719421386719,732.0528564453125,441.22247314453125
487,player,69,1,895.3326416015625,435.97869873046875,701.8700561523438,640.0957641601562
487,player,96,0,905.57958984375,302.5506896972656,849.9913940429688,292.0614318847656
487,player,53,0,331.7744140625,649.1741943359375,140.21763610839844,953.8624267578125
488,player,28,1,554.5863647460938,368.14422607421875,444.72979736328125,363.12921142578125
488,player,99,0,979.9588012695312,368.26348876953125,852.3399658203125,462.67596435546875
488,player,71,0,201.14752197265625,375.6921691894531,74.77250671386719,250.720703125
488,player,91,0,694.969482421875,417.5296630859375,545.7651977539062,536.4571533203125
488,player,95,1,850.206787109375,368.6993713378906,732.1630859375,441.35205078125
488,player,94,0,735.2195434570312,613.8924560546875,456.3204650878906,975.2119140625
488,player,69,1,895.38427734375,435.05157470703125,702.4004516601562,638.8991088867188
488,player,96,0,905.1437377929688,294.94891357421875,860.2789916992188,264.2745361328125
488,player,53,0,327.9247131347656,642.514892578125,138.13653564453125,952.9263916015625
489,player,99,0,986.2802734375,368.1316833496094,853.860107421875,468.8956298828125
489,player,28,1,552.9124755859375,366.150146484375,445.666259765625,354.7333984375
489,player,71,0,199.78521728515625,375.3124084472656,73.12287139892578,250.0854949951172
489,player,91,0,693.7020263671875,417.350830078125,544.6306762695312,536.6293334960938
489,player,94,0,733.7001953125,622.4746704101562,451.4583740234375,979.4046020507812
489,player,95,1,850.72802734375,368.2744445800781,732.5689697265625,441.04095458984375
489,player,69,1,894.3934326171875,433.4478759765625,702.9984741210938,636.6270751953125
489,player,53,0,323.6805114746094,630.722900390625,136.46461486816406,944.726806640625
489,player,96,0,903.8828125,292.80328369140625,867.6231079101562,243.2498321533203
490,player,28,1,551.9900512695312,364.06866455078125,446.48834228515625,346.7405700683594
490,player,99,0,989.11669921875,369.398681640625,855.172607421875,474.52093505859375
490,player,71,0,198.4482421875,375.3628845214844,71.53012084960938,249.5682373046875
490,player,94,0,728.9600830078125,623.53759765625,446.91375732421875,982.47216796875
490,player,95,1,849.791259765625,366.89471435546875,733.0670166015625,439.2718200683594
490,player,91,0,692.0821533203125,419.74078369140625,542.7099609375,538.8883056640625
490,player,69,1,894.9432373046875,433.6783447265625,703.4713745117188,635.4013671875
490,player,53,0,319.1639099121094,643.359130859375,133.2912139892578,946.9627685546875
490,player,96,0,903.476806640625,290.790283203125,873.2918701171875,226.8865966796875
491,player,28,1,549.742431640625,364.21075439453125,446.18896484375,341.448486328125
491,player,71,0,197.36172485351562,375.6302490234375,70.05734252929688,249.43157958984375
491,player,99,0,991.8997192382812,369.1853942871094,856.987060546875,478.244140625
491,player,94,0,728.9635009765625,632.0262451171875,442.4415588378906,989.4000854492188
491,player,69,1,893.9521484375,430.0692138671875,704.721435546875,631.330810546875
491,player,91,0,684.3218383789062,421.802978515625,538.43115234375,541.5882568359375
491,player,95,1,849.157470703125,363.6889953613281,734.44189453125,434.6219482421875
491,player,53,0,314.37921142578125,629.648681640625,130.86004638671875,939.579833984375
491,player,96,0,901.9916381835938,289.31890869140625,877.214111328125,214.11087036132812
492,player,28,1,549.2083740234375,364.28375244140625,445.7861328125,338.0315856933594
492,player,99,0,993.0452880859375,369.22772216796875,858.5043334960938,480.8240966796875
492,player,71,0,195.38087463378906,375.97955322265625,68.31161499023438,249.532958984375
492,player,94,0,726.056396484375,630.8553466796875,439.016845703125,993.0579223632812
492,player,69,1,894.0894775390625,426.39263916015625,706.8462524414062,625.4204711914062
492,player,91,0,681.9915771484375,421.4384460449219,535.0107421875,542.7698364257812
492,player,95,1,849.1812744140625,365.1529235839844,734.7679443359375,433.1733703613281
492,player,53,0,306.0318603515625,625.4176025390625,127.28203582763672,931.5550537109375
492,player,96,0,904.6553344726562,288.7873229980469,880.9825439453125,205.45455932617188
493,player,28,1,548.9085083007812,363.91644287109375,445.5128479003906,335.3453063964844
493,player,69,1,893.1612548828125,422.26397705078125,709.3912353515625,617.777099609375
493,player,71,0,191.75457763671875,375.93121337890625,65.77596282958984,249.0830535888672
493,player,99,0,997.2835693359375,374.684326171875,858.397705078125,488.436279296875
493,player,94,0,724.2216796875,632.290771484375,436.079345703125,996.1566162109375
493,player,91,0,677.67138671875,422.66827392578125,531.0822143554688,544.301025390625
493,player,95,1,849.4757080078125,363.36993408203125,735.777099609375,430.34893798828125
493,player,53,0,305.60888671875,631.158935546875,124.46495056152344,929.9591064453125
493,player,96,0,906.0499877929688,289.46466064453125,883.5723266601562,200.9089813232422
494,player,28,1,548.32666015625,364.7608947753906,444.9109191894531,334.51953125
494,player,69,1,893.7498779296875,417.104248046875,713.0462646484375,608.1594848632812
494,player,94,0,722.6920166015625,633.558837890625,433.5657958984375,998.8116455078125
494,player,71,0,187.01536560058594,375.40887451171875,62.320716857910156,247.53700256347656
494,player,99,0,1006.4664916992188,372.94970703125,861.9302978515625,492.5682678222656
494,player,91,0,674.07275390625,419.38812255859375,528.2745361328125,541.7943725585938
494,player,95,1,849.3833618164062,360.12750244140625,737.6875,424.99639892578125
494,player,53,0,303.39324951171875,606.80810546875,123.63966369628906,912.9791870117188
494,player,96,0,904.92529296875,289.44061279296875,884.8707275390625,197.7740936279297
495,player,28,1,546.7648315429688,364.0299072265625,444.15380859375,332.9442443847656
495,player,69,1,893.503173828125,414.76861572265625,716.1812133789062,599.7351684570312
495,player,91,0,672.076416015625,417.629638671875,526.2908325195312,538.266845703125
495,player,53,0,301.01336669921875,601.088623046875,122.82379150390625,897.9425048828125
495,player,99,0,1008.0147094726562,374.30950927734375,864.1009521484375,496.7708435058594
495,player,71,0,184.69607543945312,374.1926574707031,59.242557525634766,244.70230102539062
495,player,95,1,848.9971313476562,361.0555419921875,738.4339599609375,422.48236083984375
495,player,94,0,719.904541015625,632.6852416992188,431.38970947265625,999.8720703125
496,player,28,1,544.69482421875,363.5687255859375,443.044921875,331.1363525390625
496,player,99,0,1012.3070068359375,373.3096923828125,867.2789916992188,498.9329833984375
496,player,91,0,670.5643310546875,418.9383544921875,524.1629638671875,537.0965576171875
496,player,69,1,893.2060546875,414.13507080078125,718.35595703125,593.646240234375
496,player,71,0,180.30287170410156,376.0689697265625,55.43006134033203,244.67645263671875
496,player,94,0,717.321044921875,630.1890258789062,429.7664794921875,998.96728515625
496,player,53,0,296.7097473144531,603.2918701171875,120.93379211425781,889.3614501953125
496,player,95,1,848.5849609375,368.5633544921875,735.8382568359375,428.8544921875
497,player,28,1,543.1658935546875,362.89849853515625,441.95233154296875,328.9932861328125
497,player,71,0,176.42726135253906,376.73223876953125,51.411014556884766,245.00775146484375
497,player,69,1,891.9625244140625,414.26861572265625,719.3448486328125,589.696533203125
497,player,99,0,1014.1558227539062,374.1618347167969,869.5343627929688,501.37506103515625
497,player,53,0,292.7322998046875,608.2952880859375,118.26176452636719,886.8646240234375
497,player,91,0,669.1005249023438,418.98455810546875,522.2999877929688,536.2384033203125
497,player,95,1,848.23388671875,368.25213623046875,734.1580810546875,432.62872314453125
497,player,94,0,712.1260986328125,626.96337890625,427.9732666015625,996.1959228515625
498,player,28,1,542.1782836914062,363.21923828125,440.8084716796875,327.8616027832031
498,player,71,0,173.8135986328125,374.8004150390625,47.87833786010742,242.45101928710938
498,player,94,0,685.7049560546875,621.6182861328125,421.0540466308594,989.669921875
498,player,99,0,1014.61767578125,371.4991760253906,872.333251953125,500.34222412109375
498,player,91,0,668.3255615234375,416.46136474609375,521.5248413085938,533.1517333984375
498,player,53,0,287.999267578125,609.98828125,115.09253692626953,886.0499267578125
498,player,95,1,848.3165893554688,368.62689208984375,732.947265625,435.488525390625
498,player,69,1,891.56640625,414.66082763671875,719.727294921875,587.4551391601562
499,player,28,1,539.9337158203125,362.34783935546875,439.4880676269531,325.8345642089844
499,player,94,0,681.3291015625,610.6842041015625,417.31793212890625,978.58544921875
499,player,91,0,670.1943359375,400.8619384765625,525.962158203125,515.7849731445312
499,player,71,0,170.67947387695312,374.6533203125,44.3658561706543,240.20510864257812
499,player,95,1,847.8499755859375,369.5079345703125,731.667724609375,438.2314147949219
499,player,99,0,1015.5135498046875,373.851318359375,873.3758544921875,502.1169738769531
499,player,53,0,284.51104736328125,614.1259765625,111.80230712890625,888.0240478515625
499,player,69,1,891.70458984375,414.2577209472656,720.1619262695312,585.6383056640625
500,player,28,1,534.8409423828125,364.18597412109375,436.34930419921875,326.0826416015625
500,player,91,0,666.1717529296875,397.976806640625,528.3509521484375,501.1339111328125
500,player,71,0,167.90499877929688,373.908203125,41.03316116333008,237.44482421875
500,player,53,0,279.44451904296875,620.5157470703125,107.87297821044922,893.153076171875
500,player,94,0,674.864013671875,618.46044921875,411.9019775390625,975.6837158203125
500,player,69,1,891.7252197265625,416.51104736328125,719.6466064453125,586.5376586914062
500,player,99,0,1016.027587890625,375.979248046875,873.264404296875,505.4398193359375
500,player,95,1,849.10888671875,365.876220703125,732.6577758789062,436.28570556640625
501,player,28,1,531.7836303710938,365.45281982421875,432.9037780761719,327.3723449707031
501,player,94,0,668.4930419921875,606.0517578125,408.85614013671875,965.861083984375
501,player,91,0,664.1077270507812,401.05194091796875,528.3560180664062,494.54571533203125
501,player,53,0,275.50189208984375,622.3311157226562,104.12174987792969,897.4066162109375
501,player,71,0,166.6885528564453,376.29168701171875,38.282249450683594,238.52285766601562
501,player,95,1,849.1039428710938,371.242919921875,731.2150268554688,440.71343994140625
501,player,99,0,1014.10400390625,378.9127197265625,871.306640625,510.3091735839844
501,player,69,1,891.9813232421875,422.8924865722656,717.1370849609375,592.9647827148438
502,player,28,1,529.110595703125,366.49114990234375,429.4559326171875,329.11358642578125
502,player,94,0,663.9837646484375,609.0615844726562,405.19610595703125,961.0467529296875
502,player,53,0,271.9656982421875,622.260986328125,100.70823669433594,899.8944702148438
502,player,69,1,892.2327880859375,436.56451416015625,710.8800048828125,609.3095703125
502,player,95,1,846.770751953125,365.9062805175781,731.5913696289062,437.68084716796875
502,player,91,0,663.8863525390625,407.7286376953125,526.4237670898438,496.98321533203125
502,player,71,0,162.433349609375,375.85772705078125,34.851829528808594,238.13531494140625
502,player,99,0,1021.71630859375,381.711669921875,871.1278076171875,516.9658203125
503,player,53,0,265.646728515625,625.7884521484375,96.54690551757812,903.37939453125
503,player,94,0,657.114990234375,624.8613891601562,398.4356689453125,967.0311889648438
503,player,95,1,844.9910888671875,364.9359130859375,731.635498046875,434.4792785644531
503,player,28,1,525.4482421875,359.95947265625,427.5279235839844,322.0936584472656
503,player,69,1,892.5047607421875,435.48321533203125,707.2590942382812,619.0126953125
503,player,71,0,163.776123046875,374.86688232421875,33.19009780883789,236.79501342773438
503,player,99,0,1023.5762939453125,376.6229248046875,873.8304443359375,516.4786987304688
503,player,91,0,662.3575439453125,401.72869873046875,526.3408203125,492.3583984375
504,player,53,0,260.78955078125,627.158447265625,92.42737579345703,906.210693359375
504,player,94,0,651.1337280273438,620.693115234375,393.18896484375,968.0728759765625
504,player,95,1,844.3064575195312,364.42535400390625,731.640625,431.7763671875
504,player,69,1,890.523193359375,437.2608337402344,703.7196655273438,626.6981811523438
504,player,99,0,1028.792724609375,366.6901550292969,881.690673828125,506.73785400390625
504,player,91,0,656.4807739257812,389.8244323730469,527.7293701171875,476.41339111328125
504,player,71,0,163.33380126953125,375.9417724609375,31.890165328979492,237.23284912109375
504,player,28,1,501.953125,354.56500244140625,419.09912109375,308.1772155761719
505,player,91,0,655.0454711914062,382.19842529296875,530.3659057617188,457.76910400390625
505,player,94,0,644.8953247070312,623.7846069335938,387.68536376953125,970.2216796875
505,player,53,0,254.43289184570312,629.4668579101562,87.87667846679688,909.1207275390625
505,player,95,1,844.525146484375,368.1942138671875,730.2489624023438,434.07177734375
505,player,99,0,1033.486328125,371.9667663574219,885.8311767578125,506.19122314453125
505,player,71,0,159.17982482910156,377.30511474609375,29.36566734313965,238.71832275390625
505,player,28,1,498.6314697265625,358.0208435058594,411.58349609375,302.9315185546875
505,player,69,1,891.8983154296875,433.96038818359375,702.9422607421875,628.9266967773438
506,player,91,0,655.0232543945312,381.75970458984375,532.2008666992188,445.17486572265625
506,player,95,1,843.373779296875,366.28277587890625,729.71142578125,433.40264892578125
506,player,28,1,495.0472412109375,361.223388671875,404.64483642578125,302.9505310058594
506,player,53,0,248.7089385986328,625.6356201171875,83.52470397949219,908.1731567382812
506,player,94,0,641.9365234375,620.40087890625,383.8899230957031,969.4125366210938
506,player,71,0,154.11825561523438,380.02386474609375,25.645366668701172,242.47235107421875
506,player,69,1,891.1812133789062,433.11376953125,702.512451171875,629.567138671875
506,player,99,0,1036.560791015625,366.13494873046875,892.1481323242188,500.27740478515625
506,ball,-1,-1,614.7078857421875,306.92041015625,883.355712890625,560.3556518554688
507,player,28,1,492.020263671875,360.4798583984375,399.211669921875,301.705322265625
507,player,95,1,842.4945678710938,369.66229248046875,727.77001953125,436.4711608886719
507,player,71,0,153.2228240966797,377.7995910644531,22.960773468017578,241.9969482421875
507,player,53,0,242.28811645507812,624.4671630859375,78.96842956542969,906.3792724609375
507,player,69,1,890.311767578125,430.6035461425781,702.8319091796875,627.6881713867188
507,player,91,0,652.55322265625,382.7021179199219,532.2877807617188,437.7378234863281
507,player,94,0,634.621337890625,616.7203369140625,380.126953125,966.2162475585938
507,player,99,0,1038.274658203125,363.16656494140625,898.167236328125,493.5865173339844
508,player,71,0,151.31204223632812,379.33624267578125,20.41379165649414,243.38632202148438
508,player,28,1,488.97882080078125,359.9710998535156,394.69464111328125,299.9161682128906
508,player,95,1,840.702392578125,368.6466979980469,726.3173828125,437.19744873046875
508,player,69,1,888.7200317382812,425.2730712890625,704.40087890625,621.5641479492188
508,player,53,0,235.1064453125,623.90478515625,74.03307342529297,904.3756713867188
508,player,99,0,1044.77099609375,369.8402099609375,900.978759765625,496.6473388671875
508,player,104,-1,649.3751220703125,419.03857421875,500.75531005859375,529.3050537109375
508,player,94,0,617.6495361328125,614.9908447265625,373.56170654296875,962.0396118164062
508,player,103,-1,489.65185546875,359.44451904296875,387.352783203125,295.00836181640625
509,player,71,0,149.4707489013672,382.192138671875,17.941186904907227,247.6405487060547
509,player,53,0,229.77349853515625,623.8352661132812,69.34075927734375,902.677001953125
509,player,103,-1,484.0612487792969,358.3487548828125,385.57147216796875,293.00360107421875
509,player,69,1,873.9609375,422.3587646484375,701.9917602539062,613.607177734375
509,player,104,-1,643.5029296875,396.6795654296875,504.86224365234375,506.238037109375
509,player,95,1,838.84033203125,376.6016845703125,721.7464599609375,445.83746337890625
509,player,94,0,611.8018798828125,618.4924926757812,367.2401428222656,961.0986938476562
509,player,28,1,485.4703063964844,358.44281005859375,390.83544921875,296.4788818359375
509,player,96,0,902.6915283203125,295.05908203125,882.03369140625,202.81268310546875
510,player,71,0,147.4756317138672,384.3148193359375,15.488245010375977,252.801025390625
510,player,53,0,226.09963989257812,623.7142944335938,65.2701644897461,901.2518310546875
510,player,104,-1,640.9227294921875,386.52099609375,509.5157470703125,480.2760925292969
510,player,95,1,836.680908203125,374.654052734375,718.8123779296875,449.1962585449219
510,player,106,-1,882.2181396484375,419.408447265625,707.5621948242188,593.30029296875
510,player,28,1,494.3082580566406,360.21014404296875,391.1277770996094,297.4493408203125
510,player,94,0,609.353759765625,620.8082885742188,362.14642333984375,961.740966796875
510,player,99,0,1053.6729736328125,374.13543701171875,903.5478515625,503.7950134277344
510,player,96,0,907.9422607421875,301.3288879394531,878.8494873046875,214.82955932617188
510,player,91,0,627.0173950195312,438.9752197265625,509.1387939453125,486.6124267578125
511,player,71,0,145.0858612060547,384.8824768066406,12.949427604675293,256.56353759765625
511,player,53,0,222.41001892089844,624.9517822265625,61.54255676269531,900.8896484375
511,player,69,1,862.0831298828125,429.05914306640625,694.5803833007812,613.4097290039062
511,player,104,-1,640.2514038085938,378.56646728515625,514.5928955078125,454.730224609375
511,player,95,1,833.49658203125,376.1422119140625,715.3196411132812,452.60076904296875
511,player,94,0,607.7177124023438,619.1094970703125,358.6693115234375,961.0284423828125
511,player,28,1,493.2056579589844,357.70672607421875,391.5043640136719,294.9203186035156
511,player,110,-1,616.4593505859375,438.10174560546875,457.22283935546875,572.2384033203125
511,player,99,0,1054.2227783203125,375.308837890625,904.846435546875,509.65185546875
511,player,106,-1,874.6361083984375,427.96429443359375,702.3341064453125,600.3587036132812
512,player,69,1,861.063720703125,414.79913330078125,694.3048095703125,600.1573486328125
512,player,53,0,221.8502197265625,630.7155151367188,58.7301025390625,904.3504638671875
512,player,104,-1,638.4083862304688,379.16473388671875,517.0955810546875,438.5776062011719
512,player,71,0,143.56436157226562,385.2569580078125,10.698025703430176,259.2850341796875
512,player,109,-1,475.0433654785156,333.480712890625,389.4872741699219,196.20811462402344
512,player,94,0,621.2954711914062,630.3502197265625,358.1993713378906,968.1240234375
512,player,111,-1,616.7142944335938,386.50628662109375,494.89447021484375,424.5909118652344
512,player,99,0,1059.259521484375,378.8472595214844,905.6004638671875,517.4155883789062
512,player,103,-1,474.9422607421875,327.5380859375,388.3623046875,251.2197265625
513,player,69,1,859.822998046875,414.17193603515625,693.9639892578125,590.8425903320312
513,player,53,0,219.5206298828125,637.6962890625,55.981834411621094,910.9088134765625
513,player,28,1,485.556396484375,358.94390869140625,388.67767333984375,293.84979248046875
513,player,71,0,141.57351684570312,389.1184387207031,8.350080490112305,265.5685119628906
513,player,104,-1,637.0352783203125,381.49615478515625,517.5885009765625,430.466796875
513,player,111,-1,617.4896240234375,391.6983642578125,493.74896240234375,430.2181396484375
513,player,94,0,617.558349609375,626.9884643554688,357.44647216796875,970.5162353515625
513,player,99,0,1059.9466552734375,383.09283447265625,904.3734130859375,526.6364135742188
513,player,110,-1,604.4056396484375,436.82476806640625,453.70220947265625,569.91015625
514,player,69,1,857.7122802734375,413.2357177734375,693.4213256835938,583.7151489257812
514,player,53,0,215.2581024169922,643.9652099609375,52.78630065917969,918.8500366210938
514,player,28,1,481.48046875,358.5412292480469,385.44769287109375,292.1710510253906
514,player,71,0,140.51829528808594,391.16278076171875,6.359143257141113,272.0223388671875
514,player,111,-1,611.451904296875,395.8079833984375,489.8899841308594,437.572265625
514,player,104,-1,629.9087524414062,384.335693359375,514.6989135742188,427.4949645996094
514,player,91,0,645.3326416015625,382.916748046875,514.8071899414062,464.1246032714844
514,player,99,0,1060.332275390625,382.66900634765625,903.8831176757812,532.25927734375
514,player,94,0,613.3055419921875,627.5255737304688,355.78594970703125,972.1348876953125
515,player,69,1,855.6605224609375,410.61383056640625,693.3504028320312,576.4257202148438
515,player,53,0,221.4696807861328,649.1434326171875,52.208892822265625,927.623779296875
515,player,104,0,632.9060668945312,387.22369384765625,513.021484375,428.9862365722656
515,player,111,-1,619.5185546875,400.15093994140625,488.9214782714844,447.71893310546875
515,player,71,0,137.48446655273438,392.4364013671875,3.864748001098633,277.3981018066406
515,player,94,0,605.3348999023438,628.599853515625,352.5025634765625,973.3465576171875
515,player,28,1,477.40283203125,357.82464599609375,382.02276611328125,289.7118225097656
515,player,103,-1,464.6427001953125,328.5806884765625,385.9810485839844,224.07997131347656
515,player,109,-1,471.13671875,351.82940673828125,383.70855712890625,219.1819305419922
516,player,69,1,853.996826171875,409.9437255859375,693.0261840820312,570.8973999023438
516,player,104,0,630.0879516601562,396.51104736328125,508.435791015625,439.45843505859375
516,player,53,0,210.97763061523438,648.954833984375,48.983001708984375,932.553466796875
516,player,71,0,134.51007080078125,393.5997314453125,1.0721749067306519,281.94317626953125
516,player,109,-1,475.7187805175781,359.20721435546875,379.965087890625,243.74649047851562
516,player,110,-1,610.065185546875,398.0995178222656,462.79620361328125,530.6242065429688
516,player,103,-1,480.7364501953125,343.98675537109375,386.8170166015625,228.6436767578125
516,player,91,0,642.8961181640625,390.9324645996094,515.3955078125,457.7952575683594
516,player,94,0,605.298828125,627.5745239257812,350.5106506347656,973.5208740234375
516,ball,-1,-1,870.3426513671875,300.41375732421875,883.355712890625,560.3556518554688
517,player,69,1,851.7105712890625,400.90667724609375,695.290771484375,558.4359741210938
517,player,104,0,630.6455078125,404.38116455078125,503.5300598144531,454.43255615234375
517,player,53,0,205.16395568847656,648.18701171875,45.32586669921875,934.9163818359375
517,player,109,-1,468.4844665527344,356.451171875,375.50115966796875,255.46556091308594
517,player,71,0,131.9493408203125,394.56591796875,-1.74802827835083,285.7572021484375
517,player,110,-1,612.442138671875,406.1512451171875,467.4126892089844,513.6353759765625
517,player,111,-1,597.7489624023438,409.81854248046875,478.6309509277344,461.9770812988281
517,player,91,0,645.2181396484375,391.4853820800781,516.3958740234375,454.5086669921875
517,player,103,-1,470.34735107421875,353.57305908203125,381.2862548828125,242.33071899414062
518,player,110,-1,620.92578125,401.7684326171875,474.3511962890625,498.97430419921875
518,player,69,1,850.2437133789062,397.3705749511719,697.5694580078125,546.7490234375
518,player,109,-1,474.630126953125,359.9398193359375,374.0687255859375,268.08782958984375
518,player,53,0,200.5660400390625,647.9613037109375,41.69911575317383,936.022705078125
518,player,71,0,129.79931640625,395.35235595703125,-4.422774791717529,288.92681884765625
518,player,94,0,598.8668823242188,632.410400390625,346.8592529296875,976.1204833984375
519,player,110,-1,618.3251953125,393.7862548828125,480.1151123046875,480.86187744140625
519,player,69,1,851.7261962890625,396.35382080078125,699.8800048828125,538.3017578125
519,player,53,0,195.89752197265625,644.68310546875,38.16632080078125,934.3976440429688
519,player,71,0,128.98048400878906,397.65802001953125,-6.524077415466309,293.6622314453125
519,player,109,-1,471.469970703125,358.37200927734375,372.333984375,274.00225830078125
519,player,112,-1,560.721923828125,623.3546142578125,315.6046142578125,958.82470703125
519,player,94,0,597.020751953125,632.1797485351562,344.046630859375,977.563232421875
520,player,110,-1,615.9952392578125,393.6951904296875,483.1068115234375,468.7469482421875
520,player,69,1,852.4931030273438,397.244140625,701.3009643554688,533.7587890625
520,player,53,0,191.49789428710938,648.9813232421875,34.531856536865234,935.75
520,player,71,0,127.83562469482422,400.01898193359375,-8.37546157836914,299.4245910644531
520,player,112,-1,553.999755859375,615.4927978515625,314.93035888671875,953.584716796875
520,player,109,-1,462.087646484375,354.466552734375,368.6274108886719,271.8982849121094
520,ball,-1,-1,577.6306762695312,338.0125732421875,883.355712890625,560.3556518554688
521,player,69,1,853.6962890625,397.18194580078125,702.6229248046875,530.863037109375
521,player,53,0,177.0321044921875,649.4931030273438,28.1897029876709,936.0369873046875
521,player,110,0,615.622314453125,395.0152587890625,484.57525634765625,462.22222900390625
521,player,28,1,467.83453369140625,357.5253601074219,376.3612060546875,286.5799560546875
521,player,71,0,127.76143646240234,399.37750244140625,-9.594058990478516,302.3966064453125
521,player,112,-1,549.922119140625,617.1412353515625,313.1947021484375,950.943115234375
522,player,69,1,846.59423828125,395.33026123046875,701.925537109375,526.4637451171875
522,player,28,1,465.29632568359375,360.4434814453125,371.1092529296875,287.7915954589844
522,player,110,0,614.2918701171875,395.492431640625,484.9588623046875,458.3422546386719
522,player,53,0,172.84364318847656,648.405517578125,22.94352912902832,935.2796630859375
522,player,71,0,127.75265502929688,398.31640625,-10.367864608764648,303.0592956542969
522,player,112,-1,544.112060546875,617.6646728515625,310.46954345703125,949.1865234375
523,player,53,0,167.42457580566406,647.1781005859375,18.070043563842773,933.6746215820312
523,player,69,1,843.7498779296875,396.8978271484375,700.018798828125,524.8654174804688
523,player,110,0,612.395263671875,396.9560546875,484.1891784667969,457.15460205078125
523,player,71,0,127.46311950683594,397.7117004394531,-10.96909236907959,302.7308654785156
523,player,28,1,462.2955322265625,359.01806640625,366.9086608886719,286.4794921875
523,player,112,-1,539.8504638671875,619.433349609375,307.34210205078125,948.8697509765625
523,ball,-1,-1,558.2354736328125,330.98846435546875,883.355712890625,560.3556518554688
524,player,69,1,844.9891357421875,396.67974853515625,699.2456665039062,523.734375
524,player,110,0,612.9473876953125,400.719482421875,482.8880310058594,460.3546142578125
524,player,53,0,162.38784790039062,646.429443359375,13.52868938446045,931.84033203125
524,player,71,0,126.76708221435547,397.45794677734375,-11.620784759521484,302.1294250488281
524,player,28,1,458.9428405761719,359.4490966796875,362.8558654785156,285.7437438964844
524,player,112,-1,532.3388671875,619.2540893554688,303.35955810546875,948.0853271484375
524,ball,-1,-1,852.4028930664062,296.6663818359375,883.355712890625,560.3556518554688
525,player,69,1,844.8675537109375,396.636962890625,698.7203369140625,522.9451904296875
525,player,110,0,609.1483764648438,398.3497009277344,481.39630126953125,459.5782470703125
525,player,53,0,157.3046417236328,611.5953369140625,9.88685131072998,907.4921875
525,player,109,0,440.73944091796875,360.0602722167969,357.1556701660156,274.78997802734375
525,player,71,0,125.52799224853516,396.5782470703125,-12.501226425170898,300.531982421875
525,player,112,-1,527.3408203125,620.6536254882812,299.2745666503906,948.126708984375
525,ball,-1,-1,853.08935546875,296.9739990234375,883.355712890625,560.3556518554688
526,player,69,1,843.960693359375,398.31402587890625,697.496826171875,523.9866943359375
526,player,53,0,151.38967895507812,624.0785522460938,5.579550266265869,899.6570434570312
526,player,110,0,606.6932373046875,395.88372802734375,480.2503662109375,456.2354736328125
526,player,109,0,436.9999084472656,362.4790344238281,347.82952880859375,279.1654052734375
526,player,71,0,123.12751770019531,395.674560546875,-13.976839065551758,298.1142883300781
526,player,112,0,526.5653076171875,622.22509765625,296.2127685546875,949.071533203125
526,player,99,0,1082.9287109375,395.138916015625,904.7132568359375,549.8274536132812
527,player,69,1,843.5211791992188,397.02081298828125,697.0245971679688,523.353515625
527,player,53,0,143.81643676757812,613.85791015625,0.799325704574585,887.1868286132812
527,player,109,0,431.2916259765625,362.72869873046875,339.618896484375,281.6189880371094
527,player,112,0,532.0546875,622.5744018554688,295.6170654296875,950.2401733398438
527,player,110,0,605.9359130859375,399.8831787109375,478.21478271484375,458.1618957519531
527,player,71,0,121.14584350585938,393.82373046875,-15.665460586547852,294.0596008300781
527,player,99,0,1085.375732421875,402.71783447265625,902.6353759765625,568.4156494140625
528,player,69,1,841.1138916015625,397.19647216796875,695.9006958007812,522.8775024414062
528,player,53,0,140.0506591796875,611.29296875,-3.3507747650146484,877.0721435546875
528,player,110,0,604.6854248046875,395.5419616699219,477.5997009277344,454.74407958984375
528,player,109,0,426.2205810546875,361.78515625,332.6009216308594,281.44384765625
528,player,71,0,118.38540649414062,392.59063720703125,-17.807415008544922,289.58538818359375
528,player,99,0,1085.581298828125,402.25714111328125,901.5458984375,580.0986938476562
528,player,112,0,506.1229248046875,623.8081665039062,288.26373291015625,950.148193359375
529,player,69,1,839.4612426757812,392.1275329589844,696.4641723632812,517.3925170898438
529,player,110,0,604.130615234375,402.885986328125,475.12200927734375,460.11297607421875
529,player,53,0,136.50546264648438,609.1173706054688,-7.0400848388671875,868.758544921875
529,player,109,0,423.74200439453125,361.34942626953125,327.2099304199219,280.4932861328125
529,player,71,0,116.70867156982422,393.4266357421875,-19.859081268310547,287.4927062988281
529,player,112,0,499.8759765625,623.23046875,281.9090576171875,949.344482421875
529,player,99,0,1086.4833984375,401.68072509765625,901.3536376953125,587.2513427734375
529,player,113,-1,559.7802734375,451.9226379394531,397.34686279296875,593.6904296875
529,ball,-1,-1,104.47599792480469,488.2880859375,883.355712890625,560.3556518554688
530,player,110,0,600.5023193359375,401.9490661621094,472.5453796386719,462.2598571777344
530,player,71,0,113.40884399414062,393.5731201171875,-22.467945098876953,285.9090270996094
530,player,53,0,133.16165161132812,612.6121826171875,-10.453819274902344,865.520751953125
530,player,112,0,497.51202392578125,621.7796630859375,277.33038330078125,947.7794189453125
530,player,109,0,421.28936767578125,361.53955078125,322.7623596191406,279.80804443359375
530,player,69,1,838.1678466796875,388.0536193847656,697.8950805664062,509.616943359375
530,player,95,1,836.8408813476562,370.4698486328125,716.2728271484375,449.2055969238281
530,player,99,0,1089.946533203125,409.920166015625,898.6639404296875,599.6193237304688
530,player,113,-1,550.9166259765625,452.41143798828125,394.4490966796875,593.3241577148438
530,player,96,0,888.116455078125,284.6835021972656,878.2984619140625,198.22364807128906
531,player,71,0,110.60497283935547,392.9635925292969,-25.239973068237305,283.793212890625
531,player,111,-1,598.5726318359375,403.4211730957031,473.8125915527344,464.7921447753906
531,player,113,-1,558.2017211914062,449.5809326171875,395.4484558105469,591.16162109375
531,player,95,1,836.2180786132812,358.52532958984375,721.321044921875,434.0672607421875
531,player,53,0,125.55793762207031,612.9580078125,-14.872856140136719,863.1280517578125
531,player,109,0,413.2188720703125,359.52203369140625,317.27044677734375,275.8861083984375
531,player,99,0,1085.7762451171875,409.32489013671875,895.96240234375,606.7559814453125
531,player,112,0,491.65423583984375,623.0668334960938,272.6522216796875,947.19140625
531,player,69,1,842.3866577148438,385.88262939453125,700.9578857421875,502.7973327636719
532,player,71,0,107.68597412109375,393.22515869140625,-28.173410415649414,282.381103515625
532,player,113,-1,550.984130859375,454.17822265625,392.87933349609375,593.2979125976562
532,player,111,-1,598.4908447265625,407.4349365234375,469.64691162109375,470.72808837890625
532,player,95,1,836.7626953125,361.73944091796875,723.519287109375,427.7918395996094
532,player,53,0,123.1954345703125,613.78955078125,-18.436569213867188,861.9783325195312
532,player,99,0,1084.665771484375,417.81671142578125,890.285400390625,618.7825927734375
532,player,109,0,415.027099609375,359.701904296875,314.3377685546875,273.7823486328125
532,player,112,0,482.44189453125,623.8226928710938,267.0874938964844,946.700927734375
532,player,106,-1,832.794921875,386.53656005859375,700.554443359375,561.46826171875
533,player,111,0,597.65771484375,405.4156494140625,467.1683654785156,472.4366149902344
533,player,71,0,104.92349243164062,393.3666687011719,-31.150375366210938,281.2987060546875
533,player,95,1,836.5204467773438,348.7269287109375,730.0514526367188,409.2929382324219
533,player,99,0,1086.712646484375,423.25665283203125,884.9156494140625,631.4876098632812
533,player,113,-1,541.00732421875,453.44000244140625,388.20660400390625,593.0999755859375
533,player,109,0,414.780517578125,358.671630859375,312.5384521484375,271.1099548339844
533,player,53,0,118.61514282226562,613.5186767578125,-22.07435417175293,860.7298583984375
533,player,106,-1,827.3526611328125,387.76220703125,697.2227783203125,536.8780517578125
533,player,112,0,477.6585693359375,625.4371948242188,262.0193176269531,947.07958984375
534,player,95,1,837.4906616210938,354.08001708984375,732.462890625,403.3634338378906
534,player,111,0,597.055908203125,405.7923583984375,465.2637939453125,473.8714599609375
534,player,71,0,101.8034896850586,393.25689697265625,-34.29314041137695,280.0791320800781
534,player,53,0,114.71253204345703,616.0914306640625,-25.58709716796875,861.40576171875
534,player,109,0,412.8880920410156,358.94293212890625,310.61297607421875,269.4747619628906
534,player,99,0,1090.636474609375,420.46307373046875,883.70947265625,637.6771850585938
534,player,106,-1,811.38232421875,389.95526123046875,689.1910400390625,521.4931640625
534,player,113,-1,537.5071411132812,454.63311767578125,383.8272705078125,593.7398681640625
534,player,112,0,475.4727783203125,622.01123046875,258.53936767578125,945.0704345703125
535,player,95,1,838.1025390625,351.11419677734375,735.4251098632812,396.27313232421875
535,player,109,0,412.12054443359375,358.540771484375,309.15289306640625,267.81829833984375
535,player,111,0,596.231689453125,406.8631591796875,463.48614501953125,475.8151550292969
535,player,71,0,98.6031265258789,394.42919921875,-37.5810661315918,280.32928466796875
535,player,53,0,111.68743896484375,616.91552734375,-28.749065399169922,862.1982421875
535,player,106,-1,805.4725341796875,391.6181640625,681.50634765625,512.5722045898438
535,player,99,0,1093.289306640625,419.8564453125,883.9388427734375,641.4061889648438
535,player,112,0,473.12603759765625,623.909423828125,255.4381103515625,944.7938232421875
535,player,113,-1,530.2236328125,454.78826904296875,378.64599609375,593.6301879882812
536,player,109,0,411.97576904296875,358.2492980957031,308.205810546875,266.3619079589844
536,player,95,1,838.13427734375,349.81878662109375,737.8851318359375,390.21588134765625
536,player,111,0,595.1070556640625,405.29119873046875,462.3499755859375,475.3533630371094
536,player,112,0,469.60028076171875,623.686279296875,252.512939453125,944.2553100585938
536,player,53,0,109.19603729248047,615.2764892578125,-31.514423370361328,861.4249267578125
536,player,71,0,97.94241333007812,395.052490234375,-39.976112365722656,281.1721496582031
536,player,106,-1,802.5899658203125,380.1881103515625,679.612060546875,494.78448486328125
536,player,113,-1,510.9534912109375,456.222412109375,368.89532470703125,593.1018676757812
536,player,99,0,1094.54541015625,419.0465087890625,884.7880249023438,643.2376708984375
537,player,95,1,839.0222778320312,343.67340087890625,742.2950439453125,379.4160461425781
537,player,109,0,409.47650146484375,357.78729248046875,306.74713134765625,264.53057861328125
537,player,111,0,593.4017333984375,405.2361145019531,461.05987548828125,474.82122802734375
537,player,106,1,801.928955078125,388.2548828125,675.319091796875,491.44970703125
537,player,99,0,1096.2373046875,417.88409423828125,886.3150634765625,643.5664672851562
537,player,71,0,97.92919921875,395.7916259765625,-41.540409088134766,282.6188659667969
537,player,53,0,106.1402587890625,616.1466064453125,-34.20006561279297,861.3057861328125
537,player,113,0,510.7759704589844,454.9739990234375,362.732177734375,591.5985717773438
537,player,112,0,466.41339111328125,610.780029296875,251.23196411132812,935.593017578125
537,player,96,0,890.00830078125,283.90423583984375,879.023193359375,186.6318817138672
538,player,95,1,840.0152587890625,336.55242919921875,748.469970703125,364.28497314453125
538,player,109,0,405.66552734375,357.0521545410156,304.5157470703125,261.9492492675781
538,player,106,1,803.5906982421875,388.15130615234375,673.096923828125,489.3460998535156
538,player,111,0,592.7296142578125,406.7982177734375,459.61114501953125,476.0074157714844
538,player,99,0,1097.504638671875,415.430419921875,888.71240234375,641.751708984375
538,player,53,0,101.32778930664062,617.1158447265625,-37.34095001220703,861.55810546875
538,player,71,0,97.76351165771484,396.6627197265625,-42.62397766113281,284.5977783203125
538,player,113,0,512.428955078125,455.8536376953125,359.08837890625,591.5794677734375
538,player,96,0,893.2047119140625,278.80792236328125,883.3284912109375,172.58541870117188
538,player,112,0,462.2605285644531,624.4441528320312,247.74685668945312,938.28466796875
539,player,95,1,841.0486450195312,338.1605224609375,752.1552734375,356.4423522949219
539,player,106,1,800.8153076171875,389.11517333984375,670.427978515625,488.6753234863281
539,player,109,0,407.2696533203125,356.40093994140625,303.7884521484375,259.6578369140625
539,player,111,0,593.993896484375,407.76312255859375,458.8489685058594,477.89324951171875
539,player,71,0,98.62802124023438,394.5069580078125,-42.98675537109375,283.36444091796875
539,player,99,0,1098.31298828125,416.28070068359375,890.1409301757812,641.3858032226562
539,player,53,0,97.15194702148438,616.2789916992188,-40.589256286621094,860.863525390625
539,player,113,0,508.6036071777344,454.200439453125,355.80926513671875,589.697998046875
540,player,106,1,796.6922607421875,389.06964111328125,667.3887939453125,487.7735595703125
540,player,109,0,406.2576904296875,355.0198059082031,303.1997375488281,256.3105773925781
540,player,95,1,839.4273071289062,339.44818115234375,753.46337890625,352.6495666503906
540,player,71,0,98.01191711425781,396.9224853515625,-43.469078063964844,285.42767333984375
540,player,111,0,594.6185913085938,414.7063903808594,456.8578796386719,486.19427490234375
540,player,99,0,1100.7431640625,410.0982666015625,894.421142578125,635.927001953125
540,player,53,0,92.73863983154297,616.342529296875,-43.97983169555664,860.151123046875
540,player,114,-1,391.74169921875,326.2790222167969,302.2052917480469,136.44081115722656
540,player,112,0,461.2622985839844,624.1705932617188,245.24676513671875,939.80224609375
540,player,115,-1,67.65989685058594,619.646240234375,-71.03408813476562,860.3383178710938
541,player,53,0,91.6224594116211,616.4989624023438,-46.50735855102539,859.718017578125
541,player,106,1,794.5901489257812,387.41436767578125,665.3126831054688,485.28662109375
541,player,109,0,403.8644714355469,355.2095947265625,301.8839111328125,254.07296752929688
541,player,95,1,841.0771484375,336.39166259765625,756.15673828125,346.82305908203125
541,player,111,0,594.74951171875,412.94769287109375,456.03466796875,489.8398742675781
541,player,99,0,1104.66015625,411.539794921875,897.7091674804688,634.0006103515625
541,player,71,0,98.06298065185547,402.6162109375,-43.78160095214844,293.6207275390625
541,player,117,-1,23.788795471191406,293.6969299316406,-141.45640563964844,-171.12469482421875
541,player,114,-1,389.3321533203125,329.68719482421875,300.5855712890625,140.79617309570312
542,player,106,1,793.57275390625,384.7417297363281,664.5660400390625,480.8253479003906
542,player,95,1,842.3594970703125,335.55694580078125,758.6952514648438,342.2101745605469
542,player,109,0,400.5228576660156,354.1146240234375,299.9803466796875,250.8194122314453
542,player,71,0,97.05569458007812,403.810302734375,-44.373291015625,300.2474670410156
542,player,111,0,594.5582885742188,411.537109375,455.7816162109375,490.769775390625
542,player,113,0,502.40972900390625,450.1777648925781,352.44085693359375,584.1763916015625
542,player,53,0,89.49803161621094,614.6566162109375,-48.768211364746094,858.0267333984375
542,player,114,-1,385.94464111328125,325.40869140625,299.0428161621094,137.26522827148438
542,player,99,0,1104.7012939453125,410.936279296875,900.119384765625,632.219482421875
542,player,112,0,450.90997314453125,619.8690795898438,241.3345947265625,937.4547119140625
543,player,106,1,792.7423095703125,380.2811279296875,665.3787231445312,473.2188720703125
543,player,95,1,843.9883422851562,343.729736328125,757.4627685546875,348.8440856933594
543,player,71,0,96.44427490234375,405.52117919921875,-44.99539566040039,306.5101318359375
543,player,111,0,593.726318359375,412.59393310546875,455.08544921875,492.3550720214844
543,player,113,0,490.0305480957031,453.4828796386719,345.68353271484375,582.503173828125
543,player,99,0,1106.571044921875,411.5235595703125,901.9703369140625,631.74560546875
543,player,114,-1,389.32830810546875,343.5164794921875,295.87481689453125,159.8363037109375
543,player,112,0,441.2602844238281,621.7782592773438,236.00765991210938,936.5137939453125
543,player,53,0,83.73934936523438,614.73291015625,-51.91283416748047,856.5805053710938
544,player,106,1,791.3758544921875,376.52001953125,666.7972412109375,464.18878173828125
544,player,95,1,845.7315673828125,353.8883361816406,753.0829467773438,364.7733154296875
544,player,71,0,97.36476135253906,406.7417907714844,-45.05252456665039,312.1297302246094
544,player,109,0,399.26806640625,354.08636474609375,298.2764892578125,248.51071166992188
544,player,53,0,85.0601806640625,616.1495971679688,-53.56898880004883,856.7046508789062
544,player,99,0,1108.648681640625,409.42388916015625,904.6845092773438,629.7667846679688
544,player,111,0,593.2264404296875,414.70977783203125,453.95477294921875,495.458251953125
544,player,112,0,433.4156188964844,622.7318725585938,230.34783935546875,936.0028076171875
544,player,113,0,507.2786865234375,453.37078857421875,346.82708740234375,582.9117431640625
545,player,95,1,847.0947875976562,362.3908386230469,747.2908325195312,384.5760803222656
545,player,71,0,96.03469848632812,406.913330078125,-45.59585189819336,315.827880859375
545,player,99,0,1110.85498046875,409.2932434082031,907.1419677734375,628.56103515625
545,player,111,0,577.73486328125,416.1734924316406,447.7900085449219,497.38629150390625
545,player,114,-1,383.29931640625,336.0406799316406,292.89691162109375,163.79832458496094
545,player,112,0,432.011474609375,624.7860107421875,226.08291625976562,936.8642578125
545,player,106,1,790.0198364257812,372.4988708496094,668.7163696289062,453.91192626953125
546,player,71,0,94.21173095703125,407.1717529296875,-46.64271545410156,318.32135009765625
546,player,95,1,850.0716552734375,355.04730224609375,747.43505859375,389.7595520019531
546,player,99,0,1112.1475830078125,409.50994873046875,909.01708984375,628.0841064453125
546,player,114,-1,380.987060546875,345.6307678222656,288.2941589355469,178.75689697265625
546,player,106,1,784.8477172851562,368.41217041015625,669.73828125,442.2890319824219
546,player,111,0,575.8626708984375,415.4525146484375,443.3369140625,497.7291259765625
546,player,112,0,430.9357604980469,623.0885620117188,223.1967010498047,936.296875
546,player,53,0,41.75250244140625,616.5126953125,-67.2816162109375,854.0276489257812
546,player,96,0,907.529541015625,282.69000244140625,889.1907348632812,170.68898010253906
547,player,95,1,850.0736694335938,355.80615234375,747.22314453125,393.9646301269531
547,player,99,0,1112.474609375,412.3916931152344,909.074951171875,630.343017578125
547,player,71,0,93.54708862304688,406.6702575683594,-47.575660705566406,319.27294921875
547,player,112,0,424.611572265625,621.95458984375,219.74154663085938,934.8171997070312
547,player,111,0,573.2254638671875,415.47674560546875,439.56927490234375,497.7110595703125
547,player,114,-1,379.78289794921875,343.92388916015625,285.1509094238281,186.0912628173828
547,player,106,1,786.68408203125,369.7638854980469,670.5188598632812,436.3897705078125
547,player,53,0,87.10914611816406,611.8028564453125,-62.97119903564453,852.1942138671875
547,ball,-1,-1,39.0300178527832,514.6575317382812,883.355712890625,560.3556518554688
548,player,114,1,370.6694641113281,344.9703063964844,279.41802978515625,191.0377197265625
548,player,95,1,853.7379150390625,342.4825134277344,753.7907104492188,382.17388916015625
548,player,99,0,1114.905517578125,413.0068359375,909.543212890625,632.5650634765625
548,player,112,0,423.1817321777344,623.2247314453125,216.98483276367188,934.5611572265625
548,player,71,0,94.59004211425781,407.3767395019531,-47.78596496582031,320.8464050292969
548,player,111,0,571.7947998046875,417.03375244140625,436.2879638671875,499.1156005859375
548,player,106,1,782.8787841796875,365.9149169921875,671.1653442382812,427.9769287109375
549,player,114,1,369.85711669921875,344.17938232421875,275.518310546875,193.10855102539062
549,player,95,1,855.778076171875,340.43377685546875,759.608642578125,372.3969421386719
549,player,71,0,96.13868713378906,405.88824462890625,-47.33086395263672,320.297119140625
549,player,99,0,1119.9169921875,417.21270751953125,909.4617309570312,638.110595703125
549,player,111,0,570.3779296875,414.712158203125,434.2278137207031,497.55670166015625
549,player,112,0,425.8316650390625,625.3496704101562,215.68914794921875,935.8892822265625
549,player,106,1,772.8859252929688,361.2009582519531,669.9780883789062,416.23480224609375
550,player,114,1,370.420654296875,345.2054443359375,273.0198059082031,195.87448120117188
550,player,71,0,97.7382583618164,406.128173828125,-46.42670822143555,320.41204833984375
550,player,95,1,857.6902465820312,341.5771484375,763.5457763671875,367.57183837890625
550,player,99,0,1119.94775390625,420.24725341796875,908.1148681640625,644.33447265625
550,player,106,1,776.4915771484375,361.3853759765625,670.3429565429688,409.20556640625
550,player,111,0,569.7462158203125,412.9607238769531,433.08837890625,494.7117919921875
551,player,114,1,369.67242431640625,345.551513671875,271.04742431640625,198.027587890625
551,player,71,0,98.271240234375,406.8896484375,-45.63874053955078,321.44671630859375
551,player,95,1,862.50830078125,334.1038818359375,770.93310546875,356.35345458984375
551,player,99,0,1118.435546875,425.0323791503906,904.7781982421875,652.3360595703125
551,player,106,1,779.6129150390625,361.66986083984375,671.5167236328125,405.29571533203125
551,player,96,0,883.314208984375,278.7666931152344,886.3931884765625,160.80824279785156
552,player,71,0,99.476318359375,407.20440673828125,-44.66991424560547,322.6311340332031
552,player,114,1,370.04608154296875,346.21722412109375,269.79229736328125,200.34600830078125
552,player,106,1,778.0537719726562,362.69537353515625,671.385009765625,403.71246337890625
552,player,99,0,1124.171630859375,427.88690185546875,903.0253295898438,660.4368896484375
552,player,95,1,864.405517578125,334.20635986328125,776.3300170898438,349.40264892578125
552,player,112,0,418.84246826171875,623.6443481445312,213.14605712890625,935.2461547851562
552,player,113,0,490.26934814453125,459.2821044921875,341.0865478515625,587.0330810546875
552,player,96,0,881.6541748046875,297.69061279296875,874.30419921875,179.47491455078125
553,player,71,0,103.32929992675781,407.54254150390625,-42.57994079589844,324.2502746582031
553,player,114,1,370.7413330078125,345.4140625,269.38446044921875,200.8938446044922
553,player,99,0,1123.2022705078125,430.3089904785156,900.597900390625,667.65283203125
553,player,113,0,489.2926025390625,462.8009033203125,336.43170166015625,592.8177490234375
553,player,106,1,779.223876953125,361.52978515625,672.1157836914062,401.527587890625
553,player,95,1,866.7994995117188,332.76275634765625,781.277099609375,343.47674560546875
553,player,112,0,414.88238525390625,624.3021240234375,210.36679077148438,934.9893798828125
553,player,96,0,882.8282470703125,322.40179443359375,855.050537109375,222.629150390625
553,ball,-1,-1,725.347900390625,300.72369384765625,883.355712890625,560.3556518554688
554,player,71,0,106.0973892211914,409.137451171875,-40.18474197387695,327.49169921875
554,player,114,1,368.908203125,343.80633544921875,268.696533203125,198.89987182617188
554,player,99,0,1119.3173828125,433.01263427734375,896.8058471679688,674.2726440429688
554,player,112,0,414.63836669921875,622.2310180664062,208.69705200195312,933.5078125
554,player,106,1,780.9868774414062,359.45599365234375,673.9429321289062,398.0070495605469
554,player,95,1,867.6884765625,333.2315673828125,784.5867919921875,340.2775573730469
554,player,113,0,487.4383239746094,462.87384033203125,332.80584716796875,596.4754638671875
555,player,71,0,109.68155670166016,412.84197998046875,-37.309791564941406,334.308837890625
555,player,99,0,1120.9884033203125,435.3201599121094,893.8560791015625,680.6280517578125
555,player,114,1,368.38739013671875,342.260986328125,268.3204040527344,195.49627685546875
555,player,95,1,870.1622924804688,332.7934875488281,787.7647705078125,337.9750061035156
555,player,112,0,413.38641357421875,573.234130859375,212.32260131835938,899.9095458984375
555,player,113,0,486.57373046875,462.8070068359375,330.1864929199219,598.7140502929688
555,player,106,1,759.881591796875,356.59893798828125,669.0930786132812,390.1632080078125
555,player,111,0,573.5069580078125,408.5290222167969,434.63775634765625,488.7366027832031
556,player,95,1,873.442138671875,332.4264221191406,791.0980834960938,336.4325866699219
556,player,111,0,576.40283203125,408.89300537109375,436.518798828125,485.521484375
556,player,71,0,112.10700988769531,413.30999755859375,-34.535804748535156,339.5579528808594
556,player,99,0,1124.4171142578125,435.499267578125,892.82275390625,685.1917724609375
556,player,114,1,364.2698669433594,340.9813537597656,266.7068786621094,191.041748046875
556,player,112,0,412.1943359375,581.4146728515625,213.46234130859375,883.6767578125
556,player,106,1,755.6543579101562,353.40435791015625,665.6748657226562,380.9693603515625
556,player,113,0,482.2456359863281,463.3658447265625,327.0157470703125,600.2815551757812
556,player,109,0,366.572998046875,322.64337158203125,290.39385986328125,200.70791625976562
556,player,96,0,891.5179443359375,272.1959533691406,870.6915283203125,186.56739807128906
557,player,95,1,873.8233642578125,331.4746398925781,793.81494140625,334.3594665527344
557,player,111,0,578.797607421875,409.44122314453125,438.40374755859375,484.23590087890625
557,player,71,0,116.52114868164062,416.1816101074219,-31.11685562133789,346.7613220214844
557,player,99,0,1129.029296875,437.3511657714844,892.673095703125,690.064208984375
557,player,114,1,375.9986877441406,341.02490234375,270.1884765625,189.75790405273438
557,player,106,1,754.70361328125,359.79522705078125,660.8213500976562,382.0929870605469
557,player,112,0,411.3948974609375,613.79638671875,210.6625213623047,894.59228515625
557,player,109,0,368.2271728515625,313.4395446777344,287.6827392578125,156.7029571533203
557,player,113,0,458.2906799316406,462.2981872558594,317.505859375,598.1466064453125
557,player,96,0,896.9459228515625,269.6195068359375,884.2417602539062,160.26011657714844
557,ball,-1,-1,1103.42529296875,318.0332946777344,895.4169921875,544.48681640625
558,player,71,0,120.4521255493164,417.1593017578125,-27.44447898864746,353.0015869140625
558,player,99,0,1130.871826171875,435.74371337890625,893.75341796875,692.06201171875
558,player,95,1,874.308349609375,333.25323486328125,794.95703125,335.14990234375
558,player,114,1,378.205078125,342.85113525390625,272.97064208984375,191.62574768066406
558,player,111,0,573.294677734375,414.6143493652344,436.58697509765625,488.0806884765625
558,player,112,0,408.4678955078125,611.2689208984375,208.29638671875,899.872314453125
558,player,113,0,456.23138427734375,460.36328125,310.9775085449219,594.7994995117188
558,player,106,1,754.421630859375,361.076171875,657.1141357421875,384.22052001953125
558,player,96,0,900.9248046875,283.35772705078125,887.0743408203125,162.689208984375
558,player,117,-1,38.843238830566406,291.3525085449219,-134.51553344726562,-172.60923767089844
558,ball,-1,-1,712.1669921875,308.15020751953125,895.4169921875,544.48681640625
559,player,71,0,125.63478088378906,418.2801818847656,-23.151416778564453,358.9127502441406
559,player,99,0,1132.17138671875,433.68927001953125,895.6721801757812,691.772216796875
559,player,95,1,874.751220703125,329.8023681640625,797.380859375,331.6680603027344
559,player,111,0,572.7222290039062,418.70947265625,434.2660827636719,494.6201477050781
559,player,114,1,377.6617736816406,343.35748291015625,274.4781494140625,193.43450927734375
559,player,112,0,406.30706787109375,623.1001586914062,205.027587890625,910.6988525390625
559,player,113,0,453.4718933105469,459.311279296875,306.01812744140625,591.4024047851562
559,player,106,1,754.51025390625,359.0201416015625,655.469482421875,383.31756591796875
559,player,96,0,905.9962158203125,314.85308837890625,874.8045654296875,205.37474060058594
560,player,71,0,128.15762329101562,421.44158935546875,-19.487003326416016,366.589599609375
560,player,99,0,1133.4635009765625,434.56610107421875,896.91455078125,692.416015625
560,player,95,1,875.5121459960938,328.27130126953125,799.8990478515625,327.68585205078125
560,player,114,1,373.77752685546875,341.20904541015625,274.3485107421875,191.26344299316406
560,player,111,0,583.510986328125,416.35821533203125,436.8436279296875,497.60491943359375
560,player,106,1,752.92529296875,357.347900390625,654.4666748046875,380.67474365234375
560,player,96,0,918.76611328125,291.2322692871094,883.112548828125,204.85342407226562
560,player,112,0,406.794921875,625.7984619140625,202.77725219726562,919.458251953125
560,player,113,0,454.0911865234375,459.43096923828125,302.97412109375,589.3616943359375
560,player,53,0,49.24888610839844,608.4348754882812,-71.31407165527344,845.9893188476562
560,ball,-1,-1,706.3312377929688,313.14959716796875,895.4169921875,544.48681640625
561,player,71,0,129.42425537109375,421.8692626953125,-16.64655113220215,372.19873046875
561,player,114,1,373.38360595703125,339.707763671875,274.38262939453125,187.80609130859375
561,player,99,0,1137.5965576171875,434.94775390625,898.71484375,693.4920654296875
561,player,95,1,876.5481567382812,327.64373779296875,802.1688232421875,324.4764709472656
561,player,111,0,586.601318359375,415.9837646484375,439.62078857421875,499.48040771484375
561,player,96,0,919.5626220703125,274.43927001953125,897.83544921875,182.0337371826172
561,player,112,0,403.24517822265625,622.3360595703125,200.6885986328125,922.7540283203125
561,player,106,1,745.3175048828125,358.141357421875,650.960693359375,378.9932861328125
561,player,53,0,51.551055908203125,603.54150390625,-76.12507629394531,838.6599731445312
561,player,117,-1,43.95246124267578,289.6383056640625,-127.68104553222656,-175.69557189941406
561,ball,-1,-1,705.757568359375,314.90618896484375,895.4169921875,544.48681640625
562,player,71,0,130.0242919921875,422.2109375,-14.586084365844727,376.2926940917969
562,player,95,1,878.98193359375,325.536865234375,805.4219970703125,320.17413330078125
562,player,99,0,1139.77978515625,434.812255859375,900.549560546875,694.2607421875
562,player,114,1,371.65087890625,329.69732666015625,275.5609130859375,171.7778778076172
562,player,111,0,589.351806640625,413.5895690917969,442.9027099609375,498.5772705078125
562,player,106,1,745.637451171875,357.2015686035156,649.1246948242188,376.87701416015625
562,player,113,0,458.13201904296875,458.9027099609375,302.3779296875,587.9222412109375
562,player,112,0,402.50091552734375,611.6227416992188,200.15374755859375,918.0169067382812
562,player,96,0,924.0699462890625,277.7090148925781,907.2166748046875,172.30853271484375
562,player,119,-1,896.9154052734375,311.7941589355469,847.3333129882812,270.717041015625
563,player,99,0,1141.606689453125,433.8888854980469,902.6375732421875,694.1505126953125
563,player,71,0,132.40701293945312,421.45513916015625,-12.353382110595703,378.37664794921875
563,player,95,1,880.6723022460938,324.0090637207031,808.806640625,315.7537841796875
563,player,114,1,372.93182373046875,335.78192138671875,275.7083435058594,169.82003784179688
563,player,111,0,590.4539794921875,416.73834228515625,444.6397705078125,501.25006103515625
563,player,106,1,747.4578857421875,357.38763427734375,648.480712890625,375.91680908203125
563,player,113,0,460.14227294921875,460.28399658203125,302.40997314453125,588.44091796875
563,player,53,0,53.41694641113281,602.28857421875,-78.7149658203125,833.1378784179688
563,player,112,0,401.33685302734375,611.5617065429688,199.49476623535156,914.822509765625
564,player,99,0,1144.95703125,435.93133544921875,904.07080078125,696.0366821289062
564,player,71,0,133.06680297851562,421.0351257324219,-10.64987850189209,379.3358459472656
564,player,114,1,380.9692077636719,335.99151611328125,278.8929138183594,169.9093017578125
564,player,95,1,882.19775390625,324.8887939453125,811.1232299804688,314.1147155761719
564,player,111,0,590.9266357421875,420.7436218261719,444.9677734375,507.0002746582031
564,player,113,0,459.940673828125,458.70947265625,302.62310791015625,587.31298828125
564,player,106,1,746.1649169921875,352.6687316894531,649.3197631835938,369.78692626953125
564,player,53,0,54.46421432495117,603.6023559570312,-80.06999206542969,830.5584716796875
564,player,112,0,399.53302001953125,617.950439453125,197.96701049804688,916.7252197265625
564,player,109,0,371.8255310058594,298.267578125,290.419921875,106.0442886352539
565,player,99,0,1148.5321044921875,435.589599609375,906.1382446289062,697.2772827148438
565,player,111,0,591.9757080078125,423.364013671875,444.9014587402344,513.411865234375
565,player,71,0,133.8189697265625,420.54632568359375,-9.254495620727539,379.4969482421875
565,player,114,1,375.4007568359375,333.64990234375,279.229736328125,166.0552215576172
565,player,106,1,756.28564453125,357.45294189453125,651.5655517578125,372.3763427734375
565,player,95,1,882.0692138671875,325.63555908203125,812.2450561523438,313.9244689941406
565,player,121,-1,882.584228515625,428.0301818847656,699.35693359375,615.6773071289062
565,player,113,0,460.05120849609375,455.62030029296875,303.3042907714844,583.7344360351562
565,player,53,0,56.11418914794922,601.16357421875,-80.4915771484375,827.2632446289062
565,player,112,0,393.7503356933594,620.7875366210938,195.14456176757812,919.3929443359375
566,player,99,0,1150.1318359375,433.4407958984375,908.8316040039062,696.44873046875
566,player,111,0,593.0535888671875,424.85595703125,444.8555908203125,519.139892578125
566,player,114,1,378.7029113769531,333.0443115234375,280.8515625,163.17535400390625
566,player,106,1,759.2230834960938,355.18865966796875,654.8390502929688,371.83734130859375
566,player,95,1,882.8204345703125,369.47283935546875,794.492919921875,362.866455078125
566,player,113,0,460.65032958984375,456.325927734375,303.8236083984375,582.118408203125
566,player,53,0,55.975101470947266,600.8909912109375,-80.8104019165039,824.9166259765625
566,player,71,0,131.05636596679688,419.78759765625,-9.350709915161133,378.44183349609375
566,player,112,0,384.4508056640625,620.049560546875,190.85968017578125,920.0621337890625
567,player,99,0,1151.669677734375,434.5321044921875,910.548828125,696.935791015625
567,player,111,0,595.4554443359375,426.021728515625,445.32708740234375,524.2293701171875
567,player,106,1,757.9429931640625,354.701171875,656.7117309570312,370.7901611328125
567,player,121,-1,885.9526977539062,425.13836669921875,701.3597412109375,613.3858642578125
567,player,53,0,56.76165771484375,588.8792114257812,-80.93315887451172,814.7439575195312
567,player,114,1,379.12994384765625,334.69873046875,281.7623596191406,163.60133361816406
567,player,113,0,461.15557861328125,458.69024658203125,303.934814453125,583.2979125976562
567,player,95,1,885.2618408203125,333.48028564453125,798.9769897460938,355.2196044921875
567,player,112,0,381.7162780761719,618.4005737304688,187.47987365722656,919.270263671875
567,player,71,0,131.07110595703125,417.29986572265625,-9.355531692504883,374.95587158203125
568,player,99,0,1152.5164794921875,435.83294677734375,911.3519287109375,698.3896484375
568,player,114,1,374.3204345703125,334.8111877441406,280.4586486816406,163.3817138671875
568,player,113,0,459.3569030761719,458.36187744140625,303.48370361328125,583.5958862304688
568,player,53,0,57.259132385253906,583.8556518554688,-80.92575073242188,804.4552001953125
568,player,111,0,597.0872802734375,427.78118896484375,445.7451171875,529.3970947265625
568,player,106,1,751.8389892578125,353.56732177734375,656.2730102539062,368.12786865234375
568,player,71,0,130.84637451171875,417.6158752441406,-9.448613166809082,373.02166748046875
568,player,95,1,889.0011596679688,320.67791748046875,808.98779296875,335.5298767089844
568,player,112,0,377.199951171875,619.6049194335938,183.9495391845703,919.2328491210938
568,player,121,-1,889.090576171875,421.6710205078125,704.8099365234375,609.0465698242188
569,player,99,0,1154.17333984375,437.505615234375,911.6300659179688,700.8377685546875
569,player,53,0,58.36592102050781,584.384765625,-80.57855224609375,798.2435302734375
569,player,113,0,460.65582275390625,457.68341064453125,303.71868896484375,583.2840576171875
569,player,114,1,372.06298828125,333.0545959472656,279.0522155761719,160.5511016845703
569,player,106,1,751.6536865234375,350.02349853515625,657.21875,362.3191223144531
569,player,95,1,893.9432983398438,319.9305419921875,817.5269165039062,322.4256286621094
569,player,111,0,595.6572265625,424.8551025390625,446.24591064453125,529.783447265625
569,player,71,0,130.88983154296875,414.38470458984375,-9.4249267578125,368.1029052734375
569,player,112,0,372.8120422363281,619.5999755859375,180.4628143310547,918.9226684570312
569,player,121,-1,891.6256103515625,422.30108642578125,707.5935668945312,607.028076171875
570,player,99,0,1157.6917724609375,439.1607666015625,912.089111328125,704.06298828125
570,player,113,0,461.505615234375,455.85540771484375,304.44586181640625,581.4691162109375
570,player,114,1,373.1611328125,334.03350830078125,278.3875427246094,160.18955993652344
570,player,111,0,595.450439453125,425.08673095703125,446.44989013671875,530.2396240234375
570,player,53,0,58.88141632080078,582.2894287109375,-80.22174072265625,792.68505859375
570,player,95,1,893.7705078125,322.0147705078125,822.0452880859375,316.39605712890625
570,player,71,0,134.6902313232422,412.954345703125,-7.961855888366699,363.70648193359375
570,player,106,1,747.4822998046875,346.2017517089844,657.8131713867188,353.63433837890625
570,player,122,-1,581.3040771484375,425.67852783203125,433.35491943359375,528.78857421875
570,player,96,0,920.39111328125,271.51300048828125,915.42822265625,156.9329376220703
571,player,99,0,1159.0133056640625,444.15130615234375,910.6729736328125,710.289794921875
571,player,114,1,373.192138671875,333.5329895019531,278.0597229003906,159.27960205078125
571,player,113,0,462.78594970703125,453.7469177246094,305.6812438964844,578.4486694335938
571,player,111,0,598.4285888671875,423.9386291503906,447.8175048828125,529.70947265625
571,player,95,1,894.7857055664062,322.56231689453125,825.0720825195312,313.2549133300781
571,player,71,0,137.7368927001953,412.9418029785156,-5.875428199768066,361.1828308105469
571,player,53,0,59.53825378417969,580.8357543945312,-79.80735778808594,788.03515625
571,player,106,1,748.9383544921875,345.1898193359375,659.0740966796875,346.978271484375
571,player,121,-1,895.474365234375,424.30670166015625,709.8544921875,607.8757934570312
571,player,112,0,368.3655090332031,620.794921875,176.88536071777344,919.1964721679688
572,player,99,0,1163.51220703125,446.06280517578125,910.1942138671875,716.2255859375
572,player,113,0,460.79132080078125,454.7236328125,305.6786804199219,577.20849609375
572,player,114,1,373.49041748046875,332.53546142578125,278.1474304199219,157.3718719482422
572,player,111,0,598.154296875,423.58026123046875,448.70318603515625,528.9888305664062
572,player,71,0,142.12814331054688,413.56903076171875,-2.9020321369171143,360.7591552734375
572,player,121,-1,897.17626953125,425.4046630859375,711.4490966796875,609.5670166015625
572,player,112,0,369.59124755859375,619.1978759765625,175.02951049804688,918.4343872070312
572,player,95,1,896.513916015625,324.77313232421875,826.5989990234375,314.0577392578125
572,player,106,1,748.7869873046875,343.0758361816406,660.62841796875,340.15625
572,player,53,0,58.97024154663086,582.6200561523438,-79.68948364257812,786.3029174804688
573,player,113,0,461.21533203125,454.508544921875,305.849365234375,576.2418212890625
573,player,111,0,598.5115356445312,421.2561950683594,449.9506530761719,526.2818603515625
573,player,99,0,1164.957275390625,448.45220947265625,909.2923583984375,722.0963134765625
573,player,71,0,147.77365112304688,412.5289306640625,1.1585988998413086,359.94183349609375
573,player,114,1,373.91259765625,330.68212890625,278.7138977050781,153.65737915039062
573,player,112,0,366.43853759765625,615.82666015625,173.25120544433594,915.5711669921875
573,player,121,-1,901.018798828125,422.34906005859375,714.709228515625,608.2627563476562
573,player,106,1,742.0672607421875,349.56402587890625,656.9423828125,342.501953125
573,player,96,0,921.975830078125,274.1239318847656,919.8819580078125,150.7823486328125
573,player,53,0,58.78135681152344,583.8327026367188,-79.6556396484375,786.0654907226562
574,player,113,0,461.647216796875,455.69256591796875,305.9033203125,576.7538452148438
574,player,114,1,375.275634765625,328.70452880859375,279.9883117675781,148.71209716796875
574,player,99,0,1167.4501953125,452.246337890625,907.82958984375,729.09814453125
574,player,111,0,597.1544189453125,423.6014709472656,449.76116943359375,526.6837158203125
574,player,71,0,149.5560760498047,411.02972412109375,4.507397174835205,357.9008483886719
574,player,112,0,366.2438659667969,615.1153564453125,172.10275268554688,913.2387084960938
574,player,121,1,906.3043823242188,423.7750549316406,717.904541015625,609.17822265625
574,player,106,1,743.8991088867188,337.275390625,659.7288818359375,329.7815856933594
574,player,123,-1,36.7838134765625,433.2928466796875,-109.21082305908203,389.4599304199219
574,player,95,1,904.8783569335938,324.951171875,830.3330688476562,315.7838134765625
575,player,71,0,151.37564086914062,410.36566162109375,7.382840156555176,356.021728515625
575,player,111,0,595.442138671875,422.85406494140625,449.2613830566406,526.04736328125
575,player,99,0,1170.677490234375,454.140625,906.9813232421875,735.3837890625
575,player,113,0,456.71728515625,457.92144775390625,303.98712158203125,578.6915283203125
575,player,114,1,373.53643798828125,327.68682861328125,280.32275390625,143.8526153564453
575,player,112,0,366.94482421875,603.582275390625,172.54745483398438,904.2298583984375
575,player,121,1,910.32763671875,421.72735595703125,721.9122924804688,608.2926025390625
575,player,106,1,752.9532470703125,343.74359130859375,662.2382202148438,330.2513427734375
575,player,96,0,918.5040283203125,273.0943298339844,922.1002197265625,144.87890625
575,player,95,1,911.6171875,324.1428527832031,835.4100952148438,316.74615478515625
575,ball,-1,-1,724.76416015625,310.6169128417969,895.4169921875,544.48681640625
576,player,71,0,152.0672607421875,410.3271484375,9.510663986206055,354.83544921875
576,player,111,0,594.6497802734375,422.42425537109375,448.7818603515625,525.1353759765625
576,player,112,0,366.7129821777344,602.649658203125,172.85418701171875,897.740478515625
576,player,99,0,1154.04833984375,455.81817626953125,901.2445068359375,739.472412109375
576,player,114,1,371.9796142578125,326.55999755859375,280.1368713378906,138.91624450683594
576,player,106,1,750.5609741210938,346.8590087890625,661.888671875,333.91339111328125
576,player,124,-1,930.3330078125,272.0142517089844,940.0966186523438,134.31149291992188
576,player,121,1,912.907470703125,421.66534423828125,725.310791015625,607.8947143554688
576,player,113,0,454.078369140625,459.77703857421875,301.5942687988281,581.416748046875
576,player,95,1,913.912109375,324.8785705566406,839.1365966796875,318.5147705078125
577,player,111,0,597.8765258789062,421.7577819824219,449.675537109375,524.2066040039062
577,player,71,0,149.97265625,410.0731201171875,10.121752738952637,353.5325012207031
577,player,112,0,368.5570983886719,598.6156005859375,173.92315673828125,890.9581909179688
577,player,120,-1,1169.365966796875,457.21502685546875,900.8300170898438,753.5867309570312
577,player,106,1,745.65673828125,352.225830078125,658.0220947265625,341.9195861816406
577,player,95,1,917.414306640625,322.29949951171875,843.957763671875,317.0194091796875
577,player,114,1,372.49554443359375,326.24969482421875,280.2783508300781,135.34780883789062
577,player,121,1,918.2586669921875,419.54571533203125,729.883544921875,606.2054443359375
577,player,113,0,442.26068115234375,458.1206359863281,296.499755859375,580.56494140625
577,player,124,-1,932.2957153320312,289.7064514160156,931.104248046875,158.43287658691406
578,player,111,0,598.4097290039062,418.46990966796875,451.22100830078125,520.4186401367188
578,player,99,0,1157.7890625,456.5692138671875,898.228515625,743.0076293945312
578,player,71,0,148.6953125,409.1806640625,10.070712089538574,351.5123291015625
578,player,114,1,374.473388671875,304.6485900878906,285.3900146484375,102.1928939819336
578,player,112,0,372.75225830078125,603.5396728515625,175.3419189453125,890.1072387695312
578,player,95,1,925.906005859375,321.88006591796875,850.1519165039062,316.55841064453125
578,player,106,1,738.7018432617188,350.3037414550781,653.8287963867188,344.11376953125
578,player,113,0,455.84259033203125,455.77899169921875,297.9420166015625,579.1034545898438
578,player,124,-1,932.0728759765625,292.050537109375,923.93701171875,177.14324951171875
579,player,111,0,600.576171875,418.7206115722656,452.869873046875,518.4188232421875
579,player,71,0,148.00559997558594,409.0245361328125,9.784863471984863,349.93988037109375
579,player,99,0,1159.95703125,462.0088195800781,894.6834716796875,749.6734008789062
579,player,114,1,382.69866943359375,327.16693115234375,287.54351806640625,114.16006469726562
579,player,95,1,926.7379150390625,321.3681640625,854.7040405273438,315.7486267089844
579,player,112,0,371.078125,603.6146240234375,175.79425048828125,889.491943359375
579,player,125,-1,730.7919921875,330.12249755859375,659.5311279296875,276.8118591308594
579,player,53,0,22.463390350341797,581.9970703125,-90.74737548828125,781.801025390625
579,player,113,0,456.33502197265625,456.25347900390625,298.9607849121094,578.6397094726562
579,player,126,-1,73.31172180175781,427.002197265625,-70.76771545410156,381.079833984375
580,player,111,0,602.124267578125,419.44012451171875,454.270263671875,517.9818115234375
580,player,71,0,150.30181884765625,409.232421875,10.449647903442383,349.42169189453125
580,player,99,0,1160.9114990234375,463.9033203125,891.885986328125,755.5286865234375
580,player,114,1,390.93804931640625,316.0816955566406,294.4256286621094,107.51522827148438
580,player,106,1,732.2315673828125,344.8541259765625,650.85302734375,338.4389343261719
580,player,95,1,931.318359375,322.1878662109375,858.808349609375,316.74053955078125
580,player,53,0,26.109865188598633,581.6743774414062,-96.84690856933594,779.0626831054688
580,player,124,-1,944.1320190429688,279.69891357421875,930.2142944335938,174.54397583007812
580,player,112,0,375.8144226074219,609.032470703125,176.91111755371094,892.9662475585938
580,ball,-1,-1,724.4382934570312,302.70037841796875,895.4169921875,544.48681640625
581,player,111,0,603.5436401367188,420.5881652832031,455.36260986328125,518.966796875
581,player,71,0,154.70880126953125,408.6046142578125,12.546703338623047,348.8695068359375
581,player,99,0,1164.87939453125,463.14617919921875,891.433349609375,759.0616455078125
581,player,106,1,733.4825439453125,336.37054443359375,652.4810180664062,324.80206298828125
581,player,114,1,389.4749755859375,320.87396240234375,297.339111328125,109.78570556640625
581,player,124,-1,949.35693359375,278.32958984375,936.9080810546875,171.71009826660156
581,player,53,0,33.63410949707031,575.8516845703125,-98.6319580078125,773.4457397460938
581,player,95,1,938.1728515625,319.6451416015625,865.0128173828125,315.1759033203125
581,player,113,0,438.951171875,453.57147216796875,294.43048095703125,574.208740234375
581,player,112,0,377.49755859375,608.0802612304688,178.18516540527344,894.7134399414062
581,ball,-1,-1,722.9896240234375,302.7496337890625,895.4169921875,544.48681640625
582,player,106,1,733.8804931640625,344.42041015625,650.7044677734375,325.5702209472656
582,player,111,0,607.96875,421.84173583984375,457.2008361816406,521.26953125
582,player,71,0,159.94580078125,408.6163330078125,15.861162185668945,349.1268310546875
582,player,99,0,1167.674560546875,462.44061279296875,892.1705322265625,761.0339965820312
582,player,53,0,31.8746337890625,576.494873046875,-100.32026672363281,770.1497802734375
582,player,109,0,386.11944580078125,306.1268310546875,296.4239501953125,87.06683349609375
582,player,95,1,936.1153564453125,322.75579833984375,866.8443603515625,317.60882568359375
582,player,113,0,448.71337890625,453.11273193359375,294.72528076171875,571.8169555664062
582,player,124,-1,945.807373046875,280.186767578125,938.9669189453125,171.89434814453125
582,player,112,0,377.261474609375,607.9046630859375,178.96417236328125,895.7186889648438
582,ball,-1,-1,723.0477905273438,298.4796447753906,895.4169921875,544.48681640625
583,player,106,1,733.9093017578125,344.47509765625,649.5397338867188,326.1372375488281
583,player,111,0,608.003173828125,421.87127685546875,458.3996276855469,522.798583984375
583,player,71,0,159.55648803710938,408.6832275390625,17.86807632446289,349.32623291015625
583,player,99,0,1167.767578125,462.516845703125,892.644287109375,762.3814697265625
583,player,53,0,31.867450714111328,576.5230102539062,-101.41925048828125,768.0282592773438
583,player,109,0,386.4244384765625,307.0712890625,300.25244140625,76.1713638305664
583,player,95,1,936.114990234375,322.76336669921875,868.0310668945312,319.1991271972656
583,player,113,0,448.71514892578125,453.08184814453125,294.9224548339844,570.2335205078125
583,player,124,-1,945.8115234375,280.1815185546875,940.3095703125,172.0076141357422
583,player,112,0,377.22369384765625,608.0982666015625,179.44271850585938,896.4962158203125
583,ball,-1,-1,723.05029296875,298.47882080078125,895.4169921875,544.48681640625
584,player,99,0,1170.9661865234375,460.984130859375,894.424072265625,762.33056640625
584,player,111,0,606.847900390625,421.6129150390625,458.8680419921875,523.4265747070312
584,player,71,0,171.41299438476562,408.651123046875,23.582042694091797,350.7801513671875
584,player,106,1,736.748046875,340.19378662109375,651.3406982421875,321.776123046875
584,player,53,0,34.67179489135742,575.138916015625,-101.29936218261719,765.8094482421875
584,player,109,0,384.79779052734375,302.2256774902344,303.0986022949219,61.64259719848633
584,player,113,0,447.40423583984375,451.7231140136719,294.8445739746094,567.8047485351562
584,player,95,1,940.5106201171875,403.00897216796875,835.5420532226562,405.3456115722656
584,player,124,0,943.9862060546875,317.45819091796875,921.018798828125,219.17938232421875
585,player,127,-1,162.41893005371094,410.3711853027344,24.45301055908203,356.16339111328125
585,player,99,0,1174.6732177734375,460.78057861328125,896.6588745117188,762.4275512695312
585,player,111,0,605.576904296875,422.0362548828125,458.65850830078125,524.1240844726562
585,player,106,1,738.04736328125,342.6295166015625,652.0604248046875,321.98345947265625
585,player,53,0,38.500335693359375,574.9608154296875,-100.04493713378906,764.5254516601562
585,player,109,0,391.97320556640625,306.7232971191406,306.9144287109375,59.9478759765625
585,player,124,0,944.791015625,321.76495361328125,906.6347045898438,255.0650634765625
585,player,113,0,447.61865234375,450.81988525390625,295.0096130371094,565.3953857421875
585,ball,-1,-1,716.734130859375,298.4953918457031,895.4169921875,544.48681640625
586,player,127,-1,163.06588745117188,416.4757385253906,24.45736312866211,363.15228271484375
586,player,111,0,611.8564453125,423.38665771484375,460.22174072265625,526.507568359375
586,player,106,1,740.15771484375,346.37310791015625,651.8809814453125,326.7617492675781
586,player,99,0,1177.7252197265625,461.3670654296875,898.695068359375,763.1747436523438
586,player,124,0,949.9092407226562,319.2015380859375,900.258544921875,275.9562072753906
586,player,128,-1,41.377933502197266,574.177734375,-95.22463989257812,761.06494140625
586,player,113,0,450.22021484375,451.6773681640625,295.82275390625,564.8826904296875
586,player,109,0,400.3919677734375,316.4564208984375,310.7078857421875,74.15594482421875
586,player,112,0,368.54168701171875,613.6895141601562,176.8785400390625,900.0685424804688
586,ball,-1,-1,739.9315795898438,301.61956787109375,895.4169921875,544.48681640625
587,player,111,0,613.1500854492188,426.74560546875,460.83685302734375,531.4324340820312
587,player,127,-1,167.59677124023438,413.3033447265625,26.255504608154297,364.63018798828125
587,player,99,0,1179.821533203125,462.9772644042969,899.9337158203125,765.050048828125
587,player,113,0,453.5589599609375,452.27044677734375,297.337158203125,565.421142578125
587,player,106,1,741.5645751953125,342.26812744140625,653.76123046875,325.2126159667969
587,player,124,0,952.3768920898438,320.8874816894531,896.1083984375,291.8291015625
587,player,109,0,401.4710693359375,323.86376953125,312.049072265625,93.95439147949219
587,player,128,-1,44.29751968383789,570.8432006835938,-94.3843002319336,758.73388671875
587,player,112,0,361.24847412109375,614.3109130859375,173.16073608398438,902.3160400390625
588,player,99,0,1182.50732421875,463.955078125,901.0650634765625,767.2178955078125
588,player,111,0,615.614990234375,430.06158447265625,461.22393798828125,538.048583984375
588,player,127,-1,172.8070068359375,410.36920166015625,29.475025177001953,362.85052490234375
588,player,106,1,743.3784790039062,340.492431640625,656.2720336914062,322.3179016113281
588,player,113,0,454.67828369140625,450.7894592285156,298.9276428222656,564.48486328125
588,player,124,0,956.5328369140625,316.01171875,897.2280883789062,296.83270263671875
588,player,109,0,395.0889892578125,318.4605407714844,311.5168151855469,98.3543930053711
588,player,128,-1,45.73014831542969,572.7637939453125,-93.3619155883789,758.8035278320312
589,player,99,0,1185.58349609375,463.31158447265625,902.881103515625,768.3736572265625
589,player,127,-1,177.3072509765625,410.26171875,33.23719024658203,362.0840759277344
589,player,113,0,456.133544921875,452.42242431640625,300.16412353515625,565.5472412109375
589,player,111,0,614.8939208984375,432.3435363769531,460.697021484375,544.450439453125
589,player,124,0,959.5538330078125,323.5057067871094,895.2425537109375,309.3267517089844
589,player,106,1,743.9632568359375,337.632080078125,659.1808471679688,317.0968017578125
589,player,109,0,390.1968078613281,318.616943359375,309.1931457519531,100.74478149414062
589,player,128,-1,46.791969299316406,570.6661376953125,-92.40528869628906,757.3209228515625
589,player,129,-1,9.384222030639648,568.2152099609375,-124.03466796875,740.8018188476562
589,ball,-1,-1,713.9422607421875,298.3962097167969,895.4169921875,544.48681640625
590,player,113,0,457.21575927734375,456.1552734375,300.7048645019531,569.819091796875
590,player,99,0,1188.677490234375,463.20416259765625,904.9315185546875,769.2799072265625
590,player,127,-1,181.17251586914062,409.06591796875,37.169090270996094,360.6634826660156
590,player,106,1,743.3380126953125,339.6900329589844,660.0809326171875,316.0843200683594
590,player,111,0,607.7555541992188,434.53228759765625,457.5618591308594,550.0051879882812
590,player,128,-1,47.8058967590332,570.5494384765625,-91.47198486328125,756.345947265625
590,player,124,0,960.7439575195312,390.6882629394531,864.2794189453125,389.1081237792969
590,player,109,0,398.8266296386719,321.89312744140625,310.4305419921875,108.1234130859375
591,player,99,0,1191.562744140625,460.5380859375,908.1158447265625,768.06005859375
591,player,113,0,458.0435791015625,455.15618896484375,301.4868469238281,571.7451171875
591,player,127,-1,185.82565307617188,412.1922912597656,41.2850456237793,363.8179931640625
591,player,106,1,742.3421020507812,339.2984619140625,660.4673461914062,314.8414611816406
591,player,111,0,617.6671142578125,436.52691650390625,458.1988830566406,556.4274291992188
591,player,124,0,964.8331298828125,325.6708984375,874.5135498046875,372.4485778808594
591,player,109,0,394.8150634765625,321.1568298339844,309.8006591796875,111.32722473144531
591,player,128,-1,48.9552001953125,571.1116333007812,-90.50105285644531,756.2333984375
592,player,99,0,1194.0472412109375,460.2157897949219,910.9818115234375,767.2120361328125
592,player,113,0,458.67291259765625,455.4027099609375,302.157470703125,573.2848510742188
592,player,106,1,740.5283813476562,338.9072265625,660.2354125976562,313.350830078125
592,player,127,1,192.66616821289062,409.04547119140625,46.64604187011719,363.07720947265625
592,player,124,0,965.6715087890625,393.59979248046875,851.1278076171875,433.4176025390625
592,player,111,0,619.8636474609375,436.9606628417969,459.2048645019531,561.2142333984375
592,player,128,-1,48.813385009765625,570.7649536132812,-89.91934967041016,755.8828125
592,player,109,0,393.0758972167969,316.99981689453125,309.5563049316406,107.28759002685547
593,player,106,1,740.6585693359375,339.77423095703125,659.8058471679688,313.4308776855469
593,player,99,0,1195.05224609375,463.16986083984375,911.9124145507812,768.9859619140625
593,player,127,1,194.82183837890625,410.64404296875,50.835662841796875,364.654052734375
593,player,113,0,458.8644714355469,454.51141357421875,302.8018798828125,573.4744873046875
593,player,111,0,621.6295166015625,434.7923583984375,460.9374084472656,562.4583740234375
593,player,124,0,966.3639526367188,390.35699462890625,837.4591064453125,469.9919128417969
593,player,128,0,48.520347595214844,574.7009887695312,-89.56806182861328,758.6441040039062
593,player,109,0,387.5857238769531,321.80438232421875,306.2379455566406,110.68081665039062
593,player,112,0,347.27825927734375,612.900634765625,167.02200317382812,901.9451904296875
594,player,106,1,740.9669799804688,338.90081787109375,659.9601440429688,312.4786071777344
594,player,99,0,1198.0601806640625,465.21185302734375,912.4921875,771.9119873046875
594,player,113,0,458.92633056640625,453.3957824707031,303.4249267578125,572.5631713867188
594,player,127,1,198.51856994628906,408.2791748046875,55.05463790893555,363.4148254394531
594,player,111,0,621.4476318359375,435.37469482421875,461.865966796875,563.797119140625
594,player,124,0,970.5599365234375,392.1919250488281,829.10498046875,495.93994140625
594,player,109,0,390.9937744140625,317.8466491699219,306.2366027832031,107.77656555175781
594,player,128,0,48.72988510131836,568.4714965820312,-89.37593078613281,755.67529296875
595,player,106,1,740.5216064453125,339.1319580078125,659.8193359375,312.082275390625
595,player,99,0,1200.020263671875,466.6468200683594,912.8107299804688,775.042236328125
595,player,111,0,620.559326171875,433.4141540527344,462.65936279296875,562.7376098632812
595,player,127,1,203.42515563964844,408.1470642089844,59.61188507080078,363.01739501953125
595,player,113,0,459.7506103515625,452.6761474609375,304.2155456542969,571.37548828125
595,player,109,0,392.5931091308594,319.3929443359375,306.5550842285156,108.30560302734375
595,player,124,0,971.202880859375,393.55072021484375,823.3161010742188,514.1715698242188
595,player,128,0,47.13846206665039,568.998046875,-89.73534393310547,754.0286254882812
595,player,112,0,344.75823974609375,609.3607177734375,162.61996459960938,899.222412109375
596,player,106,1,738.716796875,340.27685546875,658.6746215820312,312.973388671875
596,player,111,0,619.2274169921875,432.32623291015625,463.013916015625,560.893798828125
596,player,99,0,1201.466796875,468.78387451171875,912.54150390625,778.7867431640625
596,player,113,0,460.38299560546875,454.061767578125,304.70391845703125,571.95654296875
596,player,124,0,972.47607421875,367.7830810546875,830.828369140625,500.593017578125
596,player,127,1,206.51446533203125,408.15399169921875,63.710227966308594,363.1181335449219
596,player,109,0,392.8514404296875,318.79510498046875,306.98736572265625,107.84043884277344
596,player,112,0,344.0517272949219,610.1121826171875,159.5032958984375,897.8990478515625
597,player,111,0,618.3219604492188,432.38104248046875,462.94305419921875,559.6612548828125
597,player,113,0,460.2528991699219,453.26220703125,305.1119384765625,571.5760498046875
597,player,125,-1,718.115478515625,338.62152099609375,651.9215087890625,285.60528564453125
597,player,95,1,974.292236328125,322.90228271484375,860.337646484375,380.8785400390625
597,player,99,0,1202.4349365234375,469.97650146484375,912.1444091796875,782.182861328125
597,player,127,1,208.53750610351562,403.906005859375,67.38988494873047,358.560302734375
597,player,109,0,394.1658935546875,318.30145263671875,307.89263916015625,107.02455139160156
597,player,112,0,348.599609375,602.7105712890625,159.338623046875,892.4503173828125
598,player,111,0,615.280029296875,430.66552734375,462.3404541015625,556.94091796875
598,player,112,0,349.71917724609375,603.5684814453125,159.47222900390625,889.5547485351562
598,player,95,1,975.5533447265625,323.12591552734375,876.7608642578125,365.38348388671875
598,player,125,-1,716.8350219726562,337.61505126953125,646.8935546875,289.9544372558594
598,player,99,0,1204.7264404296875,471.54083251953125,911.865478515625,785.724365234375
598,player,127,1,211.4619598388672,412.408203125,70.30846405029297,365.578857421875
598,player,113,0,458.8238830566406,458.7273864746094,304.0180969238281,576.2640991210938
598,player,109,0,398.27899169921875,310.553466796875,311.7563781738281,95.96815490722656
599,player,111,0,610.1068115234375,429.98553466796875,460.45880126953125,554.029052734375
599,player,125,-1,715.20751953125,337.806884765625,642.9854125976562,292.81658935546875
599,player,99,0,1189.923828125,473.686279296875,906.924560546875,788.5110473632812
599,player,127,1,210.86276245117188,403.103271484375,72.59109497070312,359.50372314453125
599,player,113,0,441.0169372558594,460.2470703125,297.3431396484375,579.0650024414062
599,player,124,0,976.9713745117188,391.75335693359375,826.927490234375,516.027099609375
599,player,109,0,398.9053955078125,317.5325012207031,313.0369873046875,98.88740539550781
599,player,112,0,349.9573669433594,597.2274169921875,160.15316772460938,883.444091796875
600,player,127,1,213.88400268554688,401.1556396484375,75.32386779785156,353.6553649902344
600,player,111,0,611.1713256835938,427.80352783203125,460.10040283203125,550.1480712890625
600,player,125,-1,715.3006591796875,336.33709716796875,641.01318359375,292.9109191894531
600,player,113,0,438.9008483886719,459.27734375,292.4731750488281,579.794677734375
600,player,99,0,1185.240478515625,476.018798828125,901.56201171875,791.6968383789062
600,player,112,0,351.8708190917969,601.5116577148438,160.77130126953125,882.4754638671875
600,player,124,0,981.6159057617188,391.00421142578125,826.1146850585938,525.7869873046875
600,player,109,0,400.2253723144531,321.78973388671875,313.502685546875,106.96662139892578
600,player,128,0,27.75591278076172,572.4512329101562,-95.90337371826172,754.1162719726562
601,player,127,1,213.96737670898438,401.15191650390625,77.1313247680664,349.8592529296875
601,player,111,0,611.1503295898438,427.8094177246094,459.85931396484375,547.6290893554688
601,player,125,-1,715.3109130859375,336.499267578125,639.6755981445312,293.1699523925781
601,player,99,0,1185.21142578125,475.97259521484375,898.086669921875,793.7313232421875
601,player,112,0,351.8945007324219,601.5211791992188,161.1788787841797,881.853759765625
601,player,113,0,438.6176452636719,459.21978759765625,289.2253112792969,580.189453125
601,player,109,0,400.548583984375,322.51593017578125,313.78204345703125,113.27743530273438
601,player,124,0,981.654541015625,392.7364196777344,824.8826904296875,533.796142578125
601,player,128,0,27.714496612548828,572.5095825195312,-99.92402648925781,754.2149658203125
601,player,95,1,983.130859375,318.08648681640625,892.493408203125,350.28057861328125
