frame,object_type,track_id,team_id,frame_x,frame_y,court_x,court_y
0,player,1,-1,923.267578125,509.915771484375,696.665283203125,824.82666015625
0,player,2,-1,271.0465087890625,376.51861572265625,280.4057922363281,312.7941589355469
0,player,3,-1,200.8380126953125,496.6480712890625,160.44610595703125,601.2771606445312
0,player,4,-1,645.1825561523438,385.1724853515625,590.53076171875,449.7193908691406
0,player,5,-1,382.3476867675781,462.707275390625,318.14935302734375,571.3458862304688
0,player,6,-1,634.1094360351562,380.9193115234375,585.0997314453125,434.810791015625
0,player,7,-1,657.4883422851562,381.572998046875,604.2918090820312,443.6452941894531
0,player,8,-1,408.72198486328125,397.45794677734375,382.2891845703125,412.4287109375
0,player,10,-1,189.49307250976562,362.73468017578125,218.81991577148438,247.70375061035156
0,player,11,-1,390.3140869140625,442.64276123046875,336.920654296875,524.51171875
1,player,1,-1,922.835693359375,509.1343994140625,696.8026733398438,824.217041015625
1,player,2,-1,270.98150634765625,377.6512451171875,280.14019775390625,313.9226379394531
1,player,3,-1,202.96575927734375,496.8551025390625,160.9783935546875,601.645263671875
1,player,6,-1,636.8653564453125,369.271484375,589.7354736328125,423.82525634765625
1,player,5,-1,381.78546142578125,462.3570556640625,318.06976318359375,570.9964599609375
1,player,8,-1,407.41424560546875,398.7065734863281,381.5988464355469,413.4765625
1,player,10,-1,190.47410583496094,364.25152587890625,218.81414794921875,249.38485717773438
1,player,9,-1,664.346923828125,370.7032470703125,620.5145874023438,415.79901123046875
1,player,12,-1,945.5316162109375,582.923095703125,649.4733276367188,973.0435180664062
2,player,2,-1,270.93328857421875,376.53607177734375,280.1956787109375,313.533203125
2,player,5,-1,381.11248779296875,462.99981689453125,317.6971740722656,571.2439575195312
2,player,1,-1,921.9987182617188,509.59161376953125,696.5250244140625,824.0753173828125
2,player,3,-1,205.12796020507812,497.638427734375,161.7747802734375,602.7192993164062
2,player,9,-1,667.6297607421875,374.15362548828125,620.3290405273438,419.49615478515625
2,player,6,-1,637.4656982421875,368.29510498046875,593.253173828125,415.79156494140625
2,player,10,-1,192.51275634765625,362.2928466796875,219.81512451171875,248.66078186035156
2,player,8,-1,405.2675476074219,397.55987548828125,380.80828857421875,412.84796142578125
2,player,12,-1,945.2823486328125,582.83056640625,649.4383544921875,972.9622802734375
3,player,2,-1,271.2789611816406,377.45721435546875,280.1341552734375,314.24017333984375
3,player,1,-1,921.1027221679688,509.056396484375,696.2805786132812,823.5091552734375
3,player,3,-1,205.22238159179688,498.50103759765625,162.18167114257812,604.119140625
3,player,9,-1,667.9520263671875,378.7225646972656,618.7684326171875,426.3299560546875
3,player,5,-1,380.16058349609375,463.11102294921875,317.17071533203125,571.4053955078125
3,player,8,-1,405.21514892578125,398.57843017578125,380.027587890625,413.3996887207031
3,player,10,-1,193.18304443359375,362.75225830078125,220.57608032226562,248.74017333984375
3,player,6,-1,637.82421875,370.2811584472656,594.988037109375,412.5530090332031
3,player,13,-1,239.98812866210938,281.1463317871094,316.802001953125,0.10149405896663666
4,player,2,-1,271.79290771484375,376.94073486328125,280.35931396484375,314.23651123046875
4,player,1,-1,921.2828979492188,509.6527099609375,695.977783203125,823.5926513671875
4,player,3,-1,206.2500762939453,498.11083984375,162.780029296875,604.81298828125
4,player,9,-1,667.5885620117188,372.55670166015625,619.7218017578125,424.79071044921875
4,player,5,-1,378.33319091796875,462.87786865234375,316.37744140625,571.1359252929688
4,player,8,-1,406.3807678222656,399.80242919921875,379.55755615234375,415.0370788574219
4,player,10,-1,195.65469360351562,359.661865234375,222.43838500976562,245.83334350585938
4,player,6,-1,640.2176513671875,365.55712890625,598.4090576171875,406.065185546875
4,player,12,-1,941.5637817382812,579.8342895507812,649.3595581054688,970.6561279296875
5,player,3,-1,207.3871612548828,497.6217041015625,163.5477294921875,604.9786376953125
5,player,2,-1,269.9102478027344,376.1067199707031,280.12713623046875,313.19775390625
5,player,1,-1,921.232177734375,509.88409423828125,695.6934204101562,823.810546875
5,player,9,-1,675.9796142578125,356.5260314941406,628.4115600585938,408.89678955078125
5,player,8,-1,407.60638427734375,401.389892578125,379.2173156738281,417.7257385253906
5,player,5,-1,377.79840087890625,462.5064697265625,315.79388427734375,570.5962524414062
5,player,10,-1,207.6220703125,357.181884765625,227.78076171875,242.634033203125
5,player,12,-1,941.5751953125,580.278564453125,649.1830444335938,969.4442138671875
5,player,13,-1,230.00045776367188,322.0531005859375,303.68951416015625,47.13975143432617
5,player,6,-1,642.958251953125,366.048095703125,601.293212890625,402.6258544921875
6,player,9,-1,688.0807495117188,401.789794921875,622.3231811523438,443.1200256347656
6,player,1,-1,920.690673828125,509.18817138671875,695.58935546875,823.3944091796875
6,player,3,-1,203.87310791015625,497.29461669921875,163.16610717773438,604.4908447265625
6,player,2,-1,272.1541442871094,375.29150390625,280.8220520019531,311.9409484863281
6,player,8,-1,404.89715576171875,402.017578125,378.05560302734375,419.7841796875
6,player,12,-1,945.9295043945312,581.5421142578125,649.7809448242188,969.8533935546875
6,player,5,-1,388.2386474609375,462.79132080078125,318.2140197753906,571.5044555664062
6,player,11,-1,370.10223388671875,450.25726318359375,329.6352233886719,529.1070556640625
6,player,13,-1,229.89463806152344,317.39349365234375,296.209228515625,72.4234390258789
6,player,4,-1,645.5545654296875,390.0562744140625,589.066650390625,454.3656005859375
7,player,9,-1,691.9754638671875,402.41162109375,619.2943115234375,466.33538818359375
7,player,2,1,272.46112060546875,373.1776123046875,281.8283996582031,309.0257568359375
7,player,3,0,201.35972595214844,497.3941650390625,162.235595703125,604.0159912109375
7,player,8,1,404.619140625,401.640869140625,377.31207275390625,420.73883056640625
7,player,1,-1,920.588134765625,508.78106689453125,695.6253662109375,822.8175048828125
7,player,11,-1,368.0126037597656,426.7945556640625,329.4510498046875,511.2214050292969
7,player,5,0,389.9931640625,463.173095703125,320.1858215332031,572.5866088867188
7,player,12,-1,942.28955078125,582.4627075195312,649.0048828125,970.388916015625
8,player,9,0,696.3079833984375,405.9595031738281,617.42578125,485.0951843261719
8,player,2,1,271.92626953125,373.98236083984375,282.14642333984375,307.8863525390625
8,player,8,1,403.494140625,399.26995849609375,377.08380126953125,419.0050048828125
8,player,3,0,200.25836181640625,496.99169921875,161.4015655517578,603.2792358398438
8,player,11,-1,368.0671081542969,432.2370910644531,328.13629150390625,504.4769592285156
8,player,5,0,390.16497802734375,463.09375,321.53155517578125,573.240234375
8,player,4,-1,648.4210815429688,396.59515380859375,586.8681640625,463.78289794921875
8,player,1,0,919.8794555664062,506.3924560546875,696.2303466796875,820.6297607421875
8,player,12,-1,938.3028564453125,582.2427978515625,647.57861328125,970.2442626953125
8,player,13,-1,230.47457885742188,313.3516845703125,292.47332763671875,84.30138397216797
9,player,9,0,696.8479614257812,405.7916564941406,616.422119140625,497.19281005859375
9,player,2,1,271.7042541503906,372.33795166015625,282.6476745605469,305.46087646484375
9,player,11,-1,366.8348388671875,426.82830810546875,328.1355285644531,495.12335205078125
9,player,8,1,401.35986328125,399.43121337890625,376.27484130859375,417.8094177246094
9,player,12,0,937.1707763671875,580.44482421875,646.8875732421875,968.8944091796875
9,player,3,0,199.8641357421875,497.10406494140625,160.73724365234375,602.853515625
9,player,5,0,391.9152526855469,462.71435546875,322.9671325683594,573.5174560546875
9,player,1,0,918.3397216796875,504.4342041015625,696.848876953125,817.62548828125
9,player,13,-1,232.36141967773438,302.7646484375,293.159912109375,79.94024658203125
9,player,4,-1,652.01513671875,396.20098876953125,586.6141357421875,469.91265869140625
10,player,9,0,697.9404296875,400.382080078125,617.857421875,500.246826171875
10,player,2,1,271.49261474609375,370.8707275390625,283.2330322265625,302.37481689453125
10,player,8,1,399.25616455078125,403.9521484375,374.03607177734375,421.07342529296875
10,player,12,0,934.8056640625,581.478759765625,645.5568237304688,968.473388671875
10,player,5,0,390.811279296875,463.14849853515625,323.5046691894531,573.954345703125
10,player,11,-1,365.864013671875,409.086181640625,331.8837585449219,472.691162109375
10,player,3,0,199.29830932617188,497.6798095703125,160.06532287597656,602.9864501953125
10,player,1,0,917.3967895507812,503.85443115234375,697.1890258789062,815.1572265625
10,player,4,-1,654.28515625,398.45068359375,586.3951416015625,476.213134765625
10,player,13,-1,227.96762084960938,320.1375427246094,288.1224365234375,96.64302062988281
11,player,9,0,708.4656372070312,404.8634033203125,620.3703002929688,507.39898681640625
11,player,2,1,271.378173828125,371.4219055175781,283.45794677734375,300.91583251953125
11,player,8,1,398.680908203125,408.7734375,371.25164794921875,427.6369323730469
11,player,7,-1,661.8078002929688,397.67169189453125,600.32763671875,459.20159912109375
11,player,5,0,389.1888427734375,462.9886474609375,323.44403076171875,573.9457397460938
11,player,3,0,198.99765014648438,498.15350341796875,159.47494506835938,603.4252319335938
11,player,11,-1,367.5979309082031,435.850830078125,328.7889099121094,482.59503173828125
11,player,12,0,934.0648193359375,584.7731323242188,643.5684814453125,970.246826171875
11,player,1,0,916.318115234375,502.94427490234375,697.4190673828125,812.7805786132812
12,player,9,0,705.6419677734375,409.64093017578125,619.6234741210938,516.0647583007812
12,player,2,1,271.27783203125,370.5732421875,283.760986328125,299.09564208984375
12,player,7,-1,663.68896484375,398.830810546875,597.9278564453125,470.5772705078125
12,player,5,0,387.371337890625,463.163330078125,322.8695373535156,573.9093627929688
12,player,3,0,198.79403686523438,497.33233642578125,159.1653289794922,603.0308227539062
12,player,12,0,932.9617919921875,585.2120361328125,641.8793334960938,971.5830078125
12,player,11,0,359.30938720703125,404.94183349609375,331.37188720703125,459.99456787109375
12,player,1,0,915.889892578125,463.10101318359375,710.8081665039062,780.733642578125
12,player,15,-1,916.394775390625,496.33367919921875,704.0482788085938,794.37744140625
13,player,9,0,705.482666015625,411.76068115234375,618.4036254882812,523.5799560546875
13,player,7,-1,666.929443359375,396.9677734375,597.911865234375,476.5894775390625
13,player,8,1,396.78399658203125,412.7125244140625,367.95513916015625,435.3555908203125
13,player,2,1,271.59783935546875,371.52520751953125,283.84405517578125,298.9124450683594
13,player,3,0,199.119384765625,497.72222900390625,158.989501953125,603.118896484375
13,player,11,0,365.9686584472656,420.11419677734375,331.50006103515625,460.036376953125
13,player,12,0,934.5084228515625,585.2718505859375,641.1455688476562,972.6258544921875
13,player,15,-1,913.7964477539062,489.4517822265625,705.6183471679688,788.9625854492188
14,player,9,0,720.0252075195312,413.11810302734375,621.350341796875,531.1653442382812
14,player,7,-1,669.195556640625,400.966552734375,597.275634765625,484.41229248046875
14,player,2,1,275.0107421875,371.1881103515625,284.9930114746094,298.81494140625
14,player,5,0,390.33392333984375,463.6446533203125,323.2041320800781,574.57861328125
14,player,11,0,349.380859375,397.86376953125,331.8858642578125,437.60113525390625
14,player,12,0,935.5999145507812,584.9105834960938,641.04052734375,973.1689453125
14,player,3,0,199.19754028320312,497.52301025390625,158.92706298828125,603.0233154296875
14,player,15,-1,911.259765625,473.51690673828125,711.29541015625,772.9808959960938
14,player,16,-1,345.59088134765625,329.37493896484375,377.692626953125,194.58412170410156
14,player,8,1,400.0612487792969,402.99072265625,369.0950012207031,431.65899658203125
14,ball,-1,-1,169.31471252441406,387.1545715332031,188.31651306152344,312.5093994140625
15,player,9,0,724.1017456054688,412.14105224609375,624.7584228515625,535.6429443359375
15,player,7,-1,671.7662353515625,402.6876220703125,597.0573120117188,491.3376159667969
15,player,5,0,390.2547607421875,464.1329345703125,323.2953796386719,575.4151611328125
15,player,11,0,348.3447265625,398.0863342285156,331.783447265625,423.123046875
15,player,12,0,936.223876953125,586.1342163085938,640.7777099609375,974.3582153320312
15,player,2,1,274.7297058105469,368.8397216796875,286.1763610839844,296.3348388671875
15,player,10,-1,220.8008270263672,352.5743408203125,236.22647094726562,237.12091064453125
15,player,3,0,199.15692138671875,496.96282958984375,158.96322631835938,602.5065307617188
15,player,16,-1,345.1974182128906,333.7171630859375,376.42791748046875,199.28176879882812
15,player,15,-1,908.047607421875,471.47613525390625,714.8058471679688,760.6903076171875
15,ball,-1,-1,169.19076538085938,385.0536804199219,188.3964385986328,312.0286560058594
16,player,9,0,724.5479125976562,413.81085205078125,626.55322265625,540.085205078125
16,player,5,0,389.098876953125,464.65948486328125,322.92596435546875,576.287109375
16,player,7,-1,673.480712890625,399.8033142089844,598.3409423828125,493.37548828125
16,player,2,1,275.5777282714844,367.30078125,287.54266357421875,293.2431640625
16,player,12,0,936.33447265625,586.2606811523438,640.59814453125,975.2215576171875
16,player,11,0,347.8226623535156,400.31842041015625,331.05133056640625,415.78271484375
16,player,10,0,222.03866577148438,349.97357177734375,242.64935302734375,230.91053771972656
16,player,3,0,199.24609375,496.63873291015625,159.0610809326172,601.91796875
16,player,16,-1,345.3406982421875,343.13800048828125,373.2079772949219,212.4910888671875
16,ball,-1,-1,169.55184936523438,383.710693359375,188.5509490966797,311.2885437011719
17,player,7,1,677.67236328125,394.9009704589844,601.990478515625,490.6138000488281
17,player,9,0,729.8147583007812,414.27276611328125,629.0802001953125,543.9215087890625
17,player,5,0,386.1375732421875,465.1275634765625,321.77655029296875,576.9569702148438
17,player,2,1,277.4468688964844,366.34832763671875,289.2052917480469,290.4593200683594
17,player,3,0,200.960205078125,497.40350341796875,159.45986938476562,602.3133544921875
17,player,12,0,933.1104736328125,587.5272216796875,639.3284912109375,976.3064575195312
17,player,10,0,223.6127166748047,345.71295166015625,248.22454833984375,222.49041748046875
17,player,11,0,347.51861572265625,397.64166259765625,331.1028747558594,408.4310302734375
17,player,15,-1,905.8643188476562,478.0675048828125,714.2681884765625,757.6092529296875
17,ball,-1,-1,170.78805541992188,381.9742431640625,188.8501434326172,310.23992919921875
18,player,7,1,678.9219360351562,384.9100341796875,608.030517578125,479.6004333496094
18,player,9,0,730.0851440429688,412.21697998046875,631.4788208007812,544.615234375
18,player,5,0,383.8394775390625,465.42767333984375,320.3376770019531,577.41943359375
18,player,3,0,201.27293395996094,498.161376953125,159.68338012695312,603.2091674804688
18,player,2,1,276.5841979980469,364.6817626953125,290.4004821777344,286.84857177734375
18,player,12,0,934.58544921875,586.9013671875,639.0435791015625,976.74267578125
18,player,10,0,225.38973999023438,345.69012451171875,252.39878845214844,217.1868896484375
18,player,15,-1,905.968505859375,475.64862060546875,714.7604370117188,753.7449951171875
18,player,11,0,354.24560546875,416.96270751953125,328.68658447265625,422.4419860839844
18,player,17,-1,338.44757080078125,325.85052490234375,373.96588134765625,181.22225952148438
18,ball,-1,-1,171.11045837402344,380.9681091308594,189.19000244140625,309.05206298828125
19,player,9,0,727.6630249023438,411.564697265625,632.556640625,544.2364501953125
19,player,7,1,683.7088012695312,380.9578857421875,614.70068359375,469.19775390625
19,player,2,1,274.865478515625,363.2607421875,290.9788513183594,282.85540771484375
19,player,5,0,382.681640625,465.6562194824219,319.03765869140625,577.7984008789062
19,player,10,0,225.9204864501953,342.00677490234375,256.0789794921875,209.82846069335938
19,player,3,0,203.45004272460938,498.07720947265625,160.41905212402344,603.9296875
19,player,12,0,933.7073974609375,587.0791625976562,638.5918579101562,977.062255859375
19,player,16,-1,347.9013671875,407.21990966796875,356.4265441894531,285.3907470703125
19,player,15,-1,906.83251953125,477.0501708984375,714.842529296875,752.402099609375
19,player,14,-1,357.19512939453125,462.89154052734375,298.35565185546875,564.7720947265625
19,ball,-1,-1,171.0780487060547,380.35821533203125,189.52645874023438,307.8182678222656
20,player,7,1,687.8896484375,381.62451171875,620.05029296875,463.5113525390625
20,player,3,0,201.39996337890625,498.5159912109375,160.2850341796875,604.5565795898438
20,player,9,0,728.33544921875,412.41168212890625,633.1709594726562,544.8140869140625
20,player,12,0,932.3326416015625,588.8907470703125,637.4476928710938,978.3017578125
20,player,2,1,274.9591064453125,362.46844482421875,291.561279296875,279.4529113769531
20,player,5,0,381.1114501953125,467.23052978515625,317.4317626953125,579.206298828125
20,player,10,0,224.8950958251953,343.00787353515625,257.9364013671875,206.0149383544922
20,player,16,-1,345.7181091308594,409.113525390625,344.46142578125,334.3226318359375
20,player,15,0,908.537353515625,473.47113037109375,716.5670776367188,748.917236328125
20,player,14,-1,356.8737487792969,464.10565185546875,298.0176696777344,565.7625732421875
20,ball,-1,-1,171.9278564453125,379.38726806640625,189.93502807617188,306.4801330566406
21,player,9,0,730.7021484375,415.65692138671875,633.180908203125,548.3123168945312
21,player,3,0,201.3474578857422,499.101806640625,160.09242248535156,605.42919921875
21,player,12,0,930.5845947265625,587.1375732421875,636.76953125,977.8385009765625
21,player,7,1,688.6222534179688,381.1082763671875,623.9197387695312,459.4017639160156
21,player,2,1,276.5042724609375,362.23687744140625,292.4583740234375,277.1682434082031
21,player,5,0,382.0020751953125,467.43963623046875,316.5868225097656,580.38232421875
21,player,10,0,225.80662536621094,337.25384521484375,260.68988037109375,197.38743591308594
21,player,15,0,909.069091796875,470.24212646484375,718.9310302734375,744.18310546875
21,player,11,0,350.15240478515625,437.78375244140625,321.39599609375,449.89801025390625
21,player,18,-1,330.5245361328125,325.2471618652344,367.3204345703125,176.7890167236328
21,ball,-1,-1,173.772216796875,379.8631896972656,190.41552734375,305.4031677246094
22,player,9,0,735.39697265625,416.3451232910156,634.306396484375,551.673828125
22,player,3,0,202.48231506347656,499.68048095703125,160.1773223876953,606.5673828125
22,player,2,1,277.04803466796875,362.29278564453125,293.19293212890625,275.7993469238281
22,player,7,1,689.1176147460938,389.29901123046875,623.8245239257812,464.5099182128906
22,player,5,0,381.6038818359375,467.5331115722656,315.9093322753906,581.1859741210938
22,player,12,0,930.16552734375,587.3599853515625,636.1627197265625,977.642333984375
22,player,15,0,908.925537109375,471.6772155761719,719.939453125,742.2139892578125
22,player,16,-1,341.8796081542969,410.97344970703125,335.1622009277344,367.46881103515625
22,player,14,-1,359.994140625,465.61505126953125,298.34039306640625,567.9774780273438
22,player,18,-1,330.322509765625,329.43463134765625,366.1667175292969,181.3865966796875
23,player,9,0,742.6292114257812,419.84173583984375,635.95458984375,557.672119140625
23,player,3,0,203.17166137695312,501.2408447265625,160.171142578125,608.6204833984375
23,player,7,1,690.45654296875,399.4932861328125,620.7825927734375,477.41314697265625
23,player,16,-1,338.6865234375,403.4852294921875,329.87591552734375,381.6630554199219
23,player,5,0,384.29339599609375,468.3031921386719,316.03985595703125,582.61083984375
23,player,2,1,274.83453369140625,361.3486328125,293.2152099609375,273.6961669921875
23,player,12,0,929.08203125,585.5836181640625,636.0040893554688,976.2861938476562
23,player,15,0,908.0775146484375,475.76153564453125,718.98046875,744.029541015625
24,player,9,0,747.23046875,417.7196044921875,639.042724609375,560.1761474609375
24,player,3,0,203.9638671875,501.71923828125,160.30184936523438,610.41162109375
24,player,16,0,338.30780029296875,404.99176025390625,325.9909973144531,392.27154541015625
24,player,5,0,385.18499755859375,467.86688232421875,316.4598693847656,583.2605590820312
24,player,7,1,692.1209716796875,394.0923767089844,621.0715942382812,480.99462890625
24,player,2,1,275.0997009277344,360.51727294921875,293.4975891113281,271.4969787597656
24,player,12,0,929.1532592773438,585.6907348632812,635.88818359375,975.4793701171875
24,player,10,0,242.5332489013672,332.7415771484375,268.6864013671875,188.67803955078125
25,player,9,0,747.208251953125,417.9734802246094,640.9593505859375,562.0247192382812
25,player,3,0,203.93795776367188,501.60345458984375,160.39804077148438,611.48095703125
25,player,16,0,338.281494140625,405.1719055175781,323.4176940917969,399.33404541015625
25,player,5,0,385.2120361328125,468.1307373046875,316.68450927734375,583.9051513671875
25,player,7,1,692.1170043945312,394.3812561035156,621.1625366210938,483.58978271484375
25,player,2,1,275.1602783203125,360.49273681640625,293.70501708984375,270.0486145019531
25,player,12,0,929.044921875,585.6945190429688,635.7850341796875,974.9478759765625
25,player,10,0,242.28466796875,332.5818176269531,273.8433532714844,182.81350708007812
26,player,9,0,758.461669921875,414.93023681640625,646.4462890625,561.6928100585938
26,player,3,0,204.190185546875,501.83917236328125,160.4904022216797,612.387939453125
26,player,5,0,382.4716491699219,469.61956787109375,315.7705383300781,585.2952270507812
26,player,2,1,283.5059814453125,359.22088623046875,296.6544189453125,268.68695068359375
26,player,7,1,700.271728515625,397.71893310546875,622.4977416992188,489.2047119140625
26,player,16,0,336.68072509765625,405.89923095703125,321.11907958984375,404.4443359375
26,player,12,0,926.070068359375,584.62841796875,635.28662109375,973.6588134765625
27,player,9,0,761.5986328125,406.63848876953125,653.7354125976562,554.4169311523438
27,player,3,0,203.92581176757812,501.75396728515625,160.49388122558594,612.8845825195312
27,player,7,1,703.4927978515625,399.2265625,623.8046264648438,494.5724182128906
27,player,5,0,383.59820556640625,469.5103454589844,315.50604248046875,586.2174682617188
27,player,2,1,286.81756591796875,362.7857666015625,298.7560729980469,271.843994140625
27,player,16,0,338.3544921875,404.5732421875,320.4066467285156,406.68975830078125
27,player,12,0,925.4976806640625,584.8153076171875,634.7686157226562,972.89013671875
28,player,9,0,765.618896484375,407.40252685546875,659.373291015625,550.7865600585938
28,player,3,0,203.51336669921875,501.54052734375,160.4204559326172,612.9981689453125
28,player,7,1,704.7574462890625,399.64923095703125,624.8822021484375,498.5796203613281
28,player,2,1,288.7315673828125,362.58795166015625,300.744873046875,273.8978271484375
28,player,5,0,381.9982604980469,468.06689453125,315.20196533203125,585.461669921875
28,player,16,0,338.99664306640625,403.540771484375,320.36212158203125,407.24114990234375
28,player,12,0,925.8701171875,584.0333251953125,634.7451171875,971.9224853515625
29,player,3,0,202.82623291015625,495.719970703125,161.10333251953125,608.3359375
29,player,9,0,768.7325439453125,407.58294677734375,663.8756103515625,548.9088134765625
29,player,7,1,705.1546630859375,411.11590576171875,621.9365234375,511.604248046875
29,player,2,1,291.06781005859375,363.4953918457031,302.533935546875,276.4175109863281
29,player,5,0,381.3730163574219,468.04644775390625,314.83819580078125,584.8926391601562
29,player,16,0,339.4064636230469,409.4085998535156,319.135009765625,413.1531982421875
29,player,12,0,927.153564453125,583.6959228515625,635.1421508789062,971.1903076171875
30,player,9,0,773.01220703125,402.5650634765625,669.7821655273438,543.6181030273438
30,player,3,0,202.68768310546875,495.43133544921875,161.55587768554688,605.0594482421875
30,player,7,1,707.0225830078125,401.2418212890625,623.799072265625,511.3403015136719
30,player,5,0,380.61859130859375,467.9476623535156,314.4168701171875,584.3671875
30,player,2,1,289.88623046875,361.325927734375,303.839111328125,275.6929016113281
30,player,16,0,337.44598388671875,409.2918701171875,317.7986145019531,416.68585205078125
30,player,12,0,926.5608520507812,583.8212890625,635.2183837890625,970.7425537109375
31,player,9,0,778.1370239257812,405.8367919921875,673.9661865234375,543.653564453125
31,player,7,1,714.7469482421875,404.701416015625,626.1055908203125,515.1112060546875
31,player,3,0,202.55255126953125,494.6756591796875,161.93325805664062,602.3065795898438
31,player,5,0,376.51898193359375,468.8734130859375,312.83197021484375,584.3977661132812
31,player,2,1,289.29693603515625,361.38232421875,304.4964599609375,275.216796875
31,player,16,0,333.6361999511719,410.785888671875,315.5018310546875,419.98553466796875
31,player,12,0,928.34765625,584.9828491210938,635.3794555664062,971.3526611328125
32,player,9,0,780.8544311523438,403.34820556640625,678.3433227539062,541.7196044921875
32,player,7,1,717.312744140625,404.17010498046875,628.524658203125,517.345947265625
32,player,5,0,374.7352294921875,469.09088134765625,311.2706298828125,584.42529296875
32,player,3,0,202.67822265625,492.51318359375,162.5538787841797,598.7779541015625
32,player,2,1,288.4376525878906,361.977783203125,304.52740478515625,275.4295654296875
32,player,16,0,333.07342529296875,411.0327453613281,313.79254150390625,422.30267333984375
32,player,12,0,928.9393310546875,585.733642578125,635.4173583984375,972.28125
32,player,15,0,896.392333984375,489.36944580078125,710.6913452148438,754.5123291015625
33,player,9,0,784.1270141601562,401.9174499511719,682.64208984375,539.510009765625
33,player,7,1,718.5033569335938,398.5429382324219,632.3240966796875,513.795654296875
33,player,5,0,374.0882263183594,467.48553466796875,310.41412353515625,583.0435180664062
33,player,3,0,203.08819580078125,493.33367919921875,162.93655395507812,597.1884765625
33,player,2,1,288.2028503417969,361.1559753417969,304.66534423828125,274.69415283203125
33,player,16,0,331.7989196777344,411.328857421875,312.249755859375,423.9540710449219
33,player,15,0,896.337158203125,491.90863037109375,704.4615478515625,763.2392578125
33,player,12,0,927.9891357421875,585.8165283203125,635.1843872070312,972.8541870117188
34,player,5,0,373.33306884765625,467.24322509765625,309.70196533203125,581.8697509765625
34,player,7,1,719.2213134765625,397.25762939453125,635.4360961914062,510.38385009765625
34,player,3,0,203.90020751953125,491.98919677734375,163.6148223876953,595.1419677734375
34,player,2,1,287.77099609375,363.638916015625,304.0556335449219,276.7289733886719
34,player,16,0,330.67236328125,410.24981689453125,311.1605529785156,423.9061279296875
34,player,9,0,786.8900146484375,400.56768798828125,686.7169189453125,537.13916015625
34,player,15,0,895.3587646484375,491.1314697265625,700.4033203125,768.2322998046875
34,player,12,0,927.33935546875,585.8189086914062,634.8721923828125,973.1709594726562
35,player,5,0,372.3564453125,467.96807861328125,308.8217468261719,581.6163330078125
35,player,3,0,205.543701171875,493.35418701171875,164.2767333984375,595.0748901367188
35,player,2,1,287.3912048339844,363.7156677246094,303.5273132324219,278.08978271484375
35,player,7,1,720.2601318359375,394.69281005859375,638.6302490234375,505.91351318359375
35,player,9,0,790.6030883789062,408.23114013671875,687.7417602539062,542.8674926757812
35,player,16,0,329.9707336425781,410.2220153808594,310.2567443847656,423.777099609375
35,player,15,0,895.706787109375,489.78448486328125,698.2972412109375,770.4928588867188
35,player,12,0,926.4312744140625,584.913818359375,634.7015380859375,972.71826171875
36,player,2,1,293.2217712402344,362.17547607421875,305.2961730957031,278.0148620605469
36,player,3,0,205.86346435546875,493.792236328125,164.72250366210938,595.416259765625
36,player,9,0,795.5603637695312,408.96575927734375,689.5814819335938,547.755126953125
36,player,5,0,372.7197265625,467.3121337890625,308.4852600097656,580.93994140625
36,player,7,1,722.06201171875,396.34747314453125,640.6721801757812,504.71954345703125
36,player,16,0,330.74676513671875,414.14166259765625,309.03204345703125,427.4171142578125
36,player,15,0,894.172119140625,490.64678955078125,696.2368774414062,772.4678955078125
36,player,12,0,926.65966796875,584.1756591796875,634.85595703125,971.9714965820312
37,player,5,0,370.37841796875,468.64697265625,307.350830078125,581.3853149414062
37,player,3,0,205.3621368408203,493.10247802734375,164.9883575439453,595.0320434570312
37,player,2,1,291.63037109375,365.3820495605469,305.2291564941406,281.08978271484375
37,player,9,0,798.52783203125,408.93218994140625,691.6455078125,551.207275390625
37,player,16,0,327.32391357421875,411.5462341308594,307.8211669921875,427.0225830078125
37,player,7,1,723.006591796875,396.2518005371094,642.3078002929688,503.9537353515625
37,player,15,0,893.853271484375,495.13165283203125,693.3599853515625,777.096923828125
38,player,5,0,370.4184265136719,467.4937744140625,306.86370849609375,580.7175903320312
38,player,9,0,799.6466064453125,408.46221923828125,693.4756469726562,553.1478881835938
38,player,16,0,326.31439208984375,412.0777587890625,306.6278076171875,427.1575622558594
38,player,3,0,204.5528564453125,492.84356689453125,164.9867401123047,594.4955444335938
38,player,2,1,293.25885009765625,358.09613037109375,307.35943603515625,275.74713134765625
38,player,7,1,725.060546875,393.84490966796875,644.79052734375,501.4515380859375
38,player,15,0,892.92431640625,499.62017822265625,689.8016967773438,783.3692016601562
39,player,5,0,370.5465087890625,466.7835693359375,306.72967529296875,579.703125
39,player,9,0,803.8445434570312,411.2508544921875,694.8934326171875,557.316162109375
39,player,16,0,324.67486572265625,411.57354736328125,305.49102783203125,426.60809326171875
39,player,3,0,204.80184936523438,493.31878662109375,164.9765625,594.5556030273438
39,player,7,1,726.5985717773438,395.1891784667969,646.3959350585938,501.2254333496094
39,player,15,0,894.1242065429688,501.724609375,687.1349487304688,789.1217651367188
39,player,2,1,303.77044677734375,358.876708984375,311.7461853027344,274.218017578125
39,player,12,0,918.4227905273438,584.39990234375,632.861328125,970.9044189453125
40,player,9,0,810.239501953125,414.127197265625,696.64208984375,563.21875
40,player,5,0,370.38360595703125,467.08251953125,306.53594970703125,579.2775268554688
40,player,16,0,319.8865966796875,417.657470703125,302.0645751953125,431.39715576171875
40,player,3,0,204.5567169189453,493.521484375,164.87252807617188,594.7355346679688
40,player,7,1,728.218017578125,398.42333984375,646.8126831054688,504.2163391113281
40,player,15,0,894.1744384765625,505.77593994140625,684.1278076171875,795.8563232421875
41,player,9,0,818.781494140625,415.15802001953125,699.8670654296875,568.8342895507812
41,player,5,0,370.5594177246094,467.12603759765625,306.44891357421875,579.0543212890625
41,player,16,0,316.24285888671875,418.12689208984375,298.69610595703125,434.57147216796875
41,player,3,0,204.74024963378906,494.58599853515625,164.68507385253906,595.7310791015625
41,player,7,1,731.5377197265625,409.33709716796875,644.37890625,516.3837280273438
41,player,15,0,892.6806640625,506.990966796875,681.395263671875,800.986083984375
41,player,2,1,304.080322265625,376.41748046875,310.6278076171875,291.1173095703125
42,player,9,0,823.399658203125,413.40399169921875,703.911376953125,571.4161376953125
42,player,5,0,371.8282470703125,467.51239013671875,306.6580810546875,579.3550415039062
42,player,16,0,321.78985595703125,408.7762451171875,300.11566162109375,428.518310546875
42,player,3,0,206.47564697265625,496.6544189453125,164.6970672607422,598.2110595703125
42,player,7,1,733.9317626953125,398.420654296875,647.1682739257812,514.6600341796875
42,player,2,1,307.4610595703125,355.6077880859375,315.7652587890625,281.20849609375
42,player,15,0,892.993408203125,508.73291015625,679.1526489257812,805.6265869140625
42,player,12,0,915.737548828125,586.369384765625,630.3499755859375,971.235107421875
43,player,5,0,372.270263671875,466.04962158203125,307.21954345703125,578.3717041015625
43,player,3,0,206.89434814453125,497.36395263671875,164.7038116455078,600.4335327148438
43,player,9,0,828.6854858398438,411.93341064453125,708.5855102539062,572.3408813476562
43,player,7,1,736.1078491210938,399.9228820800781,649.1036376953125,515.1371459960938
43,player,16,0,320.5423889160156,409.69830322265625,300.4778747558594,425.31884765625
43,player,2,1,311.0650634765625,368.25408935546875,317.208984375,288.1738586425781
43,player,12,0,914.1592407226562,586.5341796875,628.2828369140625,971.4166259765625
43,player,15,0,892.376953125,509.27325439453125,677.3629150390625,808.9802856445312
43,player,10,0,226.7740478515625,281.99102783203125,284.32208251953125,118.35964965820312
44,player,5,0,372.33746337890625,466.1357421875,307.58489990234375,577.8110961914062
44,player,7,1,736.6131591796875,403.32550048828125,649.3538208007812,518.59130859375
44,player,9,0,823.9820556640625,411.87420654296875,710.2911987304688,572.4075317382812
44,player,3,0,207.60458374023438,497.313720703125,164.90457153320312,601.9049682617188
44,player,15,0,892.104736328125,507.2659912109375,676.7595825195312,809.6643676757812
44,player,17,-1,312.97528076171875,408.6727294921875,346.52288818359375,262.83935546875
44,player,12,0,912.5330810546875,586.506103515625,626.5466918945312,971.373779296875
44,player,16,0,320.989990234375,393.11669921875,304.5140075683594,407.52496337890625
45,player,7,1,737.5305786132812,400.37030029296875,650.7859497070312,518.2476806640625
45,player,9,0,826.5941162109375,411.00244140625,712.4638671875,571.94921875
45,player,5,0,373.4503479003906,466.11993408203125,308.1295471191406,577.5418701171875
45,player,15,0,891.6717529296875,507.47705078125,676.1868286132812,810.22314453125
45,player,3,0,207.7655029296875,497.6533203125,165.02403259277344,603.1495971679688
45,player,17,-1,314.69952392578125,409.63250732421875,328.9742736816406,316.96661376953125
45,player,12,0,913.7515869140625,586.6981811523438,625.6644897460938,971.5758056640625
45,player,16,0,324.54547119140625,396.66546630859375,307.3785705566406,399.7442932128906
46,player,7,1,738.526611328125,400.5173645019531,651.95654296875,518.2614135742188
46,player,15,0,891.0782470703125,508.104248046875,675.4608154296875,810.990478515625
46,player,5,0,373.4970703125,466.45440673828125,308.4264221191406,577.6509399414062
46,player,9,0,822.1190185546875,409.1112060546875,713.2637939453125,569.517578125
46,player,3,0,207.6353759765625,498.45355224609375,164.9407196044922,604.5888671875
46,player,17,-1,317.0069580078125,409.9765930175781,318.1575927734375,352.7078857421875
46,player,12,0,913.7597045898438,585.1845703125,625.5167236328125,970.739501953125
46,player,16,0,325.89520263671875,393.49884033203125,310.34857177734375,391.7815246582031
47,player,7,1,742.1165771484375,399.9302673339844,653.962646484375,518.1077270507812
47,player,5,0,372.7264404296875,465.8321838378906,308.53900146484375,577.1265869140625
47,player,15,0,889.728515625,506.8414306640625,675.0307006835938,810.4359130859375
47,player,9,0,827.3316650390625,407.8808288574219,715.7314453125,567.3807373046875
47,player,3,0,206.64498901367188,498.33447265625,164.64283752441406,605.335205078125
47,player,12,0,913.75732421875,585.176025390625,625.4224853515625,970.1902465820312
47,player,17,-1,316.95404052734375,409.4000244140625,311.23651123046875,375.39483642578125
47,player,16,0,327.20751953125,377.85491943359375,316.26458740234375,371.4159851074219
48,player,7,1,743.8009643554688,400.261474609375,655.6435546875,518.4840698242188
48,player,5,0,371.09967041015625,466.6285400390625,308.0018615722656,577.2932739257812
48,player,15,0,888.540283203125,507.61175537109375,674.1957397460938,810.5292358398438
48,player,9,0,829.13818359375,407.97174072265625,717.8245239257812,566.2584838867188
48,player,17,-1,317.8062744140625,409.8997802734375,306.87481689453125,390.6963806152344
48,player,12,0,913.2521362304688,585.35498046875,625.1865844726562,969.9034423828125
48,player,16,0,331.4804992675781,388.37860107421875,318.9314270019531,368.9881591796875
48,player,3,0,205.26263427734375,497.1142578125,164.27503967285156,604.708984375
49,player,5,0,371.655517578125,466.28887939453125,307.875244140625,577.1718139648438
49,player,7,1,744.1513671875,400.41015625,656.7871704101562,518.9003295898438
49,player,15,0,887.4918212890625,507.33807373046875,673.4627685546875,810.29052734375
49,player,17,-1,319.294189453125,410.587646484375,304.3186950683594,401.43768310546875
49,player,9,0,830.0975341796875,411.9887390136719,718.015625,569.1819458007812
49,player,12,0,912.1605224609375,587.2966918945312,624.2216796875,970.8624267578125
49,player,16,0,333.94866943359375,401.1084899902344,318.4873352050781,379.90985107421875
49,player,3,0,203.638671875,496.8836669921875,163.6413116455078,603.962646484375
49,ball,-1,-1,813.4609985351562,384.2418212890625,190.41552734375,305.4031677246094
50,player,7,1,745.0783081054688,403.5159912109375,656.7392578125,522.08447265625
50,player,5,0,371.0495910644531,466.54351806640625,307.574462890625,577.2467041015625
50,player,17,0,313.57647705078125,410.47918701171875,301.0355529785156,407.7322082519531
50,player,9,0,830.3370971679688,407.10589599609375,719.968994140625,566.782958984375
50,player,15,0,883.8280029296875,507.73126220703125,671.8978881835938,810.0797119140625
50,player,3,0,202.57247924804688,496.70977783203125,162.97373962402344,603.2366333007812
50,player,16,0,335.7979736328125,395.4478759765625,320.020751953125,381.7956848144531
50,player,12,0,912.3024291992188,587.0059814453125,623.7105712890625,971.3126220703125
50,ball,-1,-1,812.7972412109375,377.462158203125,190.41552734375,305.4031677246094
51,player,7,1,745.0172119140625,405.6563415527344,655.9630126953125,526.0796508789062
51,player,5,0,370.29638671875,466.6881103515625,307.1432800292969,577.3429565429688
51,player,17,0,309.65631103515625,410.77459716796875,297.710205078125,411.6979675292969
51,player,9,0,841.0784912109375,406.45037841796875,724.584228515625,565.7470092773438
51,player,3,0,202.83541870117188,496.150390625,162.6976318359375,602.3388671875
51,player,15,0,884.1756591796875,507.39715576171875,671.076904296875,809.7301025390625
51,player,12,0,910.5258178710938,587.6195678710938,622.7701416015625,971.8409423828125
51,player,16,0,337.19171142578125,403.50885009765625,319.5955505371094,390.8435974121094
52,player,7,1,745.49365234375,407.37939453125,655.0128173828125,530.2748413085938
52,player,5,0,367.991943359375,466.68389892578125,306.2349548339844,577.1777954101562
52,player,17,0,308.5085754394531,410.3064270019531,295.31878662109375,413.72039794921875
52,player,3,0,202.00326538085938,496.3375244140625,162.26773071289062,601.827392578125
52,player,15,0,884.6424560546875,508.8662109375,670.2064819335938,810.6239013671875
52,player,12,0,915.348876953125,588.9395141601562,622.9767456054688,973.4489135742188
52,player,16,0,337.3617858886719,404.7011413574219,319.100341796875,397.8675537109375
52,player,9,0,839.990478515625,405.3673095703125,727.6654052734375,563.9967041015625
53,player,7,1,745.4829711914062,407.1556396484375,654.4677734375,532.7997436523438
53,player,5,0,366.2273864746094,466.5958251953125,305.18121337890625,576.8251342773438
53,player,17,0,309.9477233886719,411.252685546875,293.9757080078125,416.0666198730469
53,player,3,0,199.9576416015625,496.9810791015625,161.3443145751953,601.8196411132812
53,player,15,0,880.4464111328125,503.5615234375,670.1974487304688,806.90625
53,player,16,0,351.1821594238281,408.444580078125,321.925537109375,407.36865234375
53,player,12,0,921.362060546875,587.00390625,625.1314697265625,973.78857421875
54,player,7,1,746.1957397460938,408.9791259765625,653.703369140625,536.1488037109375
54,player,17,0,311.63165283203125,413.22412109375,293.16455078125,419.6005554199219
54,player,5,0,366.32867431640625,466.6011962890625,304.5227966308594,576.6102294921875
54,player,3,0,198.91387939453125,496.7667236328125,160.50057983398438,601.5431518554688
54,player,9,0,853.8563232421875,398.17431640625,736.365234375,557.8397216796875
54,player,16,0,353.5906066894531,409.5814208984375,324.19793701171875,414.8526611328125
54,player,15,0,879.5054931640625,503.2548828125,670.0392456054688,804.1741943359375
54,player,12,0,920.275390625,586.99169921875,626.26806640625,973.9060668945312
55,player,7,1,747.2149658203125,413.9849853515625,651.8189697265625,542.8872680664062
55,player,2,1,364.4305419921875,466.82012939453125,311.7775573730469,388.9852294921875
55,player,17,0,311.5035095214844,415.21990966796875,292.17474365234375,423.7365417480469
55,player,3,0,198.49093627929688,496.4764404296875,159.88525390625,601.0894775390625
55,player,9,0,858.936767578125,405.51055908203125,740.7578735351562,560.9391479492188
55,player,15,0,882.7366943359375,517.5701904296875,666.3343505859375,813.1602783203125
56,player,7,1,747.3342895507812,414.9730224609375,650.2984008789062,548.154052734375
56,player,2,1,364.86126708984375,466.12469482421875,308.5084533691406,453.972900390625
56,player,17,0,309.9275817871094,416.444580078125,290.82000732421875,427.39727783203125
56,player,15,0,880.5389404296875,507.14190673828125,666.582275390625,811.203125
56,player,9,0,862.9676513671875,417.1626892089844,740.48828125,573.614990234375
56,player,3,0,198.380615234375,496.99786376953125,159.37454223632812,601.2042236328125
56,player,21,-1,872.070556640625,464.6749267578125,699.8276977539062,712.5545043945312
56,player,12,0,916.482666015625,585.9570922851562,626.3633422851562,972.9881591796875
57,player,7,1,746.7288208007812,414.579345703125,649.2677001953125,551.1672973632812
57,player,2,1,363.4742736816406,465.07904052734375,306.22100830078125,495.20379638671875
57,player,17,0,308.59442138671875,416.84759521484375,289.4728088378906,430.01324462890625
57,player,3,0,197.522216796875,497.82855224609375,158.68536376953125,601.8660888671875
57,player,21,-1,872.5537109375,499.7283935546875,688.5675048828125,739.56982421875
57,player,15,0,874.8496704101562,502.0260009765625,666.8438110351562,805.6170654296875
57,player,12,0,912.483642578125,585.2487182617188,625.6385498046875,971.5863037109375
58,player,7,1,746.508056640625,412.6376953125,649.1835327148438,551.381591796875
58,player,2,1,363.9071044921875,465.185302734375,304.8304748535156,522.1351318359375
58,player,3,0,197.853271484375,496.59033203125,158.51828002929688,601.330810546875
58,player,21,-1,874.400634765625,506.9324951171875,679.4814453125,762.6383666992188
58,player,17,0,309.33563232421875,420.093505859375,288.1241149902344,434.7773742675781
58,player,15,0,873.5079345703125,501.65899658203125,666.7738647460938,801.5870361328125
59,player,7,1,746.868896484375,414.7119140625,648.5389404296875,553.3968505859375
59,player,2,1,363.6256103515625,464.44061279296875,304.00390625,538.98828125
59,player,3,0,197.58555603027344,496.2392578125,158.39340209960938,600.674560546875
59,player,21,-1,874.1639404296875,506.94976806640625,673.5077514648438,777.6234130859375
59,player,17,0,311.39398193359375,422.49188232421875,287.32952880859375,440.2786865234375
59,player,12,0,905.4058837890625,588.079833984375,622.6363525390625,971.8629760742188
59,ball,-1,-1,170.53549194335938,382.63201904296875,190.5205841064453,304.9700012207031
60,player,7,1,746.5520629882812,415.84466552734375,647.6514892578125,555.6756591796875
60,player,3,0,196.97181701660156,495.0350341796875,158.33731079101562,599.2176513671875
60,player,2,1,364.095703125,464.956787109375,303.48822021484375,550.4218139648438
60,player,21,-1,875.8667602539062,497.454833984375,673.057373046875,780.4808349609375
60,player,17,0,312.05908203125,422.72552490234375,286.953125,444.13525390625
60,player,12,0,904.9996337890625,585.581787109375,621.27880859375,970.409912109375
60,ball,-1,-1,170.74609375,381.22607421875,190.69117736816406,304.25421142578125
61,player,7,1,746.378662109375,418.01763916015625,646.3031005859375,559.0537109375
61,player,3,0,197.04397583007812,494.04302978515625,158.47528076171875,597.4750366210938
61,player,21,-1,874.5146484375,497.5130615234375,672.3868408203125,782.2535400390625
61,player,2,1,364.03387451171875,465.7767333984375,302.9664001464844,558.5347900390625
61,player,17,0,310.48443603515625,422.75628662109375,286.2542724609375,446.5106201171875
61,player,12,0,903.0778198242188,582.59765625,620.7542114257812,967.3792724609375
62,player,7,1,746.372314453125,417.5394287109375,645.5834350585938,560.828125
62,player,3,0,197.08877563476562,492.51202392578125,158.8170166015625,595.1053466796875
62,player,21,-1,874.247802734375,491.5584716796875,673.7747192382812,778.9019775390625
62,player,17,0,304.6520080566406,421.36187744140625,284.4320068359375,446.1882019042969
62,player,5,0,370.24774169921875,467.5189208984375,304.97369384765625,577.6181640625
62,player,16,0,355.83917236328125,376.3460693359375,334.1410827636719,387.94219970703125
62,player,2,1,365.19921875,459.00140380859375,304.3575744628906,558.2125854492188
63,player,7,1,747.32568359375,415.93896484375,645.9207763671875,560.6681518554688
63,player,3,0,195.1687774658203,491.8408203125,158.63275146484375,592.8372192382812
63,player,21,0,880.5142822265625,464.73406982421875,685.1854858398438,756.551513671875
63,player,17,0,301.8509521484375,421.989501953125,282.31964111328125,446.2691650390625
63,player,5,0,371.6976318359375,468.99700927734375,305.35504150390625,579.6455688476562
63,player,16,0,361.7492980957031,370.18121337890625,343.88189697265625,364.9080810546875
63,player,15,0,867.9984130859375,538.2510986328125,654.1885375976562,824.7813720703125
63,player,2,1,367.9340515136719,468.6317138671875,304.00506591796875,566.3624267578125
63,player,22,-1,875.324951171875,520.3496704101562,651.5029907226562,833.5952758789062
63,player,20,-1,339.94659423828125,430.69879150390625,303.991943359375,479.94866943359375
64,player,7,1,748.9304809570312,412.76177978515625,647.6629028320312,557.9154663085938
64,player,3,0,195.36807250976562,486.9022521972656,159.3441925048828,587.34912109375
64,player,21,0,884.3430786132812,430.63299560546875,705.5657958984375,714.4776000976562
64,player,17,0,303.47900390625,422.913330078125,281.2178955078125,447.3314208984375
64,player,5,0,371.9024658203125,469.2069091796875,305.6151428222656,581.1578369140625
64,player,15,0,866.415283203125,560.6114501953125,639.17626953125,855.005126953125
64,player,20,-1,338.3414306640625,431.36761474609375,303.39593505859375,480.38653564453125
64,player,16,0,362.01959228515625,379.97320556640625,347.8899841308594,359.7268981933594
64,player,12,0,899.1549072265625,586.016357421875,618.4949951171875,967.2598876953125
65,player,7,1,752.8521728515625,410.1563720703125,650.8021240234375,554.2095336914062
65,player,21,0,886.5313720703125,427.0360107421875,720.73583984375,684.2999267578125
65,player,3,0,195.13528442382812,483.7457275390625,160.2450714111328,581.1630859375
65,player,17,0,306.14080810546875,422.8787841796875,281.2657165527344,448.25994873046875
65,player,15,0,864.9021606445312,564.7509155273438,627.8759765625,877.282958984375
65,player,2,1,369.4190673828125,471.32550048828125,303.6240234375,574.04150390625
65,player,12,0,900.33447265625,589.9869384765625,616.22021484375,969.8212890625
65,player,5,0,374.3270263671875,468.76629638671875,306.5361328125,582.009765625
65,player,16,0,362.8185119628906,424.387451171875,340.381103515625,398.42620849609375
66,player,21,0,892.465576171875,419.46173095703125,735.0676879882812,658.796875
66,player,7,1,753.4720458984375,416.31390380859375,650.9490966796875,557.3242797851562
66,player,3,0,194.1312255859375,479.164306640625,161.29180908203125,573.2505493164062
66,player,15,0,864.0947265625,573.3284912109375,617.9483032226562,897.366943359375
66,player,17,0,296.74420166015625,421.7461853027344,278.8586120605469,446.87530517578125
66,player,5,0,371.4256286621094,468.62530517578125,306.3736877441406,582.1643676757812
66,player,16,0,369.4898376464844,328.24871826171875,361.21142578125,328.5030517578125
66,player,20,-1,339.5155944824219,428.3387451171875,303.9896545410156,478.0693359375
66,player,2,1,364.73529052734375,470.23846435546875,302.32647705078125,577.6770629882812
66,player,12,0,898.895751953125,590.3104248046875,614.299560546875,971.5657958984375
67,player,21,0,897.9947509765625,429.292724609375,742.3380126953125,651.1797485351562
67,player,7,1,753.7393798828125,422.7493896484375,648.9810180664062,565.0135498046875
67,player,15,0,864.3975830078125,578.1201171875,610.255615234375,913.58349609375
67,player,3,0,193.85301208496094,477.466552734375,162.16940307617188,566.6661376953125
67,player,17,0,305.5831298828125,422.0780029296875,279.740478515625,447.17510986328125
67,player,2,1,369.267822265625,469.7830810546875,302.8100891113281,580.1015625
67,player,5,0,374.08935546875,470.07696533203125,306.6918640136719,583.7301025390625
67,player,12,0,899.7764892578125,591.8814697265625,612.835693359375,973.7750244140625
67,player,16,0,371.0548095703125,354.0527648925781,368.3746032714844,310.774169921875
67,player,20,-1,364.1160888671875,427.75634765625,311.4637145996094,478.51922607421875
68,player,21,0,902.0355834960938,429.61517333984375,748.0895385742188,646.9088745117188
68,player,7,1,755.8204345703125,421.14801025390625,648.8253173828125,568.8267211914062
68,player,15,0,864.0328369140625,580.0723876953125,604.6322631835938,925.3621826171875
68,player,3,0,193.68836975097656,474.1384582519531,163.2313690185547,559.5846557617188
68,player,5,0,364.6614990234375,469.54791259765625,304.4423522949219,583.3935546875
68,player,17,0,304.289306640625,421.7391357421875,280.0161437988281,446.92877197265625
68,player,12,0,898.0054321289062,593.3020629882812,611.061279296875,975.9564208984375
68,player,16,0,372.32757568359375,352.94744873046875,373.70526123046875,298.23834228515625
68,player,20,-1,328.495849609375,430.4721374511719,305.664794921875,477.66448974609375
68,player,23,-1,369.9534912109375,415.943603515625,337.69964599609375,450.36077880859375
69,player,21,0,903.6175537109375,428.06298828125,752.845703125,642.9786376953125
69,player,7,1,762.2503051757812,423.965576171875,649.6197509765625,574.4102172851562
69,player,15,0,863.53076171875,580.6746215820312,600.68896484375,933.3650512695312
69,player,3,0,193.84320068359375,472.75299072265625,164.187744140625,553.83203125
69,player,16,0,373.94757080078125,351.46075439453125,378.0518798828125,288.7152099609375
69,player,5,0,367.4759826660156,469.2254638671875,303.81280517578125,583.1798095703125
69,player,12,0,896.865966796875,592.7022705078125,609.7928466796875,976.894775390625
69,player,17,0,301.1812438964844,420.92352294921875,279.48004150390625,445.7060852050781
70,player,21,0,907.4495849609375,432.1451416015625,755.52392578125,644.256103515625
70,player,7,1,763.3880615234375,431.2744140625,648.04736328125,584.4522705078125
70,player,12,0,897.3817138671875,593.6546630859375,608.83447265625,978.1529541015625
70,player,3,0,195.56011962890625,472.7577209472656,165.27435302734375,550.2628173828125
70,player,2,1,374.29534912109375,470.23248291015625,304.3992919921875,582.538330078125
70,player,5,0,361.67413330078125,469.07122802734375,301.85546875,582.3492431640625
70,player,16,0,376.23724365234375,349.1744689941406,382.17669677734375,280.38067626953125
70,player,15,0,862.6046752929688,572.8760375976562,600.0303955078125,933.3905029296875
70,player,17,0,301.48162841796875,421.4656982421875,279.1044921875,445.43878173828125
71,player,21,0,915.7328491210938,438.7625732421875,757.1826171875,651.4430541992188
71,player,3,0,195.76446533203125,472.8438415527344,166.02207946777344,548.0350341796875
71,player,7,1,765.6179809570312,428.42449951171875,648.593505859375,588.7594604492188
71,player,12,0,897.034423828125,594.8729248046875,607.7942504882812,979.7105712890625
71,player,2,1,372.9608459472656,470.51702880859375,305.0102233886719,584.2288818359375
71,player,16,0,377.1372375488281,357.4674072265625,382.96588134765625,283.6879577636719
71,player,15,0,861.3007202148438,576.7763671875,598.2081298828125,935.8477783203125
71,player,17,0,300.10980224609375,422.33990478515625,278.28875732421875,445.9261779785156
71,player,20,-1,352.2062072753906,468.92034912109375,300.5116271972656,512.7192993164062
72,player,12,0,898.3212890625,595.4456787109375,607.276611328125,981.1968383789062
72,player,21,0,920.9125366210938,441.38201904296875,758.7605590820312,658.7985229492188
72,player,3,0,195.74557495117188,472.8419189453125,166.5032958984375,546.5835571289062
72,player,5,0,360.0126953125,469.97943115234375,299.94512939453125,582.40380859375
72,player,7,1,766.347900390625,422.6519470214844,651.07275390625,586.640869140625
72,player,17,0,292.82122802734375,422.1954345703125,275.71490478515625,445.3721008300781
72,player,15,0,859.0227661132812,534.386474609375,608.44873046875,908.5242919921875
72,player,16,0,377.400390625,358.5977478027344,383.2660217285156,287.0306396484375
73,player,21,0,922.5712280273438,443.98931884765625,759.304931640625,665.8900756835938
73,player,12,0,897.0984497070312,595.45263671875,606.6394653320312,982.060546875
73,player,15,0,857.744140625,530.7830810546875,615.8350219726562,888.1076049804688
73,player,3,0,195.41262817382812,472.935302734375,166.7106170654297,545.6864624023438
73,player,7,1,767.6815185546875,416.945068359375,654.9827880859375,580.41015625
73,player,17,0,295.22662353515625,421.84417724609375,274.7984619140625,444.93408203125
73,player,16,0,376.3322448730469,349.7416076660156,385.4456787109375,279.8907775878906
73,player,5,0,366.0025939941406,469.74847412109375,300.3807373046875,582.828369140625
73,player,20,-1,339.5050048828125,468.03143310546875,293.8805236816406,533.529052734375
74,player,21,0,926.1217041015625,446.0333251953125,759.91015625,672.5264892578125
74,player,7,1,769.025146484375,415.1535339355469,658.5164184570312,574.9199829101562
74,player,5,0,366.4591064453125,468.7000732421875,301.00421142578125,582.2763671875
74,player,3,0,193.45489501953125,473.83770751953125,166.16848754882812,545.6727294921875
74,player,12,0,895.951416015625,594.8441772460938,606.110595703125,982.1378173828125
74,player,15,0,857.353515625,521.3538818359375,623.3369750976562,868.08056640625
74,player,17,0,294.84698486328125,422.476806640625,273.9646911621094,445.1900634765625
74,player,16,0,375.30718994140625,353.38372802734375,385.5958251953125,278.94140625
75,player,7,1,771.598388671875,414.33502197265625,661.8302001953125,570.89208984375
75,player,5,0,366.04107666015625,466.2981262207031,301.7919921875,579.8720703125
75,player,3,0,191.9069366455078,473.752197265625,165.410400390625,545.4423828125
75,player,21,0,928.9703369140625,446.68414306640625,760.8618774414062,677.6544799804688
75,player,12,0,893.7080078125,595.0858764648438,605.152587890625,982.1448974609375
75,player,16,0,382.4090576171875,347.16937255859375,389.50164794921875,272.5929260253906
75,player,17,0,292.35308837890625,423.1195068359375,272.5819091796875,445.69158935546875
75,player,15,0,856.2362060546875,534.458984375,624.0443115234375,864.270751953125
76,player,7,1,773.11669921875,415.76605224609375,663.9323120117188,569.6909790039062
76,player,21,0,937.24072265625,449.248291015625,762.853271484375,683.8939208984375
76,player,16,0,385.06219482421875,347.69281005859375,392.7141418457031,269.30657958984375
76,player,12,0,893.664794921875,595.9755859375,604.27783203125,982.7071533203125
76,player,3,0,191.89894104003906,473.91168212890625,164.8897705078125,545.4259033203125
76,player,17,0,291.31219482421875,422.77935791015625,271.4567565917969,445.6011047363281
76,player,5,0,359.420166015625,462.488037109375,301.2821044921875,574.4642944335938
76,player,15,0,855.359375,562.3638305664062,616.3120727539062,880.85595703125
77,player,7,1,774.1395263671875,415.964599609375,665.5242919921875,569.189453125
77,player,21,0,943.3538818359375,452.974609375,764.495849609375,691.5656127929688
77,player,3,0,190.79808044433594,473.79010009765625,164.27261352539062,545.2066650390625
77,player,16,0,391.95892333984375,342.9427490234375,398.2001953125,262.9071044921875
77,player,5,0,365.27374267578125,461.478271484375,302.7649841308594,570.66943359375
77,player,17,0,289.30072021484375,423.65667724609375,269.97479248046875,446.14056396484375
77,player,12,0,891.6644287109375,595.177734375,603.4368286132812,982.39453125
77,player,15,0,854.8250732421875,576.22607421875,607.333984375,900.7666625976562
77,player,23,-1,384.4649963378906,371.7105712890625,352.609130859375,409.4356689453125
78,player,21,0,948.1536865234375,451.57977294921875,767.3986206054688,695.9019775390625
78,player,16,0,395.2607421875,341.2777099609375,403.23797607421875,257.3401184082031
78,player,7,1,775.3917236328125,417.9202880859375,666.252685546875,570.708984375
78,player,3,0,190.86328125,472.9840087890625,164.0189666748047,544.392578125
78,player,5,0,365.8728332519531,459.1484375,304.3809509277344,566.2907104492188
78,player,17,0,289.8927001953125,424.376708984375,269.0331726074219,447.20831298828125
78,player,12,0,889.0757446289062,593.5518798828125,602.6981811523438,980.9368286132812
78,player,15,0,854.4505615234375,579.5401611328125,600.5057983398438,915.83837890625
78,player,2,1,383.97113037109375,460.63336181640625,310.49627685546875,578.1319580078125
79,player,21,0,953.7672729492188,453.72625732421875,770.0604248046875,701.0026245117188
79,player,16,0,399.411865234375,339.35845947265625,408.3221435546875,252.1312713623047
79,player,7,1,776.2191162109375,416.3636474609375,667.4925537109375,570.4144897460938
79,player,3,0,191.24771118164062,472.99017333984375,163.95736694335938,543.90576171875
79,player,5,0,368.36004638671875,459.126708984375,306.11944580078125,563.6697998046875
79,player,17,0,290.7359619140625,424.397216796875,268.65631103515625,448.00634765625
79,player,15,0,854.3555908203125,577.2060546875,596.6768798828125,924.1044921875
79,player,12,0,890.8609619140625,593.23681640625,602.7406616210938,979.9457397460938
80,player,21,0,957.8253173828125,454.3807373046875,772.6751708984375,705.2432861328125
80,player,7,1,778.563232421875,420.092529296875,667.7014770507812,573.72802734375
80,player,3,0,190.9422607421875,472.0697021484375,163.9829864501953,542.7845458984375
80,player,16,0,401.86456298828125,340.79119873046875,411.9888916015625,250.54296875
80,player,5,0,368.3258972167969,453.4049072265625,308.4507141113281,557.088134765625
80,player,17,0,291.7696838378906,424.75946044921875,268.6310119628906,448.9598388671875
80,player,12,0,889.7528076171875,591.7958374023438,602.888916015625,978.2904052734375
80,player,15,0,853.8805541992188,574.501220703125,594.8065185546875,927.6639404296875
81,player,21,0,961.1934814453125,456.30267333984375,774.6063232421875,709.8692626953125
81,player,3,0,190.05227661132812,468.00714111328125,164.4156036376953,538.5318603515625
81,player,7,1,780.1381225585938,420.3699951171875,668.1927490234375,576.2840576171875
81,player,5,0,370.1378173828125,453.6343994140625,310.4177551269531,553.1849975585938
81,player,17,0,290.2442626953125,425.37445068359375,268.05670166015625,449.98553466796875
81,player,16,0,403.00823974609375,341.0439758300781,414.6553955078125,249.90521240234375
81,player,12,0,886.653076171875,591.757568359375,602.2359619140625,976.9188232421875
81,player,15,0,851.968994140625,564.0818481445312,595.9788818359375,922.9071044921875
82,player,21,0,964.6204833984375,457.673095703125,776.3088989257812,714.305908203125
82,player,7,1,783.2872314453125,419.2607116699219,669.78857421875,577.297607421875
82,player,3,0,190.10745239257812,466.6112060546875,164.93893432617188,534.5858154296875
82,player,17,0,290.842041015625,426.60675048828125,267.602783203125,451.8331298828125
82,player,5,0,369.6031188964844,448.1005859375,312.7331237792969,545.8338623046875
82,player,16,0,400.78997802734375,340.73394775390625,415.78961181640625,248.9170684814453
82,player,12,0,883.8433837890625,592.6290283203125,600.88671875,976.3349609375
82,player,15,0,850.3032836914062,567.9010620117188,595.26904296875,922.2100219726562
82,player,2,1,381.2372741699219,444.6005859375,316.78070068359375,560.16748046875
83,player,21,0,968.869384765625,458.1920166015625,778.39794921875,718.0200805664062
83,player,7,1,785.4759521484375,424.0706787109375,669.81640625,582.36083984375
83,player,17,0,289.2481689453125,427.1832275390625,266.7396240234375,453.396484375
83,player,3,0,190.8310089111328,462.115234375,166.212646484375,528.2471923828125
83,player,5,0,368.4589538574219,437.14990234375,316.2975769042969,531.3723754882812
83,player,12,0,882.2476806640625,593.0718994140625,599.4991455078125,976.0969848632812
83,player,16,0,401.33441162109375,343.96588134765625,415.8059387207031,251.76467895507812
83,player,15,0,849.189453125,564.3423461914062,595.5103149414062,919.2872314453125
83,player,2,1,380.2145080566406,436.2288818359375,322.43145751953125,541.051513671875
84,player,7,1,788.634521484375,425.270751953125,670.3262939453125,587.009033203125
84,player,21,0,971.9228515625,464.3428955078125,778.365234375,725.5953369140625
84,player,17,0,290.25787353515625,427.5419921875,266.3918762207031,454.83990478515625
84,player,3,0,189.02487182617188,455.3290100097656,167.66552734375,518.0867309570312
84,player,5,0,367.8028259277344,431.19989013671875,319.74169921875,516.6232299804688
84,player,16,0,402.781494140625,339.77362060546875,417.41796875,249.32095336914062
84,player,12,0,881.648193359375,598.426025390625,597.0103759765625,979.272216796875
84,player,15,0,849.7027587890625,566.7890014648438,595.1204223632812,919.0643920898438
84,ball,-1,-1,814.967041015625,497.0274658203125,190.69117736816406,304.25421142578125
85,player,7,1,789.52734375,424.91900634765625,671.030517578125,589.8170166015625
85,player,21,0,974.883544921875,467.9646301269531,777.8500366210938,733.6441650390625
85,player,17,0,290.3876037597656,427.9556579589844,266.118896484375,456.16607666015625
85,player,5,0,366.8541259765625,439.3673095703125,319.9185791015625,514.1791381835938
85,player,12,0,879.7789306640625,597.3226318359375,595.2322998046875,980.4786376953125
85,player,3,0,188.22061157226562,449.3565673828125,169.38412475585938,506.18072509765625
85,player,16,0,404.7202453613281,343.4606628417969,418.045166015625,251.8633575439453
85,player,15,0,848.3846435546875,570.4090576171875,593.5438842773438,921.203125
85,player,25,-1,423.94183349609375,340.74237060546875,438.30926513671875,254.37289428710938
85,ball,-1,-1,814.8751220703125,496.760498046875,190.69117736816406,304.25421142578125
86,player,5,0,365.68109130859375,442.07403564453125,319.11749267578125,514.8480224609375
86,player,21,0,977.102294921875,467.95416259765625,778.1248779296875,739.083740234375
86,player,7,1,793.1727294921875,420.66064453125,673.9774169921875,588.3203735351562
86,player,17,0,286.1372985839844,428.48565673828125,264.63250732421875,457.0796813964844
86,player,12,0,877.3057861328125,594.5859985351562,594.20654296875,979.318359375
86,player,16,0,406.27130126953125,345.35107421875,418.4095458984375,255.68258666992188
86,player,3,0,188.0852813720703,444.64080810546875,171.25778198242188,494.26336669921875
86,player,15,0,847.0850830078125,573.4969482421875,591.353271484375,924.5146484375
86,ball,-1,-1,814.8300170898438,497.00628662109375,190.69117736816406,304.25421142578125
87,player,5,0,367.30157470703125,440.4957580566406,319.3922424316406,514.0611572265625
87,player,17,0,284.7628479003906,429.40582275390625,263.09344482421875,458.36749267578125
87,player,7,1,795.2015380859375,420.35675048828125,676.576171875,587.289306640625
87,player,21,0,978.9602661132812,469.05145263671875,778.4160766601562,743.6553955078125
87,player,12,0,875.6370239257812,597.2197265625,592.4267578125,980.0828857421875
87,player,3,0,190.00035095214844,446.1597900390625,172.75152587890625,488.052490234375
87,player,16,0,407.7358703613281,345.65380859375,419.01300048828125,258.6441650390625
87,player,25,-1,420.6098327636719,341.19464111328125,437.153076171875,254.4873046875
87,player,15,0,843.378662109375,562.3668212890625,592.0526733398438,918.9423828125
87,ball,-1,-1,814.4418334960938,497.74005126953125,190.69117736816406,304.25421142578125
88,player,5,0,372.6053771972656,442.87835693359375,320.5333557128906,516.1632080078125
88,player,17,0,284.55426025390625,430.17376708984375,261.8806457519531,459.87725830078125
88,player,7,1,796.1703491210938,426.78057861328125,676.3477172851562,592.275390625
88,player,21,0,982.4270629882812,468.7213439941406,779.670166015625,746.7072143554688
88,player,12,0,871.240478515625,597.9950561523438,589.9908447265625,980.6856079101562
88,player,16,0,413.39678955078125,341.6746826171875,422.2507019042969,256.9815368652344
88,player,3,0,190.32333374023438,443.26739501953125,174.30308532714844,481.4823913574219
88,player,24,-1,845.0361328125,584.9800415039062,577.0075073242188,951.5321655273438
89,player,5,0,373.38873291015625,439.98785400390625,322.12628173828125,515.0770874023438
89,player,17,0,285.61688232421875,430.2245178222656,261.3821716308594,461.01129150390625
89,player,16,0,411.87799072265625,341.2119140625,424.01593017578125,255.24266052246094
89,player,12,0,870.1866455078125,596.273193359375,588.608642578125,979.8989868164062
89,player,21,0,984.0391845703125,469.9894714355469,780.468017578125,749.8338012695312
89,player,7,1,797.2085571289062,423.4747314453125,677.6204833984375,592.77001953125
89,player,3,0,191.68936157226562,441.6373291015625,175.9707794189453,475.89605712890625
89,player,24,-1,841.4688720703125,581.64013671875,577.0177001953125,949.054931640625
89,player,20,1,325.69329833984375,429.97210693359375,293.54998779296875,512.689697265625
89,ball,-1,-1,174.6058807373047,347.57568359375,192.5989990234375,295.6974792480469
90,player,5,0,375.3133544921875,443.83721923828125,322.85650634765625,517.9290161132812
90,player,21,0,985.8468627929688,470.859375,781.166015625,752.7167358398438
90,player,16,0,414.5257568359375,341.35089111328125,425.94140625,254.55068969726562
90,player,17,0,284.29150390625,430.2119140625,260.6865234375,461.60369873046875
90,player,12,0,865.655029296875,594.698486328125,587.022216796875,977.99560546875
90,player,7,1,792.033935546875,416.3375244140625,679.4220581054688,586.345458984375
90,player,3,0,194.49588012695312,441.372802734375,177.88380432128906,472.30828857421875
90,player,20,1,328.8709411621094,430.2610168457031,294.17138671875,499.72344970703125
90,player,24,-1,841.452880859375,575.2286376953125,578.74169921875,943.2564697265625
90,ball,-1,-1,177.7650909423828,346.395751953125,194.6297607421875,287.6138000488281
91,player,21,0,987.4598999023438,471.6564025878906,781.77197265625,755.3646240234375
91,player,16,0,415.5394287109375,341.69232177734375,427.4100341796875,254.57461547851562
91,player,5,0,377.9924011230469,444.505859375,323.9316101074219,520.6309814453125
91,player,17,0,284.7495422363281,429.79608154296875,260.4467468261719,461.659423828125
91,player,12,0,863.6854858398438,597.1193237304688,584.8673095703125,978.118408203125
91,player,7,1,792.8139038085938,416.25360107421875,680.8455810546875,582.175537109375
91,player,3,0,198.23110961914062,441.2237243652344,180.19618225097656,470.21502685546875
91,player,20,1,340.60888671875,436.2452392578125,296.6117858886719,497.81475830078125
92,player,16,0,418.4757080078125,342.2354431152344,429.11767578125,255.48822021484375
92,player,21,0,989.37255859375,471.9737243652344,782.5721435546875,757.516845703125
92,player,17,0,283.18603515625,431.3397216796875,259.5418395996094,462.93072509765625
92,player,5,0,381.5196533203125,442.9765319824219,325.9496765136719,521.4056396484375
92,player,12,0,862.1055908203125,597.4443359375,582.9951171875,978.2657470703125
92,player,7,1,798.0315551757812,416.75970458984375,683.090576171875,580.4414672851562
92,player,20,1,340.76171875,435.78887939453125,298.337890625,496.1844482421875
92,player,3,0,200.2864532470703,441.64288330078125,182.20065307617188,469.43267822265625
93,player,16,0,420.3262939453125,342.6744079589844,430.6746826171875,256.7498474121094
93,player,21,0,990.9085693359375,471.91595458984375,783.531005859375,759.0200805664062
93,player,17,0,282.8890075683594,430.39752197265625,259.0574035644531,462.8777770996094
93,player,5,0,383.5567932128906,441.94970703125,328.05682373046875,521.215576171875
93,player,12,0,859.1474609375,598.4284057617188,580.7973022460938,978.724853515625
93,player,3,0,201.08126831054688,441.1667785644531,183.80812072753906,468.578857421875
93,player,20,1,341.54388427734375,439.1995849609375,298.956298828125,498.2210693359375
93,player,7,1,799.2899169921875,416.68316650390625,684.9368286132812,579.3756103515625
93,player,23,-1,399.6175537109375,383.9817199707031,363.6978454589844,396.56573486328125
93,player,26,-1,781.3771362304688,414.5609436035156,675.7835693359375,566.8383178710938
94,player,21,0,993.7766723632812,472.64019775390625,784.6732177734375,760.8349609375
94,player,16,0,421.4852294921875,341.8205871582031,432.2842102050781,256.7925109863281
94,player,5,0,385.9388427734375,444.31988525390625,329.5668640136719,523.3945922851562
94,player,17,0,284.6136474609375,430.30450439453125,259.24786376953125,462.9328918457031
94,player,12,0,857.9195556640625,598.2212524414062,579.1239013671875,978.7857666015625
94,player,7,1,799.505615234375,417.6879577636719,685.850341796875,579.5845947265625
94,player,3,0,202.49331665039062,441.4674987792969,185.19508361816406,468.43243408203125
94,player,20,1,340.4340515136719,435.70953369140625,299.7866516113281,496.34527587890625
94,player,26,-1,779.5157470703125,415.2713623046875,675.005859375,567.2740478515625
95,player,5,0,389.4360046386719,444.4599609375,331.4918518066406,525.280029296875
95,player,21,0,995.4371337890625,473.450439453125,785.57470703125,762.8005981445312
95,player,16,0,424.381591796875,341.07208251953125,434.4353332519531,256.34405517578125
95,player,17,0,282.9079895019531,430.9892578125,258.7538757324219,463.4147644042969
95,player,3,0,204.90487670898438,441.38287353515625,186.78482055664062,468.50189208984375
95,player,7,1,802.3642578125,417.08184814453125,687.4727172851562,579.4815673828125
95,player,12,0,856.07763671875,603.3119506835938,576.255126953125,981.8636474609375
95,player,20,1,341.7720947265625,436.0806884765625,300.6232604980469,495.58935546875
95,player,27,-1,815.6771240234375,622.154052734375,529.514892578125,1010.898193359375
96,player,21,0,997.6355590820312,474.41766357421875,786.4090576171875,765.035888671875
96,player,3,0,205.6263885498047,441.4669189453125,188.0049591064453,468.6937255859375
96,player,17,0,282.8020324707031,430.992431640625,258.4022521972656,463.7201843261719
96,player,16,0,426.5381164550781,339.3999938964844,436.97454833984375,254.5116729736328
96,player,5,0,395.123046875,439.6429443359375,335.4081726074219,522.8679809570312
96,player,7,1,800.2569580078125,415.718017578125,688.3976440429688,578.0038452148438
96,player,12,0,854.4407958984375,601.5834350585938,574.4435424804688,982.6390991210938
96,player,20,1,341.95367431640625,437.93804931640625,300.8236083984375,496.76116943359375
97,player,21,0,999.072265625,475.1099853515625,787.0916748046875,767.1600341796875
97,player,3,0,209.3624267578125,441.20574951171875,189.88726806640625,468.9576110839844
97,player,16,0,428.44464111328125,338.0295104980469,439.6062316894531,252.0689697265625
97,player,7,1,800.1122436523438,415.1397705078125,689.1586303710938,576.5206298828125
97,player,17,0,285.14208984375,432.3934326171875,258.55462646484375,465.4147644042969
97,player,5,0,397.3038330078125,434.88995361328125,339.6427307128906,517.3346557617188
97,player,12,0,852.0972900390625,608.3504638671875,570.9429931640625,987.1644287109375
97,player,20,1,338.0745849609375,436.6474609375,300.1391296386719,495.99249267578125
98,player,21,0,1000.7154541015625,474.58209228515625,788.1718139648438,768.2940673828125
98,player,16,0,431.244140625,336.51910400390625,442.61798095703125,249.17465209960938
98,player,3,0,215.37860107421875,441.3424377441406,192.76702880859375,469.8497314453125
98,player,17,0,283.16522216796875,431.30511474609375,258.31298828125,465.33843994140625
98,player,7,1,801.220947265625,415.7928466796875,689.7438354492188,576.243408203125
98,player,5,0,396.85186767578125,445.26934814453125,339.9264831542969,522.7797241210938
98,player,20,1,343.1515808105469,439.92431640625,300.423828125,498.8954162597656
98,player,12,0,850.6558837890625,609.7913818359375,567.94873046875,990.875244140625
99,player,21,0,1003.052001953125,473.73394775390625,789.8153076171875,768.6050415039062
99,player,16,0,432.8743896484375,335.00677490234375,445.518310546875,245.85137939453125
99,player,3,0,212.09609985351562,440.79400634765625,193.81893920898438,469.6142578125
99,player,17,0,283.729248046875,432.01629638671875,258.17352294921875,465.98565673828125
99,player,7,1,803.0968017578125,414.3760070800781,691.1566162109375,575.009765625
99,player,5,0,393.7191162109375,443.2900390625,339.68011474609375,524.288330078125
99,player,12,0,850.3999633789062,608.003662109375,566.4002685546875,992.156005859375
99,player,20,1,343.8161926269531,439.9383544921875,300.7918701171875,500.8609619140625
100,player,21,0,1005.1350708007812,473.58203125,791.504638671875,768.89208984375
100,player,16,0,434.19805908203125,334.5400390625,447.95001220703125,243.33602905273438
100,player,3,0,213.09877014160156,439.6962890625,194.977294921875,468.58172607421875
100,player,12,0,849.2940673828125,603.5818481445312,566.2679443359375,990.1351318359375
100,player,5,0,390.7904357910156,441.461181640625,339.1109619140625,523.3826293945312
100,player,28,-1,308.10400390625,433.7296142578125,276.53900146484375,478.5666198730469
100,player,7,1,800.50927734375,409.796630859375,692.9367065429688,569.894775390625
101,player,21,0,1006.0823974609375,474.35430908203125,792.5797119140625,769.764404296875
101,player,16,0,438.3034973144531,334.8370361328125,450.7197570800781,242.47390747070312
101,player,3,0,218.64996337890625,434.6886901855469,198.18247985839844,463.9731140136719
101,player,5,0,388.3056640625,440.05865478515625,338.35955810546875,521.319091796875
101,player,28,-1,304.9537353515625,433.15869140625,275.76898193359375,477.73968505859375
101,player,12,0,844.9315185546875,609.021484375,563.7244873046875,991.8349609375
101,player,7,1,798.624267578125,412.9036865234375,692.4615478515625,569.1277465820312
102,player,21,0,1008.8345947265625,474.8394775390625,793.849609375,770.9703979492188
102,player,16,0,439.8990478515625,334.64312744140625,453.07232666015625,241.88162231445312
102,player,5,0,387.80755615234375,433.9761962890625,339.09735107421875,514.567138671875
102,player,28,-1,310.7841491699219,433.72576904296875,276.79345703125,478.2944030761719
102,player,12,0,843.750732421875,610.3078002929688,561.457275390625,993.6355590820312
102,player,3,0,224.5703582763672,423.67083740234375,203.95663452148438,451.54437255859375
102,player,7,1,803.0234985351562,406.0687561035156,695.8294067382812,563.0081787109375
102,player,29,-1,811.5472412109375,484.9430847167969,634.2831420898438,741.1300048828125
103,player,5,0,389.26080322265625,433.828125,340.01934814453125,510.19287109375
103,player,21,0,1012.25390625,478.73858642578125,794.18896484375,775.0665283203125
103,player,16,0,441.8885498046875,334.27679443359375,455.326904296875,241.322998046875
103,player,28,-1,307.1263732910156,433.05517578125,276.5672302246094,477.68804931640625
103,player,12,0,843.791259765625,611.7315063476562,559.6304321289062,995.6904296875
103,player,7,1,803.7993774414062,402.8480529785156,699.3914184570312,556.2216796875
103,player,29,-1,811.221923828125,480.4700927734375,635.5806884765625,737.6380004882812
103,player,24,-1,824.792236328125,512.1156616210938,593.4745483398438,894.1878662109375
104,player,5,0,386.4535217285156,432.07122802734375,340.2254333496094,505.5074157714844
104,player,21,0,1017.1602783203125,480.05169677734375,795.2609252929688,779.2008666992188
104,player,16,0,445.44580078125,334.24346923828125,457.9078369140625,241.3174285888672
104,player,28,-1,302.41412353515625,434.657470703125,274.7679748535156,478.25457763671875
104,player,12,0,846.6710815429688,606.4243774414062,560.49755859375,993.9808349609375
104,player,29,-1,809.460205078125,445.44622802734375,647.17919921875,707.0917358398438
104,player,15,0,829.4525146484375,576.4864501953125,585.1966552734375,923.44482421875
105,player,5,0,386.7089538574219,432.69183349609375,340.291015625,503.03936767578125
105,player,21,0,1020.1004638671875,481.107666015625,796.3695678710938,782.9725341796875
105,player,16,0,446.76190185546875,334.7821044921875,459.83599853515625,242.03762817382812
105,player,28,-1,301.6236572265625,435.97186279296875,273.1103210449219,479.7164306640625
105,player,29,-1,810.5826416015625,464.58807373046875,648.7979736328125,702.9323120117188
105,player,12,0,846.983154296875,606.2271118164062,561.1875,992.7736206054688
105,player,24,-1,823.18798828125,505.12274169921875,604.7167358398438,856.9847412109375
105,player,15,0,839.2473754882812,609.089111328125,574.6373901367188,948.0377197265625
106,player,21,0,1023.5654296875,484.29669189453125,796.872314453125,788.1668090820312
106,player,16,0,447.55242919921875,334.7015075683594,461.358642578125,242.50665283203125
106,player,5,0,392.5035400390625,431.255859375,342.2934875488281,500.73974609375
106,player,24,-1,825.1854248046875,485.0179138183594,618.7070922851562,817.8001708984375
106,player,28,-1,303.5582580566406,437.16168212890625,272.3352966308594,481.9190673828125
106,player,12,0,844.2435302734375,610.6217041015625,559.8470458984375,994.482666015625
106,player,3,0,236.17001342773438,413.55389404296875,212.93572998046875,435.25677490234375
107,player,21,0,1025.491943359375,487.13983154296875,796.6937866210938,793.86376953125
107,player,16,0,449.371826171875,335.13568115234375,462.7855529785156,243.4782257080078
107,player,28,-1,312.83880615234375,438.26007080078125,274.2100830078125,485.25286865234375
107,player,5,0,392.8717956542969,429.59881591796875,344.07794189453125,497.80401611328125
107,player,29,-1,821.0067138671875,470.367919921875,650.85009765625,705.8390502929688
107,player,12,0,843.3680419921875,613.423828125,558.0516357421875,997.2491455078125
107,player,3,0,237.93650817871094,410.4794921875,219.87466430664062,421.963134765625
108,player,21,0,1026.6318359375,489.53228759765625,796.0256958007812,799.46435546875
108,player,16,0,453.66229248046875,334.63525390625,465.1937561035156,244.04730224609375
108,player,29,-1,822.223388671875,461.81842041015625,655.267822265625,701.036376953125
108,player,5,0,382.711669921875,429.422119140625,342.40692138671875,494.71478271484375
108,player,28,0,310.2695007324219,438.3333740234375,274.69384765625,487.228271484375
108,player,12,0,842.4761352539062,612.3131103515625,556.9518432617188,998.2853393554688
108,player,30,-1,830.365478515625,533.5897827148438,607.0555419921875,848.6595458984375
109,player,21,0,1029.3656005859375,494.68988037109375,794.4830322265625,807.1942749023438
109,player,16,0,456.95513916015625,335.5186767578125,467.51953125,245.72750854492188
109,player,5,0,382.7261962890625,428.3609619140625,341.5653076171875,491.7579345703125
109,player,24,-1,827.9203491210938,484.0936279296875,628.8248901367188,791.880859375
109,player,28,0,310.32110595703125,437.39013671875,275.21484375,487.68060302734375
109,player,12,0,839.0032348632812,612.390625,555.38037109375,998.7078857421875
110,player,16,0,459.33880615234375,334.81402587890625,469.9813232421875,246.3284149169922
110,player,21,0,1032.7906494140625,499.9114990234375,792.54296875,816.3829345703125
110,player,5,0,384.207763671875,424.67474365234375,342.2780456542969,486.66973876953125
110,player,28,0,312.5828857421875,439.4176940917969,275.7740783691406,489.9971923828125
110,player,24,-1,828.4688720703125,502.9669189453125,629.7395629882812,789.3800048828125
110,player,12,0,837.527099609375,613.9110107421875,553.6188354492188,999.7936401367188
110,player,3,0,245.68231201171875,410.0303649902344,226.70155334472656,413.693115234375
110,ball,-1,-1,1014.2014770507812,351.3782653808594,194.6297607421875,287.6138000488281
111,player,16,0,461.952880859375,333.3958740234375,472.8183898925781,245.48654174804688
111,player,21,0,1035.66748046875,502.70611572265625,791.06005859375,824.6668701171875
111,player,5,0,384.69512939453125,423.014404296875,343.260498046875,481.9107666015625
111,player,24,0,831.0723876953125,504.5078125,630.5559692382812,789.1456298828125
111,player,28,0,314.29571533203125,439.20989990234375,276.6593933105469,491.49005126953125
111,player,12,0,834.61865234375,612.6753540039062,552.08544921875,999.48681640625
111,player,3,0,249.79100036621094,410.08349609375,232.31100463867188,408.788818359375
112,player,16,0,464.0785217285156,334.0489807128906,475.1275634765625,245.87564086914062
112,player,21,0,1039.47412109375,506.15423583984375,789.891845703125,832.9116821289062
112,player,24,0,832.9603271484375,515.045166015625,628.42333984375,796.9199829101562
112,player,5,0,385.1671447753906,423.0555419921875,344.0238342285156,478.9024963378906
112,player,20,1,336.01141357421875,438.18707275390625,299.2152099609375,499.81439208984375
112,player,12,0,833.7747802734375,609.9095458984375,551.5847778320312,997.502197265625
112,ball,-1,-1,264.54559326171875,372.05401611328125,201.27098083496094,288.44146728515625
113,player,16,0,466.4496765136719,335.80633544921875,476.83770751953125,248.27198791503906
113,player,21,0,1043.2315673828125,506.63739013671875,789.9542846679688,838.9735107421875
113,player,24,0,829.893798828125,513.262451171875,626.7643432617188,800.3858032226562
113,player,5,0,387.6512451171875,418.71295166015625,346.2314758300781,473.2519836425781
113,player,12,0,839.2630615234375,610.123779296875,552.530029296875,996.818359375
113,player,27,-1,828.004150390625,614.1769409179688,534.4476928710938,1007.0628662109375
113,player,20,1,334.74700927734375,436.82135009765625,298.1231994628906,497.79852294921875
113,player,3,0,256.42529296875,411.3688049316406,237.610107421875,407.48883056640625
113,ball,-1,-1,265.914794921875,368.55853271484375,207.64930725097656,288.42388916015625
114,player,16,0,468.90960693359375,337.61529541015625,478.1697082519531,252.02989196777344
114,player,21,0,1047.0806884765625,510.52288818359375,789.6475830078125,846.0709228515625
114,player,24,0,829.525634765625,517.0089721679688,624.4788818359375,805.334228515625
114,player,5,0,388.3912353515625,417.98016357421875,348.04833984375,468.9851989746094
114,player,12,0,839.74560546875,608.77392578125,553.6048583984375,995.57763671875
114,player,20,1,336.4981689453125,437.99200439453125,297.6580505371094,497.6999206542969
114,player,27,-1,822.5987548828125,617.7052001953125,535.4755859375,1006.2763671875
114,player,3,0,259.029052734375,412.79010009765625,241.5191650390625,408.24212646484375
115,player,21,0,1048.9285888671875,513.919677734375,788.7490234375,853.2847900390625
115,player,16,0,470.9249572753906,337.53680419921875,479.6833801269531,254.61111450195312
115,player,24,0,831.624755859375,523.0789184570312,621.7546997070312,813.1307373046875
115,player,28,0,319.1506042480469,439.35479736328125,278.5641784667969,493.07281494140625
115,player,5,0,398.62347412109375,421.22320556640625,351.3907470703125,470.20465087890625
115,player,27,-1,821.417236328125,621.3883056640625,534.9501953125,1007.917236328125
116,player,21,0,1051.110107421875,519.67529296875,786.7420043945312,862.256591796875
116,player,16,0,472.5552062988281,336.40216064453125,481.5140380859375,255.25997924804688
116,player,24,0,834.1573486328125,459.55828857421875,640.3737182617188,770.1279296875
116,player,28,0,318.9032287597656,440.6414794921875,279.46917724609375,495.21282958984375
116,player,5,0,392.277099609375,418.18267822265625,352.46478271484375,467.5849609375
116,player,12,0,838.069091796875,603.81982421875,555.165283203125,991.535400390625
116,player,17,0,291.5960693359375,437.57562255859375,259.18902587890625,472.16680908203125
117,player,21,0,1053.258056640625,524.5377197265625,784.32568359375,871.701171875
117,player,16,0,472.3343505859375,337.2178649902344,482.3897705078125,256.52655029296875
117,player,24,0,836.082275390625,447.1707763671875,657.133056640625,732.2777099609375
117,player,28,0,320.9932861328125,441.6759033203125,280.42950439453125,497.72308349609375
117,player,5,0,398.0321044921875,418.4871826171875,354.73529052734375,466.74566650390625
117,player,12,0,834.5293579101562,542.121337890625,571.9583129882812,947.8839111328125
118,player,21,0,1055.9200439453125,527.6015625,782.398193359375,880.2218627929688
118,player,16,0,472.1492919921875,338.0221862792969,482.6598205566406,258.18505859375
118,player,5,0,401.23443603515625,420.49322509765625,356.65264892578125,468.3514099121094
118,player,28,0,321.86859130859375,445.3836669921875,280.5399475097656,502.69244384765625
118,player,30,-1,837.8236083984375,492.0074462890625,621.4373168945312,818.935791015625
118,player,12,0,833.6998291015625,547.3189086914062,581.1934204101562,923.031005859375
119,player,21,0,1058.3719482421875,530.85498046875,780.671630859375,888.240966796875
119,player,16,0,472.0593566894531,337.8189697265625,482.86859130859375,259.0371398925781
119,player,28,0,323.8717346191406,445.0887451171875,281.2295227050781,505.86358642578125
119,player,5,0,399.58306884765625,417.384521484375,358.16064453125,466.39508056640625
119,player,24,0,838.7049560546875,445.61199951171875,669.2837524414062,706.6497192382812
119,player,30,-1,836.3255615234375,546.5804443359375,614.2310180664062,838.9442749023438
119,player,12,0,831.4415283203125,546.529541015625,586.8434448242188,906.1273193359375
119,player,3,0,268.88531494140625,408.9587707519531,247.66656494140625,406.14520263671875
119,player,27,-1,813.1498413085938,613.0853271484375,534.677001953125,1003.1737670898438
119,ball,-1,-1,266.19561767578125,311.42828369140625,216.58163452148438,274.2768249511719
120,player,21,0,1060.52783203125,534.6922607421875,778.8047485351562,896.2938232421875
120,player,20,1,327.52496337890625,446.2578125,293.133544921875,504.0010986328125
120,player,5,0,402.9949951171875,413.868896484375,360.9532165527344,462.24853515625
120,player,16,0,473.8552551269531,336.99517822265625,483.8086853027344,258.91229248046875
120,player,30,-1,837.0971069335938,550.765380859375,608.5659790039062,854.8948364257812
120,player,24,0,839.1273803710938,447.1216735839844,676.78857421875,691.2785034179688
120,player,27,-1,810.340087890625,607.1477661132812,535.299560546875,996.1557006835938
120,player,12,0,828.75537109375,552.6271362304688,588.1303100585938,899.0821533203125
120,ball,-1,-1,268.29083251953125,308.646240234375,225.1100616455078,260.5831604003906
121,player,21,0,1061.6839599609375,536.7767333984375,777.1849365234375,903.0618896484375
121,player,16,0,475.1458740234375,336.86932373046875,484.85784912109375,258.8394470214844
121,player,20,1,331.9364013671875,446.1522216796875,291.4412536621094,508.442138671875
121,player,24,0,843.07568359375,439.82012939453125,685.2572021484375,675.6270751953125
121,player,30,-1,841.9149780273438,563.2733154296875,602.6234130859375,874.1658935546875
121,player,12,0,829.5642700195312,561.57568359375,586.7042846679688,900.6409301757812
121,player,5,0,409.71417236328125,412.3133850097656,365.07098388671875,458.8081970214844
121,player,27,-1,808.93359375,607.2509155273438,535.338134765625,991.536865234375
121,player,3,0,284.1105041503906,422.3297119140625,253.30520629882812,418.754638671875
121,ball,-1,-1,268.361572265625,304.722412109375,233.18624877929688,246.9460906982422
122,player,21,0,1064.5404052734375,538.8785400390625,776.157470703125,909.15673828125
122,player,16,0,476.9583740234375,337.6395263671875,485.8687744140625,259.8115539550781
122,player,24,0,844.27294921875,443.5950927734375,689.8037109375,668.7119750976562
122,player,20,1,329.92041015625,447.2935485839844,289.546142578125,512.1227416992188
122,player,30,-1,843.7608642578125,563.8065795898438,599.0769653320312,887.2144165039062
122,player,5,0,416.1541748046875,408.9287109375,370.423828125,454.1029052734375
122,player,27,0,806.185546875,614.1954345703125,532.9783935546875,992.6144409179688
122,player,3,0,286.504638671875,419.30560302734375,258.26776123046875,424.4151916503906
122,ball,-1,-1,269.474853515625,304.0732727050781,240.7353515625,234.25599670410156
123,player,21,0,1067.185546875,541.6134033203125,775.248291015625,915.2176513671875
123,player,20,1,325.4998474121094,448.176513671875,286.9061279296875,514.8450927734375
123,player,16,0,477.68682861328125,338.843505859375,486.3878173828125,261.8020935058594
123,player,24,0,846.9326171875,444.91009521484375,693.05224609375,665.5697021484375
123,player,30,-1,844.16064453125,558.0478515625,598.467529296875,891.8602294921875
123,player,5,0,418.67462158203125,407.675537109375,374.93780517578125,450.14013671875
123,player,12,0,830.8795776367188,553.7719116210938,588.259765625,896.4889526367188
123,player,27,0,805.859130859375,621.3258056640625,529.6204833984375,997.6695556640625
123,ball,-1,-1,270.56640625,303.8936767578125,247.7709503173828,222.5616455078125
124,player,21,0,1068.9482421875,543.73095703125,774.3983764648438,920.7499389648438
124,player,16,0,480.5384521484375,339.0364685058594,487.549072265625,263.6143493652344
124,player,24,0,849.0916137695312,445.20465087890625,695.665283203125,663.9850463867188
124,player,20,1,327.78607177734375,448.88623046875,285.679931640625,517.4568481445312
124,player,12,0,831.9589233398438,552.907958984375,589.7841186523438,893.2984619140625
124,player,30,0,845.8112182617188,555.9194946289062,599.0819091796875,893.5883178710938
124,player,27,0,805.8992919921875,623.731689453125,526.8629760742188,1002.42626953125
124,player,5,0,416.81341552734375,408.32135009765625,377.17620849609375,447.9728698730469
124,player,15,0,825.7032470703125,555.545166015625,578.6171264648438,928.0368041992188
124,ball,-1,-1,272.0863037109375,303.7955627441406,254.36083984375,211.81629943847656
125,player,21,0,1071.139404296875,543.7901000976562,774.3856201171875,924.58544921875
125,player,16,0,483.00152587890625,338.76507568359375,489.1481018066406,264.7757568359375
125,player,20,1,334.4599609375,450.62567138671875,286.37713623046875,521.3197021484375
125,player,24,0,853.6141357421875,444.6282958984375,698.8224487304688,662.9285888671875
125,player,15,0,827.614990234375,559.97412109375,580.4689331054688,918.2075805664062
125,player,27,0,800.7640380859375,623.451904296875,523.912109375,1004.90966796875
125,player,5,0,411.60382080078125,410.3024597167969,376.6463623046875,447.86541748046875
125,player,30,0,843.6317138671875,560.9000244140625,597.5455932617188,897.8779907226562
125,ball,-1,-1,272.44244384765625,303.9197998046875,260.44244384765625,201.9730224609375
126,player,24,0,853.880126953125,444.2336730957031,701.0843505859375,661.9422607421875
126,player,21,0,1072.383056640625,544.0653076171875,774.6026611328125,927.3775024414062
126,player,16,0,485.7696533203125,338.7571716308594,491.0463562011719,265.8270263671875
126,player,15,0,824.0191040039062,563.7363891601562,579.7430419921875,914.026611328125
126,player,20,1,336.0743408203125,452.15081787109375,286.9645080566406,525.3056030273438
126,player,5,0,414.1863098144531,411.5581970214844,376.7398681640625,449.2205505371094
126,player,27,0,792.4124755859375,619.273193359375,521.0057983398438,1003.254150390625
126,ball,-1,-1,272.7063903808594,303.44122314453125,266.08465576171875,192.79638671875
127,player,24,0,855.7568359375,445.8384704589844,702.5269775390625,662.8121337890625
127,player,21,0,1072.94970703125,547.5472412109375,773.7243041992188,931.5845336914062
127,player,16,0,486.09051513671875,340.6931457519531,491.7912902832031,268.5931396484375
127,player,20,1,333.890869140625,453.69287109375,286.4277648925781,529.0079345703125
127,player,5,0,417.7956848144531,411.1361083984375,377.9414978027344,450.0815734863281
127,player,15,0,822.7843017578125,582.0144653320312,574.07958984375,923.2711791992188
127,player,27,0,786.54736328125,616.5414428710938,518.3697509765625,999.9938354492188
127,player,3,0,295.8522644042969,457.05072021484375,256.620361328125,462.572021484375
127,ball,-1,-1,274.27691650390625,300.9521179199219,271.5359191894531,183.72865295410156
128,player,24,0,855.4348754882812,444.97662353515625,703.6707763671875,662.6348266601562
128,player,16,0,488.678955078125,341.26470947265625,492.901123046875,271.2782287597656
128,player,21,0,1073.29248046875,548.2099609375,773.019775390625,934.7940673828125
128,player,20,1,334.4288024902344,454.4911193847656,286.0648193359375,532.152587890625
128,player,5,0,424.3226623535156,411.23004150390625,380.57696533203125,451.39666748046875
128,player,15,0,821.8758544921875,593.6358032226562,567.1485595703125,936.6879272460938
128,player,3,0,296.44134521484375,457.27044677734375,255.66934204101562,487.62005615234375
128,player,27,0,795.3070068359375,621.7587280273438,517.4961547851562,1001.829345703125
128,ball,-1,-1,307.74163818359375,367.4796447753906,275.2175598144531,192.85794067382812
129,player,24,0,855.8319702148438,448.4404296875,703.338623046875,665.4085083007812
129,player,16,0,489.49951171875,340.52886962890625,494.09954833984375,272.33758544921875
129,player,21,0,1074.2779541015625,549.690185546875,772.3199462890625,937.9593505859375
129,player,15,0,820.572265625,571.06298828125,568.2487182617188,930.6150512695312
129,player,28,0,363.50421142578125,451.02484130859375,291.44451904296875,516.9952392578125
129,player,20,1,332.7408447265625,455.1478271484375,285.229736328125,534.5936889648438
129,player,5,0,426.85858154296875,412.452880859375,382.7180480957031,453.6375732421875
129,player,3,0,305.5460205078125,456.1109619140625,257.78375244140625,503.801025390625
129,player,32,-1,788.910888671875,620.7324829101562,512.2080078125,1001.8817749023438
129,ball,-1,-1,307.852294921875,367.3846740722656,278.6173095703125,201.2374725341797
130,player,24,0,856.4002685546875,447.25848388671875,703.684814453125,666.2974853515625
130,player,21,0,1074.624267578125,550.4966430664062,771.68505859375,940.586181640625
130,player,16,0,492.34832763671875,338.05535888671875,496.5155944824219,270.72265625
130,player,15,0,819.40283203125,541.891845703125,576.6614990234375,906.7464599609375
130,player,20,1,333.83148193359375,456.3341064453125,284.7469787597656,537.3029174804688
130,player,5,0,428.65826416015625,412.54083251953125,384.6051025390625,455.35919189453125
130,player,28,0,363.15570068359375,451.41290283203125,297.9054260253906,524.5303344726562
130,player,27,0,794.6644287109375,622.8804931640625,516.5045166015625,1003.65283203125
130,ball,-1,-1,311.54425048828125,366.4188537597656,282.0502014160156,208.81192016601562
131,player,24,0,856.2020874023438,446.58746337890625,704.0845336914062,666.303955078125
131,player,20,1,335.4895324707031,456.7607421875,284.8033447265625,539.59130859375
131,player,21,0,1076.2364501953125,551.1189575195312,771.4749755859375,942.854248046875
131,player,16,0,495.0362243652344,339.36517333984375,498.5157470703125,271.3559265136719
131,player,5,0,426.6048583984375,413.53265380859375,384.99798583984375,457.17950439453125
131,player,15,0,818.434326171875,550.9749755859375,579.3538818359375,897.4205322265625
132,player,24,0,855.782958984375,449.5045166015625,703.2310791015625,668.6602783203125
132,player,21,0,1077.083984375,550.6466674804688,771.71044921875,944.0906982421875
132,player,16,0,502.60772705078125,339.50799560546875,502.1130065917969,272.7514343261719
132,player,20,1,340.535888671875,457.26873779296875,286.12603759765625,542.0076293945312
132,player,15,0,816.4620361328125,552.9027709960938,580.072998046875,892.5001220703125
132,player,5,0,424.18780517578125,413.6899719238281,384.5212097167969,458.260009765625
132,player,32,-1,779.40771484375,624.786376953125,508.9698486328125,1003.5484619140625
133,player,24,0,856.5303955078125,450.4295654296875,702.56884765625,671.0220947265625
133,player,21,0,1078.48681640625,550.8602905273438,772.1485595703125,945.163818359375
133,player,16,0,501.2398681640625,341.66290283203125,503.3642578125,275.779296875
133,player,20,1,340.92864990234375,457.60028076171875,287.0262451171875,543.8994140625
133,player,5,0,416.3740234375,420.56280517578125,380.3125,464.43634033203125
133,player,32,-1,778.4564208984375,622.2623291015625,507.23699951171875,1003.0089111328125
133,player,15,0,814.8521728515625,553.2015991210938,580.05078125,889.3606567382812
134,player,24,0,856.2405395507812,454.0093994140625,700.843994140625,675.4432983398438
134,player,21,0,1079.599853515625,551.5997314453125,772.4698486328125,946.4542236328125
134,player,16,0,504.09130859375,342.22967529296875,504.882568359375,278.6559143066406
134,player,32,-1,776.55322265625,620.6444702148438,506.04034423828125,1001.5040283203125
134,player,20,1,338.8282470703125,457.10107421875,287.135009765625,544.4972534179688
134,player,5,0,414.7297058105469,420.2431335449219,377.1845397949219,467.9939880371094
134,player,27,0,809.935546875,539.4642333984375,541.285888671875,951.6617431640625
135,player,24,0,856.7855224609375,453.4017333984375,700.0791625976562,677.87744140625
135,player,21,0,1079.593994140625,552.4764404296875,772.385986328125,947.8751220703125
135,player,32,-1,774.2875366210938,624.3126220703125,503.85137939453125,1002.57763671875
135,player,33,-1,502.25286865234375,340.45660400390625,507.6430969238281,278.0915222167969
135,player,20,1,341.188232421875,457.56304931640625,287.7611083984375,545.5113525390625
135,player,27,0,809.026123046875,533.1058349609375,558.9486083984375,913.3084716796875
135,player,5,0,410.646728515625,422.76055908203125,373.389404296875,472.17144775390625
135,player,28,0,368.00732421875,451.36785888671875,303.4575500488281,529.8680419921875
136,player,24,0,857.0435791015625,455.05072021484375,699.095947265625,680.822509765625
136,player,21,0,1080.069091796875,553.048583984375,772.261962890625,949.221435546875
136,player,20,1,347.2320861816406,459.321044921875,289.4703369140625,548.2584838867188
136,player,33,-1,503.21002197265625,341.64630126953125,507.57171630859375,279.44915771484375
136,player,34,-1,422.2665710449219,419.4864196777344,378.0374755859375,474.8269348144531
136,player,27,0,807.6837158203125,553.145751953125,564.520751953125,902.2003173828125
136,player,32,-1,770.8112182617188,624.9021606445312,501.460205078125,1003.3389282226562
137,player,24,0,857.4898681640625,455.26727294921875,698.507080078125,682.9561157226562
137,player,21,0,1080.637451171875,554.5144653320312,771.8394775390625,951.1190185546875
137,player,20,1,351.4414978027344,458.51129150390625,291.90496826171875,549.7686767578125
137,player,33,-1,503.9276428222656,341.05499267578125,507.92913818359375,279.788330078125
137,player,34,-1,429.72247314453125,420.45404052734375,379.9294738769531,476.4619140625
137,player,27,0,808.12841796875,590.8689575195312,558.27880859375,920.018310546875
137,player,32,-1,769.06396484375,620.8156127929688,500.4525146484375,1001.1834716796875
138,player,24,0,857.853271484375,457.12554931640625,697.598388671875,685.8802490234375
138,player,21,0,1081.8037109375,555.3289184570312,771.59033203125,952.996337890625
138,player,20,1,361.05035400390625,457.8695068359375,296.2637634277344,551.1469116210938
138,player,33,-1,506.9332275390625,342.0010986328125,508.79656982421875,281.3335266113281
138,player,27,0,808.5460815429688,590.9574584960938,554.30126953125,931.6934814453125
138,player,34,-1,422.447998046875,423.0747375488281,378.4549865722656,479.1549072265625
138,player,32,0,767.4703369140625,620.7706298828125,499.4267883300781,999.6185302734375
139,player,21,0,1083.958984375,559.2710571289062,770.671630859375,957.0062255859375
139,player,24,0,858.032470703125,457.40435791015625,696.96337890625,688.0234375
139,player,33,-1,508.82305908203125,342.6380615234375,509.7461242675781,283.21368408203125
139,player,27,0,806.7803955078125,552.0296630859375,561.575927734375,913.3048095703125
139,player,20,1,363.02972412109375,457.8001403808594,299.6561279296875,552.1779174804688
139,player,34,-1,426.69610595703125,430.64447021484375,376.8924560546875,488.1094970703125
139,player,32,0,764.0363159179688,621.232666015625,497.82952880859375,998.5916748046875
140,player,24,0,857.4281616210938,456.6708068847656,696.6307983398438,688.7652587890625
140,player,21,0,1085.862548828125,562.285888671875,769.5633544921875,961.7565307617188
140,player,33,-1,508.11767578125,342.973876953125,510.04217529296875,284.71051025390625
140,player,34,-1,428.2659912109375,430.423095703125,376.37274169921875,493.8912048339844
140,player,20,1,365.39300537109375,457.86328125,302.4981689453125,553.133544921875
140,player,27,0,804.6007080078125,553.46044921875,565.3624267578125,902.1346435546875
140,player,5,0,398.16302490234375,447.36767578125,361.75830078125,495.3691101074219
140,player,32,0,761.9677734375,623.6849365234375,495.72137451171875,999.250732421875
141,player,16,0,514.774169921875,343.18353271484375,508.866455078125,282.6971435546875
141,player,24,0,857.9716796875,457.76885986328125,696.1951904296875,690.1864624023438
141,player,21,0,1086.799560546875,563.36865234375,768.7236328125,965.63427734375
141,player,20,1,368.5963134765625,458.333984375,305.1275939941406,554.468505859375
141,player,27,0,803.1998901367188,547.147705078125,569.1939086914062,890.4065551757812
141,player,34,-1,428.8853759765625,421.61322021484375,378.32745361328125,489.81732177734375
141,player,32,0,756.4962768554688,626.8984375,492.2980041503906,1001.1746826171875
142,player,16,0,517.826171875,342.1986083984375,512.7034912109375,284.626708984375
142,player,21,0,1088.073486328125,564.9173583984375,767.990966796875,969.2762451171875
142,player,20,1,372.99920654296875,457.89007568359375,308.14178466796875,555.3911743164062
142,player,24,0,859.5289306640625,460.1668395996094,695.5361328125,693.1906127929688
142,player,34,-1,441.95281982421875,421.81268310546875,383.270263671875,488.675048828125
142,player,27,0,801.91748046875,546.1405639648438,571.6347045898438,881.9698486328125
142,player,32,0,754.1240234375,623.8217163085938,490.22149658203125,1000.3446044921875
143,player,16,0,521.2534790039062,342.43023681640625,516.1817626953125,286.4996643066406
143,player,20,1,378.416015625,457.9871826171875,311.5707092285156,556.6045532226562
143,player,24,0,858.87109375,462.7442626953125,694.06591796875,697.14111328125
143,player,21,0,1089.755126953125,567.6094360351562,767.0576171875,973.53857421875
143,player,27,0,801.1224365234375,554.9349975585938,570.6209106445312,882.4603271484375
143,player,32,0,749.0679321289062,623.891357421875,487.648681640625,999.4166259765625
143,player,34,1,442.1990966796875,416.5845031738281,387.8454895019531,483.2178955078125
144,player,16,0,523.6038818359375,340.9564208984375,519.630859375,286.42877197265625
144,player,20,1,382.52117919921875,459.32958984375,314.64129638671875,558.9327392578125
144,player,24,0,858.8219604492188,464.42352294921875,692.5381469726562,701.04248046875
144,player,21,0,1090.9853515625,570.326904296875,765.875,978.171630859375
144,player,27,0,799.36962890625,548.6669921875,571.2218627929688,878.3199462890625
144,player,32,0,747.4759521484375,624.5950317382812,485.43377685546875,999.1084594726562
144,player,33,-1,505.2159423828125,338.7276306152344,510.6538391113281,280.8941955566406
144,player,34,1,435.8028869628906,405.300537109375,391.80291748046875,468.61767578125
144,ball,-1,-1,291.1670227050781,313.16510009765625,286.74554443359375,202.13385009765625
145,player,16,0,529.21240234375,342.1417236328125,523.229248046875,288.24188232421875
145,player,20,1,386.153076171875,458.6566162109375,317.7799072265625,560.2324829101562
145,player,24,0,859.4102172851562,463.9982604980469,691.8475952148438,703.2972412109375
145,player,21,0,1093.071044921875,572.142333984375,765.0380249023438,982.53515625
145,player,27,0,798.9410400390625,550.0098266601562,571.1373291015625,876.5151977539062
145,player,33,1,506.4676513671875,337.75030517578125,511.7430419921875,277.516845703125
145,player,32,0,746.9044189453125,624.7637329101562,483.81884765625,998.962646484375
145,player,34,1,441.7896728515625,421.15728759765625,392.14404296875,474.2871398925781
145,ball,-1,-1,290.64019775390625,317.18994140625,290.7935791015625,197.02227783203125
146,player,16,0,531.558837890625,342.6413269042969,526.133544921875,290.2007751464844
146,player,20,1,389.5756530761719,458.53253173828125,320.78790283203125,561.3077392578125
146,player,21,0,1094.839111328125,574.6817626953125,764.1129760742188,987.1536865234375
146,player,24,0,861.4444580078125,464.110595703125,691.918701171875,705.0509643554688
146,player,27,0,798.0443115234375,551.340576171875,570.4929809570312,876.1759033203125
146,player,33,1,501.8450012207031,324.55035400390625,515.1704711914062,260.62298583984375
146,player,32,0,747.7249755859375,626.56396484375,482.54974365234375,1000.037353515625
146,player,34,1,442.56121826171875,411.7386169433594,394.9270324707031,469.4669494628906
146,ball,-1,-1,291.265625,322.755126953125,294.24322509765625,193.76702880859375
147,player,16,0,531.9862060546875,341.7694091796875,528.429443359375,290.6080017089844
147,player,20,1,391.1552734375,458.98760986328125,323.0790100097656,562.5465087890625
147,player,21,0,1096.1884765625,577.5985107421875,762.9069213867188,992.1331787109375
147,player,27,0,797.0385131835938,550.8355712890625,569.956298828125,875.517333984375
147,player,24,0,862.2056274414062,464.67822265625,691.984375,706.716796875
147,player,32,0,748.828857421875,626.1236572265625,482.08929443359375,1000.5612182617188
147,player,33,1,502.1886901855469,316.28515625,520.166015625,240.59295654296875
147,player,34,1,462.20294189453125,428.295654296875,398.2060852050781,483.30084228515625
147,ball,-1,-1,293.48187255859375,327.86602783203125,297.2849426269531,192.12828063964844
148,player,16,0,533.5829467773438,341.89007568359375,530.3760375976562,291.17437744140625
148,player,20,1,392.4882507324219,457.3026123046875,325.30029296875,562.055419921875
148,player,21,0,1096.529541015625,582.058349609375,760.7781982421875,998.222900390625
148,player,27,0,797.22607421875,550.9338989257812,569.6282958984375,875.173828125
148,player,24,0,862.9644165039062,465.0887451171875,692.0982055664062,708.199951171875
148,player,33,1,502.5635986328125,312.3115234375,524.827880859375,223.189697265625
148,player,32,0,751.014404296875,626.6095581054688,482.198486328125,1001.3840942382812
148,player,34,1,465.3379821777344,434.4747619628906,399.69403076171875,498.0684814453125
148,ball,-1,-1,295.6587829589844,331.3052978515625,300.044189453125,191.54238891601562
149,player,16,0,535.0579833984375,341.6109619140625,532.1851196289062,291.4119873046875
149,player,21,0,1099.23974609375,586.5425415039062,758.6353759765625,1005.2367553710938
149,player,20,1,392.6197509765625,458.6119384765625,326.4960632324219,562.8582153320312
149,player,27,0,798.5182495117188,552.9346313476562,569.19970703125,876.440185546875
149,player,34,1,466.19476318359375,441.0260009765625,399.29742431640625,513.4717407226562
149,player,24,0,863.5443115234375,465.20159912109375,692.2933349609375,709.3101806640625
149,player,32,0,751.7744140625,625.6594848632812,482.6701354980469,1001.404052734375
149,player,33,1,502.935302734375,306.1783142089844,529.999267578125,205.01414489746094
150,player,16,0,536.4237060546875,341.58984375,533.7891845703125,291.6942443847656
150,player,21,0,1100.6114501953125,588.5028686523438,756.9584350585938,1011.140869140625
150,player,27,0,796.0411376953125,553.033447265625,568.2672729492188,877.107177734375
150,player,20,1,392.8397521972656,457.7667236328125,327.51727294921875,562.6859741210938
150,player,24,0,864.01318359375,467.03125,691.9402465820312,711.5281982421875
150,player,34,1,465.7497253417969,444.79998779296875,398.0001220703125,526.7020263671875
150,player,32,0,747.6414794921875,625.3536376953125,482.0621337890625,1000.8782348632812
150,player,33,1,502.8892517089844,306.4298400878906,533.262451171875,193.47976684570312
151,player,16,0,537.0350341796875,341.98590087890625,534.8941650390625,292.3596496582031
151,player,21,0,1102.715576171875,591.3472290039062,755.4857788085938,1016.9324340820312
151,player,27,0,796.8994140625,552.9674682617188,567.8963012695312,877.5730590820312
151,player,24,0,865.0360717773438,467.76776123046875,691.7457275390625,713.6519775390625
151,player,20,1,391.86785888671875,456.5550537109375,328.1768493652344,561.45068359375
151,player,32,0,746.1224365234375,626.0258178710938,481.1499938964844,1000.8177490234375
151,player,33,1,502.858154296875,309.82806396484375,534.2501220703125,189.814208984375
151,player,34,1,466.15570068359375,441.7915954589844,397.9992370605469,532.7432861328125
151,player,35,-1,527.2645263671875,341.6619567871094,528.6285400390625,289.5616455078125
152,player,21,0,1103.763671875,594.854248046875,753.680908203125,1022.95849609375
152,player,16,0,537.337158203125,341.0380859375,536.008056640625,291.83209228515625
152,player,24,0,865.8602905273438,469.91851806640625,691.1318969726562,716.8090209960938
152,player,27,0,795.7337646484375,553.793212890625,567.136962890625,878.3359375
152,player,20,1,391.7774658203125,456.82257080078125,328.5224914550781,560.8660278320312
152,player,32,0,745.9064331054688,626.0865478515625,480.49169921875,1000.797119140625
152,player,34,1,467.0140380859375,440.29937744140625,398.60205078125,535.4613037109375
152,player,33,1,503.0958251953125,303.71826171875,536.9942016601562,180.54287719726562
152,player,35,-1,527.8659057617188,341.146240234375,528.9771118164062,289.0865478515625
153,player,21,0,1104.72509765625,596.6590576171875,752.176513671875,1028.0709228515625
153,player,16,0,537.2435913085938,340.6253662109375,536.8350830078125,291.0457763671875
153,player,24,0,868.088134765625,473.25732421875,690.2377319335938,721.697021484375
153,player,20,1,395.4050598144531,461.9251708984375,328.63775634765625,565.1520385742188
153,player,27,0,796.35205078125,557.4818115234375,565.806640625,881.4030151367188
153,player,34,1,447.69549560546875,425.6846923828125,397.1292419433594,522.4038696289062
153,player,33,1,502.6475830078125,304.2271728515625,538.464111328125,175.0448760986328
153,player,32,0,743.2988891601562,626.3858642578125,479.373779296875,1000.7445678710938
154,player,21,0,1106.94189453125,600.0997314453125,750.6634521484375,1033.6968994140625
154,player,16,0,537.7280883789062,340.4334411621094,537.5836791992188,290.3863830566406
154,player,24,0,869.7670288085938,474.14495849609375,689.8203735351562,725.7304077148438
154,player,20,1,397.8324890136719,461.89190673828125,329.3853454589844,568.147216796875
154,player,27,0,795.2032470703125,561.5342407226562,563.569091796875,886.0390625
154,player,34,1,449.11273193359375,435.79205322265625,394.11126708984375,523.0165405273438
154,player,33,1,503.4317321777344,306.6717529296875,538.8579711914062,174.33546447753906
154,player,36,-1,305.96209716796875,388.378173828125,302.4459533691406,356.8442687988281
155,player,21,0,1106.8944091796875,603.57470703125,748.587158203125,1039.4681396484375
155,player,24,0,870.8076782226562,473.93304443359375,689.9013671875,728.287353515625
155,player,20,1,402.16021728515625,461.1844482421875,331.2120361328125,569.9223022460938
155,player,16,0,537.6155395507812,339.9691162109375,538.1841430664062,289.45751953125
155,player,27,0,795.0560913085938,558.1451416015625,562.98291015625,886.744140625
155,player,5,0,470.8758544921875,445.0909118652344,374.9571838378906,515.6947021484375
155,player,36,-1,308.69195556640625,386.79754638671875,303.6025695800781,355.58447265625
155,player,33,1,503.77459716796875,308.46490478515625,538.6296997070312,175.93939208984375
155,player,35,-1,528.4093627929688,340.7078857421875,529.51025390625,288.3770751953125
155,ball,-1,-1,283.24603271484375,334.0679626464844,301.545654296875,191.3811492919922
156,player,21,0,1107.19091796875,604.369140625,747.063232421875,1043.727783203125
156,player,24,0,873.1595458984375,471.9481201171875,691.248779296875,728.62451171875
156,player,16,0,536.839599609375,339.92657470703125,538.3482055664062,288.7237243652344
156,player,20,1,404.27020263671875,461.85284423828125,332.83209228515625,571.84423828125
156,player,27,0,795.1016235351562,557.6461791992188,562.7470703125,886.8675537109375
156,player,5,0,470.7301025390625,444.899169921875,383.5424499511719,528.726806640625
156,player,36,-1,320.8763427734375,385.4384765625,308.2527160644531,354.712158203125
156,player,32,0,739.1053466796875,627.34765625,477.4284362792969,1000.9404907226562
157,player,21,0,1106.6549072265625,608.097412109375,744.7908935546875,1048.706787109375
157,player,24,0,875.1429443359375,473.2822265625,692.22216796875,730.0798950195312
157,player,20,1,406.23980712890625,463.6661071777344,334.0286560058594,574.8062744140625
157,player,16,0,536.71435546875,340.5964050292969,538.2019653320312,288.936767578125
157,player,27,0,793.784912109375,559.9526977539062,561.645263671875,888.3941650390625
157,player,5,0,471.25079345703125,444.7022705078125,389.3157653808594,537.0798950195312
157,player,32,0,737.783935546875,632.354736328125,474.7120361328125,1003.9967651367188
157,player,36,-1,322.0328369140625,386.81842041015625,311.30108642578125,355.61798095703125
157,ball,-1,-1,292.24920654296875,318.787353515625,304.4337158203125,187.5836944580078
158,player,20,1,406.2525329589844,464.3511962890625,334.66046142578125,577.305908203125
158,player,24,0,878.1676025390625,474.72418212890625,693.1990356445312,732.4439086914062
158,player,21,0,1106.6063232421875,613.0147705078125,741.7939453125,1054.89453125
158,player,16,0,536.4462280273438,338.7668762207031,538.6096801757812,287.12109375
158,player,27,0,794.633544921875,555.1380615234375,562.43310546875,886.1893920898438
158,player,5,0,471.5986633300781,445.1925048828125,393.04620361328125,542.9658813476562
158,player,32,0,733.995361328125,633.111083984375,471.8777770996094,1006.1199951171875
158,player,36,-1,316.4814453125,387.599609375,311.4707946777344,356.3884582519531
158,ball,-1,-1,285.9884033203125,317.4532470703125,306.7152404785156,183.5846405029297
159,player,20,1,412.10693359375,464.3878173828125,336.66448974609375,579.5321044921875
159,player,24,0,881.8038330078125,477.958251953125,693.7510986328125,736.8438110351562
159,player,21,0,1106.14794921875,615.0308837890625,739.1207275390625,1060.082275390625
159,player,16,0,538.257080078125,339.57135009765625,539.1768798828125,286.98736572265625
159,player,27,0,793.5413208007812,553.1216430664062,563.21240234375,883.2786865234375
159,player,5,0,471.29693603515625,445.5770263671875,395.2935791015625,547.0924682617188
159,player,36,-1,320.4986572265625,387.4014892578125,312.8083190917969,357.11669921875
159,ball,-1,-1,290.99151611328125,307.5986633300781,309.7510070800781,177.45895385742188
160,player,20,1,413.68170166015625,463.5966796875,338.5719299316406,580.471435546875
160,player,24,0,884.397216796875,478.6729736328125,694.5756225585938,740.5067749023438
160,player,16,0,540.1614990234375,340.4515380859375,539.851806640625,288.034912109375
160,player,27,0,792.282958984375,553.0011596679688,563.432861328125,881.1905517578125
160,player,21,0,1105.642822265625,612.7840576171875,737.9465942382812,1062.067626953125
160,player,5,0,471.5733947753906,445.75274658203125,396.7886962890625,549.9532470703125
160,player,36,-1,326.2220764160156,386.10308837890625,315.66015625,356.92047119140625
160,player,37,-1,374.878173828125,378.48028564453125,367.2837219238281,349.7722473144531
160,ball,-1,-1,291.2745056152344,305.99957275390625,312.6590576171875,171.40765380859375
161,player,20,1,414.01788330078125,462.74029541015625,340.09259033203125,580.39794921875
161,player,24,0,886.3994140625,481.51171875,694.71728515625,745.2691040039062
161,player,16,0,541.7278442382812,339.21343994140625,541.1726684570312,287.58660888671875
161,player,27,0,790.7965087890625,552.5217895507812,563.3289794921875,879.3702392578125
161,player,5,0,477.769287109375,448.4071044921875,398.8382568359375,554.7012939453125
161,player,21,0,1105.96630859375,615.565673828125,736.41357421875,1065.048095703125
161,player,36,0,319.78131103515625,385.15478515625,315.83197021484375,355.187255859375
161,player,37,-1,368.7074890136719,382.8638916015625,364.3779296875,353.43829345703125
161,player,33,1,503.5992431640625,292.49786376953125,543.796142578125,158.64144897460938
162,player,20,1,413.9930114746094,463.59368896484375,340.8860778808594,581.0621337890625
162,player,24,0,888.5504150390625,481.8154296875,695.2894287109375,748.8048706054688
162,player,16,0,541.886962890625,338.829345703125,542.2042236328125,286.9083557128906
162,player,27,0,788.964111328125,552.0494384765625,562.924560546875,877.6971435546875
162,player,5,0,483.2308044433594,448.79010009765625,401.5933837890625,558.6549682617188
162,player,36,0,314.390380859375,385.31378173828125,314.3173828125,353.6505432128906
162,player,21,0,1104.88330078125,616.529052734375,734.864013671875,1067.4664306640625
162,player,37,-1,364.93072509765625,378.625,362.4051208496094,351.24652099609375
162,player,32,0,695.6765747070312,572.8650512695312,474.75372314453125,965.84033203125
162,player,33,1,497.87451171875,294.49066162109375,544.61669921875,149.0590057373047
163,player,20,1,414.380126953125,464.7920227050781,341.2440185546875,582.5328369140625
163,player,24,0,889.4727783203125,482.248291015625,695.7675170898438,751.524169921875
163,player,16,0,541.892578125,339.48297119140625,542.6658935546875,287.15606689453125
163,player,5,0,483.0714111328125,448.83984375,403.32781982421875,561.2515258789062
163,player,27,0,787.841796875,552.2781372070312,562.3158569335938,876.6651611328125
163,player,36,0,311.74151611328125,387.10321044921875,312.14825439453125,354.12750244140625
163,player,21,0,1105.93994140625,619.8267822265625,733.1121826171875,1071.0870361328125
163,player,37,-1,365.9485778808594,378.607421875,361.42938232421875,349.912109375
163,player,33,1,502.51837158203125,292.40496826171875,547.3681030273438,140.93582153320312
164,player,20,1,414.66717529296875,465.5677490234375,341.38470458984375,584.1636352539062
164,player,24,0,890.170166015625,483.18426513671875,695.9583129882812,754.0765380859375
164,player,21,0,1105.8238525390625,617.8613891601562,732.5401611328125,1072.264892578125
164,player,16,0,540.646484375,336.90289306640625,543.4124755859375,284.4585266113281
164,player,5,0,483.1025085449219,448.5323486328125,404.53900146484375,562.679931640625
164,player,27,0,784.9321899414062,552.8331298828125,561.0343017578125,876.1123046875
164,player,36,0,314.69384765625,387.85498046875,311.4378356933594,355.4818420410156
164,player,37,-1,364.5379638671875,379.9881591796875,360.0390319824219,350.2601623535156
164,player,33,1,502.30169677734375,291.04132080078125,549.5528564453125,134.0358123779297
165,player,20,1,415.21044921875,466.197998046875,341.48614501953125,585.801513671875
165,player,24,0,889.253173828125,485.7205810546875,695.00439453125,757.5867919921875
165,player,5,0,485.9228515625,447.8226318359375,406.283447265625,563.28125
165,player,21,0,1106.67138671875,617.83154296875,732.380859375,1073.08544921875
165,player,16,0,541.8833618164062,338.0194091796875,543.9202880859375,284.0209045410156
165,player,27,0,782.988525390625,551.5233764648438,560.0601806640625,874.6775512695312
165,player,36,0,320.84063720703125,388.35150146484375,312.67156982421875,357.490478515625
165,player,37,-1,361.9808349609375,383.9866943359375,357.40869140625,354.1480712890625
165,player,33,1,500.628662109375,290.66162109375,550.5582275390625,128.91213989257812
165,player,32,0,683.341796875,557.2146606445312,477.3272399902344,927.9263305664062
166,player,20,1,414.68853759765625,466.36175537109375,341.3736572265625,586.9515380859375
166,player,24,0,889.4132080078125,486.57379150390625,694.1485595703125,760.5341796875
166,player,5,0,487.5638427734375,447.74029541015625,407.8935241699219,563.7642822265625
166,player,21,0,1106.949951171875,617.5460815429688,732.4307861328125,1073.4730224609375
166,player,16,0,541.5914306640625,337.51544189453125,544.32275390625,283.17230224609375
166,player,27,0,781.2677001953125,551.89306640625,558.891845703125,873.8435668945312
166,player,36,0,307.29669189453125,387.71148681640625,309.6339111328125,356.75262451171875
166,player,33,1,499.6474914550781,291.9562072753906,550.44970703125,126.98405456542969
166,player,37,-1,357.682373046875,376.9466552734375,356.13043212890625,349.27667236328125
167,player,20,1,412.3861083984375,466.57171630859375,340.6259765625,587.6497192382812
167,player,24,0,889.8400268554688,486.79937744140625,693.6331787109375,762.66259765625
167,player,21,0,1105.7576904296875,618.328125,731.9400024414062,1074.087158203125
167,player,5,0,486.95257568359375,446.7135314941406,409.0228271484375,563.1392211914062
167,player,36,0,303.9835205078125,387.6184997558594,306.7052917480469,355.8349304199219
167,player,16,0,541.048095703125,337.70501708984375,544.3547973632812,282.760986328125
167,player,27,0,778.747802734375,552.5806884765625,557.310302734375,873.546142578125
167,player,37,1,355.26690673828125,375.83831787109375,354.85028076171875,344.7516784667969
167,ball,-1,-1,280.22589111328125,311.91357421875,314.1832275390625,167.1120147705078
168,player,20,1,410.68048095703125,467.261962890625,339.5238342285156,588.5115356445312
168,player,24,0,890.4249267578125,486.719970703125,693.4810791015625,764.0416259765625
168,player,5,0,487.8421630859375,446.75390625,409.994384765625,562.8556518554688
168,player,21,0,1104.07666015625,616.59619140625,731.7420043945312,1073.3125
168,player,27,0,781.8001098632812,551.6963500976562,557.2919921875,873.02099609375
168,player,16,0,541.0067138671875,336.88897705078125,544.62646484375,281.6267395019531
168,player,36,0,301.97601318359375,388.1882019042969,304.0845947265625,355.585205078125
168,player,37,1,354.97576904296875,373.0071716308594,354.62158203125,338.9512939453125
168,ball,-1,-1,279.6461181640625,313.1202392578125,315.4739990234375,163.4607391357422
169,player,20,1,409.5912780761719,467.838623046875,338.3848571777344,589.4448852539062
169,player,24,0,890.7713623046875,486.6378173828125,693.5020751953125,764.9085693359375
169,player,5,0,487.25042724609375,447.44171142578125,410.2919921875,563.2012939453125
169,player,21,0,1101.432861328125,619.362548828125,730.1423950195312,1074.2259521484375
169,player,27,0,781.1190185546875,551.4434814453125,557.1752319335938,872.4441528320312
169,player,36,0,300.27728271484375,389.00634765625,301.70074462890625,356.04412841796875
169,player,16,0,541.072998046875,334.2462158203125,545.6807250976562,278.0940246582031
169,player,37,1,353.51922607421875,366.61669921875,355.60736083984375,328.58172607421875
169,ball,-1,-1,279.2074279785156,313.91650390625,316.583984375,160.29811096191406
170,player,20,1,408.7138977050781,468.8446960449219,337.18695068359375,590.8009643554688
170,player,24,0,890.8049926757812,487.27789306640625,693.3157348632812,765.96240234375
170,player,5,0,487.3224792480469,448.58544921875,410.224365234375,564.41015625
170,player,21,0,1100.331298828125,618.358154296875,729.1412353515625,1074.1292724609375
170,player,27,0,780.98974609375,552.3504638671875,556.8237915039062,872.6810302734375
170,player,16,0,542.5802001953125,332.513671875,547.3999633789062,274.1189270019531
170,player,36,0,300.9394836425781,387.15240478515625,300.75640869140625,354.5991516113281
170,player,37,1,355.3677062988281,372.1619873046875,355.4376220703125,327.63507080078125
170,player,32,0,661.5379638671875,617.447265625,459.767822265625,940.8773193359375
170,ball,-1,-1,278.11700439453125,315.191650390625,317.4532470703125,157.6925811767578
171,player,20,1,407.89581298828125,468.7334289550781,336.20953369140625,591.5106811523438
171,player,27,0,778.7251586914062,552.4835205078125,555.986328125,872.7217407226562
171,player,24,0,890.4183349609375,487.586669921875,692.9901123046875,766.84521484375
171,player,21,0,1097.216064453125,615.224609375,728.6885986328125,1071.932861328125
171,player,5,0,488.6591796875,447.8865966796875,410.7234191894531,564.7315063476562
171,player,16,0,541.908203125,332.9994201660156,548.1495361328125,271.9787902832031
171,player,36,0,299.9854736328125,385.4744873046875,300.2341613769531,351.9135437011719
171,player,37,1,355.056884765625,382.2449951171875,352.78997802734375,337.0036315917969
171,player,32,0,659.5250244140625,615.7154541015625,448.24688720703125,948.0391845703125
171,ball,-1,-1,276.69989013671875,315.62322998046875,318.1257629394531,155.37123107910156
172,player,36,0,296.97357177734375,383.4263916015625,299.4610595703125,347.833984375
172,player,21,0,1096.486572265625,611.9797973632812,729.2027587890625,1068.49951171875
172,player,27,0,779.1893310546875,552.3117065429688,555.6053466796875,872.6720581054688
172,player,24,0,891.0927124023438,488.13763427734375,692.7796630859375,767.902099609375
172,player,20,1,407.4898681640625,469.59613037109375,335.2769470214844,592.6473388671875
172,player,5,0,488.13458251953125,446.956298828125,411.13116455078125,564.0928955078125
172,player,16,0,541.4808349609375,331.7409973144531,548.9147338867188,269.19683837890625
172,player,37,1,355.3957824707031,394.0438537597656,348.36932373046875,354.59771728515625
172,player,32,0,654.75390625,616.4765625,439.44775390625,952.761962890625
173,player,21,0,1095.3546142578125,610.19921875,729.8056640625,1065.099609375
173,player,27,0,778.4798583984375,552.6898193359375,555.0771484375,872.8353881835938
173,player,20,1,407.82122802734375,469.4095153808594,334.80133056640625,593.2637939453125
173,player,24,0,891.7259521484375,488.20758056640625,692.789794921875,768.7027587890625
173,player,5,0,486.88128662109375,436.89544677734375,413.5477294921875,554.8595581054688
173,player,36,0,296.1868896484375,383.63037109375,298.6807861328125,345.30084228515625
173,player,16,0,541.0017700195312,330.5250244140625,549.6607666015625,266.0338134765625
173,player,37,1,353.37701416015625,387.0416259765625,346.5552062988281,359.04815673828125
173,player,32,0,671.4212646484375,619.10498046875,437.1546936035156,958.9005126953125
173,ball,-1,-1,268.1341552734375,315.8583984375,318.1109619140625,153.07615661621094
174,player,21,0,1094.424072265625,609.7136840820312,730.12060546875,1062.5169677734375
174,player,27,0,776.4803466796875,553.027099609375,554.1376953125,872.992431640625
174,player,20,1,407.4051513671875,469.863037109375,334.2808532714844,593.99951171875
174,player,24,0,892.00390625,487.6800537109375,693.0430297851562,768.8489990234375
174,player,5,0,487.6136474609375,434.5257568359375,415.9202575683594,546.8594970703125
174,player,16,0,539.47900390625,328.31549072265625,550.3951416015625,261.4346923828125
174,player,37,1,353.08648681640625,387.6236572265625,345.1525573730469,362.4772644042969
174,player,36,0,296.71148681640625,382.8931579589844,298.49249267578125,342.9814758300781
174,player,32,0,664.0570068359375,617.8397827148438,434.17462158203125,961.471435546875
174,player,38,-1,283.8524169921875,384.7972412109375,286.09405517578125,340.18023681640625
174,ball,-1,-1,265.1569519042969,316.33331298828125,317.8551940917969,151.01153564453125
175,player,20,1,406.67669677734375,470.8997802734375,333.5206604003906,595.26416015625
175,player,21,0,1092.614990234375,614.0276489257812,728.5796508789062,1063.273681640625
175,player,27,0,773.054443359375,554.0031127929688,552.4010009765625,873.4547729492188
175,player,32,0,667.6027221679688,622.157470703125,432.1500244140625,966.1312255859375
175,player,24,0,892.7689208984375,487.6142578125,693.4342651367188,768.96728515625
175,player,5,0,483.4371032714844,428.671630859375,417.7652893066406,536.0804443359375
175,player,16,0,539.3802490234375,327.60333251953125,551.0758666992188,257.6667175292969
175,player,37,1,350.79931640625,387.7088928222656,343.547607421875,364.54949951171875
175,player,36,0,295.98773193359375,382.233642578125,298.3028564453125,340.7454833984375
175,ball,-1,-1,262.83404541015625,315.9371337890625,317.4739074707031,148.94927978515625
176,player,20,1,406.0574645996094,472.7948913574219,332.45074462890625,597.5888061523438
176,player,21,0,1091.450439453125,618.560546875,725.93359375,1066.369384765625
176,player,32,0,663.6492919921875,619.9439086914062,430.3675537109375,967.4478759765625
176,player,5,0,486.5771484375,438.986572265625,417.25115966796875,538.4417114257812
176,player,24,0,892.8151245117188,487.002197265625,693.9010009765625,768.5831909179688
176,player,27,0,763.5606689453125,553.9094848632812,548.8956298828125,872.8341064453125
176,player,37,1,351.58074951171875,389.73748779296875,342.2557373046875,367.9486389160156
176,player,16,0,541.537353515625,330.51275634765625,551.2367553710938,258.5855712890625
176,player,38,-1,288.0738830566406,389.21710205078125,286.37530517578125,344.9599609375
176,player,36,0,286.87103271484375,382.6708984375,295.3866271972656,338.76483154296875
176,ball,-1,-1,258.6173400878906,315.5318298339844,316.84033203125,146.83790588378906
177,player,20,1,405.6651611328125,472.87408447265625,331.6318359375,599.1270751953125
177,player,5,0,486.8927001953125,439.3680419921875,416.91009521484375,540.33935546875
177,player,24,0,893.7905883789062,485.704345703125,694.891357421875,767.4384155273438
177,player,32,0,659.7935791015625,620.253173828125,428.2192077636719,968.16650390625
177,player,21,0,1089.9254150390625,618.88818359375,723.7495727539062,1068.4456787109375
177,player,27,0,763.911865234375,554.4473266601562,546.5645141601562,872.831298828125
177,player,16,0,541.90380859375,331.25726318359375,551.211669921875,260.02081298828125
177,player,37,1,349.3088073730469,389.1256103515625,340.892578125,369.326904296875
177,player,40,-1,292.603759765625,385.01953125,293.3316955566406,343.4325256347656
177,ball,-1,-1,247.53262329101562,315.17169189453125,315.4743957519531,144.5159912109375
178,player,20,1,405.5163879394531,472.84375,331.065673828125,600.0875854492188
178,player,24,0,893.6307373046875,486.12982177734375,695.3526000976562,767.0032958984375
178,player,5,0,483.2121276855469,428.9813232421875,418.2664794921875,532.0941162109375
178,player,16,0,542.3748168945312,331.70550537109375,551.1954345703125,261.4853515625
178,player,27,0,771.8944091796875,555.4971923828125,546.7899780273438,874.2685546875
178,player,21,0,1088.551025390625,624.7860107421875,720.24462890625,1073.165771484375
178,player,32,0,654.2088623046875,618.1848754882812,425.9306640625,966.866455078125
178,player,39,-1,338.65643310546875,388.36260986328125,329.9237060546875,366.5816955566406
178,player,40,-1,292.2557067871094,385.40936279296875,293.1431579589844,343.77960205078125
178,ball,-1,-1,242.33172607421875,314.8138732910156,313.8603820800781,142.15234375
179,player,20,1,406.63104248046875,472.92816162109375,330.9820861816406,600.8892211914062
179,player,27,0,769.4473266601562,556.3194580078125,546.1018676757812,875.5442504882812
179,player,5,0,481.73114013671875,428.5401611328125,418.841064453125,526.1944580078125
179,player,24,0,893.5150146484375,486.49261474609375,695.5025634765625,766.9857177734375
179,player,21,0,1087.111572265625,617.87060546875,719.68115234375,1072.0169677734375
179,player,16,0,542.7672119140625,326.128662109375,553.1444702148438,256.4844055175781
179,player,32,0,650.022216796875,619.4144287109375,423.1759948730469,966.4305419921875
179,player,36,0,264.8118896484375,383.3868408203125,286.8162536621094,335.86480712890625
179,player,39,-1,335.0443115234375,393.6485900878906,327.6453857421875,371.3233947753906
179,player,40,-1,295.4888916015625,386.31866455078125,293.7732238769531,345.23809814453125
179,ball,-1,-1,235.66464233398438,317.51959228515625,311.7471923828125,140.5115509033203
180,player,20,1,405.7515869140625,473.22576904296875,330.6252746582031,601.570068359375
180,player,27,0,762.32275390625,558.164306640625,543.374267578125,876.9910278320312
180,player,24,0,893.7335205078125,485.7569885253906,695.8997802734375,766.4347534179688
180,player,16,0,541.72412109375,331.7808837890625,552.2242431640625,259.19512939453125
180,player,5,0,479.9298095703125,424.551513671875,419.7177429199219,518.626953125
180,player,21,0,1085.417236328125,614.8026123046875,719.8276977539062,1069.293701171875
180,player,41,-1,624.5698852539062,617.67626953125,401.68463134765625,956.2905883789062
180,player,36,0,264.74383544921875,382.68280029296875,281.3753967285156,333.2747497558594
180,player,33,1,488.52685546875,325.5477600097656,535.8335571289062,162.37637329101562
180,player,39,-1,311.5600280761719,388.16339111328125,320.519775390625,366.6321105957031
180,ball,-1,-1,231.88784790039062,317.8455810546875,309.5128173828125,138.98974609375
181,player,20,1,406.123291015625,473.39520263671875,330.4578552246094,602.1878662109375
181,player,27,0,761.2892456054688,558.3906860351562,541.2818603515625,877.99267578125
181,player,24,0,893.897705078125,485.4927978515625,696.2887573242188,765.890869140625
181,player,32,0,634.5196533203125,618.33740234375,417.9002685546875,964.147705078125
181,player,16,0,542.0911254882812,331.17864990234375,551.937744140625,260.3536682128906
181,player,5,0,479.19830322265625,423.9913330078125,420.22259521484375,513.133056640625
181,player,21,0,1084.2176513671875,614.0999145507812,719.8453369140625,1066.9996337890625
181,player,40,-1,287.9328308105469,384.0322265625,292.45721435546875,343.14208984375
181,player,39,-1,309.12139892578125,388.493896484375,315.0969543457031,363.65008544921875
181,player,33,1,487.4169616699219,331.25103759765625,524.2080078125,191.43295288085938
181,ball,-1,-1,227.981201171875,319.38739013671875,307.0936279296875,137.88961791992188
182,player,20,1,402.01910400390625,474.41619873046875,329.0180358886719,603.0315551757812
182,player,24,0,892.986328125,487.36004638671875,695.6853637695312,766.8720703125
182,player,16,0,541.8389892578125,332.0132141113281,551.3997192382812,261.9711608886719
182,player,27,0,756.7035522460938,558.51318359375,538.7345581054688,878.3148803710938
182,player,5,0,479.5474853515625,423.68701171875,420.7276306152344,509.32501220703125
182,player,21,0,1083.416259765625,618.7904052734375,718.260009765625,1068.239501953125
182,player,39,-1,307.46319580078125,386.67724609375,311.49078369140625,359.7615661621094
182,player,32,0,632.6522216796875,616.21923828125,414.47125244140625,961.1759643554688
182,ball,-1,-1,224.84974670410156,322.5517272949219,304.4767761230469,137.61492919921875
183,player,20,1,401.0768127441406,478.52099609375,326.956787109375,606.8469848632812
183,player,24,0,893.5223999023438,487.09222412109375,695.5245361328125,767.357421875
183,player,27,0,753.38623046875,556.930908203125,536.653076171875,877.1456909179688
183,player,16,0,541.30615234375,331.1185302734375,551.1765747070312,262.00665283203125
183,player,5,0,480.18414306640625,423.888427734375,421.1854248046875,507.09454345703125
183,player,21,0,1081.51416015625,621.1069946289062,716.084716796875,1070.2578125
183,player,39,-1,308.94183349609375,385.12640380859375,309.93084716796875,355.8675842285156
183,player,41,-1,623.7835693359375,616.6112060546875,401.71942138671875,955.5546875
183,player,33,1,486.60546875,329.9923400878906,516.788330078125,208.873046875
183,ball,-1,-1,224.24810791015625,327.52947998046875,301.7683410644531,138.6222381591797
184,player,20,1,398.62994384765625,480.0995788574219,324.6243896484375,610.3765258789062
184,player,27,0,744.1155395507812,556.0925903320312,533.1773681640625,874.976806640625
184,player,24,0,893.726806640625,487.34808349609375,695.3911743164062,767.8870849609375
184,player,16,0,543.3043212890625,324.8656311035156,553.719970703125,255.515380859375
184,player,41,-1,615.3082275390625,620.3458862304688,398.932373046875,956.6912231445312
184,player,21,0,1081.00048828125,621.4470825195312,714.4469604492188,1071.727294921875
184,player,5,0,479.2509460449219,423.958740234375,421.1998291015625,505.6131591796875
184,player,39,-1,299.2497253417969,386.7049865722656,305.7076416015625,353.8687744140625
184,player,38,-1,277.6824951171875,381.61956787109375,285.1452331542969,339.49432373046875
184,ball,-1,-1,224.06723022460938,337.29534912109375,298.7659606933594,142.0082244873047
185,player,20,1,403.2182312011719,484.97894287109375,323.3200378417969,617.058837890625
185,player,24,0,894.5989990234375,486.6127624511719,695.7792358398438,767.7554321289062
185,player,27,0,740.998046875,555.3920288085938,530.3114013671875,872.8055419921875
185,player,16,0,543.4308471679688,322.3427429199219,556.2539672851562,248.567138671875
185,player,5,0,480.83447265625,425.008544921875,421.39129638671875,505.74884033203125
185,player,21,0,1081.267578125,623.4931030273438,712.8408203125,1073.915283203125
185,player,41,-1,613.1943969726562,619.7741088867188,396.733154296875,956.8916015625
185,player,39,-1,312.29583740234375,389.13397216796875,306.2586975097656,356.3103942871094
185,player,36,0,270.75958251953125,373.48931884765625,281.6119079589844,323.0267333984375
185,ball,-1,-1,226.3756866455078,345.4127197265625,295.7597351074219,147.19110107421875
186,player,20,1,403.0226135253906,485.33819580078125,322.3445739746094,621.6729125976562
186,player,41,-1,607.8402099609375,617.0281372070312,394.588134765625,954.8408813476562
186,player,24,0,894.6943359375,486.40155029296875,696.1262817382812,767.5181884765625
186,player,27,0,746.5487060546875,555.052001953125,529.9385986328125,871.661376953125
186,player,16,0,541.7333984375,325.38897705078125,556.3533325195312,247.17152404785156
186,player,5,0,481.7686462402344,426.56781005859375,421.3836669921875,507.32147216796875
186,player,21,0,1080.2320556640625,623.72900390625,711.4796752929688,1075.38818359375
186,player,39,-1,312.09759521484375,385.76824951171875,307.31591796875,354.5858459472656
186,ball,-1,-1,229.7354736328125,355.4564514160156,292.7326354980469,154.4827880859375
187,player,27,0,740.4883422851562,554.9083251953125,528.2019653320312,870.2724609375
187,player,24,0,894.4300537109375,486.45916748046875,696.2620239257812,767.382568359375
187,player,41,-1,602.5366821289062,615.9309692382812,392.147216796875,952.3624267578125
187,player,21,0,1078.173828125,624.1876220703125,709.968017578125,1076.440673828125
187,player,16,0,541.5416259765625,325.44122314453125,556.3404541015625,246.299560546875
187,player,20,1,401.88018798828125,486.43756103515625,321.1746826171875,625.44677734375
187,player,5,0,478.6534423828125,426.8336181640625,420.42828369140625,508.26568603515625
187,player,39,-1,309.34393310546875,400.219482421875,303.98663330078125,367.156494140625
187,ball,-1,-1,230.42013549804688,364.27349853515625,289.5667419433594,163.30856323242188
188,player,27,0,735.1600952148438,555.077392578125,525.683349609375,869.0052490234375
188,player,21,0,1077.5302734375,624.5330200195312,708.7301025390625,1077.2735595703125
188,player,41,-1,599.2569580078125,617.1727294921875,389.518310546875,951.25244140625
188,player,24,0,894.4954833984375,484.7692565917969,696.9225463867188,766.0120239257812
188,player,16,0,543.1707763671875,323.06378173828125,557.6345825195312,243.3332061767578
188,player,39,-1,307.6644287109375,406.3192138671875,300.0117492675781,380.9378662109375
188,player,5,0,482.59478759765625,426.78363037109375,420.93695068359375,509.23291015625
188,player,36,0,265.857666015625,397.17333984375,275.27191162109375,339.2150573730469
188,player,20,1,400.6329345703125,486.83251953125,319.99774169921875,628.0977783203125
188,ball,-1,-1,233.2869873046875,373.7684020996094,286.3966064453125,173.71829223632812
189,player,27,0,734.6806030273438,554.8430786132812,523.9851684570312,867.977294921875
189,player,21,0,1076.5859375,629.161865234375,706.3436889648438,1080.453857421875
189,player,41,0,595.2103271484375,618.90673828125,386.4852294921875,951.2745361328125
189,player,24,0,894.46044921875,484.38818359375,697.4677734375,764.82666015625
189,player,36,0,265.2806091308594,398.55352783203125,270.6969909667969,351.0061340332031
189,player,16,0,543.1087036132812,323.55133056640625,558.293701171875,241.92857360839844
189,player,5,0,483.0901184082031,426.573486328125,421.46148681640625,509.72467041015625
189,player,39,1,309.522705078125,406.6583251953125,297.89166259765625,390.4064636230469
189,ball,-1,-1,237.31314086914062,388.6278381347656,283.05584716796875,186.7818145751953
190,player,27,0,731.9825439453125,554.6068115234375,522.2599487304688,866.9031982421875
190,player,21,0,1077.888916015625,630.255615234375,704.7831420898438,1083.271240234375
190,player,41,0,592.285888671875,620.4139404296875,383.50750732421875,951.984130859375
190,player,24,0,894.2581787109375,485.552001953125,697.3853759765625,764.92529296875
190,player,5,0,484.7824401855469,431.0935974121094,421.1333923339844,514.219970703125
190,player,16,0,542.733154296875,322.7408142089844,558.874267578125,240.09140014648438
190,player,39,1,304.3919677734375,405.91131591796875,295.1922302246094,395.32879638671875
190,player,36,0,264.2745666503906,392.9208984375,268.59991455078125,353.120849609375
190,player,20,1,397.3831787109375,490.85552978515625,317.53167724609375,632.7298583984375
190,ball,-1,-1,239.62818908691406,396.4184265136719,279.7784423828125,200.5924530029297
191,player,27,0,729.2047729492188,554.4546508789062,520.475341796875,865.8497314453125
191,player,24,0,894.1087036132812,485.57635498046875,697.2836303710938,764.99365234375
191,player,21,0,1077.2532958984375,629.8634033203125,703.7321166992188,1084.8193359375
191,player,16,0,542.27490234375,321.47406005859375,559.5305786132812,237.46408081054688
191,player,39,1,298.8907470703125,407.221435546875,291.5686340332031,399.19757080078125
191,player,5,0,485.6318054199219,435.6441650390625,420.01226806640625,521.2241821289062
191,player,41,0,586.6155395507812,620.3978881835938,380.218505859375,951.95068359375
191,player,36,0,260.50482177734375,393.07830810546875,266.100830078125,354.2555847167969
191,player,20,1,367.238525390625,491.960693359375,307.6612243652344,633.7536010742188
191,ball,-1,-1,243.29998779296875,407.80523681640625,276.48980712890625,215.87576293945312
192,player,27,0,725.7119140625,550.8015747070312,519.3653564453125,862.326171875
192,player,39,1,302.27996826171875,408.5025634765625,289.91815185546875,403.26544189453125
192,player,24,0,894.2391357421875,486.1973571777344,697.048828125,765.52392578125
192,player,21,0,1076.538330078125,630.2400512695312,702.7691650390625,1085.985107421875
192,player,41,0,580.235107421875,621.31591796875,376.3703918457031,951.9592895507812
192,player,16,0,542.0933837890625,320.3646545410156,560.2714233398438,234.522705078125
192,player,5,0,489.4201354980469,452.5044250488281,416.16412353515625,540.6640625
192,player,36,0,255.38531494140625,387.0750732421875,264.2232360839844,348.58575439453125
192,player,20,1,369.32598876953125,491.5859375,301.8766174316406,634.3184204101562
192,ball,-1,-1,245.98394775390625,420.402099609375,273.0789489746094,232.69033813476562
193,player,27,0,723.5104370117188,550.873291015625,518.0672607421875,859.8863525390625
193,player,39,1,300.0760498046875,409.25677490234375,288.0498046875,406.3912353515625
193,player,41,0,574.1248168945312,621.154052734375,372.4404296875,951.341552734375
193,player,21,0,1075.5,630.4522705078125,701.8346557617188,1086.7786865234375
193,player,24,0,894.998046875,486.1064453125,697.1298217773438,765.8720703125
193,player,16,0,541.1888427734375,319.1138916015625,560.8870239257812,231.13787841796875
193,player,5,0,489.964599609375,452.51025390625,413.8120422363281,553.3585815429688
193,player,36,0,250.94705200195312,386.676513671875,261.7790222167969,344.0425109863281
193,player,20,1,373.84539794921875,491.7760009765625,299.28448486328125,635.2672729492188
193,ball,-1,-1,248.58897399902344,422.44378662109375,270.0204162597656,248.65011596679688
194,player,41,0,567.5189208984375,619.802978515625,368.5736389160156,949.5272216796875
194,player,36,0,251.90318298339844,387.62451171875,260.27508544921875,342.1229553222656
194,player,27,0,721.9239501953125,551.3583374023438,516.6974487304688,858.4929809570312
194,player,21,0,1075.9307861328125,630.4703369140625,701.3243408203125,1087.341552734375
194,player,16,0,541.021240234375,318.53436279296875,561.4288940429688,228.2822265625
194,player,24,0,895.1224365234375,485.6934814453125,697.3514404296875,765.7955322265625
194,player,39,1,299.1768493652344,409.82659912109375,286.45562744140625,408.8650207519531
194,player,5,0,491.583251953125,453.16876220703125,412.56982421875,562.326904296875
194,ball,-1,-1,250.40176391601562,417.4798583984375,267.54486083984375,262.3271179199219
195,player,41,0,562.710205078125,619.6321411132812,364.94287109375,947.8292846679688
195,player,16,0,541.0252685546875,318.78338623046875,561.69873046875,226.70018005371094
195,player,27,0,719.1580810546875,552.361083984375,514.8510131835938,858.03125
195,player,36,0,250.82838439941406,386.0093994140625,259.3162536621094,339.1713562011719
195,player,21,0,1075.3900146484375,631.165771484375,700.6618041992188,1088.067626953125
195,player,24,0,894.982421875,484.85223388671875,697.7342529296875,765.0905151367188
195,player,39,1,300.70556640625,409.62786865234375,285.9017333984375,410.44354248046875
195,player,5,0,490.61798095703125,451.09814453125,412.0022888183594,566.306396484375
195,ball,-1,-1,253.2998809814453,414.674072265625,265.5826721191406,274.3807678222656
196,player,41,0,557.7210083007812,619.7796020507812,361.35955810546875,946.391845703125
196,player,27,0,717.501708984375,551.7943115234375,513.375244140625,857.1890869140625
196,player,16,0,540.537841796875,319.28094482421875,561.5530395507812,226.16348266601562
196,player,24,0,894.417236328125,485.736572265625,697.540771484375,765.2528076171875
196,player,5,0,490.5233459472656,448.84185791015625,412.16156005859375,566.9639282226562
196,player,21,0,1074.3138427734375,630.0445556640625,700.3016357421875,1087.7933349609375
196,player,36,0,248.16775512695312,385.1087646484375,258.0955505371094,336.0838623046875
196,player,39,1,303.719970703125,408.47650146484375,286.65533447265625,410.69873046875
196,ball,-1,-1,255.89637756347656,411.34722900390625,264.098388671875,284.81927490234375
197,player,16,0,540.3365478515625,318.6347351074219,561.6116333007812,225.08221435546875
197,player,27,0,713.7974243164062,550.6747436523438,511.7612609863281,855.530517578125
197,player,41,0,552.72900390625,620.384765625,357.71746826171875,945.4117431640625
197,player,24,0,894.6802368164062,485.96441650390625,697.410888671875,765.55712890625
197,player,21,0,1073.21826171875,630.0221557617188,699.8135986328125,1087.5087890625
197,player,36,0,245.07769775390625,382.1146545410156,257.01055908203125,330.78192138671875
197,player,39,1,300.7853698730469,410.00616455078125,285.9742431640625,411.998046875
197,player,5,0,489.4656066894531,443.4984130859375,413.29229736328125,562.7071533203125
197,player,20,1,386.662353515625,491.07427978515625,301.1611633300781,636.5438232421875
197,ball,-1,-1,258.5655517578125,407.84796142578125,263.0685729980469,293.7321472167969
198,player,27,0,709.794189453125,549.3809814453125,510.02435302734375,853.1907958984375
198,player,16,0,539.8047485351562,317.0361328125,562.0191650390625,222.55941772460938
198,player,39,1,300.6185302734375,409.763916015625,285.5348815917969,412.5985412597656
198,player,41,0,548.2001342773438,620.7508544921875,354.1955871582031,944.6181030273438
198,player,21,0,1073.261962890625,629.3292236328125,699.7084350585938,1086.9222412109375
198,player,24,0,895.1218872070312,485.2073974609375,697.6936645507812,765.219970703125
198,player,36,0,239.60719299316406,381.9873046875,254.71337890625,326.6326904296875
198,player,5,0,487.81671142578125,435.7418212890625,415.5050048828125,553.0450439453125
198,player,20,1,384.8501281738281,492.0970458984375,301.6902770996094,638.0166015625
198,ball,-1,-1,261.7579345703125,405.3061218261719,262.44927978515625,301.4569091796875
199,player,27,0,705.6036376953125,549.2523193359375,507.8639831542969,851.20068359375
199,player,16,0,539.2982177734375,317.8628234863281,561.8455810546875,221.77362060546875
199,player,36,0,242.04345703125,383.05279541015625,253.72085571289062,325.2520446777344
199,player,20,1,378.79290771484375,489.9842529296875,300.8436279296875,636.7103271484375
199,player,39,1,299.22698974609375,408.3157958984375,285.15576171875,411.4870910644531
199,player,21,0,1072.5673828125,629.6354370117188,699.3857421875,1086.6612548828125
199,player,24,0,895.3101806640625,485.5166931152344,697.826416015625,765.2548828125
199,player,5,0,489.4043884277344,442.4114990234375,415.71875,552.7166137695312
199,player,41,0,545.0824584960938,618.7964477539062,351.5391845703125,942.6038208007812
199,ball,-1,-1,263.8836669921875,401.80780029296875,262.1834411621094,307.8524475097656
200,player,16,0,538.8546752929688,319.1510009765625,561.1603393554688,222.62945556640625
200,player,20,1,367.5172119140625,488.26568603515625,297.62255859375,633.4078369140625
200,player,36,0,247.58120727539062,385.9378967285156,254.11395263671875,327.7939758300781
200,player,5,0,491.96014404296875,447.75311279296875,415.24481201171875,557.3435668945312
200,player,27,0,699.9271240234375,548.9141235351562,505.1034851074219,849.1571044921875
200,player,21,0,1071.689453125,629.466796875,699.0162963867188,1086.3182373046875
200,player,24,0,895.0962524414062,486.3067626953125,697.595947265625,765.859130859375
200,player,39,1,299.77520751953125,408.8377685546875,284.9565124511719,411.31121826171875
200,player,41,0,539.8292846679688,621.2514038085938,348.0814208984375,942.3929443359375
200,ball,-1,-1,265.61187744140625,400.1429443359375,262.1318359375,313.4130859375
201,player,20,1,365.1207580566406,489.21234130859375,294.69952392578125,631.7928466796875
201,player,16,0,537.6375732421875,319.558837890625,560.1940307617188,223.4967041015625
201,player,36,0,246.70806884765625,388.2716064453125,253.63128662109375,331.653564453125
201,player,5,0,491.97796630859375,447.062255859375,415.112548828125,559.7622680664062
201,player,27,0,693.4539794921875,551.367431640625,501.05316162109375,848.9500732421875
201,player,21,0,1071.63525390625,628.2984619140625,699.1033935546875,1085.4061279296875
201,player,24,0,893.7418212890625,487.28387451171875,696.7625732421875,766.86572265625
201,player,41,0,536.2386474609375,619.7385864257812,345.2655029296875,940.995849609375
201,player,39,1,301.7774658203125,408.8724365234375,285.3966369628906,411.43499755859375
201,ball,-1,-1,267.7508544921875,398.9524230957031,262.28277587890625,318.3184814453125
202,player,36,0,246.30670166015625,389.00335693359375,253.04931640625,334.8389892578125
202,player,27,0,686.27783203125,553.4681396484375,496.08294677734375,849.6244506835938
202,player,16,0,536.3101196289062,319.7991943359375,559.0665283203125,224.175048828125
202,player,5,0,491.11590576171875,446.221923828125,414.99481201171875,560.5296020507812
202,player,41,0,533.9420776367188,619.775390625,342.87841796875,939.91455078125
202,player,20,1,371.0738525390625,490.14300537109375,294.2054443359375,632.0565185546875
202,player,24,0,893.8403930664062,487.08013916015625,696.31396484375,767.37451171875
202,player,21,0,1070.41064453125,627.3464965820312,699.1458740234375,1084.150390625
202,player,39,1,303.22601318359375,415.845947265625,284.62298583984375,418.16436767578125
202,ball,-1,-1,271.16387939453125,396.4298095703125,262.7690124511719,322.3573913574219
203,player,36,0,245.7857208251953,392.3687744140625,251.83029174804688,340.14727783203125
203,player,27,0,682.6983642578125,556.7005004882812,491.15460205078125,851.9738159179688
203,player,16,0,534.9556884765625,318.7901611328125,558.2426147460938,223.355712890625
203,player,5,0,489.75531005859375,446.61175537109375,414.443359375,561.2273559570312
203,player,39,1,303.39208984375,413.32452392578125,284.6995849609375,420.2152099609375
203,player,20,1,363.45867919921875,491.59619140625,291.5628967285156,632.6652221679688
203,player,21,0,1068.8758544921875,628.611572265625,698.439697265625,1083.946044921875
203,player,24,0,893.45263671875,486.78460693359375,696.0150756835938,767.443359375
203,player,41,0,529.6116943359375,618.730712890625,340.48968505859375,938.1812744140625
203,ball,-1,-1,272.87542724609375,394.314453125,263.4320983886719,325.6465148925781
204,player,36,0,246.20489501953125,391.8646240234375,251.26344299316406,343.1495666503906
204,player,27,0,677.6272583007812,559.863525390625,485.904296875,855.219970703125
204,player,16,0,534.4124755859375,318.8052978515625,557.5303344726562,222.77874755859375
204,player,5,0,488.04254150390625,448.201416015625,413.217041015625,562.8705444335938
204,player,24,0,893.3115234375,486.19342041015625,695.9765014648438,767.0244140625
204,player,21,0,1066.8017578125,628.881591796875,697.40869140625,1083.795166015625
204,player,20,1,359.8128967285156,491.4576416015625,288.89971923828125,632.6032104492188
204,player,39,1,303.2010803222656,404.56793212890625,286.56170654296875,413.312255859375
204,player,41,0,524.2421875,618.9723510742188,337.6048583984375,936.7481689453125
204,ball,-1,-1,275.48358154296875,393.5201721191406,264.2547912597656,328.55859375
205,player,36,0,245.43028259277344,389.5804443359375,251.13453674316406,342.78582763671875
205,player,27,0,674.3944091796875,560.2095947265625,481.5946960449219,857.2770385742188
205,player,16,0,534.3032836914062,321.392578125,556.1718139648438,225.22824096679688
205,player,5,0,486.10693359375,447.51953125,412.0497741699219,563.1642456054688
205,player,24,0,894.3917236328125,485.16119384765625,696.5802612304688,766.0684814453125
205,player,39,1,300.76177978515625,398.82073974609375,288.3050537109375,403.103271484375
205,player,21,0,1065.27490234375,630.0252685546875,696.0440063476562,1084.2374267578125
205,player,20,1,356.22412109375,489.98663330078125,286.4990539550781,631.0430908203125
205,player,41,0,521.1067504882812,624.14453125,334.00396728515625,938.80810546875
205,ball,-1,-1,277.8058776855469,392.2803649902344,265.2272033691406,331.0179443359375
206,player,36,0,242.26358032226562,381.38818359375,251.8038330078125,334.1181640625
206,player,16,0,534.025634765625,321.964599609375,555.0115966796875,227.41439819335938
206,player,27,0,671.166748046875,559.3148193359375,478.197021484375,857.7100219726562
206,player,5,0,484.62445068359375,445.61322021484375,411.3475036621094,561.5748901367188
206,player,24,0,894.468017578125,485.15594482421875,696.9949340820312,765.450439453125
206,player,21,0,1065.13330078125,629.9237060546875,695.1527099609375,1084.453369140625
206,player,39,1,299.782470703125,409.2921142578125,286.90924072265625,406.28887939453125
206,player,20,1,352.58441162109375,488.53277587890625,284.2502746582031,628.5140991210938
206,player,41,0,515.82568359375,620.2061767578125,331.1413879394531,937.2161254882812
206,ball,-1,-1,278.48583984375,389.81597900390625,266.2877197265625,332.7479553222656
207,player,16,0,533.82958984375,323.1357421875,553.8082275390625,230.0909423828125
207,player,36,0,240.58901977539062,380.29278564453125,251.9697265625,327.21441650390625
207,player,5,0,486.02642822265625,446.49176025390625,411.06494140625,561.434326171875
207,player,24,0,894.20849609375,484.8944091796875,697.2806396484375,764.82421875
207,player,39,1,299.2567138671875,408.49383544921875,286.01983642578125,407.55615234375
207,player,27,0,647.2000732421875,557.658203125,470.34716796875,854.6954345703125
207,player,21,0,1061.9166259765625,631.060302734375,693.480712890625,1084.985595703125
207,player,20,1,350.0362243652344,487.78851318359375,282.2521057128906,626.0277709960938
207,player,42,-1,667.770751953125,557.5974731445312,470.62481689453125,854.2648315429688
208,player,16,0,533.8203125,323.9689025878906,552.7479858398438,232.736572265625
208,player,5,0,485.11566162109375,447.32586669921875,410.4229736328125,561.9669189453125
208,player,36,0,240.6649169921875,379.443359375,252.27610778808594,321.88555908203125
208,player,24,0,894.3297119140625,485.3838195800781,697.338134765625,764.80224609375
208,player,21,0,1060.52685546875,630.6552734375,692.1804809570312,1084.9766845703125
208,player,20,1,345.9384765625,486.9591064453125,280.0176086425781,623.351318359375
208,player,39,1,301.1500244140625,407.55841064453125,286.18682861328125,407.69482421875
208,player,27,0,645.978759765625,557.6204833984375,464.94586181640625,852.5999755859375
208,player,41,0,511.3924255371094,619.3853759765625,328.3736572265625,935.283203125
209,player,5,0,483.9964599609375,448.6455078125,409.37139892578125,563.3299560546875
209,player,16,0,533.7999877929688,324.041259765625,552.028564453125,234.53262329101562
209,player,36,0,239.8019256591797,379.46697998046875,252.2144012451172,318.35430908203125
209,player,24,0,894.2196655273438,485.4605712890625,697.32080078125,764.8359985351562
209,player,21,0,1060.222900390625,629.75927734375,691.521484375,1084.4205322265625
209,player,42,-1,658.825439453125,556.7866821289062,468.5638122558594,852.900146484375
209,player,39,1,303.03302001953125,404.546875,287.48431396484375,405.13677978515625
209,player,20,1,344.60577392578125,484.73394775390625,278.6413879394531,619.6839599609375
210,player,16,0,533.8489379882812,323.775390625,551.6640625,235.41635131835938
210,player,5,0,482.90423583984375,450.43426513671875,407.94830322265625,565.6323852539062
210,player,36,0,238.50985717773438,379.00616455078125,251.8864288330078,315.4610595703125
210,player,24,0,894.4791870117188,484.9637451171875,697.54248046875,764.503662109375
210,player,42,-1,657.1075439453125,556.1237182617188,466.94927978515625,851.3999633789062
210,player,21,0,1060.38037109375,630.003662109375,691.06005859375,1084.215576171875
210,player,39,1,304.46337890625,401.5720520019531,289.38427734375,400.7984619140625
210,player,20,1,339.5909729003906,481.17108154296875,277.0935974121094,613.9208374023438
211,player,16,0,533.5891723632812,323.57647705078125,551.4111328125,235.74526977539062
211,player,36,0,236.868896484375,378.21588134765625,251.34963989257812,312.614501953125
211,player,5,0,482.28997802734375,450.52142333984375,406.83184814453125,567.1424560546875
211,player,24,0,894.4912719726562,485.059326171875,697.6583862304688,764.36181640625
211,player,42,-1,651.00146484375,554.4303588867188,464.76214599609375,848.7007446289062
211,player,21,0,1060.4176025390625,630.3326416015625,690.6741333007812,1084.278076171875
211,player,20,1,334.7294921875,479.648681640625,275.0739440917969,608.4627075195312
211,player,39,1,305.8548889160156,387.49713134765625,294.1207580566406,384.54205322265625
212,player,16,0,533.6051025390625,323.6230773925781,551.236328125,236.01156616210938
212,player,36,0,236.61338806152344,377.9642639160156,250.97689819335938,310.484619140625
212,player,5,0,480.50653076171875,449.8665771484375,405.77105712890625,567.3902587890625
212,player,24,0,893.4190673828125,486.14190673828125,697.0903930664062,764.992431640625
212,player,21,0,1060.1102294921875,629.9423828125,690.4627685546875,1084.064208984375
212,player,42,-1,645.1934814453125,553.7996826171875,462.0223083496094,845.98388671875
212,player,20,1,320.1227722167969,480.1377258300781,269.7288513183594,603.911376953125
212,player,41,0,498.7362060546875,621.4866943359375,323.15692138671875,934.2745361328125
212,player,39,1,304.99615478515625,379.443603515625,298.7563171386719,365.9425964355469
213,player,16,0,533.5523071289062,323.85723876953125,551.02880859375,236.43353271484375
213,player,36,0,235.6981201171875,377.93585205078125,250.4686279296875,308.974853515625
213,player,24,0,893.2255859375,486.787353515625,696.4578857421875,765.8753662109375
213,player,21,0,1061.0194091796875,629.78369140625,690.5872802734375,1083.909423828125
213,player,20,1,324.95806884765625,480.475341796875,267.4931335449219,601.6942749023438
213,player,5,0,478.1307678222656,450.15045166015625,404.3538818359375,567.558349609375
213,player,42,-1,641.0421142578125,549.11962890625,460.3035583496094,840.5736083984375
213,player,41,0,498.2561950683594,622.3433837890625,319.49371337890625,934.1187744140625
214,player,16,0,533.357177734375,325.0780944824219,550.430419921875,238.0124053955078
214,player,36,0,234.54202270507812,377.9527893066406,249.79135131835938,307.88824462890625
214,player,24,0,893.2882080078125,487.93267822265625,695.6891479492188,767.325927734375
214,player,21,0,1060.97119140625,629.6207885742188,690.7037353515625,1083.709228515625
214,player,5,0,472.2489013671875,457.56048583984375,400.02935791015625,573.3583374023438
214,player,42,-1,630.7159423828125,552.1404418945312,455.852783203125,838.237060546875
214,player,20,1,319.3143615722656,484.1434326171875,263.822998046875,602.7056884765625
214,player,41,0,499.3958740234375,622.2078247070312,317.4097900390625,934.0292358398438
214,ball,-1,-1,430.24200439453125,453.75323486328125,273.8994445800781,351.17889404296875
215,player,36,0,232.0706787109375,377.52862548828125,248.70428466796875,306.4942626953125
215,player,16,0,532.6183471679688,325.9779052734375,549.5139770507812,239.93165588378906
215,player,5,0,469.07391357421875,466.2900390625,394.2938232421875,584.098388671875
215,player,24,0,893.5516357421875,489.4593505859375,694.7620849609375,769.4518432617188
215,player,21,0,1061.79931640625,629.488525390625,691.0145874023438,1083.572021484375
215,player,42,0,626.5780639648438,555.06103515625,451.229736328125,838.380615234375
215,player,20,1,321.73577880859375,487.03033447265625,261.54144287109375,605.9375
215,player,41,0,501.4390563964844,622.9937744140625,316.39837646484375,934.640869140625
216,player,5,0,464.16473388671875,468.4227294921875,388.7317199707031,592.3635864257812
216,player,36,0,231.7935028076172,377.2197265625,247.97882080078125,305.2481384277344
216,player,24,0,893.907470703125,491.45361328125,693.6060791015625,772.375244140625
216,player,16,0,532.2249755859375,325.78436279296875,548.8584594726562,240.9256134033203
216,player,21,0,1061.4200439453125,629.27197265625,691.1890258789062,1083.32373046875
216,player,42,0,620.2965087890625,551.8768310546875,447.3778076171875,835.6856079101562
216,player,20,1,327.0076904296875,490.088134765625,260.89117431640625,611.00830078125
216,player,41,0,502.77972412109375,622.62158203125,316.1296691894531,934.918212890625
216,player,39,1,307.342041015625,380.8280029296875,302.1512756347656,355.474853515625
216,ball,-1,-1,621.400390625,470.68707275390625,273.8994445800781,351.17889404296875
217,player,5,0,461.29779052734375,472.09210205078125,383.4932556152344,600.47412109375
217,player,36,0,231.16873168945312,376.17022705078125,247.53750610351562,303.3148193359375
217,player,16,0,531.6937866210938,324.1790466308594,548.7930908203125,239.7698974609375
217,player,24,0,894.2850341796875,493.85040283203125,692.1788330078125,776.1160888671875
217,player,21,0,1061.0272216796875,629.1680297851562,691.239013671875,1083.0679931640625
217,player,42,0,617.145751953125,555.5869140625,443.2170715332031,836.23779296875
217,player,20,1,327.7027587890625,488.9859619140625,260.86285400390625,613.483154296875
217,player,39,1,309.8426208496094,382.66864013671875,304.68115234375,350.7551574707031
217,player,41,0,502.9580078125,624.3643798828125,315.67620849609375,936.2108154296875
217,ball,-1,-1,618.8505249023438,459.67242431640625,273.8994445800781,351.17889404296875
218,player,36,0,229.453857421875,375.85272216796875,246.80563354492188,301.55615234375
218,player,24,0,894.3104248046875,494.83123779296875,690.9410400390625,779.286376953125
218,player,5,0,460.487548828125,472.72515869140625,379.7236328125,606.1859130859375
218,player,16,0,530.790771484375,323.4007568359375,548.722900390625,238.07073974609375
218,player,21,0,1059.3114013671875,628.666259765625,691.0082397460938,1082.46142578125
218,player,42,0,614.204345703125,559.5421752929688,438.8626708984375,839.074462890625
218,player,20,1,322.26434326171875,491.18865966796875,258.9764404296875,616.345947265625
218,player,39,1,314.2483825683594,381.06732177734375,307.99371337890625,346.56842041015625
218,player,41,0,503.74310302734375,626.349853515625,315.20330810546875,938.3638916015625
218,player,43,-1,316.3823547363281,380.1505126953125,316.55218505859375,336.84100341796875
218,ball,-1,-1,616.0660400390625,451.2665710449219,273.8994445800781,351.17889404296875
219,player,36,0,227.84901428222656,376.6192626953125,245.6951446533203,301.01611328125
219,player,5,0,459.2689514160156,474.05755615234375,376.63934326171875,610.8700561523438
219,player,16,0,530.2727661132812,322.0614929199219,548.9557495117188,235.44744873046875
219,player,24,0,894.4366455078125,496.4124755859375,689.6602783203125,782.5433349609375
219,player,21,0,1059.6671142578125,628.1328125,691.0970458984375,1081.7843017578125
219,player,20,1,320.19427490234375,497.73919677734375,255.98023986816406,623.2417602539062
219,player,42,0,606.7171630859375,564.6290893554688,432.9984436035156,843.7493286132812
219,player,41,0,504.0860900878906,625.508056640625,315.13238525390625,939.2647705078125
219,player,39,1,314.7530212402344,377.47576904296875,311.1204833984375,340.33203125
220,player,5,0,458.2369384765625,474.4410400390625,374.2677001953125,614.1280517578125
220,player,36,0,227.1505126953125,376.7269287109375,244.74356079101562,300.69964599609375
220,player,16,0,529.7943725585938,322.24627685546875,548.8955078125,233.89053344726562
220,player,24,0,894.60693359375,496.2318115234375,688.9313354492188,784.5413818359375
220,player,42,0,600.278076171875,566.7015380859375,427.11065673828125,847.6318969726562
220,player,21,0,1059.040283203125,628.1925048828125,690.9883422851562,1081.325927734375
220,player,20,1,320.170166015625,502.2265625,253.20040893554688,631.2706298828125
220,player,43,-1,314.0523986816406,376.7112731933594,316.6512451171875,333.1721496582031
220,player,41,0,504.6902160644531,625.9188842773438,315.15460205078125,940.159423828125
221,player,5,0,457.21124267578125,474.3536376953125,372.4679260253906,616.0752563476562
221,player,36,0,226.39739990234375,376.47674560546875,243.9521942138672,300.1620178222656
221,player,16,0,530.25146484375,322.6014404296875,548.8831787109375,233.31741333007812
221,player,24,0,894.543212890625,498.29278564453125,687.7780151367188,787.373046875
221,player,21,0,1058.30908203125,628.9345092773438,690.5293579101562,1081.4013671875
221,player,42,0,596.4448852539062,567.7843017578125,422.0846252441406,850.553466796875
221,player,43,-1,313.69586181640625,377.7144775390625,316.3787536621094,331.75054931640625
221,player,20,1,319.5613708496094,505.8262939453125,250.5753936767578,639.2587890625
221,player,41,0,504.71624755859375,627.1201171875,314.9543762207031,941.4954833984375
222,player,5,0,455.49627685546875,474.212158203125,370.86517333984375,617.0596923828125
222,player,24,0,894.5489501953125,501.43609619140625,686.0240478515625,791.550537109375
222,player,16,0,530.1419677734375,321.9061279296875,549.070068359375,232.1733856201172
222,player,42,0,591.9766845703125,567.0987548828125,417.85272216796875,851.5853271484375
222,player,21,0,1058.437744140625,629.129638671875,690.205322265625,1081.575927734375
222,player,36,0,225.64056396484375,376.29071044921875,243.25067138671875,299.5447692871094
222,player,43,-1,314.2099914550781,378.2281494140625,316.236328125,331.3926086425781
222,player,20,1,318.21832275390625,508.2681884765625,248.07266235351562,646.232421875
222,player,41,0,504.7752685546875,627.6766967773438,314.736083984375,942.717041015625
223,player,24,0,894.844970703125,502.470703125,684.6325073242188,795.06005859375
223,player,36,0,225.34423828125,376.293212890625,242.70599365234375,299.11468505859375
223,player,5,0,454.72271728515625,473.95196533203125,369.6725158691406,617.4121704101562
223,player,16,0,528.935302734375,320.65509033203125,549.2244873046875,229.925537109375
223,player,21,0,1059.205078125,628.997314453125,690.2154541015625,1081.677001953125
223,player,43,-1,312.28863525390625,378.2274169921875,315.5732421875,330.9560241699219
223,player,20,1,318.06732177734375,509.43768310546875,246.19488525390625,651.6618041992188
223,player,42,0,585.3840942382812,564.542236328125,414.0165710449219,849.9139404296875
223,player,41,0,506.9556884765625,629.3663330078125,314.8023681640625,944.7509765625
224,player,24,0,895.0611572265625,503.1092529296875,683.5818481445312,797.833740234375
224,player,16,0,527.939208984375,319.9660339355469,549.2384033203125,227.59701538085938
224,player,36,0,225.1992645263672,376.44122314453125,242.27862548828125,298.9690856933594
224,player,41,0,508.72454833984375,626.8248901367188,315.7335510253906,944.635986328125
224,player,21,0,1060.7340087890625,630.68505859375,690.0986938476562,1082.8612060546875
224,player,42,0,581.4349365234375,570.44287109375,409.2432861328125,852.512451171875
224,player,5,0,434.0850830078125,470.9221496582031,363.9727783203125,613.1578369140625
224,player,20,1,316.7434387207031,510.3204345703125,244.46780395507812,655.753173828125
224,player,43,-1,315.425537109375,381.50152587890625,315.3228759765625,334.2527770996094
225,player,24,0,895.550537109375,503.38116455078125,682.9418334960938,799.8836669921875
225,player,16,0,527.03662109375,319.5686340332031,549.0938720703125,225.5457763671875
225,player,36,0,225.02438354492188,376.5757751464844,241.92135620117188,298.9915771484375
225,player,41,0,512.7377319335938,626.107177734375,317.42694091796875,944.4531860351562
225,player,5,0,433.6402587890625,468.77301025390625,360.62548828125,608.5759887695312
225,player,21,0,1062.9261474609375,631.3076171875,690.364013671875,1084.1807861328125
225,player,42,0,578.1885986328125,565.1312255859375,406.48870849609375,850.278076171875
225,player,20,1,315.3070068359375,512.0062255859375,242.6660614013672,659.5858154296875
225,player,43,-1,315.6160888671875,381.57867431640625,315.19891357421875,336.4920349121094
226,player,24,0,895.867919921875,504.4583740234375,682.2672119140625,802.0408935546875
226,player,41,0,517.0374755859375,627.109375,319.36492919921875,945.326904296875
226,player,36,0,225.29107666015625,376.6095275878906,241.76156616210938,299.0684814453125
226,player,16,0,524.4058837890625,319.033447265625,548.3458862304688,223.32861328125
226,player,44,-1,443.4339294433594,464.6018981933594,364.7309875488281,592.9039916992188
226,player,21,0,1064.697265625,631.0159912109375,691.041259765625,1085.0184326171875
226,player,20,1,314.62945556640625,513.1016845703125,241.12167358398438,662.861572265625
226,player,42,0,576.72119140625,549.6021728515625,407.76983642578125,837.8780517578125
226,player,43,1,315.9630126953125,387.2476806640625,313.9314270019531,343.55828857421875
227,player,24,0,896.3209228515625,504.67962646484375,681.8780517578125,803.6488037109375
227,player,16,0,523.5052490234375,318.6019287109375,547.717529296875,221.311279296875
227,player,36,0,225.0157470703125,376.6837158203125,241.56069946289062,299.16412353515625
227,player,41,0,522.6448974609375,626.5135498046875,322.07037353515625,945.9990844726562
227,player,5,0,427.54901123046875,470.5381774902344,356.3997497558594,606.4641723632812
227,player,21,0,1067.493896484375,629.8297119140625,692.4893188476562,1085.1064453125
227,player,20,1,313.5394287109375,515.1822509765625,239.4622802734375,666.494873046875
227,player,42,0,570.843017578125,549.059814453125,407.2321472167969,828.902587890625
227,player,43,1,317.19158935546875,369.35455322265625,317.59637451171875,330.4717712402344
227,ball,-1,-1,298.37530517578125,393.51239013671875,275.4157409667969,352.59173583984375
228,player,24,0,896.7138671875,505.17266845703125,681.572265625,805.0940551757812
228,player,16,0,522.6361083984375,319.1045227050781,546.86865234375,220.45550537109375
228,player,44,-1,444.97589111328125,471.91943359375,363.4979553222656,599.1029052734375
228,player,21,0,1069.07470703125,627.3199462890625,694.5361938476562,1083.8262939453125
228,player,36,0,225.10275268554688,376.6299133300781,241.46697998046875,299.1812438964844
228,player,41,0,523.9234008789062,623.8505859375,324.6336669921875,944.8765869140625
228,player,20,1,309.9898681640625,515.7590942382812,237.3544921875,668.9700927734375
228,player,43,1,318.50262451171875,376.6043395996094,318.6786193847656,329.3966979980469
228,player,42,0,571.287841796875,548.1279907226562,407.20391845703125,822.44970703125
228,player,45,-1,506.4639892578125,314.18109130859375,535.278564453125,198.09095764160156
228,ball,-1,-1,302.2626953125,394.6531982421875,277.01348876953125,354.23602294921875
229,player,41,0,529.453369140625,624.3402099609375,327.5263671875,944.92529296875
229,player,44,-1,442.3949279785156,475.00653076171875,361.3057861328125,605.4104614257812
229,player,24,0,897.14306640625,505.74700927734375,681.3045043945312,806.4963989257812
229,player,21,0,1070.697265625,627.0285034179688,696.3382568359375,1082.9609375
229,player,16,0,522.2816772460938,320.05963134765625,545.8905639648438,220.90914916992188
229,player,36,0,225.72134399414062,376.71307373046875,241.57305908203125,299.3417053222656
229,player,20,1,310.99652099609375,517.1403198242188,236.00323486328125,671.7347412109375
229,player,43,1,319.37628173828125,376.08636474609375,319.76226806640625,328.2730712890625
229,player,45,-1,506.94354248046875,316.077392578125,534.8106689453125,200.2525634765625
229,player,42,0,575.8984375,549.0714111328125,408.14501953125,819.34033203125
229,ball,-1,-1,301.62530517578125,392.1911315917969,278.5643005371094,355.1892395019531
230,player,24,0,897.7850341796875,505.75689697265625,681.2967529296875,807.4756469726562
230,player,21,0,1071.47119140625,627.4819946289062,697.5616455078125,1082.7308349609375
230,player,44,-1,437.5342712402344,479.84259033203125,357.4975280761719,612.9750366210938
230,player,41,0,532.2144775390625,625.69384765625,329.8084716796875,946.03955078125
230,player,16,0,521.7703247070312,321.007568359375,544.7822265625,222.1864013671875
230,player,36,0,225.38235473632812,376.46710205078125,241.5913848876953,299.162109375
230,player,20,1,312.79949951171875,517.4545288085938,235.53955078125,673.940673828125
230,player,42,0,573.4243774414062,551.773193359375,407.52520751953125,818.9998779296875
230,player,45,-1,511.47760009765625,316.98553466796875,535.64599609375,203.17437744140625
230,ball,-1,-1,298.83184814453125,389.1334228515625,279.95758056640625,355.3196105957031
231,player,24,0,897.34423828125,505.6502685546875,681.209228515625,807.9921875
231,player,21,0,1071.6871337890625,626.5729370117188,698.6737060546875,1082.0654296875
231,player,44,-1,434.7481384277344,481.47802734375,353.9132385253906,618.9470825195312
231,player,41,0,533.7918701171875,629.7503662109375,330.9007568359375,949.4259033203125
231,player,16,0,521.10546875,320.9739074707031,543.8632202148438,222.90518188476562
231,player,36,0,225.7872314453125,376.4019775390625,241.73703002929688,299.0225830078125
231,player,20,1,311.8798522949219,518.2998046875,234.84927368164062,675.937255859375
231,player,43,1,320.40032958984375,378.7669677734375,320.1495666503906,330.32269287109375
231,player,45,-1,507.18829345703125,317.2929382324219,534.730712890625,204.93072509765625
231,ball,-1,-1,301.053466796875,377.4373779296875,281.98638916015625,352.8539123535156
232,player,24,0,897.5220947265625,505.83331298828125,681.1411743164062,808.4793090820312
232,player,21,0,1071.914306640625,625.9841918945312,699.622802734375,1081.305908203125
232,player,44,-1,428.4606628417969,485.94873046875,348.92523193359375,625.8243408203125
232,player,41,0,536.6829223632812,627.6011962890625,332.70404052734375,950.535400390625
232,player,36,0,227.11819458007812,376.58551025390625,242.19009399414062,299.2579040527344
232,player,20,1,316.14947509765625,518.0903930664062,235.55001831054688,677.471435546875
232,player,16,0,520.6403198242188,321.62701416015625,542.9053955078125,224.03555297851562
232,player,43,1,321.939453125,386.7744140625,319.0165710449219,339.7120361328125
232,player,45,-1,508.39276123046875,318.16314697265625,534.2335815429688,207.1695556640625
232,ball,-1,-1,295.18792724609375,391.37664794921875,282.7489929199219,353.5834045410156
233,player,24,0,898.9207763671875,505.963623046875,681.424560546875,809.0233764648438
233,player,41,0,536.3677978515625,626.6465454101562,333.9822998046875,950.6344604492188
233,player,44,-1,422.5924072265625,487.31103515625,343.8185119628906,630.8248901367188
233,player,36,0,227.52023315429688,376.65118408203125,242.59072875976562,299.51959228515625
233,player,16,0,523.0745849609375,319.48699951171875,543.7532958984375,222.69613647460938
233,player,21,0,1070.978271484375,625.93603515625,700.0305786132812,1080.7041015625
233,player,20,1,316.7315673828125,517.8461303710938,236.20053100585938,678.3355712890625
233,player,43,1,323.9203186035156,387.33001708984375,318.7364807128906,346.5658264160156
233,ball,-1,-1,295.4378662109375,388.98968505859375,283.5867919921875,353.72900390625
234,player,24,0,897.3126220703125,505.8740234375,681.2129516601562,809.1597900390625
234,player,16,0,522.5167236328125,319.83056640625,544.01513671875,222.14039611816406
234,player,36,0,228.30397033691406,376.58612060546875,243.09756469726562,299.7071533203125
234,player,21,0,1070.53759765625,625.1612548828125,700.4171752929688,1079.81884765625
234,player,44,1,420.77056884765625,489.97216796875,339.4467468261719,636.0263671875
234,player,20,1,317.6888122558594,517.8345336914062,236.87489318847656,678.9773559570312
234,player,41,0,534.0208740234375,628.6416625976562,333.87725830078125,951.7427368164062
234,player,43,1,323.6855773925781,387.91058349609375,318.352783203125,351.5629577636719
234,player,42,0,571.575439453125,553.9119873046875,406.1791687011719,820.113525390625
234,ball,-1,-1,294.5331115722656,389.65753173828125,284.2633361816406,353.99029541015625
235,player,24,0,895.962158203125,505.8232421875,680.7352294921875,809.0841064453125
235,player,16,0,522.7627563476562,320.1690673828125,544.1516723632812,222.178466796875
235,player,41,0,537.4906616210938,629.9734497070312,334.38153076171875,953.585205078125
235,player,21,0,1069.746337890625,622.8618774414062,701.1533813476562,1077.81787109375
235,player,20,1,318.0890808105469,518.6336669921875,237.2755126953125,680.0438232421875
235,player,44,1,420.4885559082031,495.39849853515625,335.38763427734375,643.6825561523438
235,player,36,0,229.52415466308594,376.4493713378906,243.8179931640625,299.8204345703125
235,player,43,1,324.53790283203125,392.21527099609375,317.37506103515625,359.0821838378906
235,player,42,0,571.36962890625,564.1910400390625,402.9941101074219,827.9620971679688
235,ball,-1,-1,294.27593994140625,391.1197814941406,284.79547119140625,354.550048828125
236,player,24,0,896.34619140625,505.9559326171875,680.4839477539062,809.1685791015625
236,player,16,0,522.5368041992188,320.4811706542969,544.0665283203125,222.52032470703125
236,player,44,1,419.36669921875,495.64373779296875,332.39959716796875,648.7461547851562
236,player,20,1,319.380859375,517.8135375976562,238.01837158203125,680.2289428710938
236,player,36,0,230.09991455078125,376.3387451171875,244.48028564453125,299.843505859375
236,player,21,0,1069.5059814453125,620.7744750976562,702.188232421875,1075.259521484375
236,player,41,0,540.2999267578125,630.4378051757812,335.2882385253906,955.30908203125
236,player,43,1,324.93475341796875,393.62188720703125,316.5374755859375,365.36981201171875
236,player,42,0,572.0655517578125,609.0325927734375,391.68218994140625,862.890380859375
236,ball,-1,-1,294.5991516113281,391.5840759277344,285.2835388183594,355.1759033203125
237,player,16,0,522.624267578125,320.81427001953125,543.9293212890625,223.11758422851562
237,player,24,0,896.2422485351562,505.96624755859375,680.2899169921875,809.2212524414062
237,player,21,0,1069.20556640625,625.9080810546875,701.2835083007812,1076.6064453125
237,player,44,1,419.68646240234375,498.01806640625,330.0467834472656,653.9364624023438
237,player,36,0,231.0784912109375,375.71142578125,245.33114624023438,299.329345703125
237,player,20,1,320.34039306640625,517.9012451171875,238.73565673828125,680.5057373046875
237,player,41,0,543.2117919921875,629.4716796875,336.7523193359375,956.0771484375
237,player,43,1,322.1536865234375,398.1197509765625,314.1712341308594,373.4879150390625
237,player,42,0,573.148193359375,619.8482666015625,382.4192199707031,892.543701171875
237,ball,-1,-1,295.2210693359375,391.4797058105469,285.7794189453125,355.7433166503906
238,player,16,0,522.4298095703125,321.04443359375,543.7032470703125,223.73623657226562
238,player,24,0,897.171142578125,505.70074462890625,680.4930419921875,809.147705078125
238,player,44,1,417.34124755859375,496.21185302734375,328.2710266113281,655.6671142578125
238,player,21,0,1068.6876220703125,626.9884033203125,700.2567749023438,1078.073486328125
238,player,41,0,545.410888671875,631.5729370117188,337.826171875,958.06494140625
238,player,20,1,320.1968994140625,517.7857055664062,239.18511962890625,680.583740234375
238,player,43,1,325.0001220703125,393.3157043457031,314.5433349609375,374.44488525390625
238,player,36,0,231.0270538330078,371.62432861328125,246.7147216796875,294.8473815917969
238,player,42,0,574.693115234375,629.697265625,374.8202819824219,918.090087890625
238,ball,-1,-1,296.099365234375,390.92864990234375,286.3220520019531,356.163818359375
239,player,16,0,522.59619140625,321.2549133300781,543.5397338867188,224.3875732421875
239,player,44,1,415.84814453125,496.44110107421875,326.6723327636719,656.8311767578125
239,player,24,0,900.127685546875,506.0750732421875,681.2862548828125,809.6533203125
239,player,41,0,548.3164672851562,632.7723388671875,338.98468017578125,960.3440551757812
239,player,21,0,1068.0765380859375,627.061767578125,699.4224243164062,1079.0181884765625
239,player,43,1,325.5390319824219,397.80560302734375,313.931396484375,379.4373779296875
239,player,20,1,320.3331298828125,519.2901611328125,239.2447509765625,681.7985229492188
239,ball,-1,-1,296.4337158203125,390.3768310546875,286.87127685546875,356.4359436035156
240,player,44,1,410.178955078125,496.0162353515625,324.21478271484375,656.715576171875
240,player,16,0,522.5538940429688,321.2817077636719,543.4113159179688,224.83554077148438
240,player,24,0,900.963623046875,506.276123046875,681.9584350585938,810.208251953125
240,player,21,0,1066.7916259765625,626.9949340820312,698.5933837890625,1079.483642578125
240,player,41,0,552.2304077148438,633.4844970703125,340.5289001464844,962.5958251953125
240,player,43,1,328.1402587890625,400.57598876953125,313.6697082519531,385.5948486328125
240,player,20,1,320.4686279296875,518.9065551757812,239.38705444335938,682.3074340820312
240,player,36,0,235.411865234375,370.4415283203125,249.17239379882812,291.19610595703125
240,ball,-1,-1,378.4029846191406,466.7871398925781,288.929931640625,374.3219909667969
241,player,44,1,407.2586669921875,495.53924560546875,321.9395446777344,655.9869995117188
241,player,16,0,522.7332763671875,321.82476806640625,543.206298828125,225.7411651611328
241,player,41,0,552.3985595703125,634.633056640625,341.3534851074219,964.78076171875
241,player,24,0,901.8272094726562,506.08837890625,682.682861328125,810.5123291015625
241,player,20,1,320.8909912109375,518.3297729492188,239.6923370361328,682.236083984375
241,player,43,1,329.90533447265625,400.32696533203125,314.06829833984375,389.54296875
241,player,21,0,1064.7025146484375,628.7238159179688,697.0548095703125,1080.623779296875
241,player,36,0,238.434814453125,369.08526611328125,251.96054077148438,287.7604675292969
241,player,46,-1,891.1043701171875,495.5567626953125,685.5344848632812,785.8579711914062
241,ball,-1,-1,295.2746276855469,391.91888427734375,289.1158142089844,373.4565124511719
242,player,44,1,405.47003173828125,494.04571533203125,320.2928771972656,654.1622924804688
242,player,16,0,523.0740966796875,322.31561279296875,543.0195922851562,226.90460205078125
242,player,41,0,553.0274658203125,633.3607788085938,342.28094482421875,965.4708251953125
242,player,24,0,904.2374877929688,506.03253173828125,683.8073120117188,810.895751953125
242,player,43,1,330.5045166015625,402.39166259765625,314.03875732421875,394.13177490234375
242,player,20,1,321.1531982421875,517.338623046875,240.13607788085938,681.4546508789062
242,player,36,0,240.3347625732422,367.37811279296875,254.7042236328125,283.982421875
242,player,21,0,1055.6038818359375,625.638916015625,694.7807006835938,1078.7757568359375
242,player,46,-1,891.9105224609375,495.95001220703125,685.6226196289062,786.22900390625
243,player,16,0,523.3753662109375,322.44708251953125,542.9500122070312,227.83819580078125
243,player,44,1,405.56683349609375,494.43505859375,319.1679992675781,653.293701171875
243,player,43,1,332.4714660644531,401.81378173828125,314.71966552734375,396.76983642578125
243,player,41,0,553.5164184570312,633.5294189453125,342.96734619140625,966.0646362304688
243,player,24,0,904.1231689453125,506.2301025390625,684.445068359375,811.279296875
243,player,20,1,322.0271911621094,516.665283203125,240.77291870117188,680.5113525390625
243,player,36,0,239.36532592773438,366.8938903808594,256.2993469238281,280.92626953125
243,player,21,0,1048.9619140625,622.2039794921875,692.7110595703125,1074.974609375
243,player,47,-1,915.7249755859375,507.8883056640625,692.8523559570312,818.57861328125
243,player,46,-1,891.861083984375,500.85693359375,684.0956420898438,790.1234130859375
244,player,16,0,522.2991943359375,323.69091796875,542.15966796875,229.68148803710938
244,player,44,1,405.628662109375,495.0926513671875,318.3177185058594,653.2552490234375
244,player,43,1,334.36737060546875,401.9292907714844,315.68646240234375,398.7900695800781
244,player,24,0,904.095458984375,506.5223388671875,684.75927734375,811.740478515625
244,player,41,0,555.3020629882812,634.3748779296875,343.674560546875,967.1220703125
244,player,20,1,323.6183166503906,516.6394653320312,241.60662841796875,680.0264892578125
244,player,36,0,243.1640625,362.9071350097656,259.33172607421875,275.2384033203125
244,player,21,0,1047.89892578125,623.7396240234375,690.667236328125,1073.3238525390625
244,player,47,-1,915.281494140625,507.92279052734375,692.7244873046875,818.5621337890625
245,player,16,0,522.232177734375,323.62213134765625,541.6473388671875,230.7971954345703
245,player,44,1,406.1236572265625,495.5093994140625,317.8108215332031,653.6065673828125
245,player,41,0,555.8145141601562,634.99755859375,344.136474609375,968.2355346679688
245,player,43,1,337.149658203125,404.0616455078125,316.6417236328125,402.40765380859375
245,player,24,0,903.5230712890625,506.6593017578125,684.7689208984375,812.0869140625
245,player,20,1,323.0726318359375,516.5010986328125,242.03097534179688,679.5543212890625
245,player,21,0,1047.0244140625,622.9573974609375,689.3558349609375,1071.7125244140625
245,player,36,0,244.57315063476562,359.159423828125,262.5389709472656,267.80145263671875
245,player,47,-1,916.65625,507.6341552734375,693.0960083007812,818.4696044921875
246,player,16,0,522.52001953125,323.7288818359375,541.3699951171875,231.6708984375
246,player,44,1,406.044921875,495.773681640625,317.4059753417969,654.0361938476562
246,player,41,0,553.700439453125,636.274169921875,343.69378662109375,969.5645751953125
246,player,24,0,903.1011962890625,506.3603515625,684.7591552734375,812.052978515625
246,player,43,1,338.6170654296875,407.14453125,316.99517822265625,407.8111572265625
246,player,21,0,1048.792236328125,623.1961669921875,688.85693359375,1070.9576416015625
246,player,20,1,325.05316162109375,516.2705688476562,242.86505126953125,679.2547607421875
246,player,47,-1,917.95751953125,506.63140869140625,694.0025024414062,817.7978515625
246,player,36,0,247.72796630859375,356.5202941894531,266.1563720703125,260.55029296875
247,player,16,0,522.7386474609375,323.7430419921875,541.2537841796875,232.27867126464844
247,player,41,0,557.5482177734375,637.4892578125,344.0831604003906,971.49755859375
247,player,44,1,406.7230529785156,496.76080322265625,317.1199035644531,655.158447265625
247,player,24,0,903.328857421875,506.13079833984375,684.8859252929688,811.8837890625
247,player,20,1,328.22467041015625,516.534423828125,244.18727111816406,679.557861328125
247,player,43,1,340.06134033203125,412.9031982421875,316.3572998046875,416.84332275390625
247,player,21,0,1047.1871337890625,625.0095825195312,687.6256103515625,1071.4036865234375
247,player,36,0,249.84378051757812,356.0876159667969,269.2452087402344,255.61227416992188
247,player,47,-1,916.1215209960938,505.53582763671875,694.4598999023438,816.3851318359375
248,player,16,0,522.773193359375,323.506103515625,541.2664794921875,232.41941833496094
248,player,44,1,408.465087890625,497.227294921875,317.300537109375,656.42041015625
248,player,20,1,329.76129150390625,518.651611328125,245.0653076171875,681.5193481445312
248,player,24,0,904.0423583984375,505.96630859375,685.208984375,811.72021484375
248,player,43,1,342.3998718261719,413.8653564453125,316.4001770019531,423.84478759765625
248,player,41,0,563.3343505859375,636.546630859375,345.882568359375,972.664794921875
248,player,21,0,1043.7415771484375,625.3929443359375,685.8927001953125,1071.62646484375
248,player,47,-1,915.7669677734375,504.82049560546875,694.8939208984375,814.9080810546875
248,player,36,0,251.03610229492188,357.2086181640625,271.3679504394531,253.70498657226562
249,player,16,0,522.688232421875,323.42083740234375,541.27587890625,232.40846252441406
249,player,44,1,409.9659423828125,496.280029296875,318.0119934082031,656.6364135742188
249,player,20,1,330.0950012207031,519.92529296875,245.49349975585938,683.7978515625
249,player,24,0,904.4041748046875,506.1329345703125,685.4612426757812,811.770263671875
249,player,43,1,344.0587463378906,398.50860595703125,320.3725280761719,414.1396484375
249,player,41,0,564.147216796875,635.4916381835938,347.44696044921875,972.845458984375
249,player,21,0,1049.02001953125,625.0904541015625,686.1129150390625,1072.04248046875
250,player,20,1,330.50274658203125,519.188232421875,246.01068115234375,684.7542724609375
250,player,16,0,521.8580322265625,323.4385986328125,541.01513671875,232.3278350830078
250,player,44,1,409.7586669921875,494.80511474609375,318.72442626953125,655.5924682617188
250,player,21,0,1052.274658203125,625.7266845703125,686.8489379882812,1072.9659423828125
250,player,41,0,567.8295288085938,633.5562744140625,349.70855712890625,972.0850830078125
250,player,43,1,345.31207275390625,392.3647766113281,324.73876953125,402.0684814453125
250,player,24,0,904.3718872070312,506.4217529296875,685.524658203125,812.0117797851562
250,player,36,0,251.01600646972656,355.88897705078125,273.0325622558594,251.081298828125
250,player,47,-1,916.2091674804688,497.13629150390625,697.7861328125,808.30322265625
251,player,20,1,332.2412109375,521.4969482421875,246.38314819335938,687.2965698242188
251,player,21,0,1050.723876953125,625.1348876953125,687.1282958984375,1073.0845947265625
251,player,44,1,410.1209716796875,496.864013671875,318.85809326171875,656.5732421875
251,player,16,0,521.4050903320312,323.41143798828125,540.7120361328125,232.19515991210938
251,player,41,0,568.8134765625,633.1446533203125,351.4913635253906,971.4207763671875
251,player,43,1,346.70953369140625,385.3062744140625,329.64105224609375,387.51019287109375
251,player,24,0,904.111572265625,507.3031005859375,685.2167358398438,812.79052734375
251,player,36,0,250.40249633789062,359.45196533203125,273.14520263671875,253.03204345703125
251,player,47,-1,917.7815551757812,487.32574462890625,703.3213500976562,796.7860107421875
252,player,20,1,332.9473571777344,520.9849853515625,246.90097045898438,688.6250610351562
252,player,21,0,1050.28466796875,624.8555908203125,687.2857055664062,1072.959228515625
252,player,44,1,411.075927734375,495.881591796875,319.40179443359375,656.5266723632812
252,player,16,0,521.649169921875,323.40203857421875,540.5948486328125,232.1259765625
252,player,43,1,348.2001647949219,379.3363037109375,334.6877136230469,372.3291320800781
252,player,36,0,253.1294708251953,357.96209716796875,274.3717041015625,253.0409393310547
252,player,24,0,903.9456787109375,507.5574951171875,684.8920288085938,813.467529296875
252,player,41,0,568.926025390625,628.7945556640625,353.5238952636719,968.3118896484375
252,player,47,-1,918.893798828125,475.97735595703125,711.0375366210938,780.7138671875
253,player,20,1,333.4878234863281,521.3087768554688,247.3196258544922,689.7850341796875
253,player,44,1,413.95953369140625,496.60076904296875,320.3724365234375,657.3367309570312
253,player,21,0,1048.473388671875,624.7929077148438,686.9737548828125,1072.686279296875
253,player,16,0,521.91259765625,323.70184326171875,540.503662109375,232.43722534179688
253,player,43,1,350.06134033203125,379.45123291015625,338.49273681640625,362.7718200683594
253,player,36,0,254.6863555908203,357.6991882324219,275.6989440917969,252.94021606445312
253,player,41,0,567.5661010742188,630.0989990234375,354.267578125,966.9833984375
253,player,24,0,904.0316162109375,508.09161376953125,684.533935546875,814.306640625
253,player,47,-1,919.432861328125,466.6705017089844,719.392578125,763.0555419921875
253,ball,-1,-1,297.217529296875,398.2366638183594,289.10302734375,374.099609375
254,player,20,1,334.6506042480469,521.2638549804688,247.90200805664062,690.6126708984375
254,player,44,1,417.087890625,496.109375,321.936767578125,657.7724609375
254,player,21,0,1046.470458984375,627.1517333984375,685.6143798828125,1073.73046875
254,player,41,0,583.0028686523438,627.8733520507812,358.85638427734375,966.0521240234375
254,player,36,0,256.48126220703125,356.470947265625,277.37841796875,251.78448486328125
254,player,16,0,522.3655395507812,323.52703857421875,540.6438598632812,232.4997100830078
254,player,43,1,353.41961669921875,381.96966552734375,341.3573303222656,359.3991394042969
254,player,24,0,904.4110717773438,508.35662841796875,684.31689453125,815.0816040039062
254,player,47,-1,918.5177612304688,474.09735107421875,722.0221557617188,757.2952880859375
254,ball,-1,-1,296.9898681640625,398.21563720703125,289.0771789550781,374.6812744140625
255,player,41,0,581.309814453125,628.2473754882812,361.3623962402344,965.53466796875
255,player,20,1,336.51220703125,521.3920288085938,248.74110412597656,691.420654296875
255,player,44,1,416.7032775878906,496.22259521484375,322.8277587890625,658.1085205078125
255,player,21,0,1041.7459716796875,627.0698852539062,683.6286010742188,1073.958984375
255,player,16,0,523.515869140625,323.84625244140625,540.992431640625,233.0167236328125
255,player,36,0,259.40167236328125,354.39813232421875,279.8200378417969,249.17532348632812
255,player,43,1,355.77618408203125,390.5528564453125,341.8713684082031,365.82904052734375
255,player,24,0,904.59130859375,508.760498046875,684.0950927734375,815.8975219726562
255,player,47,-1,918.6307983398438,472.54559326171875,724.2922973632812,752.3552856445312
255,ball,-1,-1,556.7109985351562,515.5167236328125,289.0771789550781,374.6812744140625
256,player,20,1,337.4376220703125,522.0208129882812,249.41311645507812,692.50927734375
256,player,44,1,415.6043701171875,497.7694091796875,322.7936096191406,659.4403076171875
256,player,21,0,1036.2391357421875,625.1068115234375,681.5865478515625,1072.478759765625
256,player,41,0,596.3045654296875,628.88330078125,366.4288330078125,966.864990234375
256,player,36,0,261.7467956542969,353.7467041015625,282.2670593261719,247.0484619140625
256,player,24,0,904.9275512695312,509.46044921875,683.8173828125,816.9705810546875
256,player,16,0,524.3148193359375,323.5406494140625,541.570068359375,233.10922241210938
256,player,43,1,358.20330810546875,402.79473876953125,340.0511779785156,381.9597473144531
256,player,47,-1,918.581298828125,455.1331787109375,731.8082885742188,735.360107421875
256,ball,-1,-1,298.09539794921875,399.2871398925781,289.0740661621094,375.4771423339844
257,player,20,1,337.796142578125,524.6575317382812,249.466796875,695.24755859375
257,player,21,0,1034.863525390625,628.3643188476562,679.0022583007812,1073.3226318359375
257,player,44,1,418.6485595703125,497.65936279296875,323.6021728515625,660.5076293945312
257,player,24,0,905.3560180664062,509.964111328125,683.5899658203125,818.0757446289062
257,player,36,0,263.744873046875,352.6351318359375,284.7170715332031,244.71209716796875
257,player,16,0,524.767578125,323.54998779296875,542.0848388671875,233.23016357421875
257,player,43,1,357.9677734375,405.202392578125,338.24420166015625,394.68829345703125
257,player,47,-1,918.941162109375,447.0707702636719,739.663818359375,717.8165283203125
257,player,41,0,570.8834838867188,575.8426513671875,374.52301025390625,931.25634765625
257,ball,-1,-1,298.0655517578125,398.69757080078125,289.0982971191406,376.07965087890625
258,player,20,1,338.7344055175781,526.4500122070312,249.42189025878906,698.4667358398438
258,player,21,0,1033.228759765625,625.4559936523438,677.7613525390625,1072.01513671875
258,player,44,1,417.12908935546875,498.95977783203125,323.45452880859375,662.07861328125
258,player,24,0,905.106689453125,510.925048828125,683.0724487304688,819.4708251953125
258,player,16,0,525.8961181640625,324.21905517578125,542.5552978515625,234.16336059570312
258,player,36,0,265.76605224609375,351.9779052734375,287.07476806640625,242.71954345703125
258,player,43,1,362.428955078125,401.16986083984375,339.29718017578125,399.6187744140625
258,player,41,0,598.5750732421875,626.4744262695312,376.0079345703125,943.2860107421875
258,player,42,0,577.4879150390625,580.9627685546875,380.52117919921875,903.579833984375
258,player,47,-1,919.4512939453125,447.0440673828125,744.9215087890625,706.4420776367188
258,ball,-1,-1,558.6630859375,511.9052734375,289.0982971191406,376.07965087890625
259,player,20,1,339.3297119140625,527.896240234375,249.28671264648438,701.7022705078125
259,player,44,1,418.9868469238281,500.0775146484375,323.6190490722656,664.1509399414062
259,player,36,0,266.9549560546875,352.52764892578125,288.8448486328125,242.1331787109375
259,player,24,0,905.0830078125,511.95166015625,682.405517578125,821.1220703125
259,player,21,0,1035.713134765625,626.182373046875,677.3399658203125,1071.8065185546875
259,player,43,1,365.2963562011719,380.35845947265625,345.78765869140625,383.0148620605469
259,player,16,0,526.7565307617188,324.23992919921875,543.1246337890625,234.88882446289062
259,player,41,0,595.6890869140625,628.154052734375,375.9484558105469,951.9002075195312
259,ball,-1,-1,558.87841796875,511.9088134765625,289.0982971191406,376.07965087890625
260,player,43,1,368.8072509765625,387.326416015625,349.3520812988281,379.4141845703125
260,player,20,1,339.4693603515625,529.1091918945312,249.01736450195312,704.7286987304688
260,player,36,0,269.97662353515625,353.0396423339844,290.7996826171875,242.6190185546875
260,player,44,1,427.63836669921875,501.15234375,325.7923278808594,667.1546630859375
260,player,24,0,906.1862182617188,512.8399658203125,681.9810791015625,822.9435424804688
260,player,21,0,1034.4342041015625,626.1970825195312,676.7568969726562,1071.5706787109375
260,player,16,0,528.05419921875,324.36798095703125,543.8604736328125,235.6446533203125
260,player,41,0,604.54443359375,625.2958984375,378.59521484375,956.481201171875
260,ball,-1,-1,565.20458984375,512.2120361328125,289.0982971191406,376.07965087890625
261,player,20,1,340.1540222167969,531.4602661132812,248.59820556640625,708.5181884765625
261,player,44,1,428.89794921875,502.38189697265625,327.2811584472656,670.1842041015625
261,player,43,1,370.75927734375,386.4329528808594,352.4601745605469,376.4091796875
261,player,24,0,906.1685791015625,513.4115600585938,681.5203857421875,824.540283203125
261,player,16,0,530.349609375,324.46112060546875,545.029296875,236.49368286132812
261,player,21,0,1033.533935546875,623.6986083984375,676.876953125,1069.861083984375
261,player,36,0,272.9042663574219,352.27850341796875,293.1366271972656,242.45069885253906
262,player,24,0,906.335693359375,514.3189697265625,680.97900390625,826.2508544921875
262,player,44,1,429.14208984375,504.037841796875,327.968017578125,673.4636840820312
262,player,20,1,341.21990966796875,532.3171997070312,248.44712829589844,711.7186889648438
262,player,43,1,367.907470703125,378.85186767578125,355.4868469238281,366.7167053222656
262,player,16,0,533.1329345703125,325.4627990722656,546.3338623046875,238.4437255859375
262,player,21,0,1030.895751953125,623.0994873046875,676.4959716796875,1068.1689453125
262,player,36,0,272.8966064453125,352.30426025390625,294.64739990234375,242.36758422851562
262,player,41,0,618.21337890625,624.8071899414062,383.6741027832031,960.3194580078125
263,player,24,0,906.70458984375,516.3998413085938,680.070068359375,828.9000244140625
263,player,20,1,341.9429626464844,532.31787109375,248.534912109375,713.8658447265625
263,player,44,1,428.7507629394531,503.91162109375,328.33746337890625,675.46044921875
263,player,16,0,534.5589599609375,325.8468017578125,547.5029907226562,240.28652954101562
263,player,21,0,1025.4412841796875,625.4735107421875,674.2694091796875,1068.01220703125
263,player,43,1,369.85162353515625,377.7410888671875,358.3049621582031,359.52276611328125
263,player,36,0,273.57611083984375,350.11505126953125,296.3399963378906,240.07522583007812
263,player,42,0,589.1073608398438,548.559814453125,394.27069091796875,872.9105224609375
264,player,24,0,906.6925048828125,517.0574951171875,679.27001953125,831.0946044921875
264,player,44,1,428.7136535644531,503.80596923828125,328.58984375,676.6728515625
264,player,43,1,378.84417724609375,378.96527099609375,362.50482177734375,357.0085754394531
264,player,20,1,342.150146484375,533.7797241210938,248.38424682617188,716.3689575195312
264,player,16,0,535.6675415039062,327.7593078613281,547.9822998046875,243.6751708984375
264,player,21,0,1027.34130859375,623.4249267578125,673.858642578125,1066.8570556640625
264,player,36,0,275.0991516113281,349.7791442871094,297.9831848144531,238.3951873779297
264,player,42,0,592.0447998046875,549.553466796875,403.7274169921875,853.9425048828125
265,player,44,1,428.6795349121094,503.14117431640625,328.8834228515625,676.941162109375
265,player,24,0,905.921875,517.1470336914062,678.5206909179688,832.5137329101562
265,player,16,0,536.08154296875,327.916015625,548.3720703125,246.0928955078125
265,player,20,1,343.4980773925781,531.8493041992188,248.9782257080078,716.6820068359375
265,player,43,1,379.3984375,381.8583984375,364.6815490722656,358.2814025878906
265,player,36,0,275.0430908203125,351.12286376953125,298.7240295410156,238.71820068359375
265,player,21,0,1030.5059814453125,623.6450805664062,674.2849731445312,1066.507080078125
265,player,42,0,591.4261474609375,554.8121337890625,408.5257568359375,845.2464599609375
265,player,41,0,638.941650390625,627.7655029296875,391.29791259765625,966.4066162109375
266,player,24,0,904.9661865234375,516.8876953125,677.8651123046875,833.1603393554688
266,player,44,1,428.36663818359375,502.27099609375,329.173095703125,676.4089965820312
266,player,16,0,537.2412109375,327.7288818359375,549.0498657226562,247.59173583984375
266,player,43,1,381.2652587890625,384.29876708984375,366.04547119140625,361.6949462890625
266,player,20,1,345.1873779296875,530.86669921875,249.9759063720703,716.3071899414062
266,player,42,0,592.659423828125,555.3584594726562,411.8328857421875,840.0865478515625
266,player,21,0,1027.3350830078125,623.6724243164062,673.7967529296875,1066.025146484375
266,player,41,0,642.0550537109375,627.90234375,396.96533203125,970.7120971679688
267,player,44,1,433.7238464355469,501.8099365234375,330.874267578125,676.2091674804688
267,player,24,0,904.4288330078125,516.8177490234375,677.3204345703125,833.4801025390625
267,player,20,1,344.90863037109375,531.901123046875,250.36666870117188,716.81005859375
267,player,43,1,382.64874267578125,379.38055419921875,368.56195068359375,359.23236083984375
267,player,41,0,643.1488647460938,624.996337890625,401.5205078125,971.810302734375
267,player,16,0,537.7551879882812,327.6370849609375,549.6815185546875,248.52420043945312
267,player,42,0,592.6207885742188,555.5869140625,413.9212646484375,836.8884887695312
267,player,21,0,1021.58544921875,624.1829223632812,671.9608154296875,1065.524658203125
268,player,44,1,436.70361328125,500.84246826171875,332.9721984863281,675.6063232421875
268,player,24,0,904.0501098632812,517.2576293945312,676.72998046875,833.969482421875
268,player,43,1,384.1664123535156,379.0832824707031,370.72235107421875,357.4988098144531
268,player,42,0,593.1878662109375,556.2313842773438,415.2764892578125,835.31005859375
268,player,20,1,343.95904541015625,530.3239135742188,250.65940856933594,715.8717041015625
268,player,16,0,539.01123046875,327.0126953125,550.6909790039062,248.5963134765625
268,player,41,0,643.5750122070312,624.350830078125,404.7191467285156,972.1610107421875
268,player,21,0,1023.1671752929688,628.4520263671875,669.9369506835938,1067.8597412109375
268,player,36,0,311.313232421875,346.0518798828125,311.510986328125,237.5050048828125
268,player,50,-1,299.36358642578125,349.42852783203125,322.46722412109375,241.7581329345703
269,player,44,1,437.711181640625,500.94598388671875,334.5805969238281,675.3903198242188
269,player,24,0,903.9688720703125,517.297607421875,676.3125,834.308837890625
269,player,20,1,343.160400390625,530.69970703125,250.5762939453125,715.4692993164062
269,player,43,1,384.6131591796875,376.5272521972656,372.90057373046875,353.89093017578125
269,player,42,0,594.2034912109375,556.2447509765625,416.41064453125,834.3848876953125
269,player,21,0,1025.4169921875,628.9324340820312,669.021240234375,1069.8519287109375
269,player,16,0,540.6686401367188,327.3994140625,551.7388305664062,249.2453155517578
269,player,41,0,645.4659423828125,621.52587890625,407.8480529785156,970.7974243164062
269,player,52,-1,284.96099853515625,351.75408935546875,308.32928466796875,244.2979736328125
269,player,51,-1,501.2131042480469,292.9913330078125,550.6935424804688,127.37432098388672
270,player,44,1,442.00445556640625,499.880615234375,336.9888000488281,674.823974609375
270,player,24,0,903.7396240234375,518.2708129882812,675.677490234375,835.2081298828125
270,player,41,0,647.7828369140625,621.798095703125,410.3778381347656,970.2781372070312
270,player,43,1,388.11895751953125,377.2159729003906,375.1858825683594,352.5994873046875
270,player,20,1,344.5125732421875,532.544921875,250.5395050048828,716.708984375
270,player,42,0,592.0169677734375,556.1107788085938,416.6263427734375,833.4932861328125
270,player,16,0,541.893798828125,325.71429443359375,553.3610229492188,247.9825439453125
270,player,21,0,1026.1434326171875,628.878662109375,668.614013671875,1071.177001953125
270,player,52,-1,288.8095703125,350.8375549316406,309.718505859375,243.74951171875
271,player,24,0,903.37890625,518.3626098632812,675.1419677734375,835.8250732421875
271,player,41,0,649.2893676757812,624.3524169921875,411.83917236328125,971.6529541015625
271,player,20,1,344.22247314453125,531.8958740234375,250.55731201171875,717.0042724609375
271,player,44,1,444.4210510253906,503.71514892578125,338.37860107421875,677.6676025390625
271,player,43,1,389.85205078125,379.58160400390625,376.5902099609375,354.2794494628906
271,player,42,0,592.3189697265625,555.9254760742188,416.88446044921875,832.811767578125
271,player,16,0,542.0306396484375,324.1938781738281,554.963134765625,245.52838134765625
271,player,21,0,1024.4979248046875,630.315185546875,667.552978515625,1072.74365234375
272,player,24,0,902.869873046875,518.3373413085938,674.6689453125,836.1605224609375
272,player,41,0,651.1838989257812,620.1997680664062,414.1266174316406,970.1304931640625
272,player,42,0,598.0745849609375,555.7518920898438,418.5442199707031,832.766357421875
272,player,20,1,345.83709716796875,529.6217651367188,251.39413452148438,715.6453247070312
272,player,43,1,392.3506774902344,382.8597412109375,377.41986083984375,358.853271484375
272,player,44,1,447.8789367675781,503.316650390625,340.2796630859375,679.5325927734375
272,player,21,0,1019.6700439453125,631.3176879882812,665.43505859375,1073.941162109375
272,player,16,0,543.313720703125,328.8553771972656,554.8634033203125,249.11383056640625
272,ball,-1,-1,423.85205078125,450.7763977050781,294.6364440917969,390.3196716308594
273,player,43,1,389.60467529296875,382.00189208984375,377.36163330078125,360.69683837890625
273,player,24,0,902.4954223632812,518.4537353515625,674.2274780273438,836.4273681640625
273,player,42,0,601.1199951171875,555.644775390625,420.4161682128906,832.9365234375
273,player,44,1,447.83221435546875,502.9573974609375,341.5795593261719,680.461669921875
273,player,20,1,347.4363708496094,529.6605224609375,252.34365844726562,714.938232421875
273,player,16,0,547.95166015625,332.2787780761719,555.119140625,255.62644958496094
273,player,41,0,655.3065795898438,618.95751953125,416.86724853515625,968.71923828125
273,player,21,0,1015.1947021484375,630.4015502929688,663.2517700195312,1073.8013916015625
273,player,36,0,329.26409912109375,347.53607177734375,324.9612121582031,240.24945068359375
274,player,43,1,390.4081115722656,384.731689453125,376.87945556640625,364.6485900878906
274,player,24,0,902.1453857421875,518.4558715820312,673.8485107421875,836.5697631835938
274,player,42,0,601.5264892578125,556.977783203125,421.4327392578125,834.0113525390625
274,player,41,0,659.7283935546875,619.3860473632812,419.61553955078125,968.4473876953125
274,player,44,1,451.12530517578125,505.6041259765625,342.7297668457031,683.424560546875
274,player,20,1,352.96630859375,528.7225341796875,254.55828857421875,714.285400390625
274,player,21,0,1014.2833251953125,629.29443359375,661.92578125,1072.9813232421875
274,player,16,0,549.0206298828125,332.51446533203125,555.5408935546875,260.22955322265625
275,player,44,1,452.8743896484375,510.369140625,342.92645263671875,689.178466796875
275,player,42,0,602.802490234375,557.7344360351562,422.24346923828125,835.3504028320312
275,player,24,0,902.0250244140625,518.4945068359375,673.558837890625,836.6788330078125
275,player,21,0,1013.2234497070312,628.2385864257812,661.1074829101562,1071.7353515625
275,player,43,1,389.8643798828125,387.17108154296875,375.799560546875,369.5328369140625
275,player,16,0,548.52294921875,334.285888671875,555.0785522460938,265.0520935058594
275,player,41,0,664.1959228515625,616.781982421875,423.0375671386719,967.0279541015625
275,player,20,1,367.7218933105469,525.4201049804688,260.4223327636719,712.7425537109375
276,player,44,1,458.668212890625,514.123046875,343.7786560058594,696.32373046875
276,player,24,0,901.7213745117188,518.6470336914062,673.2438354492188,836.8311157226562
276,player,42,0,605.805908203125,557.3065795898438,423.62469482421875,836.1939086914062
276,player,43,1,389.048583984375,395.9493408203125,372.7027587890625,381.06732177734375
276,player,21,0,1010.7354736328125,627.2943115234375,660.247802734375,1070.15576171875
276,player,16,0,549.8402709960938,334.5253601074219,555.109130859375,268.5868225097656
276,player,20,1,369.3115234375,523.2682495117188,265.04888916015625,710.2647094726562
276,player,41,0,668.0510864257812,615.4064331054688,426.48797607421875,965.5750732421875
277,player,24,0,901.5755004882812,519.3883056640625,672.7705078125,837.4486694335938
277,player,42,0,608.428955078125,555.9456787109375,425.4947509765625,836.0323486328125
277,player,44,1,460.93157958984375,513.06884765625,345.14825439453125,700.3775024414062
277,player,43,1,396.5545959472656,392.6468505859375,373.69439697265625,386.1875
277,player,16,0,550.3470458984375,334.21142578125,555.3895263671875,270.60699462890625
277,player,21,0,1009.047607421875,625.4755859375,659.7967529296875,1067.9078369140625
277,player,41,0,670.2175903320312,617.056396484375,428.889892578125,965.8485107421875
277,player,36,0,324.79595947265625,346.6565856933594,332.5528564453125,240.61434936523438
278,player,42,0,612.5374755859375,557.0064697265625,427.5037841796875,837.0346069335938
278,player,43,1,396.7160339355469,394.14923095703125,374.0155029296875,390.971435546875
278,player,24,0,901.1851806640625,519.4609985351562,672.3385009765625,837.865966796875
278,player,44,1,464.76385498046875,512.7045288085938,347.1195983886719,703.093017578125
278,player,16,0,549.4481201171875,334.6360168457031,555.153076171875,272.2716369628906
278,player,21,0,1008.53662109375,627.8909912109375,658.7052001953125,1067.8336181640625
278,player,36,0,326.67144775390625,348.25341796875,337.665771484375,242.7463836669922
278,player,41,0,676.6658935546875,616.1107177734375,432.2066955566406,965.9882202148438
279,player,42,0,611.5390625,557.0755004882812,428.5421142578125,837.6441040039062
279,player,43,1,400.01580810546875,396.40631103515625,374.63214111328125,396.5777282714844
279,player,16,0,549.8804321289062,333.98504638671875,555.3472900390625,272.70989990234375
279,player,24,0,900.92822265625,520.1521606445312,671.7762451171875,838.60888671875
279,player,44,1,465.7290954589844,513.7432250976562,348.4321594238281,705.7384643554688
279,player,21,0,1004.224609375,627.7998046875,656.9944458007812,1067.36474609375
279,player,41,0,678.957763671875,613.8682250976562,435.4090576171875,964.8715209960938
279,player,36,0,317.744140625,350.0458068847656,337.816650390625,245.05172729492188
280,player,44,1,468.65777587890625,514.7354736328125,349.83966064453125,708.484619140625
280,player,42,0,613.5943603515625,556.9882202148438,429.75531005859375,838.1646728515625
280,player,16,0,550.1619873046875,333.5891418457031,555.691162109375,272.60491943359375
280,player,43,1,404.9192199707031,391.71112060546875,377.63201904296875,396.24407958984375
280,player,24,0,900.4453125,521.2742919921875,670.9373779296875,839.8502807617188
280,player,21,0,1002.6165771484375,629.6655883789062,654.9808959960938,1068.025390625
280,player,41,0,685.389404296875,614.0225830078125,439.0035400390625,964.7950439453125
280,player,36,0,319.55450439453125,347.40081787109375,339.1177673339844,243.95277404785156
281,player,44,1,468.68505859375,516.537353515625,350.3775939941406,711.63671875
281,player,42,0,617.533935546875,555.7138061523438,431.8311767578125,837.972412109375
281,player,24,0,899.9995727539062,524.604248046875,669.2489624023438,842.9906005859375
281,player,16,0,550.995849609375,334.12640380859375,555.99755859375,273.2001953125
281,player,21,0,1000.30322265625,630.9361572265625,652.770263671875,1069.007080078125
281,player,43,1,409.84967041015625,390.571044921875,381.31427001953125,395.44659423828125
281,player,41,0,692.474365234375,612.928955078125,443.28973388671875,964.668701171875
282,player,44,1,468.5400390625,517.45263671875,350.49481201171875,714.363525390625
282,player,16,0,550.9295654296875,333.80963134765625,556.2802124023438,273.2430725097656
282,player,24,0,899.22314453125,525.5816650390625,667.6498413085938,845.6544189453125
282,player,42,0,620.15673828125,556.2334594726562,433.722412109375,838.44482421875
282,player,21,0,1002.5162353515625,631.6207885742188,651.66943359375,1070.2357177734375
282,player,43,1,413.25714111328125,388.53277587890625,385.2243957519531,393.3206787109375
282,player,36,0,326.55267333984375,345.5217590332031,342.57623291015625,242.00869750976562
282,player,41,0,698.4646606445312,611.650390625,447.8070068359375,964.29931640625
283,player,24,0,898.66162109375,526.5789184570312,666.1591796875,848.0414428710938
283,player,16,0,551.609375,333.2869873046875,556.847412109375,272.7901611328125
283,player,44,1,463.1896057128906,520.735107421875,348.4842224121094,718.1102294921875
283,player,42,0,624.4267578125,555.4912109375,436.2015686035156,838.620849609375
283,player,21,0,1002.0653076171875,631.069580078125,650.9993896484375,1070.671875
283,player,36,0,330.71240234375,344.75457763671875,346.294189453125,240.38400268554688
283,player,43,1,416.26953125,387.0242004394531,389.03692626953125,390.7962646484375
283,player,50,-1,327.9804992675781,345.1233215332031,332.2914733886719,240.31466674804688
284,player,42,0,626.3588256835938,557.9860229492188,437.72125244140625,840.6395263671875
284,player,24,0,898.16552734375,526.6727294921875,665.0330200195312,849.6136474609375
284,player,16,0,551.745849609375,334.0442810058594,557.0093383789062,273.3163146972656
284,player,44,1,457.7154846191406,531.2689208984375,343.5748291015625,727.880615234375
284,player,21,0,993.42041015625,626.5577392578125,649.7572021484375,1067.554443359375
284,player,43,1,416.31488037109375,380.1839599609375,393.28887939453125,382.49420166015625
284,player,36,0,332.1942138671875,344.54083251953125,349.2200927734375,239.26260375976562
285,player,24,0,898.048828125,527.6049194335938,663.9857788085938,851.284912109375
285,player,42,0,632.0772094726562,556.4318237304688,440.5125732421875,841.3896484375
285,player,16,0,551.5828857421875,334.29803466796875,556.9805297851562,273.9098815917969
285,player,43,1,418.30712890625,380.61810302734375,396.5307312011719,377.73388671875
285,player,21,0,986.8345947265625,626.8587646484375,647.297119140625,1065.146240234375
285,player,44,1,461.2093505859375,513.3151245117188,345.03619384765625,721.1028442382812
285,player,36,0,331.1004638671875,345.3470764160156,350.5831604003906,239.27145385742188
285,player,41,0,714.8929443359375,615.9986572265625,453.70904541015625,968.1904296875
286,player,24,0,897.6290283203125,527.40625,663.257080078125,852.1917724609375
286,player,42,0,636.5699462890625,555.83447265625,443.6007080078125,841.8675537109375
286,player,41,0,717.1705322265625,615.5609130859375,458.1923522949219,970.6423950195312
286,player,16,0,552.329345703125,334.52703857421875,557.1185913085938,274.62139892578125
286,player,43,1,420.31890869140625,378.98614501953125,399.659423828125,373.250244140625
286,player,44,1,460.9482421875,517.50830078125,345.03106689453125,719.8521728515625
286,player,21,0,983.2952880859375,626.624755859375,644.919189453125,1063.140625
286,player,36,0,339.5020751953125,344.6991271972656,354.21417236328125,239.507080078125
287,player,24,0,897.0159912109375,528.569091796875,662.27001953125,853.5469970703125
287,player,41,0,717.7140502929688,615.864501953125,461.167724609375,972.471923828125
287,player,43,1,421.98602294921875,379.49932861328125,402.053955078125,371.0162353515625
287,player,42,0,643.422607421875,554.562255859375,447.6388244628906,841.91259765625
287,player,16,0,552.7255249023438,333.753173828125,557.586181640625,274.30560302734375
287,player,21,0,980.654296875,623.787353515625,643.5255126953125,1059.92236328125
287,player,44,1,467.4239501953125,518.0489501953125,346.6020202636719,720.0496826171875
287,player,36,0,341.47784423828125,344.5714416503906,357.214111328125,239.74058532714844
287,ball,-1,-1,457.8298645019531,419.05255126953125,303.653076171875,397.8169250488281
288,player,41,0,720.9906616210938,614.4201049804688,464.2200927734375,973.042236328125
288,player,43,1,423.93621826171875,381.124267578125,403.76446533203125,371.36285400390625
288,player,24,0,896.303955078125,529.3934326171875,661.193359375,854.9442138671875
288,player,53,-1,662.3729858398438,554.23876953125,469.0439758300781,846.2390747070312
288,player,44,1,477.5773010253906,511.5252685546875,351.67596435546875,716.179443359375
288,player,16,0,552.77099609375,334.265625,557.7355346679688,274.64990234375
288,player,21,0,976.4971923828125,624.342529296875,641.4739379882812,1057.807373046875
288,player,36,0,340.00604248046875,347.999755859375,357.843017578125,243.36373901367188
288,player,42,0,649.0637817382812,556.0281372070312,451.3406677246094,843.46728515625
288,ball,-1,-1,467.076171875,424.9671936035156,312.2102355957031,406.1451110839844
289,player,41,0,722.7254028320312,613.0366821289062,466.93975830078125,972.6981201171875
289,player,43,1,425.604736328125,382.7617492675781,404.9433288574219,373.36358642578125
289,player,24,0,896.076416015625,529.4663696289062,660.4125366210938,855.8828735351562
289,player,21,0,972.658935546875,625.8128662109375,638.8212890625,1056.9818115234375
289,player,53,-1,668.094970703125,552.8021240234375,470.8389587402344,845.758056640625
289,player,44,1,483.168212890625,510.49530029296875,356.66473388671875,713.401611328125
289,player,16,0,552.6978759765625,334.5369567871094,557.7206420898438,275.1537170410156
289,player,36,0,343.5104064941406,345.3403625488281,360.00146484375,243.28636169433594
290,player,41,0,725.4235229492188,610.7520751953125,469.8858642578125,971.2762451171875
290,player,43,1,426.301025390625,378.84490966796875,406.9408264160156,370.9031066894531
290,player,21,0,969.74072265625,628.8662109375,635.569580078125,1058.010986328125
290,player,24,0,896.233642578125,528.7778930664062,660.1551513671875,856.0215454101562
290,player,44,1,490.09576416015625,510.34466552734375,361.7586364746094,712.129638671875
290,player,16,0,554.2880859375,333.84710693359375,558.4326171875,274.92437744140625
290,player,53,-1,670.5098266601562,549.5516967773438,473.4102783203125,843.39892578125
290,player,36,0,346.4750061035156,341.86981201171875,363.20648193359375,239.86502075195312
290,player,42,0,656.0714111328125,557.009521484375,455.28125,845.7877807617188
291,player,41,0,728.644287109375,609.8020629882812,472.79876708984375,970.0333251953125
291,player,43,1,427.8428039550781,378.9159851074219,408.6783142089844,369.53662109375
291,player,44,1,491.6531982421875,508.58917236328125,365.8661193847656,710.1080322265625
291,player,16,0,556.1016845703125,332.9588623046875,559.7533569335938,274.03125
291,player,24,0,895.665771484375,528.1302490234375,660.0382080078125,855.6016235351562
291,player,21,0,967.6778564453125,628.2069091796875,633.144287109375,1058.113525390625
291,player,42,0,658.1146240234375,552.6293334960938,459.40875244140625,844.4429321289062
291,player,53,-1,672.6189575195312,550.1605224609375,475.4677734375,842.4815673828125
291,player,36,0,349.8045959472656,341.2503662109375,366.4765625,237.3442840576172
292,player,41,0,731.1090087890625,609.5800170898438,475.3389587402344,969.298583984375
292,player,43,1,431.1349792480469,373.974853515625,412.0970458984375,364.1195983886719
292,player,36,0,354.4112243652344,342.04449462890625,369.81634521484375,237.05963134765625
292,player,24,0,895.6458740234375,529.4686279296875,659.5497436523438,856.2720947265625
292,player,16,0,557.3084716796875,332.3675537109375,561.1836547851562,272.95452880859375
292,player,44,1,495.3748779296875,509.90216064453125,369.22320556640625,710.1456909179688
292,player,21,0,965.3685302734375,627.6825561523438,631.160400390625,1057.6724853515625
292,player,53,-1,675.8408813476562,549.77490234375,477.71722412109375,841.9078369140625
292,player,42,0,659.339111328125,549.9562377929688,463.0474548339844,841.8150634765625
293,player,43,1,432.250244140625,379.14923095703125,413.27685546875,365.822265625
293,player,41,0,732.7471923828125,607.0396118164062,477.9805603027344,967.36376953125
293,player,24,0,896.177978515625,529.9661254882812,659.218505859375,857.1077270507812
293,player,44,1,493.0088806152344,516.608154296875,369.31097412109375,715.034912109375
293,player,16,0,559.0319213867188,331.4512939453125,562.9551391601562,271.4683837890625
293,player,21,0,961.3348388671875,626.02294921875,629.3601684570312,1056.0548095703125
293,player,53,-1,669.607666015625,548.24072265625,477.97314453125,839.8974609375
293,player,36,0,357.65985107421875,341.85552978515625,373.0378723144531,237.02923583984375
293,player,54,-1,502.2108154296875,285.9111022949219,558.5795288085938,103.9254150390625
293,ball,-1,-1,476.19854736328125,365.619384765625,324.3229064941406,401.17132568359375
294,player,44,1,495.25439453125,512.7675170898438,370.79766845703125,715.5170288085938
294,player,21,0,960.9554443359375,629.7879638671875,627.0814208984375,1057.20849609375
294,player,41,0,737.434814453125,606.7472534179688,480.9007263183594,966.326904296875
294,player,43,1,434.9400634765625,379.7769775390625,414.6759033203125,367.82891845703125
294,player,24,0,895.8406982421875,530.0130615234375,658.90185546875,857.6528930664062
294,player,16,0,560.8759765625,329.8707275390625,565.2098999023438,269.0169982910156
294,player,42,0,664.8292236328125,549.0325927734375,467.030517578125,839.958251953125
294,player,53,-1,666.697509765625,546.8418579101562,477.742431640625,837.345703125
294,player,36,0,359.573974609375,341.1986083984375,375.8941650390625,236.51797485351562
294,player,54,-1,503.056884765625,285.01641845703125,559.1673583984375,102.96308898925781
294,ball,-1,-1,458.79351806640625,427.02545166015625,330.5721130371094,409.4599304199219
295,player,41,0,741.217529296875,607.050537109375,483.64263916015625,966.1710205078125
295,player,21,0,958.3654174804688,628.4056396484375,625.3569946289062,1056.9183349609375
295,player,43,1,436.826904296875,379.76416015625,416.14849853515625,369.3199768066406
295,player,24,0,894.9331665039062,529.2537841796875,658.6922607421875,857.3880615234375
295,player,16,0,561.2996215820312,330.0455322265625,566.7493286132812,267.6578369140625
295,player,36,0,363.960693359375,339.93829345703125,379.4368896484375,235.31930541992188
295,player,53,0,671.91162109375,548.5635986328125,478.49566650390625,837.366943359375
295,player,44,1,500.3948669433594,506.1866455078125,374.57696533203125,711.2898559570312
295,ball,-1,-1,467.46795654296875,427.42047119140625,336.8605651855469,417.3659973144531
296,player,43,1,438.1488952636719,377.2442626953125,418.16937255859375,367.9537658691406
296,player,21,0,953.278564453125,626.0037841796875,623.6724243164062,1054.8671875
296,player,24,0,896.1658935546875,527.8917846679688,659.2894287109375,856.3673706054688
296,player,53,0,676.453857421875,547.7366943359375,480.34307861328125,837.2138671875
296,player,16,0,562.0221557617188,330.283447265625,567.8959350585938,267.10931396484375
296,player,44,1,504.0249938964844,516.684814453125,375.6496276855469,716.8621826171875
296,player,41,0,744.193115234375,601.6141967773438,487.4385986328125,962.8883056640625
296,player,36,0,367.65447998046875,339.37005615234375,383.03173828125,234.33753967285156
296,ball,-1,-1,470.7397766113281,428.8600769042969,342.7752380371094,425.00738525390625
297,player,53,0,668.4839477539062,547.5451049804688,479.56488037109375,836.2569580078125
297,player,43,1,441.2239990234375,378.373046875,420.0953369140625,368.501220703125
297,player,16,0,562.2635498046875,330.5959167480469,568.6119995117188,267.11376953125
297,player,24,0,896.2687377929688,527.1410522460938,659.9332885742188,855.1820068359375
297,player,21,0,952.7608642578125,623.796630859375,623.05029296875,1052.1705322265625
297,player,44,1,508.7720642089844,525.96142578125,375.54364013671875,727.851806640625
297,player,36,0,369.92779541015625,338.49395751953125,386.30487060546875,233.00985717773438
297,ball,-1,-1,518.2237548828125,525.56591796875,342.7752380371094,425.00738525390625
298,player,53,0,671.1586303710938,548.4771118164062,479.51019287109375,836.530517578125
298,player,21,0,949.6477661132812,626.3314208984375,621.2192993164062,1051.6673583984375
298,player,24,0,895.8099365234375,527.7166748046875,660.057373046875,854.776611328125
298,player,16,0,563.27978515625,331.2928466796875,569.1613159179688,267.97406005859375
298,player,43,1,443.20086669921875,378.376220703125,421.9337158203125,369.0693054199219
298,player,44,1,479.7615966796875,536.1156005859375,365.8316345214844,739.7919921875
298,player,55,-1,514.3101806640625,528.311767578125,377.9718017578125,754.6826171875
298,player,41,0,781.7855224609375,595.8284912109375,500.4759826660156,960.3394775390625
298,player,36,0,373.67315673828125,337.78033447265625,389.78277587890625,231.7928466796875
298,ball,-1,-1,486.7283630371094,428.42071533203125,349.2760009765625,432.3168029785156
299,player,53,0,674.0509643554688,546.835693359375,480.61376953125,835.8204345703125
299,player,24,0,895.3198852539062,525.777587890625,660.603271484375,853.0934448242188
299,player,21,0,943.338134765625,632.191650390625,616.9635009765625,1054.28515625
299,player,16,0,564.009765625,331.706787109375,569.6075439453125,269.055908203125
299,player,43,1,446.22320556640625,378.746337890625,423.9270935058594,370.12139892578125
299,player,55,-1,516.7120361328125,518.7688598632812,380.70245361328125,747.813232421875
299,ball,-1,-1,492.24188232421875,427.1067199707031,355.6903991699219,438.902099609375
300,player,53,0,680.8099365234375,547.774658203125,482.81781005859375,836.63037109375
300,player,21,0,938.7689208984375,635.50830078125,612.23876953125,1057.556884765625
300,player,43,1,449.2296142578125,378.117431640625,426.285400390625,370.506103515625
300,player,24,0,895.292724609375,523.7626953125,661.5684814453125,850.563720703125
300,player,16,0,564.4548950195312,331.896240234375,569.9730224609375,270.010498046875
300,player,56,-1,505.257568359375,518.2462158203125,377.57574462890625,730.8931884765625
300,player,41,0,786.1094970703125,597.017822265625,509.7095947265625,959.818359375
300,ball,-1,-1,500.033203125,425.78717041015625,362.17449951171875,444.8723449707031
301,player,21,0,932.2086181640625,636.0486450195312,607.4741821289062,1059.447021484375
301,player,53,0,686.785888671875,548.592529296875,485.5660400390625,838.270751953125
301,player,43,1,453.322265625,378.061767578125,429.0496826171875,371.13458251953125
301,player,24,0,894.6644287109375,522.6345825195312,662.3790893554688,848.0565185546875
301,player,16,0,564.9364624023438,331.42205810546875,570.5194702148438,270.17864990234375
301,player,56,-1,511.22772216796875,517.3900756835938,379.32208251953125,730.805419921875
301,player,36,0,397.11590576171875,336.2535095214844,399.7244567871094,231.94493103027344
302,player,21,0,934.9017333984375,635.6907348632812,605.10791015625,1060.692626953125
302,player,43,1,455.9015808105469,380.3232421875,430.99932861328125,374.02996826171875
302,player,53,0,690.727294921875,546.6866455078125,488.83001708984375,838.361328125
302,player,16,0,565.38232421875,331.054931640625,571.1368408203125,269.945556640625
302,player,24,0,894.3011474609375,520.7040405273438,663.4058227539062,845.0123291015625
302,player,55,-1,523.4636840820312,519.126953125,384.1562194824219,744.2437744140625
302,player,41,0,795.1045532226562,595.0157470703125,518.4095458984375,958.9868774414062
302,player,36,0,390.033447265625,336.8331298828125,403.8308410644531,231.8857421875
302,ball,-1,-1,520.553466796875,479.8155517578125,366.3546142578125,461.2646179199219
303,player,21,0,933.058349609375,635.513916015625,603.1800537109375,1061.2423095703125
303,player,43,1,457.773193359375,380.8372497558594,432.68218994140625,376.611328125
303,player,53,0,697.0509033203125,547.7968139648438,492.28143310546875,839.7708740234375
303,player,16,0,566.882568359375,328.98193359375,572.7039184570312,267.74249267578125
303,player,24,0,893.8064575195312,517.0619506835938,665.0706176757812,840.369873046875
303,player,55,-1,529.8743286132812,517.064208984375,388.5376892089844,740.9741821289062
303,player,36,0,400.52972412109375,338.2276916503906,409.36614990234375,234.499755859375
303,player,57,-1,917.47705078125,528.957763671875,675.21240234375,862.2407836914062
303,ball,-1,-1,520.6688232421875,473.3688659667969,370.5631408691406,475.1581115722656
304,player,43,1,464.45672607421875,388.19921875,433.7615966796875,386.11944580078125
304,player,21,0,928.8843994140625,634.926513671875,601.0928955078125,1060.900634765625
304,player,53,0,699.21630859375,548.2089233398438,494.97161865234375,841.17138671875
304,player,16,0,569.1904296875,327.980712890625,574.7830810546875,265.4927062988281
304,player,44,1,491.4004821777344,536.9453125,362.3309631347656,749.2232666015625
304,player,24,0,893.5928955078125,517.56494140625,665.9410400390625,837.6949462890625
304,player,36,0,403.95123291015625,336.71148681640625,414.44561767578125,234.95050048828125
304,player,57,-1,918.678955078125,527.809814453125,675.878662109375,861.5423583984375
304,player,56,-1,522.634033203125,526.6524658203125,381.36688232421875,738.7061767578125
305,player,43,1,471.0333251953125,397.3395690917969,433.9435729980469,401.685546875
305,player,21,0,925.0263671875,633.6580810546875,599.1539306640625,1059.60302734375
305,player,53,0,702.0067749023438,546.9354248046875,497.7508544921875,841.4450073242188
305,player,55,-1,535.016845703125,518.92431640625,392.3045349121094,740.7205810546875
305,player,16,0,572.7913208007812,329.005859375,576.9134521484375,265.531005859375
305,player,36,0,407.4342041015625,336.53497314453125,418.87646484375,235.43814086914062
305,player,24,0,894.7584838867188,521.0161743164062,665.7439575195312,838.5433959960938
305,player,54,-1,504.9281311035156,279.0105285644531,562.2691650390625,95.38153839111328
305,player,41,0,801.683349609375,599.7928466796875,524.4675903320312,962.05712890625
305,ball,-1,-1,533.48779296875,415.73504638671875,378.6505126953125,476.9442443847656
306,player,57,-1,920.426513671875,634.2020874023438,646.5332641601562,929.9525146484375
306,player,43,1,473.548583984375,398.8450927734375,434.39410400390625,413.48187255859375
306,player,36,0,410.32501220703125,335.6189880371094,422.91070556640625,235.08999633789062
306,player,55,-1,539.882568359375,523.8259887695312,394.90692138671875,744.65478515625
306,player,53,0,703.813720703125,549.09912109375,499.47039794921875,843.2970581054688
306,player,16,0,573.9675903320312,330.9543762207031,578.0055541992188,267.7701721191406
306,player,54,-1,504.32568359375,278.2909851074219,564.3406372070312,89.51691436767578
306,ball,-1,-1,830.030029296875,490.77532958984375,378.6505126953125,476.9442443847656
307,player,57,-1,920.866455078125,632.9501342773438,627.8890380859375,973.7156982421875
307,player,43,1,477.09033203125,390.76397705078125,437.89385986328125,413.863525390625
307,player,53,0,706.78125,546.7647705078125,501.93304443359375,843.140869140625
307,player,36,0,413.22369384765625,337.648681640625,425.85980224609375,237.36093139648438
307,player,55,-1,544.8674926757812,527.9610595703125,396.954833984375,750.7240600585938
307,player,16,0,576.5922241210938,329.953125,579.8743286132812,268.44775390625
307,player,59,-1,487.7740478515625,288.4840087890625,542.5690307617188,107.82157135009766
307,ball,-1,-1,556.5316162109375,412.3146667480469,387.8198547363281,478.4178771972656
308,player,43,1,480.8830871582031,391.3897705078125,441.1114501953125,415.10479736328125
308,player,53,0,708.024658203125,547.048095703125,503.77813720703125,843.350341796875
308,player,21,0,921.3698120117188,633.8427734375,596.9791259765625,1058.559326171875
308,player,16,0,576.920654296875,330.65447998046875,580.9534301757812,269.6738586425781
308,player,36,0,415.32958984375,337.1087951660156,428.5814208984375,238.49099731445312
308,player,44,1,511.6455078125,536.5514526367188,365.3321228027344,756.9201049804688
308,player,55,1,542.2516479492188,530.6160278320312,397.0133972167969,756.37548828125
308,player,59,-1,489.8870544433594,289.8067932128906,542.8094482421875,109.62472534179688
308,ball,-1,-1,534.578857421875,447.0389404296875,392.6925048828125,486.2452392578125
309,player,36,0,419.76849365234375,338.3912353515625,431.3621826171875,241.08639526367188
309,player,53,0,708.7691650390625,545.1345825195312,505.6539306640625,842.2147827148438
309,player,43,1,484.59014892578125,392.30999755859375,444.0390625,417.1746826171875
309,player,21,0,919.0413818359375,634.6499633789062,594.80419921875,1058.1610107421875
309,player,16,0,577.9473876953125,330.0083312988281,582.1950073242188,269.8947448730469
309,player,55,1,544.436767578125,533.7927856445312,396.9034118652344,762.5682373046875
309,player,24,0,891.2008056640625,504.572021484375,669.8197021484375,826.813720703125
309,player,56,-1,552.3763427734375,466.6993713378906,404.8118896484375,700.0213623046875
309,player,59,-1,492.24395751953125,288.1715087890625,544.29150390625,109.14378356933594
309,player,41,0,814.681884765625,629.671875,524.1671142578125,983.6226806640625
309,ball,-1,-1,536.0858154296875,444.11151123046875,397.4448547363281,492.9093017578125
310,player,36,0,423.7261962890625,337.652587890625,434.60479736328125,242.41998291015625
310,player,43,1,490.2637023925781,389.67779541015625,448.3287048339844,416.6041259765625
310,player,53,0,710.110595703125,545.409423828125,507.1448669433594,841.791259765625
310,player,44,1,522.3646240234375,534.80517578125,370.41314697265625,761.6346435546875
310,player,21,0,915.6361083984375,633.7255859375,592.8239135742188,1057.0675048828125
310,player,16,0,578.3121337890625,331.1028137207031,582.743896484375,271.2471618652344
310,player,41,0,814.5631713867188,627.3842163085938,524.497802734375,996.2496337890625
310,player,24,0,890.6922607421875,499.24603271484375,674.02783203125,815.1954956054688
310,player,59,-1,494.61724853515625,375.2596435546875,518.8242797851562,202.87301635742188
310,ball,-1,-1,542.3218994140625,443.66339111328125,402.2413330078125,499.0942077636719
311,player,53,0,711.9879150390625,546.8642578125,508.22088623046875,842.7044677734375
311,player,36,0,426.052734375,337.9364318847656,437.3519592285156,243.84649658203125
311,player,43,1,494.55682373046875,390.41729736328125,452.1737060546875,417.3880615234375
311,player,44,1,534.326171875,535.908203125,376.54608154296875,766.59716796875
311,player,57,-1,910.92138671875,630.8770141601562,613.949951171875,1000.0884399414062
311,player,16,0,578.8641967773438,332.8456726074219,582.6818237304688,274.04229736328125
311,player,41,0,821.2510986328125,620.2686767578125,528.0509033203125,1000.7021484375
311,player,24,0,890.261474609375,517.9751586914062,670.7666015625,821.3168334960938
311,ball,-1,-1,549.661376953125,437.382568359375,407.5035400390625,503.7156066894531
312,player,53,0,712.3446044921875,547.5305786132812,508.8411865234375,843.795654296875
312,player,36,0,427.7171325683594,339.7603759765625,439.1321105957031,246.90155029296875
312,player,16,0,579.6502685546875,332.64801025390625,582.9532470703125,275.7362060546875
312,player,43,1,500.7630920410156,389.88177490234375,456.6444091796875,418.0359802246094
312,player,55,1,565.4468383789062,536.2048950195312,401.6866455078125,770.2694091796875
312,player,57,-1,901.7374267578125,627.6717529296875,603.5375366210938,1014.538330078125
312,player,24,0,890.3018798828125,525.1130981445312,666.4660034179688,830.4080810546875
312,player,21,0,892.3030395507812,620.5526123046875,589.40283203125,1046.4827880859375
312,ball,-1,-1,566.3980712890625,395.2228698730469,416.1451416015625,499.6773681640625
313,player,16,0,580.402099609375,332.6340637207031,583.3685913085938,276.90576171875
313,player,53,0,711.91943359375,548.2680053710938,508.9486389160156,844.980712890625
313,player,36,0,430.43499755859375,340.69476318359375,440.8622131347656,250.17916870117188
313,player,24,0,888.8450927734375,526.8558349609375,662.762451171875,837.42041015625
313,player,43,1,502.8253173828125,386.0491638183594,461.2308044433594,415.0040283203125
313,player,55,1,569.84912109375,536.4345092773438,405.873291015625,775.84423828125
313,player,59,-1,502.7643737792969,337.8668212890625,515.8705444335938,226.51844787597656
313,ball,-1,-1,900.5211181640625,405.3784484863281,416.1451416015625,499.6773681640625
314,player,36,0,431.33868408203125,338.06689453125,443.0184326171875,249.61151123046875
314,player,24,0,887.2003173828125,525.85009765625,660.234619140625,841.1124267578125
314,player,16,0,580.9948120117188,331.73626708984375,584.128173828125,276.77685546875
314,player,53,0,711.2064208984375,547.532470703125,509.0243225097656,845.1732177734375
314,player,43,1,504.0896301269531,386.75677490234375,464.38555908203125,413.8453369140625
314,player,44,1,563.2452392578125,536.7857055664062,387.75775146484375,773.1064453125
314,player,59,-1,502.30682373046875,297.21563720703125,526.9783325195312,196.8486328125
314,player,41,0,833.9423828125,572.681884765625,545.73193359375,974.4840087890625
314,ball,-1,-1,585.3004150390625,396.936767578125,425.2409362792969,496.7777404785156
315,player,36,0,435.9771728515625,338.1531982421875,445.8310546875,249.8455047607422
315,player,24,0,886.97265625,534.3043212890625,655.9818115234375,849.454833984375
315,player,16,0,580.9472045898438,330.7583312988281,584.9398803710938,275.64569091796875
315,player,53,0,711.3349609375,546.501708984375,509.3687744140625,844.5899658203125
315,player,43,1,508.42291259765625,385.97503662109375,467.93426513671875,412.796630859375
315,player,55,1,590.015869140625,534.9541015625,414.1144714355469,780.24609375
315,ball,-1,-1,578.3244018554688,428.35498046875,431.0738525390625,500.4435119628906
316,player,36,0,439.9698181152344,338.0123291015625,448.9360656738281,250.287109375
316,player,16,0,580.7376098632812,334.42919921875,584.156494140625,278.7879333496094
316,player,53,0,711.537109375,546.5130004882812,509.6412353515625,844.2371826171875
316,player,24,0,883.4485473632812,532.68701171875,652.79443359375,853.4193115234375
316,player,55,1,595.346435546875,535.9887084960938,420.598876953125,784.3426513671875
316,player,43,1,510.55987548828125,385.73992919921875,470.9378967285156,412.11358642578125
317,player,16,0,581.798095703125,352.1484375,578.0906982421875,299.36114501953125
317,player,55,1,599.4466552734375,536.3739624023438,425.7760009765625,787.6585693359375
317,player,36,0,444.20147705078125,337.34832763671875,452.4581298828125,250.3319091796875
317,player,53,0,711.8308715820312,545.9073486328125,510.0476379394531,843.61083984375
317,player,24,0,885.8980102539062,533.1728515625,651.2081298828125,856.5624389648438
317,player,43,1,511.79730224609375,387.4201965332031,472.7784729003906,413.41094970703125
317,ball,-1,-1,871.063720703125,380.0984191894531,431.0738525390625,500.4435119628906
318,player,16,0,582.4336547851562,341.69677734375,577.7899169921875,302.0242614746094
318,player,24,0,885.7493896484375,538.5491943359375,648.5343017578125,862.3469848632812
318,player,43,1,517.3681030273438,391.4508056640625,474.4715576171875,418.6796875
318,player,55,1,603.5473022460938,536.1181640625,430.2538146972656,790.0053100585938
318,player,36,0,446.3971862792969,336.58135986328125,455.65228271484375,249.78378295898438
318,player,53,0,711.60986328125,545.82470703125,510.276611328125,843.1258544921875
318,ball,-1,-1,870.4467163085938,380.9224548339844,431.0738525390625,500.4435119628906
319,player,43,1,519.992431640625,392.4227294921875,476.066650390625,423.2999267578125
319,player,24,0,885.1905517578125,531.6609497070312,648.71044921875,861.238037109375
319,player,36,0,447.4504089355469,334.9544677734375,458.5330505371094,247.8017578125
319,player,16,0,584.437255859375,353.4097595214844,574.3461303710938,316.0363464355469
319,player,55,1,606.3075561523438,536.2285766601562,433.846923828125,791.863037109375
319,player,53,0,711.6004638671875,546.1419067382812,510.34210205078125,843.03173828125
319,ball,-1,-1,869.656982421875,380.4229736328125,431.0738525390625,500.4435119628906
320,player,43,1,522.6881103515625,398.2608947753906,476.2467956542969,432.08074951171875
320,player,24,0,884.112548828125,537.6751708984375,646.7506103515625,864.628173828125
320,player,36,0,449.20904541015625,331.556640625,461.957275390625,243.05116271972656
320,player,55,1,608.0576171875,536.7308349609375,436.51287841796875,793.5921630859375
320,player,16,0,584.6126708984375,352.19354248046875,572.558349609375,323.92437744140625
320,player,53,0,712.33642578125,545.5301513671875,510.72833251953125,842.6091918945312
321,player,24,0,884.3687133789062,535.66455078125,646.1409912109375,865.45263671875
321,player,43,1,525.204833984375,391.2908935546875,479.07037353515625,431.4819641113281
321,player,55,1,608.079345703125,537.0020751953125,438.187255859375,794.9130859375
321,player,16,0,585.8343505859375,344.7215881347656,574.234375,321.5059509277344
321,player,53,0,712.3619384765625,546.1873168945312,510.8179931640625,842.7968139648438
321,player,36,0,450.90753173828125,328.523193359375,465.617919921875,236.86566162109375
321,ball,-1,-1,614.114501953125,413.3336181640625,439.7635498046875,501.5948791503906
322,player,55,1,609.6072998046875,537.6930541992188,439.504150390625,796.4078369140625
322,player,24,0,884.8307495117188,540.3894653320312,644.459716796875,869.319091796875
322,player,43,1,529.4300537109375,393.5814208984375,481.4911193847656,433.701416015625
322,player,16,0,586.45068359375,351.47430419921875,573.282470703125,326.94537353515625
322,player,53,0,714.0944213867188,547.232666015625,511.0502624511719,843.8065795898438
322,player,36,0,452.5142517089844,328.27935791015625,468.57293701171875,232.75881958007812
322,player,41,0,861.5203247070312,572.2424926757812,564.2127685546875,959.6046142578125
322,ball,-1,-1,615.4526977539062,412.480224609375,447.90411376953125,502.50970458984375
323,player,16,0,588.2138061523438,367.54852294921875,568.0057373046875,346.817626953125
323,player,43,1,534.7362060546875,399.29498291015625,482.9900817871094,441.0577697753906
323,player,36,0,455.0201721191406,327.65142822265625,471.4666442871094,229.68531799316406
323,player,24,0,884.8590698242188,531.8148193359375,645.9302978515625,865.84765625
323,player,55,1,609.4996948242188,538.5126953125,440.1390075683594,797.95751953125
323,player,53,0,716.5169677734375,547.599853515625,511.7235107421875,844.93896484375
323,player,41,0,876.2469482421875,563.027587890625,582.4805297851562,945.13916015625
323,ball,-1,-1,600.2689208984375,402.96966552734375,455.04168701171875,501.014892578125
324,player,43,1,538.2418212890625,396.64459228515625,485.7403869628906,443.7245788574219
324,player,36,0,459.73486328125,328.9920654296875,474.41778564453125,229.66860961914062
324,player,16,0,590.6047973632812,348.2193603515625,571.57861328125,340.5159606933594
324,player,53,0,716.173095703125,548.2945556640625,511.89630126953125,846.128173828125
324,player,24,0,885.868896484375,543.6790771484375,643.6170654296875,871.9439697265625
324,player,55,1,609.9130249023438,539.0392456054688,440.5333251953125,799.3797607421875
324,player,60,-1,826.4617919921875,628.4410400390625,532.46630859375,1024.412353515625
324,ball,-1,-1,620.3095092773438,402.599609375,462.96307373046875,500.03533935546875
325,player,43,1,540.52978515625,398.072265625,487.7874450683594,447.03204345703125
325,player,36,0,463.55572509765625,328.48394775390625,477.68450927734375,229.53138732910156
325,player,55,1,608.0986328125,537.2628784179688,440.7438659667969,798.8641357421875
325,player,53,0,717.2225341796875,548.3823852539062,512.2528686523438,847.0574340820312
325,player,16,0,591.74853515625,344.4893493652344,575.4945068359375,332.6974182128906
325,player,60,-1,821.8638916015625,627.4216918945312,531.6212158203125,1023.4063720703125
325,player,24,0,881.7064208984375,571.6536865234375,633.0315551757812,894.36181640625
325,ball,-1,-1,619.5219116210938,400.2482604980469,470.3630676269531,498.6207580566406
326,player,43,1,544.3214721679688,397.314697265625,490.4405212402344,448.8671875
326,player,55,1,611.60302734375,537.8964233398438,441.62945556640625,799.304443359375
326,player,53,0,718.673828125,548.68896484375,512.7750244140625,848.0065307617188
326,player,36,0,467.70465087890625,328.81719970703125,481.00384521484375,230.26513671875
326,player,16,0,590.1788330078125,343.323486328125,577.9467163085938,326.2347106933594
326,player,60,-1,822.727294921875,622.9404296875,532.3759155273438,1020.1092529296875
326,player,24,0,889.0552368164062,579.02734375,625.9198608398438,914.4015502929688
326,ball,-1,-1,622.751708984375,396.49072265625,477.6512451171875,496.60064697265625
327,player,43,1,549.73974609375,395.34027099609375,494.3165283203125,448.77301025390625
327,player,55,1,623.1583251953125,539.1229248046875,444.8739318847656,801.525390625
327,player,36,0,471.829833984375,328.27874755859375,484.61602783203125,230.61705017089844
327,player,16,0,592.2131958007812,341.592041015625,580.749267578125,320.45672607421875
327,player,53,0,720.1055908203125,547.931884765625,513.6719970703125,848.2260131835938
327,player,24,0,890.724365234375,579.1649780273438,621.6724243164062,927.664306640625
327,player,61,-1,481.7972412109375,329.1009521484375,499.50592041015625,236.98313903808594
327,ball,-1,-1,624.32373046875,396.7508544921875,484.44281005859375,494.834716796875
328,player,43,1,553.5322265625,393.81097412109375,498.38983154296875,447.6693420410156
328,player,55,1,620.4655151367188,538.0488891601562,446.54931640625,801.9541015625
328,player,36,0,474.48736572265625,327.94000244140625,487.8994140625,230.77398681640625
328,player,24,0,893.518798828125,580.08203125,619.34814453125,937.1263427734375
328,player,53,0,722.4874267578125,548.2525634765625,514.7781982421875,848.80810546875
328,player,16,0,590.7626342773438,343.15570068359375,581.598388671875,318.1680603027344
328,ball,-1,-1,633.470703125,396.7330322265625,491.3026428222656,493.42364501953125
329,player,43,1,553.7216186523438,394.95849609375,500.7583923339844,448.05047607421875
329,player,24,0,896.7298583984375,580.849609375,618.4180297851562,944.056884765625
329,player,53,0,722.7020874023438,547.7848510742188,515.671875,848.880126953125
329,player,16,0,594.182861328125,338.57861328125,584.7504272460938,312.28173828125
329,player,55,1,628.5888061523438,538.2333374023438,449.67596435546875,803.1077880859375
329,player,36,0,478.8924560546875,329.5084228515625,490.92822265625,233.06497192382812
329,ball,-1,-1,639.876708984375,394.92987060546875,498.171142578125,491.8948974609375
330,player,43,1,555.4019775390625,390.7939453125,504.0089416503906,444.547119140625
330,player,24,0,899.98583984375,582.9156494140625,618.04248046875,950.1819458007812
330,player,16,0,593.934326171875,345.78167724609375,584.2960815429688,315.9204406738281
330,player,53,0,717.503173828125,546.7667236328125,515.191650390625,847.7448120117188
330,player,36,0,484.0021057128906,328.83624267578125,494.7016296386719,234.39508056640625
330,player,55,1,632.7926025390625,538.9127197265625,452.62176513671875,804.7277221679688
330,player,41,0,874.1019287109375,493.45733642578125,614.6903076171875,886.1971435546875
330,ball,-1,-1,639.5547485351562,394.9820556640625,504.4648742675781,490.49188232421875
331,player,43,1,558.2471923828125,390.472900390625,507.0517578125,442.26348876953125
331,player,24,0,904.5342407226562,581.2979736328125,619.3740844726562,953.5216064453125
331,player,16,0,593.9537353515625,343.08251953125,584.9116821289062,315.49334716796875
331,player,36,0,486.38385009765625,328.869384765625,497.888671875,235.56039428710938
331,player,41,0,873.3489990234375,495.26922607421875,634.8494873046875,849.1764526367188
331,player,55,1,636.12060546875,542.36083984375,454.5580749511719,808.5402221679688
331,player,53,0,671.3282470703125,546.33056640625,503.2384033203125,842.5079345703125
331,player,21,0,895.891845703125,553.8392944335938,606.4443969726562,997.2030029296875
331,ball,-1,-1,645.1319580078125,391.4410705566406,510.8857727050781,488.5787353515625
332,player,43,1,563.5224609375,392.18157958984375,510.0727233886719,442.945068359375
332,player,24,0,910.78515625,581.125732421875,621.833740234375,956.1331787109375
332,player,16,0,595.2427978515625,344.4229431152344,585.2584228515625,316.74652099609375
332,player,36,0,487.9029235839844,328.1656494140625,500.65447998046875,235.72503662109375
332,player,41,0,871.674560546875,490.80926513671875,648.92724609375,821.589599609375
332,player,55,1,635.7528076171875,544.1912231445312,455.28387451171875,812.2824096679688
332,player,60,-1,798.9593505859375,636.6836547851562,523.9060668945312,1024.2298583984375
332,player,62,-1,590.2422485351562,343.15814208984375,582.7149658203125,313.7619323730469
332,player,53,0,678.2550659179688,549.5947265625,496.4251708984375,842.0179443359375
332,ball,-1,-1,649.4244995117188,389.8580322265625,517.197265625,486.5820007324219
333,player,24,0,916.714111328125,584.947021484375,623.8216552734375,960.8096923828125
333,player,43,1,567.68408203125,401.1789245605469,510.60919189453125,452.2303466796875
333,player,36,0,490.4622802734375,327.30322265625,503.52294921875,235.18206787109375
333,player,16,0,595.6341552734375,338.47802734375,587.6129150390625,311.4122314453125
333,player,41,0,871.4017333984375,489.2020263671875,658.519287109375,802.4130859375
333,player,55,1,639.7734375,543.453369140625,456.9581298828125,814.5582275390625
333,player,60,-1,785.8839111328125,642.3804931640625,513.9855346679688,1029.19384765625
333,ball,-1,-1,650.4699096679688,389.46453857421875,523.1030883789062,484.6855773925781
334,player,24,0,924.1085205078125,586.626220703125,626.4629516601562,965.573486328125
334,player,16,0,596.8173828125,340.0538330078125,588.9742431640625,309.7237243652344
334,player,43,1,570.3600463867188,397.1756896972656,512.91064453125,454.82122802734375
334,player,36,0,491.7774353027344,325.262451171875,506.4408874511719,232.757080078125
334,player,41,0,871.322265625,487.6910400390625,665.2177734375,788.7914428710938
334,player,53,0,674.3367919921875,549.1802368164062,491.10394287109375,841.054931640625
334,ball,-1,-1,856.3751220703125,376.06549072265625,543.5669555664062,485.0198974609375
335,player,24,0,930.3162841796875,587.8375854492188,629.3656005859375,969.9874267578125
335,player,16,0,597.2835693359375,342.68035888671875,589.1142578125,311.41302490234375
335,player,43,1,570.3682861328125,397.9078369140625,514.193359375,457.18896484375
335,player,53,0,672.9140625,546.85498046875,487.855712890625,838.671630859375
335,player,41,0,872.4509887695312,491.8778076171875,668.53271484375,783.2218017578125
335,player,36,0,493.9905700683594,325.35430908203125,509.0030822753906,231.52793884277344
335,ball,-1,-1,858.351806640625,425.57720947265625,558.2860107421875,495.542724609375
336,player,16,0,597.3231201171875,344.5830993652344,588.576416015625,314.4878234863281
336,player,43,1,574.433349609375,396.35504150390625,516.6716918945312,457.70135498046875
336,player,24,0,936.6470336914062,589.83544921875,632.243408203125,974.6810302734375
336,player,53,0,665.5198974609375,547.4257202148438,483.72369384765625,836.851806640625
336,player,41,0,869.483642578125,485.84552001953125,671.826904296875,774.7330322265625
336,player,36,0,497.5482482910156,324.1595153808594,512.1640625,229.82383728027344
336,ball,-1,-1,661.7219848632812,386.153564453125,561.9083862304688,492.4863586425781
337,player,16,0,597.900390625,345.38226318359375,588.1357421875,317.3757019042969
337,player,24,0,943.6309814453125,587.3616333007812,636.5333251953125,976.77392578125
337,player,43,1,573.1309204101562,395.1331481933594,518.264404296875,456.7557373046875
337,player,53,0,657.62744140625,548.3531494140625,478.8060302734375,835.603515625
337,player,41,0,869.8975830078125,490.098876953125,672.71435546875,772.4934692382812
337,player,60,-1,769.35546875,639.9219970703125,504.21246337890625,1029.5699462890625
337,ball,-1,-1,677.6344604492188,391.2996826171875,565.9247436523438,491.1598815917969
338,player,24,0,946.711181640625,590.9539794921875,639.0553588867188,980.6822509765625
338,player,16,0,598.7906494140625,343.64471435546875,588.7081298828125,317.5526123046875
338,player,43,1,569.3240966796875,395.5257568359375,518.0708618164062,456.1125793457031
338,player,41,0,872.403564453125,525.8572387695312,662.86572265625,797.5465087890625
338,player,53,0,661.8329467773438,549.4967041015625,476.39996337890625,835.9739990234375
338,player,36,0,506.7940673828125,315.9549560546875,519.77880859375,220.72625732421875
339,player,24,0,949.793212890625,593.0611572265625,640.8514404296875,984.8217163085938
339,player,41,0,872.1884765625,525.4630126953125,656.52685546875,813.5304565429688
339,player,16,0,599.672119140625,343.4561767578125,589.415283203125,317.5687561035156
339,player,43,1,569.8050537109375,396.7419738769531,517.7265625,456.8820495605469
339,player,53,0,665.5974731445312,548.13720703125,476.1232604980469,835.604248046875
339,player,64,-1,612.7225341796875,375.5173645019531,571.8978271484375,413.4722595214844
340,player,41,0,872.0020141601562,524.7424926757812,652.5750732421875,823.3892822265625
340,player,24,0,951.8428955078125,592.3785400390625,642.7150268554688,987.2616577148438
340,player,43,1,571.907958984375,401.05352783203125,516.8483276367188,461.61041259765625
340,player,64,-1,613.0501098632812,373.83575439453125,572.53515625,411.87347412109375
340,player,53,0,657.1795654296875,548.0364990234375,473.8287353515625,834.5299072265625
340,player,16,0,598.6098022460938,345.7156982421875,588.787109375,319.8001403808594
340,player,60,-1,747.0826416015625,673.3408203125,485.2769470214844,1047.3797607421875
340,ball,-1,-1,695.473876953125,390.72705078125,570.8604736328125,490.2437744140625
341,player,41,0,872.0443115234375,522.8150024414062,650.5988159179688,828.4244384765625
341,player,43,1,575.966552734375,412.4591064453125,514.1400146484375,475.5451965332031
341,player,24,0,953.0064697265625,594.1661376953125,643.7029418945312,990.07421875
341,player,53,0,665.8372802734375,548.2799682617188,474.47802734375,834.787353515625
341,player,16,0,602.5079345703125,347.6107177734375,588.9390869140625,323.6278381347656
341,player,63,-1,712.5652465820312,539.447998046875,516.0777587890625,829.6515502929688
341,player,65,-1,520.0314331054688,313.9233093261719,547.833984375,201.64964294433594
341,ball,-1,-1,852.38671875,427.67388916015625,582.8386840820312,500.620361328125
342,player,41,0,871.6836547851562,522.0905151367188,649.4395141601562,831.1451416015625
342,player,43,1,579.3564453125,415.929931640625,512.3557739257812,488.08056640625
342,player,53,0,669.0645141601562,550.971435546875,475.0622253417969,837.1278686523438
342,player,24,0,957.3907470703125,592.254638671875,645.9633178710938,991.0831298828125
342,player,16,0,603.9869384765625,346.35443115234375,589.9144897460938,324.9848937988281
342,player,63,-1,724.4490966796875,541.8594360351562,518.4927368164062,832.43798828125
342,ball,-1,-1,852.32080078125,427.65313720703125,593.8560791015625,510.1612243652344
343,player,43,1,583.0069580078125,408.7089538574219,514.3333740234375,490.066650390625
343,player,41,0,869.6910400390625,520.552001953125,648.633056640625,831.6245727539062
343,player,24,0,963.0823364257812,594.0184936523438,648.3218994140625,993.3458251953125
343,player,53,0,667.6992797851562,546.7369384765625,476.13092041015625,835.562744140625
343,player,16,0,604.283935546875,344.23651123046875,591.35546875,323.713134765625
343,player,63,-1,727.45703125,534.7471923828125,522.6954345703125,829.489013671875
343,ball,-1,-1,852.3927001953125,428.2275390625,603.9502563476562,519.0524291992188
344,player,43,1,585.0327758789062,405.73089599609375,517.0760498046875,488.8446960449219
344,player,41,0,868.8220825195312,518.0037841796875,648.6553955078125,830.0200805664062
344,player,24,0,967.8267211914062,591.355224609375,651.7822875976562,993.5565185546875
344,player,16,0,605.5560302734375,342.8695983886719,593.1478271484375,321.60986328125
344,player,53,0,668.6593017578125,541.3568725585938,478.3969421386719,830.83740234375
344,player,63,-1,705.9365234375,535.3240966796875,519.7449951171875,826.0095825195312
345,player,41,0,865.53857421875,515.7421875,648.5000610351562,827.0350341796875
345,player,43,1,586.2467041015625,406.82843017578125,518.8873901367188,489.1800537109375
345,player,16,0,606.0728759765625,343.23016357421875,594.3495483398438,320.67327880859375
345,player,24,0,974.1173095703125,590.2853393554688,655.8844604492188,993.570068359375
345,player,53,0,682.7713623046875,551.1046142578125,481.05145263671875,835.8932495117188
345,player,63,-1,715.693115234375,532.5628051757812,521.0563354492188,822.670654296875
345,player,65,-1,529.2896728515625,314.3612060546875,550.6282958984375,203.1820831298828
346,player,41,0,863.6396484375,514.8530883789062,648.1729736328125,824.2722778320312
346,player,24,0,981.0654907226562,590.1594848632812,660.2931518554688,994.1084594726562
346,player,43,1,589.1248779296875,406.215087890625,521.0772705078125,489.13336181640625
346,player,16,0,607.6219482421875,343.7232666015625,595.4401245117188,320.7450866699219
346,player,63,-1,710.9833984375,531.6041259765625,520.946044921875,819.3803100585938
346,player,53,0,683.0429077148438,551.075439453125,482.8529052734375,839.1837768554688
346,player,65,-1,531.9708251953125,320.73822021484375,551.1671752929688,211.5127716064453
346,ball,-1,-1,739.1758422851562,425.38775634765625,606.1160278320312,524.05859375
347,player,41,0,864.2015380859375,514.1812744140625,648.3121948242188,822.040771484375
347,player,24,0,984.6979370117188,590.8753051757812,663.8414306640625,995.2276611328125
347,player,43,1,592.5645751953125,406.4229736328125,523.4339599609375,489.6474609375
347,player,63,-1,716.1231689453125,530.2649536132812,522.551513671875,816.7530517578125
347,player,16,0,609.173828125,344.78802490234375,596.2646484375,322.0627136230469
347,player,65,-1,535.873779296875,323.0931091308594,551.9664916992188,219.93716430664062
347,player,53,0,683.36865234375,544.71337890625,485.685791015625,836.9007568359375
347,player,60,0,708.424560546875,654.4105224609375,468.0703125,1044.8511962890625
347,ball,-1,-1,738.33984375,427.9888916015625,607.8617553710938,529.1595458984375
348,player,41,0,864.970703125,513.2377319335938,648.8922729492188,819.9755249023438
348,player,24,0,989.1622314453125,590.111572265625,667.467041015625,995.865478515625
348,player,43,1,593.1650390625,407.177490234375,524.9163208007812,490.73284912109375
348,player,16,0,610.2364501953125,343.4566955566406,597.5809936523438,321.6587219238281
348,player,60,0,706.355224609375,657.9641723632812,455.6500244140625,1045.113037109375
348,player,63,0,719.2110595703125,532.9473876953125,523.6856689453125,817.2523193359375
348,player,65,-1,537.609130859375,323.11376953125,553.025146484375,225.6297149658203
348,ball,-1,-1,741.8321533203125,429.24725341796875,609.6009521484375,534.180908203125
349,player,41,0,864.7127075195312,513.1298217773438,649.2346801757812,818.5303955078125
349,player,24,0,992.6414184570312,592.1673583984375,670.074462890625,997.8773193359375
349,player,43,1,594.69140625,407.06939697265625,526.3528442382812,491.49676513671875
349,player,60,0,703.4759521484375,647.1907958984375,449.200927734375,1038.707763671875
349,player,63,0,727.579833984375,530.5376586914062,527.216796875,816.62060546875
349,player,16,0,611.28271484375,342.487060546875,599.09033203125,320.50579833984375
349,ball,-1,-1,744.9795532226562,428.3964538574219,611.4675903320312,538.70556640625
350,player,24,0,995.8824462890625,589.8008422851562,673.260009765625,997.981201171875
350,player,41,0,864.794189453125,511.6904296875,649.9191284179688,816.548828125
350,player,43,1,599.931884765625,408.28399658203125,528.4400634765625,493.6396789550781
350,player,63,0,728.142578125,530.2146606445312,529.7431640625,816.030029296875
350,player,60,0,698.6815795898438,640.0617065429688,445.41827392578125,1029.8883056640625
350,player,16,0,612.0347900390625,338.8892822265625,601.5398559570312,316.09246826171875
350,player,53,0,684.109375,535.65625,489.995849609375,829.0633544921875
350,ball,-1,-1,753.9930419921875,428.44451904296875,613.7647705078125,543.0856323242188
351,player,24,0,998.2730712890625,588.4205932617188,676.3257446289062,997.3883666992188
351,player,41,0,862.0106811523438,511.83282470703125,649.5899658203125,815.104248046875
351,player,63,0,725.4991455078125,529.3525390625,530.931884765625,814.7832641601562
351,player,43,1,601.9144287109375,409.20721435546875,530.0947875976562,496.0758972167969
351,player,60,0,695.5555419921875,640.3599243164062,442.1588134765625,1024.071533203125
351,player,16,0,612.037353515625,335.50543212890625,604.3043212890625,309.6747131347656
351,ball,-1,-1,756.60400390625,429.3812561035156,615.9771118164062,547.3596801757812
352,player,41,0,862.3974609375,509.88702392578125,650.073486328125,812.778076171875
352,player,24,0,1002.2164306640625,593.7752685546875,677.7058715820312,1000.7117919921875
352,player,60,0,685.1947021484375,638.3788452148438,438.02349853515625,1018.2266845703125
352,player,43,1,601.9353637695312,409.6572570800781,531.0429077148438,498.07025146484375
352,player,53,0,718.9017333984375,497.18896484375,512.1370239257812,798.837646484375
352,player,63,0,731.833251953125,528.8392333984375,533.4779663085938,814.1876831054688
352,ball,-1,-1,741.4999389648438,398.93096923828125,619.3511962890625,544.7738037109375
353,player,41,0,862.2662353515625,510.44927978515625,650.180908203125,811.66552734375
353,player,24,0,1006.4067993164062,598.722412109375,678.1751098632812,1006.3172607421875
353,player,43,1,603.17724609375,413.04486083984375,531.0150146484375,502.5587158203125
353,player,53,0,723.0338134765625,507.48193359375,524.7640380859375,787.3460083007812
353,player,66,-1,742.103515625,527.4854736328125,546.8345336914062,813.0054931640625
353,player,60,0,688.5253295898438,636.7713012695312,436.46710205078125,1013.738525390625
353,ball,-1,-1,648.666748046875,521.2012939453125,608.3847045898438,563.2102661132812
354,player,41,0,861.0263671875,510.05242919921875,650.0465698242188,810.5355224609375
354,player,24,0,1011.927734375,600.4968872070312,679.3056640625,1011.5390625
354,player,43,1,603.65673828125,412.40826416015625,531.322509765625,504.950927734375
354,player,53,0,724.80615234375,513.3182373046875,531.8357543945312,784.3815307617188
354,player,60,0,683.2932739257812,633.1000366210938,435.0090637207031,1008.1544799804688
354,player,66,-1,754.5009155273438,527.8453979492188,549.9440307617188,814.40869140625
354,player,67,-1,446.12567138671875,299.47918701171875,493.640380859375,130.79257202148438
354,ball,-1,-1,772.926025390625,412.49267578125,613.3837280273438,562.8849487304688
355,player,24,0,1017.3828125,603.0358276367188,680.6236572265625,1016.9713745117188
355,player,41,0,859.5936279296875,509.9168701171875,649.6241455078125,809.5673828125
355,player,43,1,607.3558349609375,412.7421875,532.48681640625,507.18585205078125
355,player,67,-1,445.29071044921875,299.61968994140625,493.3265380859375,130.85934448242188
355,player,66,-1,760.40185546875,528.8223876953125,553.2238159179688,816.56640625
355,player,53,0,737.572021484375,529.0631103515625,535.4884643554688,795.1165771484375
355,player,60,0,677.671142578125,636.0307006835938,432.10198974609375,1005.82763671875
355,ball,-1,-1,777.8392333984375,411.8901672363281,618.3532104492188,562.5787353515625
356,player,24,0,1024.8651123046875,600.3756103515625,684.08251953125,1019.5140380859375
356,player,41,0,859.995361328125,510.42572021484375,649.2993774414062,809.3485107421875
356,player,67,-1,443.70654296875,301.9718322753906,491.8702392578125,133.4351043701172
356,player,43,1,611.8304443359375,415.01690673828125,533.8544311523438,511.14251708984375
356,player,66,-1,759.2744140625,528.3067016601562,555.2054443359375,817.4950561523438
356,player,60,0,666.6439208984375,635.89404296875,427.6351318359375,1003.30126953125
356,player,69,-1,426.62396240234375,298.86883544921875,476.2084045410156,122.3798599243164
356,ball,-1,-1,780.393798828125,408.6567687988281,623.348876953125,561.69970703125
357,player,24,0,1032.1285400390625,600.37353515625,688.099853515625,1021.7969970703125
357,player,41,0,858.7932739257812,509.707275390625,648.9922485351562,808.567138671875
357,player,43,1,615.4853515625,410.9354248046875,537.0089721679688,510.411865234375
357,player,53,0,754.8936157226562,525.2269897460938,543.3873291015625,800.9312744140625
357,player,67,-1,442.5438232421875,301.76116943359375,490.6157531738281,134.7338104248047
357,player,64,-1,615.6078491210938,349.9058532714844,581.6148681640625,387.25469970703125
357,player,60,0,674.1527099609375,577.1578979492188,439.62982177734375,964.9678955078125
357,ball,-1,-1,780.8927001953125,401.06951904296875,628.5844116210938,559.344482421875
358,player,24,0,1037.3455810546875,600.4009399414062,691.9732055664062,1023.7514038085938
358,player,41,0,858.8615112304688,512.1140747070312,648.0753173828125,809.8267822265625
358,player,63,0,729.8529663085938,523.9646606445312,535.92822265625,810.0964965820312
358,player,43,1,619.3469848632812,410.901611328125,540.1812744140625,510.3023681640625
358,player,60,0,675.2767333984375,575.0745239257812,448.1946716308594,938.7597045898438
358,player,66,-1,765.8394775390625,526.1862182617188,558.7760009765625,817.1808471679688
358,player,64,-1,619.51953125,354.8017578125,587.0595092773438,376.65130615234375
358,player,67,-1,439.70440673828125,303.53253173828125,488.3331298828125,137.28970336914062
358,player,69,-1,428.0299377441406,302.7601318359375,475.45709228515625,127.03842163085938
358,ball,-1,-1,779.7119140625,395.456787109375,633.7767944335938,555.9818725585938
359,player,24,0,1044.3900146484375,601.8369750976562,695.776611328125,1026.51708984375
359,player,41,0,856.4784545898438,510.7130126953125,647.281005859375,809.39794921875
359,player,60,0,673.1008911132812,575.7005615234375,453.0743713378906,921.9500732421875
359,player,43,1,619.0035400390625,412.90179443359375,541.5445556640625,512.0004272460938
359,player,53,0,758.8244018554688,524.488525390625,549.744140625,804.5411376953125
359,player,63,0,730.7001953125,523.3268432617188,537.9127197265625,807.052734375
359,player,64,-1,616.4320678710938,356.4400634765625,589.1102905273438,371.07806396484375
359,player,65,-1,559.8463134765625,333.27752685546875,557.2986450195312,242.74349975585938
359,ball,-1,-1,776.2820434570312,394.376220703125,638.4122924804688,552.5802001953125
360,player,24,0,1049.0694580078125,603.2643432617188,698.9595947265625,1029.5960693359375
360,player,41,0,858.818359375,509.90264892578125,647.6270751953125,808.7448120117188
360,player,60,0,670.7230224609375,575.3319702148438,455.7421875,910.5665283203125
360,player,43,1,618.1234130859375,412.18328857421875,542.392822265625,512.3666381835938
360,player,66,-1,752.554931640625,525.04541015625,557.9676513671875,814.925537109375
360,player,63,0,735.6981201171875,525.593505859375,539.8876953125,807.1792602539062
360,player,65,-1,582.63671875,338.89373779296875,565.275390625,262.3145751953125
360,player,64,-1,626.8593139648438,345.361572265625,597.392578125,357.30584716796875
360,player,53,0,781.668212890625,490.87091064453125,569.52685546875,784.042236328125
360,ball,-1,-1,780.7685546875,377.3811950683594,644.3876342773438,545.9342041015625
361,player,24,0,1053.9638671875,603.576171875,702.1239624023438,1032.2127685546875
361,player,41,0,860.5257568359375,508.5753173828125,648.7080078125,807.50634765625
361,player,60,0,668.760498046875,572.393310546875,457.67816162109375,901.0223388671875
361,player,43,1,615.8057250976562,413.6246643066406,541.8475952148438,513.66552734375
361,player,66,-1,749.271484375,525.01708984375,556.5985717773438,813.1353759765625
361,player,65,0,577.05078125,336.25286865234375,569.615234375,271.6424560546875
361,player,63,0,721.8099365234375,523.9924926757812,537.9996948242188,804.8165283203125
361,player,53,0,786.123046875,481.62261962890625,586.365478515625,764.0128784179688
361,player,69,-1,429.68927001953125,304.3548583984375,475.01019287109375,132.08792114257812
361,player,72,-1,776.2343139648438,498.68121337890625,595.541748046875,761.4529418945312
361,ball,-1,-1,596.2939453125,520.5858154296875,628.338623046875,563.0630493164062
362,player,24,0,1061.513671875,607.33642578125,704.885009765625,1036.8592529296875
362,player,60,0,666.6015014648438,571.8178100585938,458.5341796875,894.2396240234375
362,player,71,-1,870.21630859375,510.05877685546875,656.6925048828125,810.9119873046875
362,player,43,1,618.0264892578125,413.9212646484375,542.0423583984375,515.0035400390625
362,player,66,0,746.4373168945312,526.130859375,554.6705322265625,812.5138549804688
362,player,73,-1,633.283935546875,649.0992431640625,389.1466064453125,1013.2820434570312
362,player,53,0,794.26025390625,490.1849365234375,596.9033203125,758.375
362,player,65,0,578.9600219726562,340.83367919921875,571.49609375,282.7248840332031
362,player,70,-1,646.1430053710938,578.647705078125,441.0909423828125,889.5360717773438
362,player,64,-1,621.9423828125,345.98272705078125,601.0511474609375,348.45550537109375
362,ball,-1,-1,748.9398803710938,435.837158203125,628.4126586914062,566.82373046875
363,player,24,0,1066.479736328125,610.240966796875,707.0115966796875,1042.0677490234375
363,player,41,0,862.7745361328125,507.0205078125,650.4814453125,805.7689208984375
363,player,60,0,664.0651245117188,569.9301147460938,458.9019775390625,888.332275390625
363,player,43,1,621.2304077148438,413.73193359375,543.145263671875,516.03076171875
363,player,65,0,589.0509033203125,341.35955810546875,575.6585083007812,291.5858154296875
363,player,75,-1,572.8973999023438,344.03094482421875,566.625732421875,310.9212951660156
363,player,53,0,797.736328125,492.63116455078125,603.9449462890625,756.9078979492188
363,player,72,-1,763.0125732421875,525.3623657226562,584.4896240234375,779.8985595703125
363,player,63,0,729.6755981445312,527.3448486328125,537.9139404296875,806.4339599609375
363,player,73,-1,626.7433471679688,667.0789794921875,384.0736389160156,1023.3082275390625
363,ball,-1,-1,793.523681640625,376.11968994140625,636.1636962890625,559.0737915039062
364,player,24,0,1069.040771484375,621.5328369140625,705.6614990234375,1052.43212890625
364,player,43,1,623.601806640625,412.38232421875,544.9486694335938,515.726806640625
364,player,60,0,660.0829467773438,569.0592651367188,458.351806640625,883.5489501953125
364,player,41,0,864.4811401367188,507.0316162109375,652.0805053710938,804.8082275390625
364,player,75,-1,572.5264282226562,342.28607177734375,567.0861206054688,309.06524658203125
364,player,72,-1,775.3924560546875,524.59130859375,580.7303466796875,792.4776611328125
364,player,65,0,590.00146484375,337.584228515625,579.9315185546875,293.4991760253906
364,player,73,-1,621.7562255859375,647.4685668945312,383.4779052734375,1017.861572265625
364,player,63,0,748.3588256835938,523.3676147460938,543.7778930664062,806.337646484375
364,player,74,-1,789.2520141601562,488.24658203125,614.3115844726562,742.2944946289062
365,player,24,0,1070.54541015625,621.197509765625,705.2427978515625,1059.0987548828125
365,player,43,1,629.3636474609375,411.34906005859375,548.0902099609375,515.1881713867188
365,player,60,0,652.7778930664062,564.9466552734375,457.1324768066406,876.9938354492188
365,player,41,0,866.9823608398438,508.28997802734375,653.3900756835938,805.3441162109375
365,player,65,0,589.9224853515625,342.563232421875,581.0065307617188,299.9378967285156
365,player,72,-1,769.3438720703125,521.22802734375,577.6551513671875,797.6603393554688
365,player,75,-1,573.921142578125,345.6613464355469,566.704345703125,311.51708984375
365,player,73,-1,610.680908203125,643.4517211914062,381.2926025390625,1010.9810791015625
365,player,63,0,737.4053955078125,520.9283447265625,545.4082641601562,803.4864501953125
365,ball,-1,-1,755.274658203125,433.67987060546875,636.1784057617188,562.8792114257812
366,player,43,1,628.5769653320312,414.42333984375,548.9774169921875,517.5226440429688
366,player,24,0,1070.420166015625,623.4674072265625,704.2734375,1064.765625
366,player,60,0,647.8360595703125,561.84326171875,455.82904052734375,870.16796875
366,player,74,-1,791.9691162109375,512.6862182617188,607.8202514648438,760.9108276367188
366,player,41,0,869.8134765625,510.1533203125,654.410888671875,807.3242797851562
366,player,73,-1,601.3951416015625,670.9404296875,372.39251708984375,1021.9622802734375
366,player,65,0,587.9912109375,348.39471435546875,579.1700439453125,309.9393005371094
366,player,72,-1,770.2158203125,518.3135375976562,576.7006225585938,798.989501953125
366,player,70,-1,629.9820556640625,561.6493530273438,440.96282958984375,876.5866088867188
366,ball,-1,-1,755.9926147460938,434.40423583984375,636.1845092773438,566.5377197265625
367,player,43,1,631.016357421875,414.7160339355469,550.1656494140625,519.5517578125
367,player,24,0,1070.1513671875,625.6685180664062,702.9344482421875,1069.724853515625
367,player,73,-1,596.2608642578125,664.6646728515625,366.6109924316406,1025.03125
367,player,60,0,646.7735595703125,559.8672485351562,455.1794128417969,864.278076171875
367,player,74,-1,793.6817626953125,514.4125366210938,603.551025390625,774.4381103515625
367,player,65,0,588.8551025390625,348.5757751464844,578.18115234375,316.72039794921875
367,player,41,0,870.701904296875,510.6983642578125,655.1397705078125,809.0933227539062
367,player,72,-1,775.6400146484375,517.3131103515625,577.7778930664062,799.6282348632812
367,player,70,-1,630.803466796875,558.48046875,441.8209228515625,866.058837890625
367,ball,-1,-1,881.1414794921875,378.98516845703125,649.0235595703125,561.55078125
368,player,43,1,635.3159790039062,417.3291015625,551.382080078125,523.64453125
368,player,24,0,1069.8551025390625,625.9217529296875,701.91943359375,1073.072265625
368,player,74,-1,796.6636962890625,513.1273803710938,601.9287109375,782.567138671875
368,player,73,-1,587.0050048828125,719.662353515625,350.803955078125,1057.0924072265625
368,player,60,0,643.451416015625,558.2841796875,454.2934875488281,859.059814453125
368,player,41,0,872.71630859375,510.59002685546875,656.1761474609375,810.352783203125
368,player,65,0,591.5262451171875,352.03167724609375,577.2147216796875,324.95501708984375
368,player,72,-1,767.3316650390625,516.9122924804688,576.421630859375,798.9765625
369,player,43,1,634.7232666015625,414.552978515625,552.8414306640625,523.763671875
369,player,24,0,1071.062255859375,627.21435546875,701.1700439453125,1076.1112060546875
369,player,74,-1,800.5516357421875,511.37060546875,602.40478515625,786.923583984375
369,player,65,0,591.5517578125,353.3206787109375,576.17041015625,331.62261962890625
369,player,60,0,634.9615478515625,557.0023193359375,451.878662109375,854.017822265625
369,player,73,0,579.57666015625,673.3458251953125,347.115234375,1051.5330810546875
369,player,41,0,876.2132568359375,512.4627075195312,657.189453125,812.8653564453125
369,player,77,-1,410.8282470703125,305.5362548828125,455.8742980957031,139.19134521484375
369,player,72,-1,757.6491088867188,515.67333984375,573.357421875,796.7425537109375
369,ball,-1,-1,853.27099609375,381.7901611328125,658.6922607421875,556.8881225585938
370,player,43,1,634.9231567382812,413.6144714355469,554.1317138671875,523.0198974609375
370,player,24,0,1073.1826171875,625.185791015625,701.7818603515625,1077.073486328125
370,player,73,0,575.8109130859375,715.8426513671875,336.30670166015625,1071.3701171875
370,player,74,-1,798.795654296875,511.4813232421875,602.2210693359375,789.67236328125
370,player,65,0,590.4780883789062,354.7789001464844,574.6865234375,337.3207092285156
370,player,60,0,639.2366333007812,558.0958251953125,451.13043212890625,851.881591796875
370,player,41,0,878.806884765625,512.7251586914062,658.447265625,814.9322509765625
370,player,77,-1,406.99139404296875,306.36175537109375,454.39801025390625,139.69981384277344
370,ball,-1,-1,858.8262939453125,379.68255615234375,668.1517944335938,552.2825317382812
371,player,43,1,635.494384765625,414.5384521484375,554.854248046875,523.4234619140625
371,player,24,0,1075.6834716796875,623.9027709960938,703.1534423828125,1077.155517578125
371,player,73,0,571.8383178710938,712.443603515625,328.9822692871094,1082.103271484375
371,player,65,0,587.9100341796875,355.46044921875,572.7179565429688,341.4369201660156
371,player,60,0,630.87939453125,560.9329223632812,447.8797607421875,851.6988525390625
371,player,41,0,882.115966796875,511.537109375,660.5010375976562,815.719970703125
371,player,74,-1,798.1939697265625,511.7396240234375,601.8685302734375,791.5927734375
371,player,77,-1,403.5489807128906,310.00128173828125,451.2576904296875,143.78907775878906
371,ball,-1,-1,1036.1201171875,484.9053955078125,679.2457275390625,572.3049926757812
372,player,43,1,636.1539916992188,413.791015625,555.7399291992188,523.0831298828125
372,player,24,0,1077.0963134765625,622.8499755859375,704.6927490234375,1076.7073974609375
372,player,65,0,587.3065185546875,356.2071533203125,571.0117797851562,344.80279541015625
372,player,60,0,635.7822265625,562.4425659179688,446.64825439453125,853.0570678710938
372,player,73,0,569.7095947265625,714.5009155273438,323.39434814453125,1090.0286865234375
372,player,74,-1,797.1639404296875,510.684326171875,601.6762084960938,791.967529296875
372,player,41,0,888.0797729492188,510.8758544921875,663.60791015625,816.3084106445312
372,player,62,-1,617.9892578125,417.05279541015625,567.66357421875,387.86834716796875
372,ball,-1,-1,884.4441528320312,373.01885986328125,689.4116821289062,565.6541748046875
373,player,43,1,638.0067138671875,413.41168212890625,556.9629516601562,522.7109985351562
373,player,65,0,587.5626831054688,356.88421630859375,569.7606201171875,347.7025146484375
373,player,24,0,1078.52880859375,622.375732421875,706.1759033203125,1076.258056640625
373,player,60,0,635.8026733398438,563.0908203125,445.7025451660156,854.38623046875
373,player,74,0,798.550537109375,509.20758056640625,602.3464965820312,791.251220703125
373,player,73,0,567.9453125,714.8583374023438,319.3087463378906,1095.23388671875
373,player,41,0,889.6361694335938,510.63958740234375,666.1100463867188,816.6644287109375
373,player,77,-1,396.0037841796875,309.40118408203125,446.9862060546875,144.90887451171875
373,ball,-1,-1,887.6189575195312,375.0947265625,698.7898559570312,560.0604248046875
374,player,43,1,636.403076171875,418.34625244140625,555.804931640625,526.71435546875
374,player,65,0,586.6287841796875,358.01434326171875,568.29736328125,350.6263427734375
374,player,24,0,1080.743408203125,623.4559326171875,707.350341796875,1076.79345703125
374,player,60,0,634.3167724609375,562.7652587890625,444.7904052734375,854.8939208984375
374,player,74,0,805.4896850585938,507.17449951171875,605.205810546875,789.9328002929688
374,player,73,0,559.813232421875,700.3533935546875,317.3311767578125,1090.00732421875
374,player,41,0,891.0770263671875,508.36590576171875,668.8283081054688,815.368896484375
374,player,77,-1,396.31048583984375,309.7469177246094,444.206298828125,146.06494140625
374,ball,-1,-1,1042.8424072265625,478.05157470703125,708.4210815429688,578.4244384765625
375,player,43,1,636.25390625,420.19354248046875,554.45458984375,530.9412231445312
375,player,65,0,586.96826171875,356.4718322753906,567.9495849609375,351.00689697265625
375,player,60,0,628.1691284179688,563.3001708984375,442.5316162109375,855.0402221679688
375,player,24,0,1081.4107666015625,622.0970458984375,708.6752319335938,1076.3953857421875
375,player,74,0,804.330322265625,506.13885498046875,607.064453125,788.1986083984375
375,player,41,0,893.01953125,506.969482421875,671.5466918945312,813.685302734375
375,player,77,-1,393.3739013671875,310.21881103515625,441.32501220703125,147.01995849609375
375,player,73,0,551.8408203125,674.914794921875,318.71295166015625,1071.5606689453125
375,ball,-1,-1,901.0292358398438,393.5213623046875,715.51025390625,576.0234985351562
376,player,65,0,584.5985107421875,355.58447265625,567.291259765625,350.10003662109375
376,player,43,1,635.9456787109375,415.9944763183594,554.7529296875,529.9210815429688
376,player,60,0,626.894775390625,562.2864379882812,440.9770202636719,854.3253784179688
376,player,74,0,806.7169189453125,504.9671630859375,609.2489013671875,786.42529296875
376,player,24,0,1087.6895751953125,624.599853515625,710.2957763671875,1078.14990234375
376,player,73,0,545.212646484375,667.2117309570312,319.46795654296875,1054.5489501953125
376,player,77,-1,391.3192138671875,310.37957763671875,438.7503967285156,147.59054565429688
376,player,41,0,897.9178466796875,504.3717041015625,675.429443359375,811.1412353515625
376,ball,-1,-1,915.720947265625,397.74066162109375,722.6356201171875,575.0343627929688
377,player,65,0,585.4696655273438,355.2472839355469,567.2379760742188,349.2633056640625
377,player,43,1,635.6276245117188,417.88653564453125,554.2850952148438,530.912841796875
377,player,60,0,624.6741943359375,561.1888427734375,439.6614990234375,852.9068603515625
377,player,74,0,806.6958618164062,504.72100830078125,610.7362060546875,785.0875244140625
377,player,41,0,898.8314208984375,508.28704833984375,676.9521484375,812.44921875
377,player,24,0,1091.7431640625,617.2687377929688,714.507080078125,1075.2955322265625
377,player,77,0,389.52728271484375,311.800537109375,436.0940246582031,149.37112426757812
377,player,73,0,542.18994140625,673.1658935546875,318.2001647949219,1046.7098388671875
377,player,62,-1,629.096923828125,470.28265380859375,545.8816528320312,482.348876953125
377,ball,-1,-1,1070.086181640625,447.21112060546875,734.772216796875,587.3048095703125
378,player,65,0,584.944091796875,355.70001220703125,566.8963012695312,349.12109375
378,player,43,1,637.3050537109375,417.87481689453125,554.4642333984375,531.7179565429688
378,player,60,0,622.6726684570312,559.9252319335938,438.59417724609375,850.934326171875
378,player,24,0,1094.675537109375,615.3763427734375,718.5193481445312,1072.5633544921875
378,player,74,0,818.2618408203125,507.5257568359375,613.9193725585938,787.386474609375
378,player,41,0,899.358642578125,512.892333984375,676.6297607421875,816.70556640625
378,player,73,0,541.8668823242188,653.3756103515625,320.86798095703125,1029.937255859375
378,player,77,0,387.372314453125,312.6895751953125,433.4252624511719,151.29139709472656
378,ball,-1,-1,935.7601318359375,405.4733581542969,740.9934692382812,587.4602661132812
379,player,60,0,619.6173706054688,558.76416015625,437.39874267578125,848.5755615234375
379,player,43,1,638.5335083007812,418.60595703125,554.71142578125,533.0166625976562
379,player,65,0,584.60302734375,363.27935791015625,564.1286010742188,356.60736083984375
379,player,41,0,903.631103515625,513.8580322265625,677.2366943359375,820.5718994140625
379,player,24,0,1097.413330078125,616.1820678710938,721.5423583984375,1071.5032958984375
379,player,73,0,537.7564697265625,648.5966796875,322.51837158203125,1015.82373046875
379,player,77,0,385.09320068359375,311.31982421875,431.3599548339844,150.7295379638672
379,player,74,0,819.4290771484375,504.4454345703125,617.2166137695312,786.7066650390625
379,player,62,-1,619.335693359375,412.429443359375,545.4866943359375,493.4391784667969
379,player,78,-1,545.141845703125,718.1788330078125,295.6551818847656,1104.869873046875
379,ball,-1,-1,944.7867431640625,411.337158203125,746.7874145507812,588.9905395507812
380,player,60,0,616.4566650390625,557.9389038085938,436.01531982421875,846.1869506835938
380,player,65,0,583.381591796875,357.2147216796875,563.9094848632812,355.2572021484375
380,player,41,0,906.770263671875,516.2800903320312,677.6923217773438,825.12841796875
380,player,43,1,639.5607299804688,416.82659912109375,555.7034301757812,532.381591796875
380,player,73,0,529.8531494140625,649.42578125,321.59149169921875,1006.4891357421875
380,player,74,0,822.8284912109375,504.79022216796875,620.154052734375,786.8411865234375
380,player,24,0,1097.17333984375,617.2864990234375,723.1162109375,1071.45166015625
380,player,62,-1,619.6370849609375,408.92254638671875,546.37158203125,497.50775146484375
380,player,77,0,384.239013671875,313.19183349609375,429.20782470703125,152.3882293701172
380,player,64,1,648.2750244140625,338.02606201171875,614.3397216796875,337.35113525390625
380,ball,-1,-1,952.1583251953125,414.45166015625,752.3240966796875,591.1890869140625
381,player,60,0,614.4068603515625,557.4588012695312,434.709716796875,844.1171875
381,player,41,0,910.79248046875,517.4679565429688,678.666748046875,829.3204345703125
381,player,65,0,582.70654296875,357.11370849609375,563.5947265625,354.20465087890625
381,player,74,0,828.485107421875,507.560302734375,622.7232666015625,789.5123291015625
381,player,43,1,639.215087890625,417.30072021484375,556.1058959960938,532.3561401367188
381,player,73,0,523.7176513671875,657.892822265625,318.0341796875,1004.9788818359375
381,player,24,0,1100.4449462890625,617.31396484375,724.916748046875,1071.715087890625
381,player,62,-1,619.406005859375,411.42529296875,546.1266479492188,502.39385986328125
381,player,77,0,383.48541259765625,313.2689208984375,427.5473937988281,153.46836853027344
381,player,64,1,652.08935546875,329.17779541015625,627.361083984375,321.24298095703125
381,ball,-1,-1,962.9227905273438,418.5396728515625,757.7578735351562,594.2678833007812
382,player,60,0,610.6151123046875,557.0810546875,432.9917297363281,842.1685180664062
382,player,65,0,582.2147827148438,357.2095947265625,563.2098388671875,353.5641784667969
382,player,43,1,638.3951416015625,415.899658203125,556.5567626953125,531.006103515625
382,player,41,0,914.406005859375,519.2402954101562,679.6868286132812,833.654052734375
382,player,74,0,828.3372802734375,506.73974609375,624.600830078125,790.628173828125
382,player,24,0,1102.46142578125,613.856689453125,727.620361328125,1069.9970703125
382,player,73,0,518.8546752929688,636.1277465820312,318.5232849121094,990.417236328125
382,player,77,0,382.4013671875,314.19671630859375,425.85858154296875,155.09585571289062
382,player,62,-1,618.3661499023438,411.439697265625,545.6638793945312,505.47625732421875
382,player,64,1,652.810302734375,330.09771728515625,635.714599609375,311.828857421875
382,ball,-1,-1,971.3297119140625,425.2796325683594,762.7049560546875,598.607421875
383,player,60,0,608.2777099609375,556.8666381835938,431.3346252441406,840.5426025390625
383,player,65,0,577.6884155273438,356.7454528808594,561.7344360351562,352.1895751953125
383,player,43,1,637.8967895507812,416.3519287109375,556.5701293945312,530.4815673828125
383,player,41,0,919.1073608398438,521.8690185546875,680.7500610351562,838.7867431640625
383,player,74,0,827.6444091796875,503.25555419921875,626.6885986328125,788.702880859375
383,player,24,0,1104.9007568359375,611.9786987304688,730.5384521484375,1067.965576171875
383,player,73,0,512.9771118164062,640.5797119140625,316.6426696777344,983.1900634765625
383,player,77,0,381.5854187011719,313.90673828125,424.5845947265625,155.7342987060547
383,player,64,1,651.1915893554688,334.2913818359375,639.1177978515625,309.9560546875
383,player,62,1,617.0750732421875,413.84771728515625,544.271728515625,509.51715087890625
383,ball,-1,-1,981.518310546875,428.49298095703125,767.632080078125,603.4541625976562
384,player,60,0,605.9453125,557.0082397460938,429.63702392578125,839.3741455078125
384,player,65,0,576.1172485351562,356.27105712890625,560.4505615234375,350.64617919921875
384,player,41,0,922.85107421875,524.0411987304688,681.7337646484375,844.015625
384,player,43,1,637.8327026367188,418.4383544921875,555.9304809570312,531.99267578125
384,player,74,0,829.80078125,499.13671875,629.8675537109375,784.5784912109375
384,player,24,0,1108.281494140625,610.6104736328125,733.6703491210938,1066.1151123046875
384,player,64,1,654.833251953125,326.32421875,645.3729248046875,300.7025451660156
384,player,77,0,380.60211181640625,315.07470703125,423.11181640625,157.35552978515625
384,player,73,0,509.6515197753906,640.4544677734375,314.66009521484375,978.1361083984375
384,player,62,1,619.6176147460938,420.9915771484375,541.9755859375,518.7798461914062
384,ball,-1,-1,801.7027587890625,410.9317321777344,761.9082641601562,600.2676391601562
385,player,60,0,605.1826171875,557.0054931640625,428.3419189453125,838.544189453125
385,player,41,0,926.7906494140625,528.9879150390625,681.849853515625,851.2747802734375
385,player,65,0,573.99755859375,355.60443115234375,559.1859130859375,348.73822021484375
385,player,77,0,379.58056640625,315.269287109375,421.77532958984375,158.51327514648438
385,player,43,1,637.875,419.27667236328125,555.2743530273438,533.723876953125
385,player,24,0,1110.049560546875,610.755126953125,736.088623046875,1065.151611328125
385,player,74,0,834.5990600585938,500.7296142578125,632.72021484375,783.5435791015625
385,player,73,0,503.92425537109375,644.4366455078125,311.3099365234375,976.8013305664062
385,player,64,1,654.8901977539062,321.3956604003906,651.2816772460938,289.4022521972656
385,ball,-1,-1,804.4234008789062,413.041015625,756.6520385742188,597.825927734375
386,player,41,0,930.285888671875,532.1790771484375,681.8359985351562,858.5538330078125
386,player,60,0,603.540283203125,557.9827880859375,426.864013671875,838.535400390625
386,player,65,0,574.2743530273438,355.4912109375,558.4844970703125,347.4132080078125
386,player,43,1,638.0751953125,419.04217529296875,554.9756469726562,534.661376953125
386,player,77,0,377.906494140625,314.5987548828125,420.5658874511719,158.32130432128906
386,player,24,0,1112.573486328125,612.35498046875,737.7781982421875,1065.702392578125
386,player,73,0,497.828125,641.82958984375,308.165283203125,973.8311767578125
386,player,74,0,835.6602783203125,497.1368408203125,635.9569702148438,780.278564453125
386,player,64,1,656.9375,331.9151611328125,651.88818359375,293.51287841796875
386,ball,-1,-1,1010.1953735351562,445.8319396972656,762.3760986328125,606.6595458984375
387,player,41,0,931.8829345703125,533.0719604492188,681.9615478515625,864.0560302734375
387,player,60,0,601.801513671875,557.4751586914062,425.5803527832031,838.02099609375
387,player,43,1,638.278076171875,418.41241455078125,555.0291748046875,534.7318115234375
387,player,65,0,573.55810546875,354.2078857421875,558.2236328125,345.171142578125
387,player,73,0,492.71209716796875,649.29052734375,303.60400390625,976.0103759765625
387,player,77,0,376.3642578125,313.872802734375,419.49609375,157.20294189453125
387,player,74,0,837.3268432617188,496.2974853515625,638.7625732421875,777.6829833984375
387,player,24,0,1116.26220703125,611.5579833984375,740.0113525390625,1065.9007568359375
387,player,64,1,657.671630859375,332.25750732421875,652.3863525390625,296.6274108886719
387,player,80,-1,386.83526611328125,304.8951416015625,434.44525146484375,129.27540588378906
387,ball,-1,-1,1013.022705078125,448.623779296875,767.5779418945312,615.3659057617188
388,player,41,0,935.851806640625,534.4297485351562,682.643798828125,868.9437255859375
388,player,60,0,600.5294189453125,555.8167724609375,424.8014831542969,836.4186401367188
388,player,43,1,637.980712890625,419.2449951171875,554.728271484375,535.4869384765625
388,player,73,0,489.66107177734375,653.5,299.193603515625,979.7107543945312
388,player,24,0,1117.8271484375,608.7461547851562,742.709716796875,1064.4755859375
388,player,77,0,375.7637939453125,314.2751159667969,418.4961242675781,156.86257934570312
388,player,74,0,840.760498046875,492.288330078125,642.7437744140625,773.293701171875
388,player,65,0,573.4332275390625,354.05889892578125,558.0640258789062,343.5487365722656
388,player,64,1,658.3160400390625,332.6670227050781,652.76171875,299.15496826171875
388,player,53,0,814.1163330078125,488.65264892578125,614.1110229492188,754.4798583984375
388,ball,-1,-1,813.544677734375,414.0247497558594,762.3880615234375,612.1278076171875
389,player,60,0,597.6825561523438,555.0411987304688,423.75244140625,834.5799560546875
389,player,41,0,939.2340087890625,534.4334716796875,683.9564208984375,872.4338989257812
389,player,43,1,637.3173828125,420.16326904296875,554.0672607421875,536.7247314453125
389,player,74,0,846.345703125,493.079833984375,646.5755004882812,771.5716552734375
389,player,73,0,480.2588195800781,655.9136962890625,293.7226257324219,982.7828369140625
389,player,24,0,1113.24072265625,607.36279296875,743.7822265625,1062.31884765625
389,player,65,0,573.3549194335938,353.94732666015625,557.972412109375,342.3721618652344
389,player,77,0,373.14764404296875,314.5881652832031,416.9274597167969,156.69943237304688
389,player,53,0,812.6402587890625,490.47015380859375,619.76708984375,754.1494140625
390,player,73,0,478.223388671875,656.737548828125,289.55267333984375,985.104248046875
390,player,24,0,1093.204833984375,609.2745971679688,739.0444946289062,1060.33935546875
390,player,74,0,850.0892333984375,492.2354736328125,650.3296508789062,770.1696166992188
390,player,41,0,940.9906005859375,534.3463134765625,685.288818359375,874.8031616210938
390,player,43,1,637.4275512695312,419.6572265625,553.8211059570312,537.0918579101562
390,player,60,0,592.774658203125,553.0635986328125,422.2781982421875,831.5595703125
390,player,65,0,572.5567626953125,353.81268310546875,557.7130126953125,341.3838195800781
390,player,53,0,813.431884765625,481.55316162109375,626.4046630859375,747.1536254882812
390,player,77,0,358.617431640625,316.8939208984375,410.66033935546875,157.55349731445312
390,player,80,-1,369.485595703125,315.5169372558594,425.8719482421875,139.40203857421875
391,player,73,0,473.68218994140625,648.8528442382812,287.132568359375,981.4832153320312
391,player,41,0,943.1033935546875,534.6033325195312,686.618408203125,876.7159423828125
391,player,60,0,591.0570068359375,551.8753662109375,421.15435791015625,828.6079711914062
391,player,43,1,636.0005493164062,418.484375,553.6060791015625,536.1436767578125
391,player,74,0,846.6654052734375,491.89788818359375,651.9613037109375,768.6764526367188
391,player,24,0,1097.9503173828125,614.3701171875,735.5612182617188,1062.52197265625
391,player,65,0,573.583740234375,353.449951171875,557.974365234375,340.4834899902344
391,player,77,0,359.4181213378906,316.45989990234375,406.9599609375,157.71044921875
391,ball,-1,-1,1083.8365478515625,443.9112854003906,772.523681640625,621.1367797851562
392,player,60,0,588.553955078125,551.533935546875,419.86724853515625,826.223388671875
392,player,73,0,471.718017578125,649.7400512695312,284.94830322265625,979.5032958984375
392,player,43,1,637.3597412109375,421.148681640625,553.0543823242188,538.0282592773438
392,player,65,0,573.4891357421875,353.3162841796875,558.1585693359375,339.7518310546875
392,player,74,0,852.7808837890625,495.7872314453125,653.436279296875,771.2243041992188
392,player,41,0,941.5836181640625,535.304443359375,686.8733520507812,878.30712890625
392,player,24,0,1100.7393798828125,616.9642333984375,733.1824951171875,1065.7279052734375
392,player,80,-1,363.78436279296875,317.4456787109375,417.9565124511719,147.51161193847656
392,ball,-1,-1,1087.034912109375,446.24993896484375,781.836669921875,629.9275512695312
393,player,60,0,584.36083984375,551.581298828125,417.95770263671875,824.32763671875
393,player,43,1,636.9898071289062,422.49407958984375,552.1878662109375,540.4041137695312
393,player,73,0,465.13787841796875,647.7657470703125,282.32696533203125,976.46826171875
393,player,65,0,571.8994140625,353.49627685546875,557.7356567382812,339.28717041015625
393,player,74,0,852.8551635742188,495.768798828125,654.4205322265625,772.8735961914062
393,player,41,0,944.8820190429688,536.421630859375,687.5390625,880.419189453125
393,player,24,0,1105.553955078125,616.661376953125,732.8848876953125,1068.044677734375
393,player,80,-1,362.1156921386719,316.82830810546875,412.4545593261719,151.90139770507812
393,ball,-1,-1,1035.240966796875,471.7355041503906,784.8875732421875,641.4297485351562
394,player,65,0,570.8426513671875,353.956298828125,556.9906005859375,339.3388671875
394,player,43,1,638.0054931640625,423.1198425292969,551.7267456054688,542.6031494140625
394,player,60,0,580.912109375,554.5306396484375,415.18231201171875,824.8519897460938
394,player,41,0,947.228515625,535.9713134765625,688.715087890625,881.6949462890625
394,player,73,0,459.3759765625,641.468505859375,280.3466491699219,970.1627197265625
394,player,74,0,852.624267578125,486.6903076171875,657.857421875,767.0383911132812
394,player,24,0,1107.84912109375,615.906005859375,733.4727172851562,1069.2978515625
394,ball,-1,-1,1037.858642578125,476.00994873046875,787.4948120117188,652.818603515625
395,player,43,1,636.739990234375,420.98968505859375,551.7037963867188,542.0233154296875
395,player,65,0,570.658935546875,353.58734130859375,556.5690307617188,338.9769287109375
395,player,60,0,577.9039916992188,554.95556640625,412.52362060546875,825.21875
395,player,73,0,457.41412353515625,638.2852783203125,279.142822265625,963.9376220703125
395,player,74,0,855.9840087890625,495.6822509765625,658.1541748046875,770.3847045898438
395,player,41,0,949.091064453125,536.91748046875,689.6627807617188,883.3504638671875
395,player,24,0,1109.274169921875,616.123046875,734.1314086914062,1070.364013671875
395,player,64,1,668.434814453125,330.31683349609375,657.0253295898438,299.4399108886719
395,player,77,0,357.2772216796875,316.78033447265625,403.78857421875,157.93202209472656
396,player,43,1,636.2149658203125,420.77069091796875,551.604736328125,541.3992919921875
396,player,65,0,570.1034545898438,354.06341552734375,555.9727172851562,339.16607666015625
396,player,60,0,574.385986328125,556.2113037109375,409.62860107421875,826.0175170898438
396,player,73,0,453.166748046875,637.4222412109375,277.5063781738281,958.9996948242188
396,player,64,1,672.1851196289062,329.162841796875,661.396728515625,298.82037353515625
396,player,74,0,860.431396484375,528.7195434570312,649.44775390625,797.1035766601562
396,player,80,-1,357.0010986328125,317.19940185546875,407.1573486328125,154.59634399414062
396,player,41,0,926.5250244140625,535.5787353515625,684.895751953125,881.4288330078125
397,player,65,0,569.048095703125,354.67108154296875,555.0687255859375,339.7926330566406
397,player,43,1,634.7542724609375,417.4608154296875,552.1171264648438,537.9055786132812
397,player,73,0,450.04742431640625,637.6317138671875,275.6710205078125,955.6567993164062
397,player,60,0,568.84716796875,556.3584594726562,406.31695556640625,826.1407470703125
397,player,64,1,677.0338134765625,325.40338134765625,667.1641845703125,294.95916748046875
397,player,77,0,354.01239013671875,313.8218994140625,401.5077209472656,154.3683624267578
397,player,24,0,1113.427001953125,617.9595947265625,734.9981079101562,1072.505126953125
397,player,74,0,858.9389038085938,504.58917236328125,650.7009887695312,796.8512573242188
397,player,41,0,927.8719482421875,536.7636108398438,681.7789306640625,881.12646484375
397,player,81,-1,836.915771484375,486.10595703125,652.7197875976562,750.6270751953125
398,player,73,0,442.858154296875,637.6430053710938,272.7801818847656,952.885009765625
398,player,43,1,634.7559814453125,416.61199951171875,552.7064208984375,534.8779296875
398,player,65,0,568.4140625,354.58349609375,554.316162109375,340.04217529296875
398,player,60,0,563.8990478515625,552.2467041015625,403.8200988769531,822.8925170898438
398,player,24,0,1114.991943359375,615.8638916015625,736.5767822265625,1072.785400390625
398,player,64,1,680.9312744140625,332.28924560546875,669.5545043945312,300.18017578125
398,player,83,-1,678.8509521484375,330.1466064453125,674.4210205078125,302.7620849609375
398,player,81,-1,839.288818359375,486.439208984375,653.2521362304688,751.109619140625
398,player,41,0,942.9020385742188,544.1383056640625,681.3363037109375,887.3848876953125
398,player,80,-1,346.1713562011719,317.10986328125,400.3121337890625,155.02874755859375
399,player,43,1,634.8660888671875,417.055419921875,552.9873046875,533.3167724609375
399,player,65,0,567.91357421875,354.8721923828125,553.5821533203125,340.4435729980469
399,player,60,0,562.5007934570312,552.1181640625,401.8714904785156,820.5643920898438
399,player,73,0,442.58441162109375,637.4601440429688,270.8674621582031,950.947021484375
399,player,24,0,1118.802978515625,617.2762451171875,738.0870361328125,1074.1343994140625
399,player,41,0,944.9093627929688,543.7145385742188,681.6911010742188,891.345703125
399,player,81,-1,841.6920166015625,485.891845703125,654.4157104492188,751.23388671875
399,player,83,-1,682.2109375,329.740234375,675.6229248046875,302.70599365234375
399,player,64,1,683.1915283203125,332.06341552734375,671.8970336914062,303.5869445800781
399,player,74,0,904.8572998046875,539.1084594726562,652.9351196289062,825.670654296875
399,ball,-1,-1,1063.8262939453125,498.1312255859375,789.6395263671875,667.6431274414062
400,player,65,0,567.262939453125,354.4070129394531,553.055908203125,340.16107177734375
400,player,43,1,634.9989013671875,418.78125,552.6886596679688,533.851806640625
400,player,60,0,560.5335693359375,550.7353515625,400.41131591796875,817.898681640625
400,player,73,0,435.7490234375,636.55126953125,268.1640930175781,948.5472412109375
400,player,41,0,941.0296630859375,556.2575073242188,677.127197265625,902.0648193359375
400,player,24,0,1121.3140869140625,619.2981567382812,739.0537109375,1076.4248046875
400,player,83,-1,686.730224609375,332.457275390625,676.7974853515625,306.0352783203125
400,player,74,0,916.20263671875,553.9293212890625,652.8533935546875,855.5701904296875
400,player,81,-1,844.6569213867188,484.9249267578125,656.2741088867188,750.85693359375
400,ball,-1,-1,1065.0986328125,501.24530029296875,791.433349609375,681.828369140625
401,player,65,0,566.2875366210938,354.76385498046875,552.302734375,340.2345886230469
401,player,41,0,944.1664428710938,566.2136840820312,671.9837646484375,915.9302978515625
401,player,83,-1,689.8606567382812,331.8804931640625,678.7530517578125,307.9401550292969
401,player,43,1,634.759765625,421.21087646484375,551.6983032226562,536.3294677734375
401,player,60,0,557.9523315429688,551.4073486328125,398.66021728515625,816.406494140625
401,player,73,0,434.15667724609375,635.0367431640625,266.28521728515625,945.911376953125
401,player,24,0,1124.2576904296875,617.9254150390625,740.8082275390625,1077.35302734375
401,player,81,-1,867.7181396484375,492.67913818359375,661.2003173828125,758.7190551757812
401,player,53,0,844.681884765625,484.3724365234375,638.2485961914062,747.78271484375
402,player,65,0,564.2313232421875,355.7158203125,550.8838500976562,341.0265808105469
402,player,83,-1,692.239990234375,334.989501953125,679.5999755859375,312.70062255859375
402,player,41,0,943.2017822265625,570.4895629882812,667.1399536132812,927.6641235351562
402,player,60,0,553.3062133789062,550.0768432617188,396.6362609863281,814.0769653320312
402,player,43,1,634.0775756835938,422.55133056640625,550.460205078125,539.0550537109375
402,player,73,0,425.9444274902344,634.4913330078125,263.2136535644531,943.16455078125
402,player,81,-1,868.2648315429688,488.314697265625,665.9407958984375,760.5728759765625
402,player,24,0,1127.0057373046875,618.8941650390625,742.3111572265625,1078.7655029296875
403,player,65,0,563.6075439453125,357.46905517578125,549.2151489257812,343.2499084472656
403,player,41,0,943.1484375,572.6875610351562,663.3345336914062,936.7216796875
403,player,60,0,549.7320556640625,549.9254150390625,394.44732666015625,812.1322021484375
403,player,43,1,633.54345703125,422.35650634765625,549.5614013671875,540.6005249023438
403,player,83,-1,694.578857421875,336.80377197265625,680.1990966796875,317.94476318359375
403,player,81,-1,866.60986328125,486.98797607421875,669.0035400390625,760.6085815429688
403,player,73,0,420.6790466308594,633.9674072265625,260.058837890625,940.6072998046875
403,player,24,0,1129.6826171875,620.0369873046875,743.5796508789062,1080.58837890625
404,player,65,0,562.411376953125,357.901123046875,547.630615234375,345.0025939941406
404,player,43,1,634.2045288085938,421.1089172363281,549.5377807617188,540.569580078125
404,player,60,0,545.306640625,553.830810546875,391.0555725097656,813.2224731445312
404,player,41,0,943.1239624023438,572.0227661132812,661.04931640625,942.17333984375
404,player,81,0,864.9443359375,485.4015197753906,671.0562744140625,759.260009765625
404,player,83,-1,695.802734375,339.9177551269531,679.8085327148438,324.71746826171875
404,player,73,0,414.39459228515625,636.7235107421875,256.0686950683594,940.132568359375
404,player,64,1,694.4819946289062,337.34503173828125,674.9602661132812,312.572998046875
404,player,24,0,1132.550537109375,621.9411010742188,744.5077514648438,1083.140625
404,player,80,-1,339.429931640625,320.5098876953125,392.81793212890625,158.3672332763672
405,player,65,0,562.702392578125,358.6966552734375,546.4375,346.9764404296875
405,player,60,0,540.5111694335938,555.1527099609375,387.35479736328125,814.4273071289062
405,player,41,0,945.2730712890625,571.9879760742188,660.1096801757812,945.8854370117188
405,player,81,0,869.673095703125,485.06365966796875,673.7700805664062,758.5779418945312
405,player,43,1,635.2081298828125,427.3980712890625,547.9388427734375,546.1821899414062
405,player,73,0,412.78118896484375,635.4990844726562,253.2947998046875,938.9252319335938
405,player,83,0,702.65576171875,337.1944885253906,682.6939086914062,327.0532531738281
405,player,24,0,1131.9910888671875,619.73974609375,745.6519775390625,1083.454345703125
405,player,80,0,336.9082336425781,320.66400146484375,387.1107177734375,160.42686462402344
406,player,65,0,562.0684814453125,358.989990234375,545.377197265625,348.48687744140625
406,player,60,0,536.787109375,559.0323486328125,383.18255615234375,817.5899658203125
406,player,41,0,947.4395141601562,572.3110961914062,659.9440307617188,948.7017822265625
406,player,43,1,636.1876220703125,425.85675048828125,547.6336669921875,548.580078125
406,player,83,0,701.6286010742188,336.902099609375,684.360595703125,328.15435791015625
406,player,81,0,871.955078125,486.1131591796875,675.8086547851562,759.1557006835938
406,player,73,0,406.74365234375,642.5015869140625,248.93148803710938,941.9757080078125
406,player,24,0,1134.047607421875,614.9222412109375,748.3758544921875,1080.979248046875
406,player,80,0,336.262451171875,324.61669921875,382.1501770019531,166.0950927734375
407,player,60,0,532.8058471679688,558.2568969726562,379.6326904296875,818.7465209960938
407,player,65,0,560.8021240234375,359.4034729003906,544.1738891601562,349.7488098144531
407,player,43,1,637.865478515625,432.1895751953125,546.041259765625,555.8255615234375
407,player,73,0,401.088134765625,628.8228759765625,246.97842407226562,934.9461669921875
407,player,41,0,949.31591796875,571.345458984375,660.5877685546875,950.0693359375
407,player,83,0,701.5526123046875,338.4798583984375,684.8289794921875,330.4989318847656
407,player,81,0,875.5382080078125,489.417236328125,677.0306396484375,762.389404296875
407,player,24,0,1136.4476318359375,616.574462890625,750.2119140625,1080.5582275390625
407,player,80,0,335.931640625,327.56256103515625,378.04742431640625,172.99940490722656
408,player,60,0,528.5554809570312,552.7632446289062,377.4184875488281,815.2578125
408,player,43,1,638.756103515625,430.5366516113281,545.7437744140625,559.191162109375
408,player,73,0,395.09320068359375,630.2318115234375,244.0564727783203,930.7568969726562
408,player,65,0,559.2335815429688,359.3134765625,542.94482421875,350.3092346191406
408,player,83,0,699.0480346679688,338.32965087890625,684.413818359375,331.59124755859375
408,player,41,0,951.234619140625,571.2060546875,661.5257568359375,951.0380859375
408,player,80,0,334.71551513671875,329.8438720703125,374.40447998046875,179.86050415039062
408,player,81,0,877.9921875,487.9718933105469,678.947998046875,763.6275634765625
408,player,24,0,1138.647705078125,609.7000732421875,754.076904296875,1076.373779296875
408,ball,-1,-1,842.008056640625,365.2221374511719,790.42529296875,663.6754760742188
409,player,60,0,526.0045166015625,552.90185546875,375.30438232421875,812.8575439453125
409,player,43,1,639.947998046875,431.9063720703125,545.4835815429688,562.6868286132812
409,player,73,0,392.6951904296875,634.5640869140625,240.89093017578125,930.551025390625
409,player,83,0,700.196533203125,337.09429931640625,684.962158203125,331.145751953125
409,player,65,0,555.85595703125,356.392822265625,542.04052734375,347.3557434082031
409,player,41,0,956.958251953125,575.7523193359375,662.22265625,955.1322021484375
409,player,80,0,333.6153564453125,329.24774169921875,371.84832763671875,183.54360961914062
409,player,81,0,878.0779418945312,488.66168212890625,679.9946899414062,764.9649658203125
409,player,24,0,1140.39111328125,609.526123046875,757.0650634765625,1073.7001953125
409,ball,-1,-1,842.3912963867188,365.85601806640625,789.4667358398438,647.1240234375
410,player,60,0,523.46044921875,553.9488525390625,373.0652160644531,811.8060302734375
410,player,43,1,640.3472900390625,434.89300537109375,544.5504150390625,567.578857421875
410,player,83,0,701.27099609375,336.18585205078125,685.9930419921875,330.02996826171875
410,player,80,0,332.5859680175781,330.3754577636719,369.57232666015625,187.0607452392578
410,player,41,0,963.131591796875,574.750732421875,664.5050048828125,957.6922607421875
410,player,73,0,388.46734619140625,632.4041748046875,238.17901611328125,928.70556640625
410,player,65,0,552.236083984375,356.4698486328125,540.3284912109375,345.12261962890625
410,player,81,0,884.0115966796875,492.82049560546875,680.922607421875,769.5469970703125
410,player,24,0,1142.1483154296875,606.7396240234375,760.3096923828125,1070.439453125
411,player,60,0,522.245361328125,555.0894165039062,371.06219482421875,811.81591796875
411,player,43,1,639.0628662109375,431.11651611328125,544.6905517578125,567.3650512695312
411,player,80,0,331.00140380859375,331.5789489746094,367.287353515625,190.4886474609375
411,player,41,0,966.12060546875,573.561279296875,667.0842895507812,958.8502197265625
411,player,83,0,704.8648681640625,336.95904541015625,687.487548828125,330.505615234375
411,player,73,0,384.4129638671875,633.3291625976562,235.30868530273438,927.743896484375
411,player,65,0,550.8798828125,356.1488037109375,538.904296875,343.1985778808594
411,player,81,0,883.7740478515625,493.50982666015625,681.2409057617188,773.0218505859375
411,player,24,0,1143.286376953125,607.7432861328125,762.377685546875,1069.0224609375
412,player,60,0,522.27294921875,555.5807495117188,369.66375732421875,812.1702880859375
412,player,41,0,971.482177734375,571.3991088867188,670.7404174804688,958.6740112304688
412,player,43,1,638.5697021484375,431.5721435546875,544.5083618164062,567.5716552734375
412,player,80,0,328.82379150390625,331.4420166015625,365.15887451171875,192.32565307617188
412,player,73,0,381.8716735839844,631.44140625,233.14151000976562,925.7171630859375
412,player,83,0,707.7750854492188,336.1321716308594,689.6741943359375,330.2764587402344
412,player,65,0,551.7640380859375,355.85565185546875,538.3394775390625,341.74591064453125
412,player,24,0,1144.063720703125,608.2290649414062,763.7568359375,1068.46044921875
412,player,81,0,886.9908447265625,494.51959228515625,681.9812622070312,776.3455810546875
412,player,53,0,858.254150390625,466.9033508300781,655.2798461914062,735.873046875
413,player,60,0,521.5504150390625,557.4923095703125,368.17108154296875,813.6767578125
413,player,65,0,549.9241333007812,366.32757568359375,534.1619873046875,351.129638671875
413,player,80,0,327.00115966796875,330.72149658203125,363.39276123046875,192.52862548828125
413,player,41,0,977.7161865234375,571.4949340820312,674.6427001953125,959.1767578125
413,player,43,1,637.7249755859375,431.7925720214844,544.0867309570312,567.81201171875
413,player,73,0,378.97662353515625,624.3426513671875,232.17898559570312,919.6583251953125
413,player,83,0,709.8298950195312,334.88323974609375,692.2071533203125,329.0537109375
413,player,24,0,1144.836669921875,608.11865234375,764.8751831054688,1068.095703125
413,player,81,0,881.744140625,495.19500732421875,680.8482055664062,778.5145874023438
413,player,53,0,863.6815185546875,468.40087890625,667.3369140625,729.844482421875
414,player,80,0,325.17608642578125,330.1070556640625,361.8335266113281,191.7841796875
414,player,60,0,520.33447265625,558.1801147460938,366.75054931640625,815.0281982421875
414,player,83,0,713.747802734375,334.7066955566406,695.138916015625,328.50823974609375
414,player,65,0,550.0384521484375,366.4841003417969,531.4329223632812,357.39697265625
414,player,41,0,982.6619262695312,572.5672607421875,678.0897216796875,960.640380859375
414,player,43,1,637.2966918945312,430.15936279296875,544.172119140625,566.507568359375
414,player,73,0,374.59857177734375,624.0776977539062,230.55201721191406,915.178466796875
414,player,81,0,891.3892822265625,493.53662109375,683.21533203125,779.5953369140625
414,player,53,0,854.1585693359375,465.58837890625,673.5018920898438,722.770751953125
414,player,24,0,1145.290283203125,606.3126220703125,766.2826538085938,1066.811279296875
415,player,83,0,717.0972290039062,337.6424560546875,696.9674682617188,331.57513427734375
415,player,60,0,518.3709106445312,559.4036865234375,365.0776062011719,816.585693359375
415,player,65,0,550.2333984375,368.95318603515625,528.961181640625,363.9404296875
415,player,43,1,636.799560546875,428.2728271484375,544.6434326171875,563.9664916992188
415,player,41,0,988.344482421875,571.7124633789062,682.0040893554688,961.542236328125
415,player,73,0,370.44744873046875,629.6419677734375,227.62478637695312,915.4464111328125
415,player,80,0,323.9736022949219,333.5634765625,359.5604248046875,194.947021484375
415,player,53,0,855.2652587890625,464.755126953125,678.0875854492188,717.6183471679688
415,player,81,0,889.396240234375,500.52056884765625,681.9847412109375,785.3287353515625
415,player,24,0,1145.13134765625,608.0851440429688,766.598876953125,1067.029052734375
416,player,83,0,720.4312744140625,337.49749755859375,699.244873046875,333.78619384765625
416,player,60,0,517.9993286132812,559.6548461914062,363.8444519042969,817.7401123046875
416,player,65,0,550.317138671875,371.21142578125,526.6910400390625,370.431640625
416,player,73,0,366.27593994140625,631.0343017578125,224.51406860351562,916.1466064453125
416,player,43,1,636.4773559570312,431.4350891113281,543.9273681640625,565.0332641601562
416,player,41,0,994.9305419921875,568.03857421875,687.309326171875,960.3226318359375
416,player,53,0,856.9143676757812,463.6907958984375,681.8729858398438,713.5828247070312
416,player,80,0,322.8861389160156,335.1278076171875,357.34716796875,198.58468627929688
416,player,74,0,871.808349609375,493.53131103515625,659.7973022460938,827.8148193359375
416,player,24,0,1144.20361328125,608.3702392578125,766.489990234375,1067.26171875
417,player,83,0,723.5669555664062,337.7684020996094,701.593994140625,335.84979248046875
417,player,73,0,363.0338134765625,628.3917236328125,222.13571166992188,914.6553955078125
417,player,60,0,516.6121826171875,559.6985473632812,362.6849060058594,818.3964233398438
417,player,65,0,549.684326171875,370.0434265136719,525.3815307617188,373.4317932128906
417,player,43,1,636.3941650390625,429.3515625,544.05126953125,563.9075927734375
417,player,41,0,999.4310913085938,565.3529663085938,692.7080688476562,958.1746826171875
417,player,53,0,861.806884765625,477.5822448730469,681.101806640625,722.3634033203125
417,player,80,0,320.6059265136719,336.4999084472656,354.8540954589844,202.1860809326172
417,player,81,0,888.706787109375,498.033203125,681.79541015625,787.1383056640625
417,player,24,0,1143.677490234375,606.1824951171875,766.9825439453125,1066.051025390625
418,player,65,0,549.3582763671875,367.118408203125,525.3264770507812,372.45086669921875
418,player,60,0,515.5585327148438,560.21923828125,361.55816650390625,819.0919189453125
418,player,83,0,728.0153198242188,339.61724853515625,703.7925415039062,339.5907287597656
418,player,73,0,360.11163330078125,627.88525390625,219.9744415283203,913.11669921875
418,player,43,1,636.955810546875,428.7298889160156,544.47412109375,562.6908569335938
418,player,41,0,1002.9427490234375,567.1779174804688,696.5352172851562,958.2869873046875
418,player,81,0,893.5836791992188,499.13116455078125,682.6161499023438,789.5947265625
418,player,80,0,318.9627380371094,335.51678466796875,352.9720153808594,203.27932739257812
418,player,53,0,862.3914794921875,463.8603515625,685.2767944335938,717.3372802734375
418,player,24,0,1145.640869140625,606.2984619140625,767.7418212890625,1065.5040283203125
419,player,60,0,515.1722412109375,560.8291625976562,360.6023254394531,819.9346923828125
419,player,65,0,549.0767211914062,366.0540771484375,525.5325317382812,370.7249755859375
419,player,83,0,731.174072265625,342.1205139160156,705.2429809570312,344.9422302246094
419,player,73,0,356.4041748046875,628.5994262695312,217.57760620117188,912.2550048828125
419,player,43,1,638.251953125,430.4964904785156,544.5945434570312,563.5679931640625
419,player,41,0,1009.2578125,569.4342651367188,699.9075317382812,960.394775390625
419,player,81,0,880.7279052734375,502.026611328125,678.8217163085938,792.127197265625
419,player,24,0,1145.8055419921875,606.063232421875,768.3497924804688,1065.02099609375
419,player,53,0,864.6971435546875,469.44061279296875,686.76806640625,718.715087890625
419,player,80,0,317.1346130371094,336.2108459472656,351.0068664550781,204.54139709472656
420,player,60,0,513.969970703125,560.9656982421875,359.65069580078125,820.4697875976562
420,player,65,0,547.9317016601562,365.97955322265625,525.3447265625,369.40631103515625
420,player,43,1,639.0009765625,429.37872314453125,545.2142944335938,563.2415161132812
420,player,41,0,1014.29638671875,571.318115234375,702.7772827148438,963.4368896484375
420,player,83,0,732.7489624023438,342.43072509765625,706.553466796875,348.9114074707031
420,player,73,0,351.5760192871094,627.2485961914062,215.08116149902344,910.4271850585938
420,player,53,0,864.802490234375,465.7955322265625,688.975341796875,716.7391357421875
420,player,24,0,1148.849365234375,604.814208984375,769.879638671875,1064.2171630859375
420,player,80,0,316.96026611328125,335.2233581542969,349.923828125,204.2704620361328
420,player,74,0,895.0309448242188,499.9532470703125,668.438232421875,816.78271484375
421,player,43,1,638.971435546875,430.3641357421875,545.3179321289062,563.88330078125
421,player,60,0,512.91552734375,561.4010620117188,358.67730712890625,821.0264282226562
421,player,73,0,346.25531005859375,629.5321044921875,211.84344482421875,910.2373046875
421,player,65,0,547.2522583007812,366.7756042480469,524.7744140625,369.268310546875
421,player,83,0,734.38427734375,342.6934509277344,707.8095703125,351.9397888183594
421,player,53,0,865.7196044921875,462.4661560058594,691.7732543945312,712.8955078125
421,player,41,0,997.004150390625,572.30908203125,700.0286865234375,964.5176391601562
421,player,80,0,315.69879150390625,333.5876770019531,349.24017333984375,202.17422485351562
421,player,24,0,1148.722900390625,605.5919189453125,770.59619140625,1064.1529541015625
421,player,81,0,882.66455078125,505.885986328125,675.65283203125,796.8076171875
422,player,60,0,510.6847839355469,562.6077880859375,357.2361145019531,822.0281372070312
422,player,43,1,639.07275390625,432.77862548828125,544.7035522460938,566.4037475585938
422,player,73,0,340.35205078125,626.7990112304688,208.75338745117188,907.8759765625
422,player,65,0,547.37451171875,366.30352783203125,524.5850219726562,368.7222595214844
422,player,83,0,736.6700439453125,342.92425537109375,709.2427978515625,354.3951110839844
422,player,41,0,1006.4561767578125,576.584228515625,699.2950439453125,968.819580078125
422,player,24,0,1148.221923828125,605.470458984375,770.9790649414062,1063.99462890625
422,player,81,0,889.4072265625,504.01416015625,675.9631958007812,799.1048583984375
422,player,80,0,313.1277160644531,335.2957763671875,347.56781005859375,202.3873291015625
423,player,43,1,638.9266357421875,435.43194580078125,543.4862060546875,570.3164672851562
423,player,60,0,508.11126708984375,562.0136108398438,355.7754821777344,822.0353393554688
423,player,65,0,548.3079833984375,367.1571044921875,524.481201171875,369.31573486328125
423,player,73,0,336.11383056640625,626.2343139648438,205.82232666015625,905.620849609375
423,player,83,0,737.536376953125,342.98248291015625,710.4192504882812,356.1456604003906
423,player,41,0,1012.63427734375,578.825439453125,699.6703491210938,973.600830078125
423,player,24,0,1147.31201171875,604.917724609375,771.1827392578125,1063.479248046875
423,player,81,0,890.486572265625,503.211181640625,676.70458984375,800.106689453125
423,player,80,0,310.8610534667969,334.444091796875,345.9902038574219,201.3487548828125
423,player,53,0,874.110595703125,460.98895263671875,696.3931884765625,710.0385131835938
424,player,43,1,638.471923828125,432.64764404296875,543.3819580078125,570.41162109375
424,player,60,0,506.001220703125,560.3182373046875,354.6439514160156,820.668701171875
424,player,65,0,547.567138671875,368.892578125,523.6610717773438,371.3428649902344
424,player,73,0,330.0902099609375,628.6677856445312,202.1177978515625,905.193359375
424,player,83,0,737.82861328125,343.18365478515625,711.1971435546875,357.52117919921875
424,player,41,0,1019.10107421875,581.1253662109375,700.81689453125,978.7491455078125
424,player,80,0,309.0606689453125,333.53472900390625,344.63275146484375,199.48309326171875
424,player,24,0,1147.4476318359375,603.4425048828125,771.817138671875,1062.2642822265625
424,player,81,0,884.065673828125,504.467529296875,675.0924682617188,801.08056640625
425,player,43,1,637.7896728515625,427.9347229003906,544.5101928710938,566.3088989257812
425,player,60,0,503.8145751953125,560.6512451171875,353.29058837890625,819.8167114257812
425,player,73,0,323.8475341796875,627.8101806640625,198.35484313964844,903.83984375
425,player,65,0,547.988525390625,370.6364440917969,522.7234497070312,374.4283447265625
425,player,41,0,1028.119140625,585.2529296875,702.535400390625,985.5103759765625
425,player,83,0,737.9228515625,343.1347351074219,711.7505493164062,358.3756103515625
425,player,80,0,305.85833740234375,338.91229248046875,341.42291259765625,203.7548828125
425,player,74,0,898.256591796875,487.2166748046875,679.0432739257812,800.346923828125
425,player,24,0,1149.2490234375,603.8764038085938,772.5288696289062,1061.893310546875
425,player,81,0,887.537109375,503.78839111328125,675.1761474609375,801.539306640625
426,player,43,1,637.7518920898438,430.3128356933594,544.53076171875,565.709716796875
426,player,60,0,503.0819396972656,560.3677978515625,352.2847900390625,818.999267578125
426,player,73,0,318.65032958984375,628.457275390625,194.57791137695312,902.9310913085938
426,player,65,0,549.0809326171875,372.3158264160156,521.93115234375,378.20361328125
426,player,41,0,1033.5662841796875,588.1348266601562,704.119140625,992.2010498046875
426,player,80,0,305.5509338378906,339.6090393066406,339.070068359375,207.24948120117188
426,player,74,0,898.9756469726562,481.54656982421875,688.0010375976562,785.4012451171875
426,player,83,0,737.7672119140625,342.36370849609375,712.357177734375,358.1253356933594
426,player,24,0,1150.068603515625,604.5823364257812,772.9656982421875,1062.1497802734375
426,player,81,0,881.12890625,504.34906005859375,673.3604736328125,801.6476440429688
426,ball,-1,-1,1143.769775390625,415.94219970703125,804.0205688476562,649.4423217773438
427,player,43,1,638.1874389648438,432.388916015625,544.056640625,567.164794921875
427,player,73,0,314.3150634765625,628.1974487304688,191.13128662109375,901.8070068359375
427,player,65,0,545.9614868164062,371.1028137207031,520.8505249023438,379.13153076171875
427,player,60,0,501.8889465332031,560.417236328125,351.3210144042969,818.3953857421875
427,player,41,0,1035.0413818359375,588.2619018554688,705.4727783203125,996.7594604492188
427,player,74,0,896.53857421875,480.07232666015625,693.6553344726562,774.3184814453125
427,player,24,0,1149.7431640625,605.5350341796875,772.86767578125,1062.86328125
427,player,80,0,305.2019348144531,339.8773498535156,337.36700439453125,209.77182006835938
427,player,81,0,882.0985107421875,505.37164306640625,672.1151123046875,802.563720703125
427,player,83,0,738.0614013671875,341.83685302734375,713.0440673828125,357.45538330078125
427,ball,-1,-1,1146.2388916015625,413.63580322265625,817.8064575195312,651.1868896484375
428,player,43,1,638.4213256835938,438.2398681640625,542.106201171875,573.170654296875
428,player,80,0,304.2421875,342.168701171875,335.4029235839844,213.76937866210938
428,player,73,0,309.7068786621094,627.5343017578125,187.8931121826172,900.2620849609375
428,player,65,0,543.7056274414062,371.91619873046875,519.22705078125,380.2953796386719
428,player,60,0,501.79510498046875,561.1487426757812,350.5216064453125,818.505126953125
428,player,41,0,1041.67919921875,589.1064453125,707.7277221679688,1000.8353271484375
428,player,74,0,897.0155029296875,476.41131591796875,698.6795654296875,764.3321533203125
428,player,81,0,882.2677001953125,504.6298828125,671.5833740234375,802.6280517578125
428,player,83,0,739.58056640625,341.9149169921875,713.9295654296875,357.2667236328125
428,player,24,0,1147.75732421875,604.6257934570312,772.611083984375,1062.606201171875
428,ball,-1,-1,1147.703125,415.5042724609375,830.3956298828125,653.1875
429,player,43,1,645.2591552734375,435.1885986328125,543.6503295898438,575.1402587890625
429,player,73,0,306.4510803222656,631.5906982421875,184.42483520507812,901.5635986328125
429,player,65,0,539.6129150390625,376.0068054199219,515.722900390625,384.6269836425781
429,player,60,0,495.878173828125,562.2173461914062,348.299072265625,818.791259765625
429,player,80,0,298.9837646484375,352.7699890136719,329.9640197753906,227.04457092285156
429,player,41,0,1041.1378173828125,584.665771484375,710.4169311523438,1000.6415405273438
429,player,83,0,740.2188720703125,345.96771240234375,713.1526489257812,361.3480224609375
429,player,74,0,897.203369140625,475.31195068359375,702.3642578125,757.0062255859375
429,player,24,0,1147.5159912109375,608.2772216796875,771.228759765625,1064.6171875
429,player,81,0,879.55908203125,507.38531494140625,669.659912109375,804.4439697265625
429,ball,-1,-1,1151.55078125,398.9327392578125,843.94482421875,651.8687133789062
430,player,43,1,643.8817749023438,440.12835693359375,542.8236083984375,580.5133056640625
430,player,60,0,495.520751953125,558.9328002929688,347.431396484375,816.6499633789062
430,player,83,0,739.2891845703125,343.25848388671875,713.3954467773438,361.1393737792969
430,player,65,0,539.7678833007812,370.4900207519531,515.1455688476562,382.0419616699219
430,player,73,0,305.79345703125,630.2183837890625,182.21347045898438,901.4820556640625
430,player,80,0,299.6797790527344,345.7453918457031,328.320556640625,228.32040405273438
430,player,41,0,1050.1910400390625,589.4500122070312,712.9281005859375,1004.32080078125
430,player,74,0,898.4713134765625,474.1756896972656,705.4847412109375,751.483642578125
430,player,81,0,880.1553955078125,507.25921630859375,668.6061401367188,805.587646484375
430,player,24,0,1145.346923828125,605.4560546875,770.697509765625,1064.03857421875
430,ball,-1,-1,1147.873779296875,400.0354309082031,856.04931640625,650.7877197265625
431,player,43,1,645.089599609375,436.136474609375,543.7907104492188,580.7108154296875
431,player,83,0,740.0463256835938,342.04217529296875,714.2528686523438,359.8428039550781
431,player,60,0,493.88629150390625,559.081298828125,346.4258728027344,815.21533203125
431,player,81,0,879.4044189453125,515.4230346679688,665.1923828125,812.2163696289062
431,player,73,0,302.061279296875,627.6481323242188,180.26251220703125,899.474365234375
431,player,74,0,900.167724609375,474.08392333984375,708.0044555664062,747.9867553710938
431,player,41,0,1052.0325927734375,590.0341796875,714.8339233398438,1007.2393798828125
431,player,80,0,297.39447021484375,347.4669494628906,326.1380920410156,230.73101806640625
431,player,65,0,538.2572631835938,370.13409423828125,514.4249267578125,379.8489990234375
431,player,24,0,1144.6795654296875,597.677978515625,772.670166015625,1058.88134765625
431,ball,-1,-1,1144.48486328125,386.16912841796875,868.4281005859375,646.9154663085938
432,player,43,1,646.2920532226562,437.7630920410156,544.2804565429688,582.354248046875
432,player,81,0,879.548095703125,520.6090087890625,661.4219360351562,820.277587890625
432,player,73,0,301.3569030761719,628.2077026367188,178.7459716796875,898.4669189453125
432,player,83,0,739.3773803710938,342.762939453125,714.3275146484375,359.6641845703125
432,player,60,0,492.26397705078125,558.9158935546875,345.3975830078125,814.021240234375
432,player,41,0,1055.2786865234375,593.5345458984375,715.7991333007812,1011.603515625
432,player,65,0,536.4256591796875,368.3431396484375,513.947265625,376.45477294921875
432,player,74,0,900.1528930664062,473.05255126953125,709.9857177734375,744.908935546875
432,player,80,0,295.1916809082031,347.870849609375,323.9481506347656,232.48641967773438
432,player,24,0,1143.813232421875,590.8760375976562,775.9345092773438,1051.27294921875
432,ball,-1,-1,1143.5667724609375,379.7510986328125,880.4476318359375,642.009765625
433,player,43,1,647.54541015625,439.48016357421875,544.4481201171875,585.0152587890625
433,player,81,0,878.8856201171875,526.0926513671875,657.134765625,829.3731079101562
433,player,73,0,300.15948486328125,628.7096557617188,177.40325927734375,898.03076171875
433,player,60,0,490.6033935546875,559.4269409179688,344.2078552246094,813.4540405273438
433,player,83,0,739.8331298828125,343.04058837890625,714.4102172851562,359.88189697265625
433,player,65,0,533.15576171875,368.7498779296875,512.5327758789062,374.3025207519531
433,player,74,0,899.9593505859375,472.37103271484375,711.450927734375,742.35791015625
433,player,41,0,1053.7264404296875,592.7513427734375,716.2852172851562,1013.817138671875
433,player,80,0,293.4532470703125,347.4736328125,322.0867004394531,233.01625061035156
433,player,24,0,1142.1844482421875,588.1776123046875,778.53271484375,1044.512939453125
433,ball,-1,-1,1142.5478515625,374.9835205078125,891.9566650390625,636.4793701171875
434,player,43,1,649.1950073242188,431.42755126953125,547.392822265625,579.9876708984375
434,player,73,0,298.80010986328125,629.562255859375,176.08489990234375,898.1754150390625
434,player,81,0,876.7797241210938,532.010498046875,652.0272216796875,839.2771606445312
434,player,65,0,530.99853515625,370.37432861328125,510.4796447753906,374.2815856933594
434,player,60,0,489.95245361328125,558.639892578125,343.42999267578125,812.4751586914062
434,player,83,0,740.2716064453125,344.4060974121094,714.0768432617188,361.4649353027344
434,player,74,0,900.28515625,471.95330810546875,712.6329956054688,740.4051513671875
434,player,41,0,1055.137451171875,592.4912109375,717.0263671875,1015.217529296875
434,player,80,0,290.9324645996094,348.507568359375,319.85931396484375,234.18301391601562
434,player,24,0,1141.2886962890625,583.7216186523438,781.4557495117188,1037.2628173828125
434,ball,-1,-1,1139.272705078125,366.7342529296875,903.2315063476562,629.5711669921875
435,player,43,1,644.7733154296875,427.92901611328125,549.0969848632812,573.233154296875
435,player,73,0,298.2904052734375,627.5899047851562,175.39102172851562,896.9676513671875
435,player,65,0,529.1671142578125,372.69061279296875,507.90692138671875,376.35748291015625
435,player,81,0,878.15625,536.622802734375,647.68994140625,849.0742797851562
435,player,83,0,740.3746337890625,344.827880859375,713.7307739257812,362.934814453125
435,player,60,0,488.8531494140625,557.5675659179688,342.86468505859375,810.987060546875
435,player,41,0,1054.802001953125,592.1665649414062,717.5250854492188,1015.8961791992188
435,player,74,0,900.4397583007812,472.3663024902344,713.3038940429688,739.473388671875
435,player,80,0,290.0426330566406,350.42169189453125,317.68743896484375,236.86981201171875
435,player,24,0,1141.369384765625,582.697509765625,783.7115478515625,1031.916015625
435,ball,-1,-1,1144.705322265625,378.12725830078125,912.7210693359375,625.7437133789062
436,player,43,1,643.2051391601562,429.0386962890625,549.430908203125,569.651611328125
436,player,73,0,296.02984619140625,628.8079223632812,174.22767639160156,896.7685546875
436,player,65,0,526.5554809570312,375.33074951171875,504.67413330078125,380.02099609375
436,player,83,0,740.042724609375,345.96307373046875,712.9710693359375,365.0083312988281
436,player,74,0,900.342041015625,472.2447509765625,713.7544555664062,738.7633056640625
436,player,81,0,880.4779052734375,538.435302734375,644.9296875,856.918212890625
436,player,41,0,1055.1219482421875,592.2498779296875,717.9022216796875,1016.417236328125
436,player,60,0,488.5577392578125,558.194580078125,342.2958984375,810.4337158203125
436,player,80,0,289.1719970703125,350.4281005859375,316.00823974609375,238.5283660888672
436,player,24,0,1140.95068359375,580.1646118164062,785.9071655273438,1026.81298828125
436,ball,-1,-1,1130.5616455078125,347.1646728515625,923.9439697265625,615.2286987304688
437,player,73,0,291.63372802734375,628.9739990234375,172.4038543701172,896.3721923828125
437,player,43,1,645.0985717773438,420.3442687988281,552.7896728515625,559.8829956054688
437,player,65,0,525.47802734375,373.6365966796875,502.7510986328125,380.62603759765625
437,player,74,0,899.6995849609375,471.6236572265625,714.0823974609375,737.7542724609375
437,player,83,0,739.9869384765625,346.1434326171875,712.3914794921875,366.5331726074219
437,player,41,0,1054.7200927734375,592.794921875,717.8823852539062,1017.0601806640625
437,player,81,0,880.6260986328125,542.4698486328125,641.9835205078125,864.82763671875
437,player,60,0,487.0074768066406,557.6531372070312,341.64520263671875,809.5543212890625
437,player,80,0,288.05474853515625,350.4280700683594,314.575439453125,239.48492431640625
437,player,24,0,1138.50390625,577.1893920898438,787.7096557617188,1021.4019775390625
437,ball,-1,-1,1126.639404296875,337.0683288574219,935.1655883789062,603.1941528320312
438,player,73,0,290.1134948730469,627.6151733398438,171.05105590820312,895.117431640625
438,player,74,0,899.79296875,469.434326171875,715.0625,735.392578125
438,player,65,0,524.9698486328125,372.1437072753906,501.7906799316406,379.49603271484375
438,player,43,1,645.7447509765625,415.528564453125,556.6203002929688,549.3173828125
438,player,83,0,739.7647705078125,345.94403076171875,712.0223388671875,367.2975158691406
438,player,41,0,1055.0145263671875,591.7677612304688,718.2554931640625,1016.8639526367188
438,player,60,0,485.27294921875,557.14453125,340.887939453125,808.468994140625
438,player,81,0,877.765625,545.6747436523438,638.4002685546875,871.9169921875
438,player,80,0,286.92388916015625,351.02081298828125,313.15972900390625,240.60951232910156
438,player,87,-1,1139.552490234375,437.226806640625,941.6083374023438,725.1991577148438
438,ball,-1,-1,1124.5277099609375,317.6314697265625,947.6639404296875,587.574951171875
439,player,74,0,899.661376953125,469.2183837890625,715.737060546875,733.6751708984375
439,player,43,1,644.9454345703125,419.2303771972656,557.756103515625,545.6632690429688
439,player,65,0,523.6759643554688,373.16015625,500.479248046875,379.624755859375
439,player,73,0,285.5302429199219,627.8275146484375,169.05221557617188,894.048583984375
439,player,83,0,739.45263671875,345.4608154296875,711.8704223632812,367.2690734863281
439,player,41,0,1054.68994140625,591.799560546875,718.4087524414062,1016.727783203125
439,player,60,0,484.6434326171875,556.872314453125,340.2919921875,807.5153198242188
439,player,81,0,879.65673828125,547.3031005859375,636.0780029296875,877.8145751953125
439,player,80,0,285.87017822265625,352.14471435546875,311.65521240234375,242.4105682373047
439,player,24,0,1140.3939208984375,572.5369262695312,790.8966064453125,1015.0980834960938
439,ball,-1,-1,854.1766357421875,396.8398132324219,932.1885986328125,584.0132446289062
440,player,74,0,899.020751953125,469.2615966796875,715.986083984375,732.530517578125
440,player,65,0,522.5240478515625,374.6485900878906,498.8446960449219,381.0482177734375
440,player,73,0,281.67303466796875,628.2476806640625,166.77706909179688,893.295166015625
440,player,41,0,1054.80859375,591.7440185546875,718.554443359375,1016.6150512695312
440,player,60,0,483.190673828125,556.5543823242188,339.6025085449219,806.540771484375
440,player,83,0,738.8502197265625,347.2230529785156,710.916748046875,368.9735107421875
440,player,80,0,283.948486328125,350.83203125,310.397216796875,241.9886474609375
440,player,43,1,649.1998901367188,419.927001953125,559.497802734375,544.3381958007812
440,player,81,0,877.2958374023438,548.0545654296875,633.7494506835938,881.9483642578125
440,player,24,0,1140.8299560546875,569.7979736328125,793.9929809570312,1009.2894287109375
440,ball,-1,-1,854.3388061523438,396.943603515625,917.9532470703125,580.7617797851562
441,player,65,0,521.8245239257812,374.91064453125,497.4966735839844,382.15618896484375
441,player,80,0,281.916259765625,350.584716796875,309.01654052734375,241.23233032226562
441,player,74,0,898.3820190429688,468.4642333984375,716.244384765625,731.0977783203125
441,player,41,0,1056.8206787109375,590.8736572265625,719.4092407226562,1016.1749267578125
441,player,73,0,279.0142517089844,626.7822875976562,164.87258911132812,891.6412353515625
441,player,60,0,483.4053649902344,556.1591796875,339.2882385253906,805.6481323242188
441,player,83,0,738.9612426757812,347.49261474609375,710.2286987304688,370.3665771484375
441,player,43,1,654.4490966796875,414.1502685546875,563.9002075195312,538.8704833984375
441,player,81,0,875.8494873046875,548.3031005859375,631.7960205078125,884.6741943359375
441,player,24,0,1139.1807861328125,570.3724365234375,795.4013671875,1005.7344970703125
441,ball,-1,-1,854.6594848632812,397.6556091308594,904.81689453125,577.9252319335938
442,player,74,0,897.9119873046875,468.65509033203125,716.21923828125,730.2708740234375
442,player,80,0,280.5859069824219,350.8899841308594,307.641845703125,240.91859436035156
442,player,43,1,655.2921142578125,412.46722412109375,567.5241088867188,533.8944091796875
442,player,65,0,521.130126953125,375.6260070800781,496.2037353515625,383.50360107421875
442,player,73,0,274.62152099609375,625.82275390625,162.72421264648438,889.5769653320312
442,player,41,0,1056.241943359375,591.197998046875,719.7234497070312,1016.0406494140625
442,player,60,0,482.2294921875,556.5001220703125,338.7186279296875,805.202392578125
442,player,83,0,738.6066284179688,348.8296203613281,709.1666259765625,372.58544921875
442,player,81,0,876.46875,548.2203979492188,630.707763671875,886.445556640625
442,ball,-1,-1,854.7601318359375,398.879638671875,892.6331176757812,575.570556640625
443,player,74,0,897.47998046875,468.6622314453125,716.0825805664062,729.6969604492188
443,player,41,0,1057.4091796875,590.865966796875,720.3158569335938,1015.848388671875
443,player,43,1,656.0155029296875,408.7808837890625,571.2340698242188,527.41357421875
443,player,65,0,520.1162109375,374.9252624511719,495.26629638671875,383.58514404296875
443,player,80,0,280.0006103515625,350.8933410644531,306.56878662109375,240.65460205078125
443,player,60,0,481.4855041503906,556.7428588867188,338.11187744140625,805.0167236328125
443,player,83,0,738.884765625,348.9486083984375,708.5164794921875,374.17822265625
443,player,73,0,268.6528625488281,625.3148193359375,159.9777069091797,887.4010620117188
443,player,81,0,875.0144653320312,548.1329345703125,629.6559448242188,887.4051513671875
443,player,24,0,1138.0009765625,567.1021728515625,797.11865234375,1001.2200927734375
443,ball,-1,-1,854.5655517578125,402.54693603515625,881.0978393554688,574.1527709960938
444,player,74,0,897.9100341796875,468.4632263183594,716.1787109375,729.209228515625
444,player,41,0,1058.00830078125,591.6640625,720.6032104492188,1016.2738037109375
444,player,65,0,520.5443115234375,374.6640625,494.8612060546875,383.4273986816406
444,player,43,1,661.0927734375,407.83917236328125,575.406005859375,522.8712768554688
444,player,60,0,480.5054931640625,557.1583251953125,337.38690185546875,805.1004638671875
444,player,80,0,278.75927734375,349.956787109375,305.7095031738281,239.35797119140625
444,player,83,0,738.7662353515625,349.729248046875,707.7628173828125,375.9881591796875
444,player,73,0,263.2148742675781,627.0443115234375,156.65914916992188,886.6361083984375
444,player,81,0,874.935546875,547.8009643554688,629.0484619140625,887.7943725585938
444,player,24,0,1137.290771484375,566.8197021484375,798.1519775390625,998.0404052734375
444,ball,-1,-1,854.223876953125,403.708984375,870.3639526367188,573.077880859375
445,player,74,0,900.6405029296875,467.3251037597656,717.3739013671875,728.26220703125
445,player,65,0,520.0931396484375,374.2283935546875,494.591064453125,382.84930419921875
445,player,41,0,1059.4464111328125,590.2939453125,721.5634765625,1015.8212890625
445,player,60,0,477.9725341796875,557.1051025390625,336.2879333496094,804.8895263671875
445,player,43,1,664.060546875,406.9208679199219,579.2642822265625,519.3923950195312
445,player,80,0,276.0596923828125,352.2063293457031,303.80670166015625,240.59735107421875
445,player,83,0,738.493896484375,349.73760986328125,707.1864013671875,377.14337158203125
445,player,81,0,873.9024658203125,547.2359619140625,628.5546875,887.5662841796875
445,player,73,0,257.0501708984375,627.5970458984375,152.96078491210938,885.97021484375
445,player,24,0,1136.096923828125,565.12841796875,799.0936279296875,994.7762451171875
445,ball,-1,-1,854.205810546875,403.78607177734375,860.4810180664062,572.1043090820312
446,player,74,0,901.568115234375,466.38800048828125,718.7241821289062,726.9981079101562
446,player,65,0,519.16796875,373.35089111328125,494.39678955078125,381.51263427734375
446,player,41,0,1061.36376953125,588.5545654296875,723.1946411132812,1014.6072998046875
446,player,60,0,476.8968505859375,557.7320556640625,335.1770324707031,805.096923828125
446,player,80,0,274.48687744140625,351.4529113769531,302.2635498046875,240.43765258789062
446,player,43,1,668.0673828125,406.23211669921875,583.1486206054688,516.919189453125
446,player,24,0,1135.5252685546875,564.7874755859375,799.6771240234375,992.3831176757812
446,player,83,0,739.2064208984375,350.1682434082031,706.867431640625,378.40576171875
446,player,81,0,873.4296875,548.4737548828125,627.7548828125,888.22314453125
446,player,73,0,253.59982299804688,627.0940551757812,149.80508422851562,884.92138671875
446,ball,-1,-1,854.2030029296875,404.69647216796875,851.3114013671875,571.3942260742188
447,player,74,0,900.9889526367188,466.56170654296875,719.3841552734375,726.257080078125
447,player,65,0,518.707275390625,374.06158447265625,493.92449951171875,381.2935791015625
447,player,41,0,1060.243896484375,588.3154907226562,724.0533447265625,1013.5701293945312
447,player,60,0,476.8816833496094,557.6795654296875,334.4616394042969,805.1934814453125
447,player,43,1,672.683837890625,404.83770751953125,587.4533081054688,514.5210571289062
447,player,80,0,273.2012023925781,351.0740051269531,300.9552307128906,239.79409790039062
447,player,24,0,1133.78076171875,566.5851440429688,799.0146484375,991.8314208984375
447,player,83,0,739.2388916015625,350.23150634765625,706.6461181640625,379.29351806640625
447,player,81,0,872.982421875,548.2723388671875,627.1795654296875,888.4716796875
447,player,73,0,250.96420288085938,622.5617065429688,147.74276733398438,881.0917358398438
447,ball,-1,-1,854.236572265625,404.690185546875,842.8780517578125,570.7404174804688
448,player,74,0,899.84423828125,466.38702392578125,719.559814453125,725.5260009765625
448,player,65,0,518.7861328125,374.38861083984375,493.54522705078125,381.48077392578125
448,player,41,0,1058.7156982421875,586.6597900390625,724.7468872070312,1011.7225341796875
448,player,60,0,473.0621337890625,558.3411865234375,332.9027099609375,805.3782958984375
448,player,43,1,674.3902587890625,407.3292236328125,589.9509887695312,515.3978271484375
448,player,73,0,244.00341796875,622.071533203125,144.80738830566406,877.69140625
448,player,80,0,272.1115417480469,351.2629089355469,299.72882080078125,239.45697021484375
448,player,83,0,739.0372924804688,347.833251953125,707.3469848632812,377.42767333984375
448,player,81,0,871.638427734375,547.7847900390625,626.6049194335938,888.17724609375
448,player,24,0,1132.63916015625,567.2197265625,798.0853881835938,991.779541015625
448,ball,-1,-1,853.892578125,405.8173828125,835.001220703125,570.3602905273438
449,player,74,0,898.7289428710938,465.720703125,719.596435546875,724.415771484375
449,player,65,0,519.1016845703125,375.2054138183594,493.15374755859375,382.4372863769531
449,player,60,0,471.3365173339844,558.5188598632812,331.41961669921875,805.46826171875
449,player,43,1,675.8446044921875,405.58453369140625,592.5514526367188,514.53662109375
449,player,73,0,239.38194274902344,622.5458984375,141.73248291015625,875.394775390625
449,player,41,0,1057.23876953125,586.4168090820312,724.9090576171875,1010.2389526367188
449,player,83,0,738.8194580078125,350.05126953125,706.8974609375,378.4305725097656
449,player,81,0,869.49609375,546.9414672851562,625.9302978515625,887.212890625
449,player,80,0,271.40240478515625,352.5621337890625,298.41778564453125,240.53128051757812
449,player,24,0,1130.213134765625,566.7378540039062,797.0352783203125,991.2185668945312
449,ball,-1,-1,853.40185546875,406.55853271484375,827.659423828125,570.149658203125
450,player,43,1,678.0042114257812,404.52947998046875,595.205078125,513.2410888671875
450,player,60,0,467.705078125,558.9024047851562,329.46563720703125,805.4700927734375
450,player,74,0,897.74755859375,466.761962890625,718.9967651367188,724.420654296875
450,player,65,0,519.8867797851562,374.819091796875,493.2464904785156,382.7635498046875
450,player,73,0,235.27227783203125,623.9151611328125,138.57077026367188,874.4387817382812
450,player,41,0,1055.63671875,585.6141357421875,724.8677978515625,1008.6285400390625
450,player,80,0,269.4367370605469,350.4743347167969,297.44354248046875,238.81182861328125
450,player,81,0,867.6876220703125,547.0551147460938,624.9986572265625,886.499755859375
450,player,83,0,738.05078125,354.05615234375,704.866943359375,383.01690673828125
450,player,24,0,1129.6845703125,564.69580078125,796.9048461914062,989.4883422851562
450,ball,-1,-1,853.2770385742188,406.4997253417969,820.9017333984375,569.9409790039062
451,player,43,1,679.622802734375,405.1947021484375,597.1852416992188,513.17041015625
451,player,73,0,230.8896484375,622.8995361328125,135.60533142089844,872.7861328125
451,player,65,0,521.5439453125,373.6107177734375,494.156005859375,381.96502685546875
451,player,60,0,467.0020751953125,558.2068481445312,328.1560363769531,804.9189453125
451,player,74,0,895.6441650390625,467.3038635253906,717.847900390625,724.646240234375
451,player,83,0,739.2635498046875,350.62432861328125,705.205322265625,382.6888732910156
451,player,41,0,1056.5390625,584.854736328125,725.2984008789062,1007.1826171875
451,player,80,0,268.19805908203125,350.2657165527344,296.4796142578125,237.33871459960938
451,player,81,0,868.29345703125,547.8035888671875,624.3311767578125,886.604736328125
451,player,24,0,1128.91943359375,565.4622192382812,796.3710327148438,988.79052734375
451,ball,-1,-1,852.8743286132812,407.65570068359375,814.5606689453125,569.9739990234375
452,player,73,0,226.545166015625,623.040283203125,132.62286376953125,871.4330444335938
452,player,83,0,739.161376953125,349.5223388671875,705.8096313476562,381.3544921875
452,player,43,1,680.0150146484375,404.17572021484375,598.9133911132812,512.2388916015625
452,player,65,0,521.3312377929688,373.9750671386719,494.57659912109375,381.7814636230469
452,player,60,0,465.89892578125,558.5155029296875,326.96612548828125,804.6787109375
452,player,74,0,892.865966796875,465.3575439453125,717.0031127929688,722.9848022460938
452,player,80,0,267.17449951171875,352.12310791015625,295.116943359375,238.23291015625
452,player,24,0,1127.422607421875,566.161865234375,795.4146118164062,988.6547241210938
452,player,41,0,1057.330322265625,580.785888671875,727.038330078125,1003.7383422851562
452,player,81,0,868.6640625,549.0352783203125,623.6364135742188,887.5501708984375
452,ball,-1,-1,852.0531005859375,407.72747802734375,808.6665649414062,569.9995727539062
453,player,73,0,221.20135498046875,623.8087158203125,129.30938720703125,870.5966796875
453,player,43,1,682.507080078125,402.20953369140625,601.3941650390625,510.0989990234375
453,player,83,0,738.78662109375,350.50396728515625,705.717529296875,381.4352722167969
453,player,65,0,520.2022094726562,374.5979309082031,494.33026123046875,382.1537780761719
453,player,60,0,463.8026123046875,558.1630859375,325.7343444824219,804.086181640625
453,player,74,0,892.3485107421875,466.66778564453125,715.8673706054688,722.8900146484375
453,player,41,0,1057.1533203125,578.9204711914062,728.7081298828125,1000.2978515625
453,player,81,0,867.6724853515625,549.025146484375,622.935791015625,888.06787109375
453,player,24,0,1126.07958984375,567.0892333984375,794.146728515625,989.04443359375
453,player,80,0,265.67218017578125,354.666015625,293.19720458984375,241.326904296875
453,ball,-1,-1,852.3836669921875,409.0152587890625,803.1576538085938,570.2914428710938
454,player,43,1,682.9526977539062,403.577880859375,602.693603515625,510.001708984375
454,player,74,0,890.4779052734375,466.99810791015625,714.5059204101562,722.9069213867188
454,player,65,0,521.8958740234375,376.35882568359375,494.1591491699219,384.30023193359375
454,player,60,0,461.648193359375,557.5003662109375,324.5215148925781,803.0404663085938
454,player,83,0,738.209228515625,351.7239685058594,705.0221557617188,382.65130615234375
454,player,73,0,216.21853637695312,624.37158203125,125.89503479003906,869.99365234375
454,player,41,0,1058.4947509765625,582.5711059570312,728.986328125,1000.49755859375
454,player,80,0,266.00311279296875,355.74658203125,291.80609130859375,244.50662231445312
454,player,24,0,1124.29638671875,569.992919921875,791.9107666015625,991.0052490234375
454,player,81,0,876.4861450195312,536.410400390625,628.41455078125,880.48681640625
454,ball,-1,-1,852.032470703125,408.90472412109375,798.0755615234375,570.5294189453125
455,player,43,1,684.958740234375,398.98980712890625,605.6109008789062,505.950439453125
455,player,65,0,521.587890625,377.3486328125,493.66693115234375,386.62957763671875
455,player,74,0,888.7261352539062,466.6116027832031,713.2730102539062,722.4420776367188
455,player,60,0,458.3092346191406,555.51953125,323.2809753417969,800.6611328125
455,player,73,0,212.000732421875,623.0455932617188,122.84127044677734,868.3822021484375
455,player,83,0,737.9873046875,354.6439208984375,703.4091186523438,386.3404541015625
455,player,80,0,264.48602294921875,356.4700927734375,290.2783203125,247.16661071777344
455,player,41,0,1059.890625,582.297607421875,729.5972900390625,1000.5773315429688
455,player,24,0,1120.99951171875,568.3116455078125,790.191162109375,990.905517578125
455,ball,-1,-1,851.3822021484375,409.06719970703125,793.343505859375,570.7659301757812
456,player,73,0,209.44390869140625,622.3479614257812,120.33599853515625,866.6633911132812
456,player,43,1,687.2711181640625,399.98297119140625,607.8563232421875,504.4681396484375
456,player,74,0,886.912841796875,466.20867919921875,712.1121826171875,721.644775390625
456,player,65,0,521.9495849609375,379.07720947265625,492.9505615234375,389.86566162109375
456,player,60,0,457.9764404296875,554.41748046875,322.6075439453125,798.303955078125
456,player,24,0,1117.5020751953125,572.5697631835938,786.79345703125,993.2596435546875
456,player,80,0,262.58734130859375,358.6151123046875,288.229248046875,250.92922973632812
456,player,41,0,1060.0345458984375,581.58349609375,730.252685546875,1000.1896362304688
456,player,83,0,737.9747314453125,355.8195495605469,701.91845703125,389.90887451171875
456,ball,-1,-1,851.0869750976562,408.46783447265625,789.0208129882812,570.8553466796875
457,player,43,1,689.426513671875,398.477783203125,610.4360961914062,502.34686279296875
457,player,73,0,206.1352081298828,621.701904296875,118.00052642822266,864.843505859375
457,player,65,0,522.8160400390625,379.01995849609375,492.7589111328125,392.00506591796875
457,player,74,0,885.0267333984375,465.93536376953125,710.9341430664062,720.7264404296875
457,player,60,0,461.1533203125,551.3893432617188,323.57257080078125,794.906494140625
457,player,24,0,1117.159912109375,575.1914672851562,783.6397705078125,996.431396484375
457,player,80,0,260.68328857421875,358.823974609375,286.27410888671875,253.38717651367188
457,player,41,0,1062.799072265625,574.8692016601562,733.4733276367188,995.904052734375
457,player,83,0,735.3966674804688,356.300537109375,699.9865112304688,392.427978515625
457,ball,-1,-1,852.5054931640625,409.0732421875,785.0867309570312,571.0933837890625
458,player,43,1,692.8636474609375,403.52984619140625,611.4608764648438,505.94293212890625
458,player,65,0,522.6864624023438,380.93157958984375,492.0400390625,395.2372741699219
458,player,73,0,203.05831909179688,622.342041015625,115.66633605957031,863.8150634765625
458,player,74,0,884.9389038085938,465.93817138671875,710.1434326171875,720.1231689453125
458,player,60,0,460.50811767578125,551.0850830078125,324.09686279296875,792.4230346679688
458,player,24,0,1117.125,581.720947265625,779.4556884765625,1002.622314453125
458,player,41,0,1063.594970703125,570.0396728515625,737.298583984375,990.0826416015625
458,player,83,0,736.779052734375,362.32666015625,696.9251708984375,400.17279052734375
458,player,80,0,260.1919250488281,359.4396667480469,284.71771240234375,255.57257080078125
458,ball,-1,-1,852.8085327148438,409.440673828125,781.45654296875,571.3937377929688
459,player,73,0,200.6441650390625,623.4053955078125,113.4383544921875,863.632568359375
459,player,43,1,697.693603515625,410.50701904296875,611.2608642578125,515.0794067382812
459,player,74,0,884.4548950195312,466.1865234375,709.4132690429688,719.8803100585938
459,player,65,0,523.426025390625,380.7625732421875,491.8410949707031,397.25250244140625
459,player,60,0,455.3914794921875,551.6429443359375,323.03131103515625,790.743896484375
459,player,80,0,260.172607421875,361.942626953125,283.14599609375,259.5872802734375
459,player,83,0,737.2880249023438,367.0960693359375,693.345947265625,409.92529296875
459,player,24,0,1116.3994140625,583.8761596679688,775.8603515625,1007.9367065429688
459,player,41,0,1061.404541015625,576.10400390625,737.3167114257812,990.0010986328125
459,player,81,0,867.5911865234375,519.3692626953125,634.7779541015625,862.6505737304688
459,ball,-1,-1,852.9742431640625,410.2032775878906,778.0637817382812,571.8278198242188
460,player,73,0,197.6302947998047,622.9525146484375,111.32857513427734,862.962646484375
460,player,43,1,699.476318359375,400.7486267089844,614.82861328125,512.3673706054688
460,player,74,0,882.7879638671875,464.81591796875,708.9454956054688,718.474365234375
460,player,60,0,455.41168212890625,550.4673461914062,322.57611083984375,788.8157958984375
460,player,65,0,524.0653686523438,380.7467041015625,491.90594482421875,398.6145324707031
460,player,83,0,735.6033935546875,366.59564208984375,690.694580078125,415.59674072265625
460,player,80,0,259.53125,362.00164794921875,281.917724609375,262.1889953613281
460,player,24,0,1116.576904296875,587.8630981445312,772.2857666015625,1013.8992309570312
460,player,41,0,1064.2142333984375,577.3389892578125,737.636962890625,990.9859619140625
460,player,53,0,863.818115234375,540.1793823242188,671.806396484375,766.2346801757812
460,ball,-1,-1,853.4069213867188,409.9669189453125,774.99072265625,572.1896362304688
461,player,73,0,193.9801025390625,622.4761352539062,109.14627075195312,861.9060668945312
461,player,74,0,882.3447265625,463.9985656738281,708.79638671875,716.8684692382812
461,player,43,1,701.756591796875,389.974853515625,621.40478515625,500.8924560546875
461,player,65,0,523.0534057617188,384.0140380859375,490.7022399902344,402.548828125
461,player,60,0,456.10247802734375,549.6633911132812,322.61456298828125,787.0505981445312
461,player,83,0,734.9713745117188,365.7784423828125,689.0782470703125,418.4186096191406
461,player,80,0,258.9543762207031,362.896728515625,280.7480773925781,264.743408203125
461,player,41,0,1070.284423828125,577.75634765625,739.2196044921875,992.429931640625
461,player,24,0,1116.3544921875,589.6478271484375,769.336669921875,1018.8658447265625
461,ball,-1,-1,852.8607177734375,410.386962890625,772.0923461914062,572.5944213867188
462,player,73,0,192.84384155273438,620.7832641601562,107.6688461303711,860.01806640625
462,player,74,0,880.7838134765625,463.85791015625,708.3193359375,715.5604248046875
462,player,43,1,702.5511474609375,393.4678955078125,624.7384643554688,496.76513671875
462,player,83,0,734.779296875,368.021484375,687.1552734375,422.4163818359375
462,player,60,0,457.4071044921875,547.276123046875,323.4453125,784.3114624023438
462,player,65,0,522.032958984375,384.18707275390625,489.56842041015625,405.16534423828125
462,player,80,0,258.0107421875,364.1243896484375,279.4337158203125,267.5689392089844
462,player,41,0,1075.685546875,578.3943481445312,741.3861083984375,994.2528076171875
462,player,24,0,1113.7822265625,589.8656616210938,766.7183837890625,1022.0038452148438
462,ball,-1,-1,852.8187866210938,410.1980895996094,769.4389038085938,572.927734375
463,player,73,0,191.8226318359375,620.3373413085938,106.52041625976562,858.4122314453125
463,player,83,0,735.284912109375,371.6890869140625,684.7328491210938,428.61895751953125
463,player,43,1,703.94287109375,395.91064453125,626.49560546875,496.4855651855469
463,player,74,0,879.9217529296875,463.55908203125,707.8740234375,714.388427734375
463,player,60,0,456.89105224609375,546.0578002929688,324.09710693359375,781.60888671875
463,player,65,0,521.5625,384.3353271484375,488.64971923828125,406.959228515625
463,player,41,0,1087.4332275390625,578.413818359375,745.7012329101562,996.4901123046875
463,player,80,0,257.3384094238281,363.5279541015625,278.5075988769531,268.718505859375
463,player,24,0,1117.80078125,588.3346557617188,766.4935302734375,1023.444091796875
463,player,53,0,860.569091796875,575.15283203125,645.1251220703125,826.0693969726562
463,ball,-1,-1,851.6553955078125,411.1524658203125,766.84130859375,573.3993530273438
464,player,73,0,191.65293884277344,619.9163818359375,105.78617858886719,857.07861328125
464,player,74,0,878.1376953125,463.0216064453125,707.2770385742188,713.0245971679688
464,player,60,0,458.1856994628906,543.389892578125,325.38470458984375,778.0467529296875
464,player,65,0,524.48486328125,377.48150634765625,490.90869140625,401.7943420410156
464,player,83,0,733.8428955078125,375.0179443359375,681.5343017578125,435.6968688964844
464,player,43,1,706.5690307617188,398.9650573730469,627.38623046875,499.384521484375
464,player,41,0,1085.8197021484375,577.3073120117188,748.4593505859375,997.0980224609375
464,player,80,0,256.586181640625,363.38128662109375,277.7110290527344,269.23370361328125
464,player,24,0,1115.11083984375,588.554931640625,765.615234375,1024.28125
464,player,53,0,853.511962890625,574.99169921875,626.0724487304688,864.230224609375
464,ball,-1,-1,851.21533203125,410.22900390625,764.499755859375,573.6369018554688
465,player,73,0,189.87710571289062,618.9998168945312,104.99908447265625,855.4598388671875
465,player,60,0,458.3614807128906,540.029296875,326.94342041015625,773.3125
465,player,74,0,875.2943115234375,463.26092529296875,706.0285034179688,712.0506591796875
465,player,65,0,525.459228515625,376.6828918457031,492.90106201171875,397.760986328125
465,player,41,0,1086.31787109375,578.578857421875,749.9696044921875,998.3455810546875
465,player,43,1,710.79833984375,403.0716552734375,627.83203125,505.4539794921875
465,player,83,0,732.6753540039062,380.50238037109375,677.161865234375,445.3997802734375
465,player,80,0,256.02593994140625,363.4845275878906,277.00177001953125,269.6150207519531
465,player,24,0,1134.62744140625,588.9486694335938,769.7164916992188,1026.783447265625
465,player,53,0,856.8905639648438,574.2418212890625,614.73291015625,888.8425903320312
465,ball,-1,-1,850.706298828125,410.69317626953125,762.2731323242188,573.9370727539062
466,player,73,0,186.82669067382812,618.57568359375,103.81047821044922,853.8687744140625
466,player,60,0,458.3868408203125,539.4991455078125,328.0701904296875,769.8521728515625
466,player,74,0,873.2132568359375,463.97198486328125,704.4072265625,711.7799682617188
466,player,65,0,525.35009765625,376.7154541015625,494.1540832519531,395.1595458984375
466,player,80,0,256.2940979003906,363.2442932128906,276.6741943359375,269.6436767578125
466,player,43,1,714.8768310546875,401.75732421875,629.7426147460938,508.6254577636719
466,player,90,-1,1068.614990234375,577.6478271484375,741.073486328125,994.4915771484375
466,player,24,0,1128.3946533203125,589.8218383789062,770.5689086914062,1028.40478515625
466,player,88,-1,731.2354736328125,385.98065185546875,662.3369140625,477.7405090332031
466,player,53,0,853.9969482421875,574.282958984375,606.6314086914062,904.6107177734375
466,ball,-1,-1,850.374755859375,410.63250732421875,760.2079467773438,574.1931762695312
467,player,74,0,874.82080078125,462.06097412109375,704.4380493164062,710.2390747070312
467,player,73,0,183.4279022216797,618.60595703125,102.2205810546875,852.5639038085938
467,player,60,0,458.00018310546875,538.4540405273438,328.91510009765625,766.806884765625
467,player,80,0,255.02330017089844,363.57183837890625,276.00653076171875,269.864013671875
467,player,65,0,525.9425048828125,376.8604736328125,495.102294921875,393.6730041503906
467,player,43,1,716.9979248046875,402.20782470703125,631.4505004882812,511.31634521484375
467,player,90,-1,1068.6820068359375,578.4331665039062,740.8421630859375,994.9976806640625
467,player,91,-1,1118.3590087890625,592.9263916015625,762.2796630859375,1034.3948974609375
467,player,88,-1,730.448974609375,381.37115478515625,663.71728515625,473.3157653808594
467,player,53,0,847.4144897460938,573.787353515625,599.8631591796875,913.9498291015625
468,player,74,0,873.210205078125,463.39044189453125,703.568115234375,710.1395263671875
468,player,60,0,459.08349609375,538.34716796875,329.7633972167969,764.8485107421875
468,player,80,0,254.0387420654297,364.32568359375,275.1114196777344,270.6789245605469
468,player,43,1,718.63916015625,402.40582275390625,632.97119140625,513.4152221679688
468,player,73,0,180.04574584960938,617.872314453125,100.46826171875,850.9447021484375
468,player,65,0,526.9639892578125,376.693115234375,496.07183837890625,392.6515808105469
468,player,90,-1,1069.7412109375,579.0106201171875,740.772216796875,995.7877197265625
468,player,91,-1,1119.576416015625,592.4520263671875,762.72900390625,1034.208251953125
468,player,88,-1,728.9400024414062,390.0355224609375,661.152099609375,478.4107360839844
469,player,80,0,252.44654846191406,365.569091796875,273.78009033203125,272.3176574707031
469,player,73,0,175.38197326660156,618.1326904296875,98.18035888671875,849.6644287109375
469,player,74,0,869.0953979492188,464.2845458984375,701.574951171875,710.384033203125
469,player,43,1,716.23828125,400.734619140625,633.8201293945312,513.0091552734375
469,player,60,0,460.2220153808594,535.9296875,331.09820556640625,761.9146728515625
469,player,65,0,527.1771850585938,378.16888427734375,496.332275390625,393.44915771484375
469,player,41,0,1091.6943359375,581.0369873046875,751.4989013671875,1001.189208984375
469,player,91,-1,1116.8685302734375,590.8855590820312,762.8560791015625,1032.8800048828125
470,player,73,0,171.61917114257812,618.54345703125,95.74217224121094,848.780517578125
470,player,80,0,250.5223846435547,368.1497802734375,271.77923583984375,275.8231506347656
470,player,43,1,716.6661376953125,401.6024475097656,634.2064819335938,513.5804443359375
470,player,74,0,868.1093139648438,464.6217041015625,699.896484375,710.7147216796875
470,player,60,0,459.3976745605469,535.0942993164062,331.9245300292969,759.3204345703125
470,player,41,0,1093.73291015625,582.360595703125,752.5751953125,1004.0531005859375
470,player,65,0,526.5748291015625,374.8719177246094,497.2916259765625,390.68316650390625
470,player,91,-1,1116.0830078125,593.750732421875,761.8350219726562,1033.7200927734375
470,ball,-1,-1,1161.986572265625,459.73370361328125,773.9951171875,590.8619995117188
471,player,73,0,166.89418029785156,618.50341796875,93.03121948242188,847.7756958007812
471,player,80,0,249.53466796875,369.80059814453125,269.8282470703125,279.6820068359375
471,player,60,0,460.130859375,533.9680786132812,332.88006591796875,756.8754272460938
471,player,43,1,717.8604736328125,397.99041748046875,636.0157470703125,510.7749328613281
471,player,74,0,868.3787231445312,463.8492126464844,699.1378173828125,710.3416748046875
471,player,41,0,1093.92138671875,583.271728515625,753.03125,1006.5052490234375
471,player,65,0,528.156494140625,374.49267578125,498.49896240234375,388.681396484375
471,player,91,-1,1124.3095703125,592.5242919921875,763.5771484375,1034.228515625
471,player,53,0,839.8831787109375,578.5635986328125,592.3046264648438,922.482666015625
471,ball,-1,-1,1161.333984375,459.5420227050781,786.6563110351562,606.148681640625
472,player,80,0,248.68963623046875,369.51666259765625,268.3677978515625,281.81060791015625
472,player,73,0,160.65907287597656,620.173583984375,89.57686614990234,847.686767578125
472,player,60,0,460.5707702636719,532.3740844726562,333.94091796875,754.15478515625
472,player,43,1,720.239990234375,392.4451904296875,639.7655029296875,504.087158203125
472,player,41,0,1094.852783203125,583.764892578125,753.4008178710938,1008.4915771484375
472,player,74,0,862.8878173828125,463.8446960449219,697.1414794921875,709.5592041015625
472,player,91,-1,1129.060546875,590.9488525390625,766.3795166015625,1034.0008544921875
472,player,65,0,530.5330200195312,374.14892578125,500.09466552734375,387.2955322265625
472,player,53,0,844.2298583984375,578.1451416015625,588.5812377929688,928.1403198242188
472,ball,-1,-1,842.361572265625,410.4034423828125,782.131591796875,603.5936279296875
473,player,80,0,247.25735473632812,369.6778564453125,266.95501708984375,283.2059020996094
473,player,73,0,154.79168701171875,620.2528076171875,85.91963195800781,847.1800537109375
473,player,60,0,461.10546875,531.7857666015625,334.88897705078125,752.002197265625
473,player,74,0,860.3533325195312,462.5333251953125,695.5863647460938,707.7572021484375
473,player,43,1,722.7969970703125,387.66455078125,644.5933837890625,495.55670166015625
473,player,91,-1,1129.284423828125,587.9844970703125,769.2108154296875,1032.0328369140625
473,player,41,0,1094.091064453125,583.2044677734375,753.6312255859375,1009.3629150390625
473,player,65,0,535.7160034179688,374.9420166015625,502.4425048828125,387.72247314453125
473,player,53,0,827.715087890625,575.0839233398438,582.8831787109375,928.3482666015625
473,ball,-1,-1,1159.57763671875,462.11859130859375,793.7893676757812,618.2782592773438
474,player,73,0,149.8656463623047,619.9921875,82.39561462402344,846.2589111328125
474,player,80,0,246.97869873046875,370.252685546875,265.83062744140625,284.6690979003906
474,player,60,0,460.90240478515625,529.1798706054688,335.9895935058594,748.659912109375
474,player,74,0,859.1154174804688,463.458740234375,693.9276733398438,707.2031860351562
474,player,43,1,723.0801391601562,388.1339111328125,647.6531372070312,490.48040771484375
474,player,65,0,533.3875732421875,376.4232177734375,502.8351135253906,389.2010803222656
474,player,53,0,827.2581176757812,573.745361328125,579.4237060546875,927.5615234375
474,player,41,0,1087.86669921875,582.0741577148438,752.6021728515625,1008.6676025390625
474,player,91,0,1118.9224853515625,586.54833984375,768.9630126953125,1028.9478759765625
474,ball,-1,-1,1158.845947265625,462.8337097167969,804.401611328125,631.8978881835938
475,player,74,0,860.3643188476562,463.99713134765625,693.0125732421875,707.39404296875
475,player,73,0,142.09024047851562,619.197021484375,78.33839416503906,844.4730224609375
475,player,60,0,460.97650146484375,529.38330078125,336.68212890625,746.6448364257812
475,player,80,0,248.16896057128906,370.57196044921875,265.38787841796875,286.0721435546875
475,player,43,1,724.2847900390625,386.97760009765625,650.3960571289062,486.22552490234375
475,player,65,0,533.3057861328125,376.27410888671875,503.1100769042969,390.0079040527344
475,player,41,0,1086.27587890625,581.1400146484375,751.8366088867188,1007.4849853515625
475,player,91,0,1120.79052734375,587.5344848632812,768.94482421875,1027.721923828125
475,player,53,0,825.906494140625,574.3091430664062,576.6881713867188,927.3016357421875
476,player,80,0,249.26991271972656,370.36651611328125,265.4735107421875,286.8922424316406
476,player,60,0,461.7099609375,527.3123779296875,337.75006103515625,743.86767578125
476,player,43,1,723.4768676757812,383.95135498046875,652.9894409179688,480.53228759765625
476,player,74,0,854.7764892578125,461.44866943359375,691.7333374023438,704.93701171875
476,player,73,0,136.62255859375,620.2603759765625,74.27106475830078,843.5450439453125
476,player,91,0,1120.977783203125,584.8670654296875,769.8384399414062,1025.2757568359375
476,player,65,0,536.1216430664062,375.01531982421875,504.501708984375,389.600341796875
476,player,53,0,823.048583984375,574.176513671875,574.2348022460938,926.7916259765625
476,player,41,0,1077.4083251953125,580.8821411132812,749.2265625,1005.769775390625
476,player,93,-1,829.506103515625,518.533203125,618.9348754882812,817.6781005859375
477,player,80,0,250.87356567382812,370.2896423339844,266.025634765625,287.51788330078125
477,player,74,0,848.288818359375,462.0167236328125,688.9319458007812,703.15966796875
477,player,60,0,463.25848388671875,527.2017211914062,338.86761474609375,742.1231689453125
477,player,43,1,725.737060546875,395.18035888671875,651.4762573242188,487.53009033203125
477,player,91,0,1123.7623291015625,585.6121215820312,770.8653564453125,1024.3968505859375
477,player,53,0,818.8939208984375,573.9915771484375,571.6560668945312,925.9693603515625
477,player,73,0,131.68505859375,618.0941162109375,70.69429016113281,841.0924072265625
477,player,65,0,539.4352416992188,374.4573974609375,506.56109619140625,389.1409912109375
477,player,41,0,1074.474365234375,582.8892822265625,746.1719360351562,1005.6649169921875
478,player,80,0,252.51817321777344,369.26715087890625,267.09674072265625,287.05767822265625
478,player,43,1,726.0570068359375,396.32916259765625,650.1953125,493.1690979003906
478,player,60,0,464.30487060546875,526.6697998046875,339.9752502441406,740.690673828125
478,player,53,0,817.3614501953125,574.5325317382812,569.4552001953125,925.6554565429688
478,player,74,0,845.8653564453125,459.6165771484375,687.2405395507812,699.841796875
478,player,65,0,545.4689331054688,375.45751953125,509.3994140625,390.46136474609375
478,player,91,0,1132.1883544921875,586.2158813476562,773.4140625,1024.9439697265625
478,player,73,0,127.46565246582031,616.5,67.54024505615234,838.0830078125
478,player,41,0,1075.456298828125,584.1580810546875,744.0303344726562,1006.4835205078125
479,player,80,0,252.3653564453125,369.4196472167969,267.7143249511719,286.8978271484375
479,player,43,1,725.842041015625,394.10833740234375,650.0563354492188,494.76629638671875
479,player,60,0,466.2991027832031,522.424072265625,342.0998229980469,736.7774658203125
479,player,73,0,124.22415161132812,617.9259643554688,64.55194091796875,836.79296875
479,player,91,0,1132.905029296875,588.025634765625,774.6607666015625,1026.489501953125
479,player,53,0,815.1539306640625,575.2957763671875,567.27392578125,925.75830078125
479,player,41,0,1073.6497802734375,582.181396484375,742.813232421875,1005.6090087890625
479,player,74,0,838.264892578125,448.3126525878906,687.8187866210938,687.7476196289062
479,player,65,0,550.4317626953125,375.6727294921875,512.65869140625,392.05633544921875
480,player,80,0,251.13368225097656,369.5430908203125,267.72021484375,286.7884521484375
480,player,60,0,467.9139099121094,521.892822265625,344.01202392578125,733.9857177734375
480,player,43,1,725.8780517578125,394.00982666015625,650.0101318359375,495.71728515625
480,player,53,0,813.9073486328125,576.55712890625,565.2135620117188,926.5442504882812
480,player,91,0,1132.484130859375,586.5384521484375,775.8493041992188,1026.53125
480,player,65,0,556.1723022460938,375.90106201171875,516.4187622070312,393.9248046875
480,player,74,0,835.6842041015625,456.69110107421875,684.6820068359375,686.4644165039062
480,player,73,0,119.2233657836914,617.752197265625,61.431556701660156,835.411865234375
480,player,41,0,1073.14697265625,582.80322265625,741.702392578125,1005.3890380859375
481,player,80,0,250.656494140625,369.5679931640625,267.57574462890625,286.69189453125
481,player,60,0,469.7393798828125,525.3748779296875,344.99652099609375,734.940185546875
481,player,43,1,726.1858520507812,394.67974853515625,649.8416137695312,496.98565673828125
481,player,53,0,811.8330078125,579.5799560546875,562.5660400390625,928.8529663085938
481,player,73,0,113.95911407470703,618.2525024414062,58.08716583251953,834.3948974609375
481,player,74,0,833.9832763671875,455.26190185546875,682.6470336914062,684.3046875
481,player,91,0,1131.381103515625,589.3405151367188,775.444091796875,1028.2042236328125
481,player,41,0,1072.76806640625,584.9940185546875,740.199951171875,1006.5936889648438
481,player,94,-1,548.153564453125,376.11883544921875,516.3885498046875,395.5716857910156
481,ball,-1,-1,790.5690307617188,439.7575378417969,792.77001953125,631.8604125976562
482,player,80,0,250.3056640625,368.4576416015625,267.61517333984375,285.4580383300781
482,player,60,0,470.23883056640625,523.7350463867188,346.1104736328125,734.3843994140625
482,player,43,1,726.3331909179688,393.287109375,650.2509155273438,496.53955078125
482,player,73,0,113.86018371582031,619.8676147460938,55.71092987060547,834.7921142578125
482,player,53,0,810.0911865234375,581.043701171875,560.0316772460938,931.1558837890625
482,player,74,0,832.4539794921875,456.22552490234375,680.5831298828125,683.5317993164062
482,player,94,-1,545.6492309570312,381.01190185546875,514.182373046875,400.0567321777344
482,player,41,0,1076.1923828125,584.0726318359375,740.3569946289062,1007.0982666015625
482,player,91,0,1131.599609375,586.6203002929688,776.114013671875,1027.6190185546875
483,player,80,0,249.21731567382812,367.93719482421875,267.42620849609375,284.0075378417969
483,player,43,1,726.7061767578125,391.01739501953125,651.404541015625,494.1851806640625
483,player,60,0,473.0893249511719,522.3074340820312,347.8757629394531,733.22021484375
483,player,73,0,108.77165222167969,621.157958984375,52.80869674682617,835.4664916992188
483,player,74,0,831.397705078125,460.44012451171875,677.5638427734375,686.32763671875
483,player,53,0,806.8411865234375,582.218017578125,557.2755126953125,933.131591796875
483,player,41,0,1075.20068359375,585.1964111328125,739.8619384765625,1008.046142578125
483,player,65,0,556.7564697265625,378.6927490234375,518.1923828125,397.91534423828125
484,player,80,0,248.2890625,367.96551513671875,267.018798828125,282.9945373535156
484,player,60,0,477.43414306640625,521.3753051757812,350.3500061035156,732.1685180664062
484,player,43,1,726.924560546875,395.63323974609375,650.6390380859375,496.94512939453125
484,player,74,0,830.49169921875,467.9549560546875,672.9087524414062,694.0576171875
484,player,73,0,106.61515045166016,619.5455322265625,50.58302307128906,834.6573486328125
484,player,65,0,559.490966796875,377.8355407714844,520.417236328125,399.9669189453125
484,player,41,0,1076.8697509765625,587.5481567382812,739.2154541015625,1010.2849731445312
484,player,53,0,805.8961791992188,582.7138061523438,555.1220092773438,934.6553955078125
485,player,80,0,248.13865661621094,369.10791015625,266.46405029296875,283.48779296875
485,player,60,0,480.345947265625,521.5029907226562,352.6878662109375,731.8505249023438
485,player,73,0,99.8857650756836,620.578857421875,47.415802001953125,834.239013671875
485,player,74,0,829.66748046875,479.6383361816406,665.9276733398438,708.1705322265625
485,player,53,0,802.5604248046875,584.1866455078125,552.5182495117188,936.3096923828125
485,player,94,-1,552.56982421875,377.2578125,515.926513671875,400.064453125
485,player,43,1,727.167236328125,396.34832763671875,649.9689331054688,499.4219665527344
485,player,41,0,1077.78125,589.326171875,738.464599609375,1012.93212890625
486,player,73,0,96.43734741210938,618.33740234375,44.773529052734375,832.190673828125
486,player,80,0,248.12818908691406,369.53302001953125,266.0093688964844,284.2411804199219
486,player,60,0,483.45855712890625,519.3917236328125,355.4698181152344,730.349609375
486,player,74,0,828.7510986328125,481.5465087890625,660.5411376953125,718.73486328125
486,player,94,-1,559.862548828125,383.314697265625,517.4033203125,406.6934814453125
486,player,53,0,802.2667236328125,585.8897705078125,550.3148193359375,938.4639282226562
486,player,41,0,1077.480712890625,587.914306640625,738.3432006835938,1013.7437744140625
486,player,43,1,726.674560546875,396.5400390625,649.3242797851562,501.1568298339844
487,player,73,0,93.98651885986328,618.3282470703125,42.470420837402344,830.6436767578125
487,player,94,-1,562.8245239257812,388.08709716796875,517.8111572265625,415.8739318847656
487,player,80,0,250.50393676757812,369.9549560546875,266.33502197265625,285.41436767578125
487,player,60,0,488.2471008300781,519.7484130859375,358.4478759765625,730.0865478515625
487,player,74,0,828.2684936523438,483.21441650390625,656.3860473632812,726.8440551757812
487,player,53,0,802.28955078125,587.6732177734375,548.4302368164062,941.019775390625
487,player,41,0,1078.4869384765625,589.9036865234375,737.8909912109375,1015.6026611328125
487,player,43,1,726.4248657226562,397.8951416015625,648.372314453125,503.5018310546875
488,player,94,-1,563.4598388671875,386.01824951171875,518.881103515625,419.9366455078125
488,player,80,0,249.80563354492188,370.7983093261719,266.1571350097656,286.96124267578125
488,player,60,0,489.89251708984375,519.1595458984375,360.939453125,729.6264038085938
488,player,73,0,89.57811737060547,618.4720458984375,39.902984619140625,829.3566284179688
488,player,74,0,827.7171630859375,495.7762451171875,649.6444702148438,741.6456909179688
488,player,41,0,1083.690185546875,588.032470703125,739.4609375,1016.0989990234375
488,player,43,1,724.4932861328125,394.96002197265625,648.1864013671875,502.127685546875
488,player,53,0,798.8917236328125,589.3264770507812,545.9476318359375,943.4495849609375
489,player,73,0,86.48272705078125,618.9247436523438,37.44562530517578,828.555419921875
489,player,80,0,246.50201416015625,370.78466796875,265.0560302734375,287.60101318359375
489,player,94,-1,564.7042236328125,385.0330810546875,520.239013671875,421.7666931152344
489,player,60,0,491.29473876953125,518.6036376953125,363.0448913574219,729.0400390625
489,player,53,0,796.22412109375,595.0652465820312,542.2254028320312,948.4764404296875
489,player,41,0,1085.04541015625,587.1136474609375,741.1033935546875,1015.9657592773438
489,player,74,0,826.9678955078125,501.22802734375,643.4017944335938,755.2884521484375
489,player,43,1,724.4398193359375,398.2280578613281,646.9411010742188,504.23175048828125
489,ball,-1,-1,732.27392578125,530.5565795898438,772.3261108398438,646.6492919921875
490,player,60,0,492.78375244140625,520.9169311523438,364.2991943359375,730.531982421875
490,player,80,0,245.4333953857422,372.44598388671875,263.66815185546875,289.59124755859375
490,player,73,0,84.23974609375,618.918212890625,35.31243133544922,827.838623046875
490,player,53,0,795.9320678710938,592.267333984375,540.4413452148438,949.9278564453125
490,player,94,1,567.41162109375,384.982666015625,521.9362182617188,423.1926574707031
490,player,74,0,825.8317260742188,500.36834716796875,639.3037719726562,763.4061279296875
490,player,43,1,724.765869140625,404.22900390625,644.20849609375,511.09716796875
490,player,41,0,1085.33544921875,586.34228515625,742.4850463867188,1015.42138671875
490,ball,-1,-1,731.87841796875,530.7440185546875,753.4829711914062,660.2774658203125
491,player,73,0,81.8888931274414,618.5032958984375,33.406829833984375,826.8967895507812
491,player,60,0,493.76629638671875,521.5069580078125,365.2420654296875,732.0341796875
491,player,80,0,247.10057067871094,373.8956298828125,262.9566650390625,292.5303955078125
491,player,53,0,794.9290771484375,596.35791015625,538.0046997070312,953.39892578125
491,player,74,0,824.170166015625,506.2943115234375,634.413330078125,772.9376220703125
491,player,43,1,725.0672607421875,400.8037109375,643.6690673828125,512.47998046875
491,player,94,1,569.9595947265625,383.9092102050781,524.1160278320312,423.36004638671875
491,player,41,0,1085.268798828125,595.2247314453125,740.5911865234375,1020.5897216796875
491,player,95,-1,736.8693237304688,397.75921630859375,655.44140625,510.6012878417969
491,ball,-1,-1,731.555908203125,530.8753662109375,736.1202392578125,672.830078125
492,player,60,0,494.9576416015625,518.9542846679688,366.7196044921875,731.2089233398438
492,player,73,0,81.22784423828125,618.6244506835938,31.99734115600586,826.3084716796875
492,player,53,0,794.6129150390625,591.7838745117188,537.4970703125,952.7018432617188
492,player,80,0,245.76629638671875,374.565673828125,261.9548034667969,294.9764709472656
492,player,74,0,823.5196533203125,507.46966552734375,630.7111206054688,779.9415283203125
492,player,43,1,725.1249389648438,403.2828063964844,642.5025634765625,515.6383056640625
492,player,94,1,571.9771728515625,383.0062255859375,526.4031372070312,422.8154296875
492,player,41,0,1082.6688232421875,585.2769165039062,741.8302612304688,1017.523681640625
492,ball,-1,-1,786.5277709960938,409.1959228515625,732.0563354492188,663.3848266601562
493,player,73,0,79.6523208618164,617.8358154296875,30.786338806152344,825.2679443359375
493,player,60,0,497.1277160644531,518.733154296875,368.29364013671875,730.7081909179688
493,player,74,0,818.7298583984375,504.70440673828125,627.8690185546875,781.9940185546875
493,player,80,0,245.22076416015625,375.260498046875,260.9945983886719,297.2099609375
493,player,53,0,794.3018798828125,589.4864501953125,537.6734008789062,950.7435913085938
493,player,43,1,725.9965209960938,402.6888427734375,642.1964721679688,517.242431640625
493,player,94,1,573.71435546875,384.36163330078125,527.9921264648438,423.943115234375
493,player,41,0,1082.5625,594.2656860351562,739.801025390625,1021.1267700195312
493,ball,-1,-1,731.39501953125,530.9619750976562,716.3930053710938,675.6996459960938
494,player,73,0,78.67134857177734,617.1326904296875,29.83751678466797,824.0404663085938
494,player,60,0,501.0459289550781,518.6331176757812,370.359619140625,730.6718139648438
494,player,94,1,573.8929443359375,392.44244384765625,526.6464233398438,432.365234375
494,player,80,0,244.31912231445312,375.542236328125,260.042724609375,298.85028076171875
494,player,74,0,822.9474487304688,494.3087158203125,630.2874145507812,775.9313354492188
494,player,43,1,726.1843872070312,400.0283203125,642.9476928710938,515.8831176757812
494,player,53,0,792.9267578125,590.189453125,537.2721557617188,949.8031005859375
494,player,41,0,1081.73828125,588.9788818359375,739.9261474609375,1020.109619140625
494,ball,-1,-1,731.221435546875,530.837890625,701.9801025390625,687.0053100585938
495,player,60,0,501.87982177734375,519.1277465820312,371.81121826171875,731.0968017578125
495,player,80,0,243.54541015625,375.61761474609375,259.17779541015625,299.91046142578125
495,player,73,0,76.03639221191406,616.375732421875,28.668039321899414,822.513427734375
495,player,74,0,821.1680297851562,483.3155517578125,634.7781982421875,763.4182739257812
495,player,94,1,577.8265991210938,393.1569519042969,526.7107543945312,438.9222412109375
495,player,53,0,792.7910766601562,589.4469604492188,537.1663208007812,948.7015380859375
495,player,43,1,727.952392578125,404.91387939453125,642.3070678710938,519.6187744140625
495,player,41,0,1081.09423828125,601.0818481445312,736.1038208007812,1026.8756103515625
495,ball,-1,-1,731.384033203125,531.0736083984375,688.7154541015625,697.4486083984375
496,player,73,0,73.81485748291016,615.2056884765625,27.49639892578125,820.550537109375
496,player,60,0,506.4464111328125,517.5975341796875,374.281982421875,730.6487426757812
496,player,80,0,243.17581176757812,375.96392822265625,258.43292236328125,300.90948486328125
496,player,94,1,578.8948974609375,392.281982421875,527.3277587890625,442.47271728515625
496,player,53,0,791.99755859375,591.039306640625,536.4994506835938,948.9412231445312
496,player,74,0,820.542724609375,491.4151611328125,635.023681640625,761.4326171875
496,player,43,1,726.6568603515625,405.4019470214844,641.3522338867188,522.354248046875
496,player,41,0,1080.8985595703125,609.2348022460938,731.090576171875,1036.21484375
496,ball,-1,-1,730.8668212890625,531.2679443359375,676.4696044921875,707.0773315429688
497,player,73,0,72.82499694824219,613.484619140625,26.675487518310547,818.0396728515625
497,player,94,1,580.5125732421875,397.56597900390625,526.6234741210938,449.8973388671875
497,player,60,0,508.70587158203125,515.0143432617188,377.051025390625,728.6222534179688
497,player,74,0,813.2738037109375,495.98187255859375,631.8524169921875,762.91259765625
497,player,80,0,242.62965393066406,376.99462890625,257.5705261230469,302.5384826660156
497,player,53,0,790.9749755859375,591.1270751953125,535.7930908203125,949.0639038085938
497,player,43,1,727.725341796875,403.340087890625,641.7318115234375,522.377197265625
497,player,41,0,1081.752685546875,602.7598876953125,730.00732421875,1038.427001953125
497,ball,-1,-1,730.8095703125,531.1552734375,665.2069091796875,715.9161376953125
498,player,73,0,69.81510925292969,612.976318359375,25.47110366821289,815.808837890625
498,player,94,1,583.6187744140625,394.08203125,528.1143188476562,451.79046630859375
498,player,60,0,513.1826782226562,515.8219604492188,379.8406982421875,728.3314208984375
498,player,80,0,241.9669952392578,376.4359130859375,256.9296875,302.9649963378906
498,player,74,0,809.9051513671875,499.00335693359375,627.9846801757812,765.83154296875
498,player,43,1,726.1793212890625,402.5466003417969,641.7963256835938,521.512451171875
498,player,53,0,792.7064819335938,591.5762329101562,535.6448974609375,949.5838623046875
498,player,41,0,1080.91796875,609.480224609375,727.058349609375,1043.8731689453125
498,ball,-1,-1,730.4334716796875,531.23974609375,654.8179321289062,724.0537719726562
499,player,73,0,65.73504638671875,611.2985229492188,23.879501342773438,812.8823852539062
499,player,60,0,516.6415405273438,513.2363891601562,383.1383056640625,726.512939453125
499,player,94,1,585.072509765625,391.0315856933594,530.428955078125,450.30413818359375
499,player,80,0,241.76678466796875,378.0619201660156,256.1142883300781,304.85540771484375
499,player,74,0,810.4402465820312,496.904296875,626.24462890625,766.1992797851562
499,player,43,1,726.0589599609375,393.9769287109375,644.7053833007812,513.0907592773438
499,player,93,-1,788.0762939453125,591.8115844726562,588.4929809570312,863.9291381835938
499,player,41,0,1081.8692626953125,611.2081298828125,724.8497314453125,1048.537109375
500,player,60,0,518.8685913085938,513.128662109375,385.88916015625,725.45751953125
500,player,94,1,584.43994140625,392.6661376953125,531.2543334960938,450.8111572265625
500,player,73,0,59.42314910888672,611.4296264648438,21.312402725219727,810.5258178710938
500,player,80,0,241.67291259765625,378.4922790527344,255.46678161621094,306.50592041015625
500,player,74,0,808.3902587890625,496.0098876953125,624.8380737304688,765.568603515625
500,player,43,1,724.7305297851562,389.41766357421875,647.76953125,503.2484130859375
500,player,41,0,1084.54443359375,591.1890869140625,730.2064819335938,1039.5499267578125
500,player,93,-1,782.210205078125,593.5115966796875,566.8428955078125,894.5704956054688
500,player,53,0,788.23876953125,560.58203125,542.466064453125,929.087890625
500,ball,-1,-1,22.33409881591797,528.46826171875,654.8179321289062,724.0537719726562
501,player,60,0,519.908447265625,512.8255004882812,388.01800537109375,724.63916015625
501,player,94,1,586.918212890625,395.58074951171875,531.6390380859375,454.1309509277344
501,player,80,0,241.34671020507812,379.6854248046875,254.70115661621094,308.7392272949219
501,player,73,0,55.53076171875,610.75,18.77544403076172,808.2020263671875
501,player,74,0,801.34619140625,491.4888916015625,623.4110717773438,761.057373046875
501,player,41,0,1086.4437255859375,584.3102416992188,736.3162841796875,1029.572509765625
501,player,43,1,728.125244140625,397.1710205078125,648.1036987304688,504.3741455078125
501,player,93,-1,774.3758544921875,597.5750732421875,549.8477783203125,916.401611328125
501,ball,-1,-1,1193.9677734375,682.9022216796875,654.8179321289062,724.0537719726562
502,player,60,0,522.363525390625,511.89093017578125,390.25677490234375,723.62890625
502,player,74,0,794.9274291992188,484.4052734375,622.9134521484375,752.0745849609375
502,player,73,0,50.03321075439453,608.35009765625,16.042285919189453,804.5986328125
502,player,80,0,241.3431396484375,380.57623291015625,254.01773071289062,311.0807800292969
502,player,94,1,591.7099609375,387.14776611328125,535.8553466796875,448.8448181152344
502,player,41,0,1088.439453125,581.8515014648438,741.559814453125,1021.7138061523438
502,player,43,1,726.20556640625,396.29180908203125,648.0592651367188,504.09881591796875
503,player,60,0,524.720947265625,511.58056640625,392.4006042480469,722.9574584960938
503,player,74,0,796.5618896484375,480.03875732421875,624.3670043945312,743.005615234375
503,player,73,0,47.55195617675781,609.5885009765625,13.543900489807129,802.879638671875
503,player,41,0,1086.590576171875,581.09423828125,744.75146484375,1015.9638671875
503,player,80,0,239.24591064453125,382.2170715332031,252.6138458251953,314.0177001953125
503,player,94,1,596.5031127929688,385.4090270996094,540.545166015625,444.2583923339844
503,player,43,1,726.1141357421875,392.96575927734375,649.1380615234375,500.8429870605469
503,player,93,-1,769.08935546875,597.94189453125,537.421630859375,930.3653564453125
503,ball,-1,-1,202.86830139160156,301.63690185546875,654.8179321289062,724.0537719726562
504,player,60,0,527.7667236328125,511.39141845703125,394.63592529296875,722.6625366210938
504,player,74,0,798.663818359375,477.992919921875,626.5106201171875,735.7173461914062
504,player,80,0,237.7714385986328,381.2746276855469,251.45899963378906,314.8321838378906
504,player,94,1,596.0633544921875,387.7371520996094,542.74560546875,443.4435729980469
504,player,73,0,44.672767639160156,613.5377197265625,10.837021827697754,804.1734619140625
504,player,41,0,1084.215576171875,578.98974609375,746.9073486328125,1010.6831665039062
504,player,43,1,725.8687744140625,392.78955078125,649.8276977539062,498.53802490234375
504,player,93,-1,761.9613647460938,599.3186645507812,527.2713012695312,939.6985473632812
504,ball,-1,-1,200.35317993164062,301.523681640625,654.8179321289062,724.0537719726562
505,player,74,0,799.5677490234375,476.1715087890625,628.7130126953125,729.6416015625
505,player,93,-1,760.6715698242188,595.328369140625,521.333251953125,943.1046142578125
505,player,80,0,234.22499084472656,382.5991516113281,249.3875732421875,316.3077697753906
505,player,60,0,530.8428344726562,510.262451171875,397.15460205078125,721.902099609375
505,player,73,0,41.25904083251953,613.412841796875,8.269582748413086,804.6375732421875
505,player,94,1,594.6062622070312,385.4459228515625,544.4525756835938,440.5833740234375
505,player,41,0,1083.228515625,580.3822021484375,747.6213989257812,1008.0462646484375
505,player,43,1,725.417724609375,388.78533935546875,651.5191040039062,493.27154541015625
505,ball,-1,-1,718.5869750976562,457.336669921875,649.315185546875,718.345703125
506,player,74,0,797.675048828125,474.53521728515625,630.1398315429688,724.224609375
506,player,80,0,232.57666015625,382.07244873046875,247.6611785888672,316.5688171386719
506,player,60,0,531.212890625,507.50848388671875,399.52301025390625,719.34619140625
506,player,93,0,756.6911010742188,589.4339599609375,517.9464111328125,941.1746215820312
506,player,94,1,593.9713745117188,384.91400146484375,545.5388793945312,438.1505126953125
506,player,41,0,1083.49365234375,585.4205932617188,746.5579833984375,1009.5332641601562
506,player,73,0,38.031578063964844,610.6398315429688,6.0946149826049805,802.7954711914062
506,player,43,1,725.7655639648438,387.44488525390625,653.183837890625,488.632568359375
506,ball,-1,-1,712.4049072265625,455.3341064453125,644.0004272460938,712.5797119140625
507,player,80,0,230.59222412109375,381.99530029296875,245.96771240234375,316.4526062011719
507,player,74,0,797.57861328125,472.69549560546875,631.614013671875,719.244873046875
507,player,60,0,532.6458740234375,506.55548095703125,401.6600341796875,717.0916137695312
507,player,41,0,1083.7255859375,592.199462890625,743.801025390625,1014.753662109375
507,player,43,1,727.105712890625,386.6348876953125,654.9415283203125,484.9996337890625
507,player,94,1,593.635986328125,383.826904296875,546.48193359375,435.49591064453125
507,player,93,0,752.436279296875,591.0042724609375,514.3153076171875,940.562744140625
507,player,73,0,33.81465148925781,611.6214599609375,3.5707356929779053,801.8975219726562
507,ball,-1,-1,711.723388671875,453.4600830078125,639.196533203125,706.9067993164062
508,player,80,0,227.94302368164062,381.27044677734375,244.23023986816406,315.374755859375
508,player,74,0,796.8994140625,470.5335998535156,633.06298828125,714.2327270507812
508,player,60,0,534.964599609375,505.9813232421875,403.79315185546875,715.405029296875
508,player,43,1,726.8803100585938,387.4461669921875,655.7364501953125,483.3739929199219
508,player,41,0,1083.88720703125,607.1737060546875,737.4415893554688,1027.3466796875
508,player,94,1,595.334716796875,386.66986083984375,546.718505859375,436.6584167480469
508,player,93,0,750.3956298828125,598.68212890625,509.5894470214844,944.915283203125
508,player,73,0,30.666187286376953,608.8428955078125,1.439304232597351,799.1658935546875
508,ball,-1,-1,714.2062377929688,449.54986572265625,635.2045288085938,701.00341796875
509,player,80,0,223.576416015625,379.2447509765625,242.21746826171875,312.1861572265625
509,player,74,0,792.557373046875,465.9735107421875,634.2507934570312,706.9234008789062
509,player,60,0,536.8885498046875,501.408203125,406.7554931640625,710.9784545898438
509,player,43,1,727.0584716796875,387.6847229003906,656.2230834960938,482.55908203125
509,player,94,1,597.296630859375,389.8030090332031,546.486328125,440.58746337890625
509,player,93,0,748.5391845703125,597.8278198242188,506.27142333984375,947.0374145507812
509,player,41,0,1084.3902587890625,600.3336181640625,735.5208740234375,1031.407958984375
509,player,73,0,28.049367904663086,608.8292236328125,-0.5758826732635498,797.1557006835938
509,ball,-1,-1,712.30126953125,449.2535400390625,631.431640625,695.4729614257812
510,player,80,0,219.171630859375,377.11273193359375,240.03231811523438,307.5043640136719
510,player,74,0,790.033447265625,465.7493896484375,634.403076171875,701.7470703125
510,player,60,0,538.99658203125,502.386474609375,409.00897216796875,709.053466796875
510,player,43,1,728.1759033203125,386.615234375,657.239501953125,481.1458740234375
510,player,94,1,601.8895874023438,388.633056640625,548.0462036132812,442.5166015625
510,player,73,0,24.466285705566406,609.329345703125,-2.7973222732543945,795.8792724609375
510,player,41,0,1085.426513671875,603.576416015625,733.5298461914062,1036.119384765625
510,player,93,0,747.237060546875,604.0201416015625,502.31170654296875,952.2406005859375
510,ball,-1,-1,711.5914306640625,447.0362854003906,628.069580078125,689.9464111328125
511,player,80,0,214.68626403808594,377.171875,237.26678466796875,304.046142578125
511,player,74,0,790.389892578125,466.71722412109375,634.2957763671875,699.190673828125
511,player,60,0,541.5352172851562,503.4229736328125,410.90118408203125,708.838134765625
511,player,94,1,601.47509765625,392.332275390625,547.800048828125,447.2135925292969
511,player,43,1,729.2593994140625,391.6608581542969,656.4754028320312,485.0433654785156
511,player,93,0,745.375732421875,614.1883544921875,496.8829345703125,961.8423461914062
511,player,41,0,1086.1929931640625,610.1251831054688,730.427490234375,1043.217529296875
511,player,73,0,21.65424346923828,611.7225341796875,-5.14447546005249,796.42529296875
511,ball,-1,-1,710.2808837890625,445.39801025390625,625.00732421875,684.5189819335938
512,player,80,0,205.90773010253906,377.7483215332031,232.74578857421875,301.45068359375
512,player,74,0,791.1522216796875,465.412841796875,634.8441162109375,696.5606079101562
512,player,43,1,728.9669189453125,397.78192138671875,653.8004760742188,493.18841552734375
512,player,94,1,607.4866943359375,387.3377990722656,550.94970703125,446.18402099609375
512,player,60,0,542.1035766601562,500.32135009765625,413.01226806640625,706.3639526367188
512,player,93,0,743.3416748046875,622.1422119140625,491.0154113769531,972.8284301757812
512,player,41,0,1085.0972900390625,608.467041015625,728.64892578125,1046.7357177734375
512,player,73,0,19.688995361328125,610.3021240234375,-7.00984001159668,795.651611328125
512,ball,-1,-1,709.4918212890625,444.1878662109375,622.2242431640625,679.2756958007812
513,player,74,0,791.6300048828125,466.336669921875,635.0408325195312,695.6363525390625
513,player,80,0,201.85263061523438,377.6258239746094,228.6266326904297,299.2112121582031
513,player,94,1,614.2572021484375,386.74969482421875,555.1760864257812,445.66778564453125
513,player,60,0,542.9466552734375,493.71697998046875,416.17926025390625,699.707275390625
513,player,43,1,728.378662109375,407.324951171875,648.6792602539062,507.0848388671875
513,player,41,0,1084.69921875,604.6437377929688,728.5602416992188,1046.669189453125
513,player,73,0,15.345464706420898,609.89208984375,-9.230396270751953,794.4976196289062
513,ball,-1,-1,709.19970703125,443.580810546875,619.6875610351562,674.32861328125
514,player,74,0,788.7606811523438,465.5697021484375,634.6248779296875,694.142578125
514,player,80,0,199.3914794921875,377.18695068359375,225.3040008544922,297.05230712890625
514,player,60,0,546.2799072265625,493.6954345703125,419.131103515625,695.6802978515625
514,player,94,1,617.00390625,389.1274719238281,557.9869995117188,447.8691101074219
514,player,41,0,1084.162841796875,605.26171875,728.1839599609375,1046.955322265625
514,player,43,1,727.5612182617188,418.8525085449219,641.316650390625,526.2872314453125
514,player,73,0,15.281610488891602,606.986572265625,-10.41824722290039,791.77001953125
514,ball,-1,-1,708.3778076171875,443.41705322265625,617.3128662109375,669.7271118164062
515,player,74,0,785.334228515625,463.95379638671875,633.9237060546875,691.5419311523438
515,player,80,0,194.98507690429688,375.125,222.23707580566406,293.0956115722656
515,player,60,0,547.8052978515625,492.97796630859375,421.62890625,692.647216796875
515,player,94,1,620.97216796875,398.67510986328125,558.009765625,458.6349792480469
515,player,41,0,1084.7025146484375,602.9412841796875,728.7793579101562,1045.7750244140625
515,player,43,1,727.87109375,416.62890625,637.3456420898438,536.8402099609375
515,player,73,0,14.39561653137207,607.4222412109375,-11.444953918457031,790.2169799804688
515,ball,-1,-1,706.458740234375,443.5594787597656,614.9957885742188,665.4774780273438
516,player,74,0,784.1612548828125,461.4239501953125,633.9417724609375,687.7005615234375
516,player,60,0,551.1622314453125,490.2310791015625,424.8128662109375,688.8431396484375
516,player,94,1,622.974853515625,399.3705139160156,558.3934326171875,466.483642578125
516,player,80,0,191.71607971191406,373.87506103515625,219.51351928710938,288.90728759765625
516,player,41,0,1084.630859375,596.5435791015625,731.1180419921875,1041.077880859375
516,player,43,1,728.680419921875,405.5720520019531,638.65625,533.910400390625
516,player,73,0,14.697467803955078,606.8851318359375,-11.98931884765625,788.8681640625
516,ball,-1,-1,705.5579833984375,444.2362060546875,612.7593994140625,661.6774291992188
517,player,74,0,781.310546875,462.52337646484375,632.8255615234375,685.81103515625
517,player,60,0,551.2655639648438,490.45550537109375,426.8555908203125,686.5565185546875
517,player,94,1,625.7474365234375,395.39068603515625,560.6856689453125,468.1820983886719
517,player,41,0,1084.5921630859375,603.3031616210938,730.5489501953125,1042.1658935546875
517,player,80,0,189.55938720703125,373.02557373046875,217.265380859375,285.09088134765625
517,player,43,1,730.2684326171875,398.7703857421875,642.2617797851562,525.9918823242188
517,player,73,0,15.387616157531738,603.5381469726562,-11.862695693969727,785.767333984375
517,ball,-1,-1,705.39208984375,445.30584716796875,610.616943359375,658.3828125
518,player,60,0,554.5625,487.2978210449219,429.83563232421875,682.899658203125
518,player,74,0,779.30859375,463.2703857421875,631.3170166015625,684.988525390625
518,player,80,0,187.5435791015625,375.70849609375,214.68292236328125,285.12359619140625
518,player,41,0,1084.504638671875,605.851318359375,729.3797607421875,1044.416015625
518,player,94,1,631.0779418945312,397.1561279296875,563.1817626953125,471.48077392578125
518,player,43,1,730.7054443359375,394.38226318359375,646.2294921875,516.86083984375
518,player,73,0,14.741945266723633,602.3841552734375,-11.82833480834961,782.9056396484375
519,player,60,0,558.2904052734375,486.82366943359375,432.8883056640625,680.5047607421875
519,player,74,0,778.5527954101562,464.02728271484375,629.8929443359375,684.9885864257812
519,player,80,0,184.85018920898438,375.50799560546875,212.2412109375,284.6560974121094
519,player,41,0,1084.18505859375,599.794921875,730.3963623046875,1042.1549072265625
519,player,94,1,633.5232543945312,397.26806640625,565.4827270507812,473.9827575683594
519,player,43,1,731.5252685546875,393.5645446777344,649.3290405273438,510.2564697265625
520,player,60,0,563.2303466796875,485.6172790527344,436.49560546875,678.4674072265625
520,player,74,0,778.0465698242188,466.01495361328125,628.2095947265625,686.5333862304688
520,player,80,0,183.44961547851562,376.3720397949219,210.07139587402344,285.0798034667969
520,player,94,1,635.5902709960938,395.10009765625,568.26220703125,473.810791015625
520,player,41,0,1083.7127685546875,599.8433227539062,730.92724609375,1040.673828125
520,player,43,1,732.6693115234375,393.0030517578125,651.8719482421875,505.56414794921875
521,player,60,0,565.572265625,484.1456298828125,439.83489990234375,676.2022094726562
521,player,74,0,775.5946044921875,467.0888671875,626.1121215820312,688.1575927734375
521,player,80,0,182.51939392089844,377.8912658691406,208.09402465820312,286.79345703125
521,player,94,1,637.9273681640625,399.12432861328125,569.4881591796875,477.6712646484375
521,player,41,0,1083.18798828125,609.7447509765625,728.1249389648438,1045.689208984375
521,player,43,1,732.9931640625,396.11810302734375,652.5509033203125,505.4189453125
521,ball,-1,-1,535.309326171875,352.2123718261719,610.616943359375,658.3828125
522,player,60,0,567.9656982421875,484.13580322265625,442.6511535644531,674.951416015625
522,player,74,0,773.491943359375,466.73193359375,624.2847900390625,688.7232055664062
522,player,80,0,180.9772186279297,379.5859680175781,206.0286865234375,289.4533386230469
522,player,94,1,639.4358520507812,400.6650390625,570.2423706054688,481.75665283203125
522,player,41,0,1083.1207275390625,607.890869140625,726.8488159179688,1047.8228759765625
522,player,43,1,734.6000366210938,389.0989990234375,655.8826904296875,498.99871826171875
522,player,96,-1,1103.918212890625,606.8619995117188,739.7650146484375,1055.14501953125
522,ball,-1,-1,698.6552734375,451.70703125,607.7771606445312,656.41943359375
523,player,60,0,567.6815185546875,483.89971923828125,444.4642639160156,673.924072265625
523,player,74,0,772.1859741210938,466.27850341796875,622.88037109375,688.6007080078125
523,player,80,0,177.8349609375,378.7584228515625,203.91090393066406,290.0164794921875
523,player,94,1,641.3303833007812,400.63372802734375,571.2933349609375,484.57958984375
523,player,41,0,1083.48974609375,610.620849609375,725.281982421875,1050.890380859375
523,player,96,-1,1105.48095703125,608.809326171875,739.5440673828125,1056.4559326171875
523,player,43,1,734.7699584960938,389.60516357421875,657.922607421875,495.3146057128906
523,ball,-1,-1,696.9325561523438,451.42791748046875,605.074462890625,654.5213012695312
524,player,60,0,567.7408447265625,483.16064453125,445.8433837890625,672.675537109375
524,player,74,0,770.55419921875,467.3050537109375,621.2047119140625,689.1834106445312
524,player,94,1,641.552490234375,400.009765625,572.2364501953125,485.8631591796875
524,player,80,0,176.27911376953125,379.36566162109375,201.95822143554688,290.8304138183594
524,player,41,0,1083.91845703125,608.2000122070312,725.10009765625,1051.459716796875
524,player,43,1,734.9677734375,381.29998779296875,662.212890625,485.14862060546875
524,ball,-1,-1,1092.743408203125,409.10546875,605.074462890625,654.5213012695312
525,player,94,1,643.805419921875,400.6240234375,573.3123168945312,487.4962158203125
525,player,74,0,770.75390625,469.1796875,619.5931396484375,691.0774536132812
525,player,80,0,173.51609802246094,384.02520751953125,198.99966430664062,295.74273681640625
525,player,60,0,569.9373779296875,481.17657470703125,447.8286437988281,670.4970092773438
525,player,41,0,1084.4625244140625,615.112548828125,723.0272216796875,1056.0347900390625
525,player,43,1,734.80419921875,379.72991943359375,665.5078125,477.035888671875
525,player,97,-1,701.6928100585938,611.7559814453125,458.3510437011719,964.5968627929688
525,ball,-1,-1,1093.0595703125,408.9666442871094,605.074462890625,654.5213012695312
526,player,94,1,646.0449829101562,405.667236328125,573.0857543945312,493.40386962890625
526,player,74,0,769.1051025390625,469.45794677734375,618.0108032226562,692.3699951171875
526,player,60,0,570.647705078125,481.032470703125,449.3467712402344,669.034423828125
526,player,80,0,170.9036407470703,386.87451171875,195.77963256835938,301.49945068359375
526,player,41,0,1084.9273681640625,616.866455078125,721.265869140625,1060.09619140625
526,player,43,1,734.6561889648438,380.04901123046875,667.49267578125,472.0496520996094
526,player,97,-1,697.6717529296875,611.5757446289062,457.4226379394531,964.137451171875
526,player,98,-1,1109.467529296875,609.5348510742188,741.2501220703125,1061.122802734375
526,ball,-1,-1,1092.96044921875,408.70501708984375,605.074462890625,654.5213012695312
527,player,74,0,769.91650390625,469.55145263671875,617.1747436523438,693.3634033203125
527,player,94,1,647.35986328125,406.30950927734375,573.1190185546875,497.9636535644531
527,player,60,0,573.7347412109375,479.930908203125,451.44390869140625,667.5021362304688
527,player,80,0,166.00164794921875,385.64324951171875,192.4688720703125,303.5024108886719
527,player,41,0,1085.99462890625,619.0780639648438,719.7160034179688,1064.1441650390625
527,player,43,1,736.357421875,389.79925537109375,665.8684692382812,478.14453125
527,player,97,-1,693.5557861328125,615.8955688476562,454.8572998046875,966.1904296875
528,player,74,0,769.6019287109375,470.06103515625,616.3893432617188,694.384033203125
528,player,94,1,650.9068603515625,415.52685546875,571.3145751953125,509.59539794921875
528,player,60,0,572.875732421875,479.425048828125,452.70318603515625,666.0196533203125
528,player,43,1,736.2881469726562,408.5933837890625,658.3841552734375,499.2589416503906
528,player,80,0,163.59039306640625,388.2223815917969,189.13722229003906,307.1148376464844
528,player,41,0,1086.7418212890625,619.1400146484375,718.8693237304688,1066.876220703125
528,player,97,-1,693.40380859375,617.0977783203125,452.8846740722656,968.2615356445312
529,player,74,0,770.1063232421875,468.44976806640625,616.5109252929688,693.8130493164062
529,player,94,1,652.101318359375,417.24346923828125,569.9579467773438,518.8077392578125
529,player,60,0,574.347900390625,478.8159484863281,454.0734558105469,664.7108764648438
529,player,43,1,735.0172729492188,419.45343017578125,649.558837890625,522.4874267578125
529,player,41,0,1093.9083251953125,620.1114501953125,719.7464599609375,1069.8421630859375
529,player,80,0,161.25120544433594,388.0867614746094,186.30859375,309.08355712890625
529,player,97,-1,684.592529296875,618.1781005859375,449.24896240234375,969.5256958007812
529,player,100,-1,25.867107391357422,302.1090393066406,105.32405853271484,2.2425448894500732
530,player,74,0,770.24267578125,468.2958984375,616.6744384765625,693.3323974609375
530,player,94,1,655.9675903320312,406.85638427734375,573.4039916992188,515.859375
530,player,80,0,157.46792602539062,388.51416015625,183.28102111816406,310.39111328125
530,player,60,0,574.3720092773438,481.322021484375,454.3365478515625,665.8619384765625
530,player,43,1,734.7584228515625,422.1507568359375,642.86767578125,539.9215698242188
530,player,41,0,1089.9071044921875,617.169189453125,720.2388916015625,1069.6787109375
530,player,97,-1,683.6543579101562,620.4661865234375,446.1561584472656,971.68896484375
530,player,100,-1,25.772968292236328,301.2489013671875,105.4391860961914,1.1975067853927612
531,player,74,0,770.603271484375,469.0521545410156,616.6466064453125,693.6580810546875
531,player,94,1,658.019287109375,408.91705322265625,575.591552734375,516.019775390625
531,player,80,0,155.25546264648438,389.54254150390625,180.47921752929688,312.0283203125
531,player,60,0,574.24267578125,482.90869140625,454.07281494140625,667.85888671875
531,player,43,1,735.6380615234375,424.494140625,638.0069580078125,553.385009765625
531,player,41,0,1090.151123046875,612.6297607421875,721.9855346679688,1066.87890625
531,player,97,-1,685.6016235351562,622.2111206054688,444.22760009765625,974.3421020507812
531,ball,-1,-1,757.1588134765625,239.79278564453125,605.074462890625,654.5213012695312
532,player,74,0,770.2752075195312,468.05364990234375,616.8460693359375,693.04150390625
532,player,94,1,656.3492431640625,407.36383056640625,577.0172119140625,514.5466918945312
532,player,80,0,153.01162719726562,390.96905517578125,177.74600219726562,314.2680969238281
532,player,60,0,573.658935546875,483.8692626953125,453.50286865234375,669.8627319335938
532,player,43,1,736.73876953125,404.3536376953125,641.8298950195312,544.3955688476562
532,player,41,0,1089.70703125,606.6925048828125,724.8177490234375,1061.43994140625
532,player,97,0,679.1875610351562,623.4105224609375,441.17919921875,976.2607421875
533,player,74,0,769.3992919921875,465.79046630859375,617.43408203125,690.7449951171875
533,player,80,0,150.205078125,390.693359375,175.19540405273438,315.15869140625
533,player,94,1,656.8966064453125,407.92572021484375,577.9261474609375,514.1544799804688
533,player,60,0,573.439453125,484.2132568359375,452.987060546875,671.416748046875
533,player,43,1,736.8880615234375,380.2510681152344,652.693115234375,516.2609252929688
533,player,41,0,1086.35595703125,599.8219604492188,727.95166015625,1053.4259033203125
533,player,97,0,694.4246826171875,627.6920166015625,441.8918151855469,981.4382934570312
533,player,96,-1,1104.99755859375,595.2689208984375,743.4903564453125,1049.01220703125
533,player,99,-1,726.116455078125,386.83624267578125,657.1729736328125,478.494873046875
534,player,74,0,769.0764770507812,463.3533935546875,618.4821166992188,687.2625732421875
534,player,94,1,659.577880859375,413.036865234375,577.6961059570312,518.7786865234375
534,player,80,0,148.60520935058594,388.8024597167969,173.40219116210938,313.6986389160156
534,player,60,0,572.4677734375,484.042236328125,452.43353271484375,672.1982421875
534,player,41,0,1083.73388671875,600.0010986328125,729.2947998046875,1048.0986328125
534,player,43,1,736.635009765625,397.9762268066406,653.512451171875,514.454345703125
534,player,97,0,694.6729125976562,629.8088989257812,441.94976806640625,986.1190185546875
534,player,96,-1,1103.0902099609375,597.5202026367188,744.8839111328125,1045.392578125
534,player,99,-1,725.3303833007812,398.56549072265625,652.9278564453125,489.27178955078125
534,player,101,-1,728.744873046875,435.0535888671875,613.7459716796875,602.3818969726562
535,player,60,0,571.5732421875,483.205322265625,452.0431213378906,671.9568481445312
535,player,94,1,657.900146484375,412.79473876953125,577.1395874023438,521.3956298828125
535,player,74,0,764.6631469726562,461.770751953125,618.4434814453125,683.290771484375
535,player,80,0,144.20700073242188,387.3348388671875,171.20263671875,310.8311767578125
535,player,41,0,1084.974853515625,603.712158203125,729.3316650390625,1047.0118408203125
535,player,43,1,736.6278076171875,418.80096435546875,647.0662841796875,531.9552001953125
535,player,97,0,691.7088623046875,628.3309326171875,441.6065673828125,988.006591796875
535,player,99,-1,724.6964111328125,416.72119140625,643.9535522460938,512.5377807617188
536,player,60,0,571.050537109375,483.1876220703125,451.6531982421875,671.7357788085938
536,player,94,1,658.9637451171875,410.25634765625,577.8736572265625,520.9237670898438
536,player,74,0,760.001953125,459.13446044921875,617.954833984375,678.1165161132812
536,player,80,0,140.04248046875,393.98858642578125,167.39195251464844,315.1119384765625
536,player,97,0,689.300537109375,628.515380859375,440.77044677734375,989.141845703125
536,player,41,0,1084.7265625,598.1544799804688,731.0025634765625,1042.882080078125
536,player,43,1,736.456787109375,421.4249267578125,641.96826171875,545.6137084960938
536,player,99,-1,725.380859375,418.59649658203125,637.705078125,529.38427734375
536,ball,-1,-1,647.476806640625,460.65533447265625,598.8589477539062,653.4034423828125
537,player,60,0,570.6134033203125,484.22467041015625,451.02239990234375,672.3723754882812
537,player,74,0,757.5096435546875,453.04901123046875,618.8461303710938,669.5355224609375
537,player,94,1,659.5621948242188,408.7179260253906,579.0042724609375,519.290283203125
537,player,80,0,137.4921875,394.913818359375,164.01083374023438,318.5375061035156
537,player,97,0,687.0240478515625,627.089599609375,439.996826171875,988.8126220703125
537,player,41,0,1077.477294921875,597.386962890625,730.5560913085938,1039.093505859375
537,player,43,1,734.3120727539062,425.68402099609375,636.66015625,557.9840698242188
537,ball,-1,-1,1138.030029296875,377.79766845703125,598.8589477539062,653.4034423828125
538,player,60,0,567.91015625,482.60736083984375,450.29010009765625,671.2437133789062
538,player,74,0,754.2382202148438,454.407470703125,618.0965576171875,664.750732421875
538,player,94,1,661.4464111328125,404.8892517089844,581.48828125,514.9498901367188
538,player,80,0,134.0298309326172,392.8302001953125,161.15823364257812,318.3551025390625
538,player,97,0,688.7955322265625,629.7232666015625,439.34063720703125,990.361328125
538,player,41,0,1076.786376953125,598.413818359375,729.7818603515625,1037.2030029296875
538,ball,-1,-1,653.19091796875,481.4488525390625,592.1834106445312,656.3251953125
539,player,60,0,566.3782348632812,477.62664794921875,450.6522216796875,666.38623046875
539,player,74,0,752.8198852539062,453.99517822265625,617.345703125,661.16259765625
539,player,41,0,1076.243896484375,594.2623291015625,730.4241943359375,1033.3641357421875
539,player,80,0,130.197021484375,394.4004821777344,157.91592407226562,319.3828125
539,player,94,1,667.0181884765625,397.9456481933594,586.9368896484375,506.343505859375
539,player,102,-1,671.591064453125,624.8024291992188,429.4750671386719,980.4288940429688
539,player,101,-1,739.766357421875,424.18865966796875,620.350830078125,594.13671875
539,player,43,1,735.771484375,339.9205017089844,663.8687744140625,485.1439514160156
540,player,74,0,749.4181518554688,454.5701904296875,615.73876953125,658.967041015625
540,player,60,0,564.2722778320312,478.96563720703125,449.98162841796875,664.0987548828125
540,player,80,0,126.95211029052734,392.4211730957031,155.1950225830078,317.76361083984375
540,player,41,0,1073.8922119140625,610.9998168945312,725.1746826171875,1040.89306640625
540,player,102,-1,660.237060546875,623.2935180664062,427.09100341796875,978.52880859375
540,player,103,-1,680.1242065429688,404.9586181640625,601.4942016601562,512.574462890625
540,player,43,1,732.7584228515625,370.27471923828125,669.3487548828125,467.75634765625
540,ball,-1,-1,626.1144409179688,464.4084777832031,585.4227294921875,655.2877807617188
541,player,60,0,563.20263671875,481.40740966796875,448.64593505859375,664.458984375
541,player,74,0,745.4351806640625,454.84759521484375,613.508056640625,657.3751831054688
541,player,80,0,123.92682647705078,396.63616943359375,151.83384704589844,320.539794921875
541,player,41,0,1072.60595703125,608.427001953125,722.2249755859375,1044.121337890625
541,player,103,-1,681.0490112304688,410.2536926269531,600.0682983398438,517.454345703125
541,player,102,-1,660.0595092773438,623.5603637695312,425.44171142578125,977.4437255859375
542,player,80,0,118.76576232910156,400.11004638671875,147.57147216796875,325.2000427246094
542,player,74,0,740.69970703125,453.2999267578125,611.2269287109375,654.6023559570312
542,player,60,0,560.7384033203125,467.1316223144531,450.7161560058594,652.928466796875
542,player,102,-1,658.1331787109375,624.815185546875,423.64141845703125,977.3500366210938
542,player,41,0,1071.8973388671875,598.7235717773438,723.0794677734375,1040.23583984375
542,player,103,-1,680.941650390625,406.53009033203125,600.2996826171875,517.2557373046875
543,player,74,0,738.5350952148438,451.48345947265625,609.7059326171875,651.0887451171875
543,player,60,0,559.4813232421875,463.8084411621094,452.56976318359375,642.583984375
543,player,80,0,117.01190948486328,402.33978271484375,143.92665100097656,330.212890625
543,player,41,0,1070.65673828125,603.306396484375,721.9376831054688,1040.41162109375
543,player,103,-1,682.1714477539062,406.7686767578125,600.7291870117188,517.4692993164062
543,player,102,-1,651.7861328125,624.6419067382812,420.99456787109375,976.6414794921875
544,player,74,0,735.4119873046875,448.01702880859375,608.924072265625,645.6229248046875
544,player,60,0,558.9201049804688,465.4462585449219,453.2010803222656,637.151611328125
544,player,80,0,110.2051010131836,401.6895751953125,139.68959045410156,332.1377258300781
544,player,103,-1,681.5403442382812,405.05023193359375,601.3776245117188,515.9853515625
544,player,41,0,1068.77392578125,611.6217041015625,718.2369995117188,1045.40771484375
544,player,102,-1,642.703369140625,625.802001953125,416.8636474609375,976.12451171875
545,player,60,0,553.3724365234375,456.8641052246094,454.29705810546875,625.9754638671875
545,player,80,0,107.26495361328125,399.8304443359375,136.38211059570312,331.2764892578125
545,player,74,0,728.4520263671875,444.2982177734375,607.63232421875,638.2747192382812
545,player,41,0,1067.104736328125,604.5829467773438,717.54150390625,1044.244384765625
545,player,99,-1,731.931884765625,346.9767150878906,660.6785278320312,473.34283447265625
545,player,102,-1,624.7578125,626.78955078125,409.69866943359375,974.8720092773438
545,player,103,-1,682.71826171875,405.411865234375,602.0238647460938,515.4705200195312
546,player,60,0,551.6580200195312,463.01629638671875,452.9574890136719,623.6478271484375
546,player,80,0,101.93264770507812,401.11383056640625,132.47816467285156,331.41485595703125
546,player,74,0,727.9362182617188,442.73980712890625,607.1334228515625,632.1390380859375
546,player,41,0,1066.2042236328125,605.6744995117188,716.5418701171875,1044.0751953125
546,player,99,-1,731.5177001953125,348.793701171875,674.800048828125,438.7106628417969
546,player,103,-1,683.453125,405.93701171875,602.4876708984375,515.6878051757812
546,player,102,0,613.6879272460938,625.4537963867188,402.6797180175781,972.2892456054688
547,player,60,0,549.374267578125,474.38763427734375,448.5946044921875,631.1994018554688
547,player,99,-1,730.88671875,345.96435546875,684.8513793945312,413.2625427246094
547,player,80,0,97.54305267333984,400.1024169921875,128.82693481445312,330.0658874511719
547,player,41,0,1064.8623046875,599.3314208984375,717.4852294921875,1039.967529296875
547,player,74,0,716.3328857421875,444.91717529296875,602.8975830078125,628.824462890625
547,player,103,1,690.6614379882812,409.64794921875,603.6782836914062,519.9202880859375
547,player,102,0,606.1812744140625,625.71533203125,396.2752685546875,970.1336669921875
547,player,101,-1,730.59521484375,438.30133056640625,617.534423828125,599.9686279296875
548,player,60,0,548.357666015625,468.9927673339844,446.83416748046875,631.6270141601562
548,player,99,-1,731.4411010742188,345.03656005859375,691.9061279296875,395.8376770019531
548,player,80,0,91.73806762695312,405.083740234375,123.99027252197266,333.42510986328125
548,player,103,1,698.84912109375,435.61920166015625,598.6153564453125,546.267822265625
548,player,41,0,1062.9306640625,612.1414794921875,713.7784423828125,1044.9288330078125
548,player,94,1,683.822509765625,408.10797119140625,592.0911254882812,511.75653076171875
548,player,102,0,601.60302734375,624.7984619140625,391.20751953125,967.7734985351562
549,player,60,0,545.4234619140625,464.9285888671875,445.9140625,628.2885131835938
549,player,103,1,694.72900390625,438.9542236328125,593.1458740234375,565.823486328125
549,player,80,0,85.16765594482422,405.9754638671875,118.81060028076172,335.79364013671875
549,player,99,-1,730.744873046875,350.5729675292969,694.1942138671875,390.0433654785156
549,player,41,0,1061.88720703125,613.128662109375,710.8242797851562,1048.658203125
550,player,103,1,691.7733154296875,437.92730712890625,589.0746459960938,577.36572265625
550,player,60,0,541.3347778320312,474.891845703125,441.7117919921875,633.8463745117188
550,player,80,0,76.76602172851562,405.7843017578125,113.04637145996094,336.28424072265625
550,player,99,-1,728.3912353515625,347.8367614746094,695.986083984375,383.25653076171875
550,player,41,0,1060.2900390625,606.6417236328125,710.451904296875,1047.020751953125
551,player,103,1,688.159912109375,439.056884765625,585.0717163085938,585.4681396484375
551,player,60,0,538.1051025390625,474.2979736328125,438.25146484375,636.66650390625
551,player,80,0,71.07156372070312,404.817626953125,107.79928588867188,335.0816955566406
551,player,41,0,1057.563232421875,601.2708740234375,711.162109375,1042.43896484375
551,player,99,-1,728.0645751953125,348.8203125,696.6817016601562,379.8049011230469
552,player,103,1,685.1898193359375,441.6953125,580.8417358398438,592.6762084960938
552,player,60,0,536.5271606445312,462.1231689453125,438.6069641113281,628.38037109375
552,player,41,0,1056.460693359375,603.242919921875,710.7620239257812,1040.5733642578125
552,player,99,-1,728.1285400390625,365.31878662109375,691.0753173828125,393.97119140625
552,player,80,0,65.81826782226562,405.39044189453125,102.78517150878906,334.31402587890625
552,ball,-1,-1,1107.481201171875,445.63848876953125,585.4227294921875,655.2877807617188
553,player,103,1,683.0599365234375,443.9871520996094,576.8101806640625,599.0848388671875
553,player,99,-1,725.3016357421875,359.5482177734375,688.6770629882812,397.19989013671875
553,player,60,0,535.188232421875,461.99658203125,438.50274658203125,622.7586669921875
553,player,104,-1,542.6375122070312,558.552734375,379.933837890625,824.0093383789062
553,player,80,0,59.718467712402344,404.4111633300781,97.90684509277344,332.2376403808594
553,player,41,0,1054.6591796875,609.0592041015625,708.327392578125,1042.74658203125
554,player,60,0,532.91162109375,456.034423828125,439.31561279296875,613.916015625
554,player,80,0,53.922454833984375,400.4531555175781,93.6351318359375,326.43194580078125
554,player,99,-1,723.6212768554688,363.75103759765625,685.0808715820312,403.2586975097656
554,player,103,1,679.5238037109375,472.9068603515625,564.8126220703125,626.6362915039062
554,player,41,0,1051.958984375,604.9171142578125,707.3251953125,1041.40625
554,player,104,-1,564.9649658203125,570.34765625,383.00408935546875,834.1438598632812
554,player,105,-1,546.26611328125,570.0972900390625,375.5375671386719,847.721435546875
555,player,60,0,531.1417846679688,460.21429443359375,438.301025390625,611.4822387695312
555,player,103,1,675.0426025390625,437.744384765625,566.0183715820312,615.06494140625
555,player,99,-1,724.36083984375,363.5592041015625,683.0360717773438,407.0881042480469
555,player,80,0,48.83467102050781,401.044189453125,89.29608154296875,322.7106018066406
555,player,41,0,1050.415283203125,603.597900390625,706.693359375,1039.594970703125
556,player,60,0,528.546630859375,458.8580322265625,437.26922607421875,608.51708984375
556,player,80,0,44.16399383544922,406.27911376953125,84.37566375732422,324.90594482421875
556,player,99,-1,723.774169921875,365.00537109375,681.0067749023438,410.9316101074219
556,player,41,0,1051.149169921875,612.95703125,703.6820068359375,1044.16357421875
556,player,103,1,660.7717895507812,425.90740966796875,566.3471069335938,595.8840942382812
556,player,94,1,685.997314453125,427.2999267578125,590.0224609375,532.496826171875
557,player,60,0,524.8385009765625,461.2384033203125,434.98388671875,608.206787109375
557,player,99,-1,723.845947265625,367.81634521484375,678.697021484375,416.1807861328125
557,player,80,0,41.67579650878906,405.70916748046875,80.53945922851562,325.5245361328125
557,player,103,1,656.8807373046875,427.4634704589844,564.9868774414062,584.3819580078125
557,player,41,0,1047.010498046875,610.7310791015625,701.3824462890625,1045.4327392578125
557,player,74,0,692.3970947265625,379.46923828125,614.4486083984375,565.6929321289062
558,player,60,0,522.3770141601562,455.30841064453125,434.3058776855469,602.812744140625
558,player,103,1,651.5872802734375,421.05682373046875,564.535888671875,570.7470703125
558,player,80,0,33.399932861328125,406.38812255859375,75.56156921386719,325.73394775390625
558,player,99,-1,725.0146484375,367.984375,677.486572265625,419.8812255859375
558,player,41,0,1048.595458984375,615.1116943359375,698.981689453125,1049.0347900390625
558,player,74,0,695.5885009765625,378.41156005859375,623.2672119140625,523.9852905273438
558,player,104,-1,541.5743408203125,575.393310546875,378.116943359375,842.08642578125
558,player,106,-1,673.8717651367188,378.4110412597656,621.1967163085938,439.9588317871094
559,player,60,0,519.9420166015625,455.0231628417969,433.26483154296875,598.8275146484375
559,player,103,1,650.91064453125,424.0443115234375,563.1459350585938,564.4469604492188
559,player,99,-1,724.168212890625,367.08892822265625,676.7672119140625,421.32415771484375
559,player,80,0,30.59151268005371,407.90631103515625,71.30657196044922,327.051513671875
559,player,106,-1,674.9082641601562,378.4730224609375,621.4840087890625,440.1278991699219
559,player,41,0,1047.0885009765625,617.202392578125,696.447509765625,1052.50048828125
559,player,94,1,693.6768798828125,374.61212158203125,608.1283569335938,498.560302734375
559,player,104,-1,538.5748901367188,612.928955078125,366.6651916503906,871.6764526367188
560,player,103,1,647.732177734375,426.68084716796875,560.5477294921875,562.3404541015625
560,player,60,0,518.10986328125,453.037109375,432.5809020996094,594.3846435546875
560,player,80,0,32.75489044189453,408.5081481933594,69.08135223388672,328.7115173339844
560,player,99,-1,722.0489501953125,368.22900390625,675.2532958984375,423.1451416015625
560,player,41,0,1051.7244873046875,612.7845458984375,697.211669921875,1052.497802734375
560,player,106,-1,674.5589599609375,375.663818359375,622.5157470703125,437.5030517578125
560,player,94,1,689.4755859375,363.85687255859375,622.382568359375,465.57940673828125
561,player,103,1,643.495849609375,427.17022705078125,557.51171875,560.9710083007812
561,player,60,0,513.4208984375,450.701904296875,431.42535400390625,589.0595092773438
561,player,41,0,1050.0213623046875,602.360595703125,700.3941650390625,1046.012451171875
561,player,99,-1,721.5056762695312,369.01409912109375,673.8250732421875,425.03363037109375
561,player,80,0,31.711273193359375,408.3564453125,67.355224609375,329.53692626953125
561,player,94,1,687.1668701171875,370.3883361816406,628.67529296875,450.2843017578125
562,player,103,1,638.5489501953125,431.90869140625,552.7373046875,563.705078125
562,player,60,0,511.46881103515625,452.3072509765625,429.7313232421875,586.764404296875
562,player,41,0,1049.193115234375,594.4010009765625,704.66015625,1036.8126220703125
562,player,107,-1,663.3911743164062,357.9283447265625,632.2218627929688,379.4985656738281
562,player,99,-1,719.7513427734375,373.91845703125,670.6278686523438,430.8133544921875
562,player,80,0,28.045612335205078,407.59710693359375,65.28097534179688,328.96295166015625
563,player,103,1,635.0372314453125,432.06744384765625,548.5965576171875,565.2667236328125
563,player,60,0,507.25811767578125,452.10504150390625,427.5155029296875,584.686279296875
563,player,107,-1,661.198974609375,366.74517822265625,628.524658203125,387.9969787597656
563,player,41,0,1045.8837890625,594.4666748046875,706.6034545898438,1030.5843505859375
563,player,99,-1,717.8043212890625,371.84417724609375,668.7017211914062,432.36376953125
563,player,80,0,27.89101219177246,409.7769775390625,63.590904235839844,330.6792297363281
564,player,60,0,505.11663818359375,451.55670166015625,425.618896484375,582.6600341796875
564,player,103,1,632.6954345703125,430.0984191894531,545.8208618164062,564.3367309570312
564,player,107,-1,657.86474609375,351.5240478515625,630.3712158203125,377.97894287109375
564,player,41,0,1045.510986328125,603.3638916015625,705.10302734375,1031.9921875
564,player,43,1,709.5657958984375,407.8463134765625,653.1779174804688,489.08709716796875
564,player,108,-1,645.0783081054688,382.748779296875,592.6898193359375,443.1076965332031
564,player,80,0,25.523866653442383,410.98541259765625,61.647953033447266,332.71575927734375
565,player,103,1,627.6356201171875,430.576171875,542.4471435546875,563.6382446289062
565,player,60,0,502.84521484375,450.7611083984375,423.95477294921875,580.4442138671875
565,player,107,-1,654.822021484375,351.79864501953125,630.5458984375,371.4146423339844
565,player,41,0,1044.1153564453125,607.7548828125,702.4853515625,1035.466064453125
565,player,43,1,709.1512451171875,413.12255859375,640.827392578125,507.6358337402344
565,ball,-1,-1,599.99462890625,332.2406005859375,585.4227294921875,655.2877807617188
566,player,60,0,502.64398193359375,451.08026123046875,422.738037109375,579.2547607421875
566,player,103,1,625.9193725585938,431.52508544921875,539.4932250976562,563.8360595703125
566,player,43,1,711.4375610351562,407.0667724609375,635.4357299804688,514.4991455078125
566,player,41,0,1040.864990234375,611.7545166015625,698.820556640625,1039.8685302734375
566,player,104,-1,502.8692932128906,629.1148681640625,347.6317138671875,898.071044921875
566,player,107,-1,655.545166015625,346.29339599609375,632.815673828125,361.6184387207031
566,player,108,-1,643.75146484375,368.0792541503906,597.1334838867188,428.7853698730469
566,ball,-1,-1,597.41796875,332.90533447265625,585.4227294921875,655.2877807617188
567,player,60,0,500.204345703125,447.635009765625,422.1275634765625,575.3089599609375
567,player,103,1,620.6817626953125,427.37152099609375,537.30126953125,559.8154907226562
567,player,43,1,710.4134521484375,411.10955810546875,630.3124389648438,522.485595703125
567,player,104,-1,494.6566162109375,629.419921875,333.2538757324219,914.7210693359375
567,player,107,-1,650.0116577148438,350.5099792480469,631.1143798828125,358.94964599609375
567,player,41,0,1039.640380859375,614.6340942382812,695.3013305664062,1044.361328125
567,ball,-1,-1,588.142578125,336.739501953125,585.4227294921875,655.2877807617188
568,player,60,0,498.05877685546875,446.3177490234375,421.4625549316406,571.405517578125
568,player,103,1,617.8143920898438,431.546875,533.8544921875,560.5550537109375
568,player,43,1,711.224853515625,403.3312683105469,629.7718505859375,520.7496337890625
568,player,104,-1,482.58905029296875,632.6620483398438,320.4643249511719,926.540771484375
568,player,107,-1,647.8760375976562,353.857666015625,628.194091796875,360.37353515625
568,player,41,0,1034.7584228515625,614.3193359375,691.9304809570312,1046.6724853515625
568,ball,-1,-1,584.9699096679688,336.5460205078125,585.4227294921875,655.2877807617188
569,player,60,0,494.49725341796875,443.15753173828125,420.8267822265625,565.8008422851562
569,player,103,1,617.2467041015625,430.7303161621094,531.689453125,560.2686157226562
569,player,108,-1,644.058349609375,346.90362548828125,607.3558349609375,398.2794189453125
569,player,43,1,712.170654296875,408.545166015625,627.9759521484375,524.4293212890625
569,player,41,0,1031.1341552734375,609.407470703125,690.297607421875,1044.8914794921875
569,player,104,-1,475.38751220703125,630.1079711914062,310.89715576171875,932.02197265625
570,player,60,0,490.1519470214844,439.73321533203125,420.0555419921875,558.7649536132812
570,player,103,1,611.8834228515625,429.54833984375,529.1073608398438,558.5121459960938
570,player,108,-1,642.642333984375,348.20489501953125,613.1121215820312,379.62738037109375
570,player,43,1,712.6187744140625,411.00701904296875,626.1320190429688,529.07470703125
570,player,41,0,1030.5181884765625,609.6412353515625,689.01904296875,1043.8226318359375
570,player,104,0,465.6197509765625,626.0860595703125,303.06793212890625,932.2333984375
571,player,108,-1,640.2592163085938,346.62139892578125,616.6740112304688,365.6224365234375
571,player,103,1,607.0358276367188,429.57086181640625,526.0517578125,556.9016723632812
571,player,60,0,486.921875,441.2066650390625,418.2828369140625,555.1461181640625
571,player,43,1,710.0153198242188,412.2908935546875,623.7659912109375,532.9744873046875
571,player,41,0,1028.62939453125,611.3311157226562,687.2391357421875,1043.9898681640625
571,player,104,0,453.63995361328125,626.189453125,295.108642578125,931.4171142578125
571,player,107,0,630.6553344726562,367.1898193359375,616.5716552734375,372.733154296875
572,player,108,-1,638.5269775390625,350.2965087890625,617.18359375,360.0850830078125
572,player,60,0,483.02679443359375,431.8076171875,418.3914794921875,544.1969604492188
572,player,103,1,606.0789184570312,429.8414306640625,523.717529296875,555.9946899414062
572,player,43,1,713.7617797851562,411.72283935546875,623.4908447265625,535.3860473632812
572,player,41,0,1026.031494140625,595.712890625,690.0508422851562,1034.29052734375
572,player,104,0,441.5933837890625,627.07421875,286.91522216796875,930.419921875
573,player,60,0,481.57421875,432.2769775390625,417.93426513671875,537.3474731445312
573,player,43,1,714.9105834960938,411.606689453125,623.6805419921875,536.9675903320312
573,player,108,-1,636.2733154296875,352.818603515625,615.9586181640625,358.8017578125
573,player,41,0,1024.24609375,591.4951171875,692.701904296875,1025.1990966796875
573,player,103,1,591.485595703125,427.34124755859375,518.7825927734375,551.7443237304688
573,player,104,0,433.6375732421875,631.1038818359375,279.0135192871094,931.6285400390625
574,player,60,0,480.673828125,432.23358154296875,417.3941345214844,532.7666625976562
574,player,43,1,717.546142578125,409.81683349609375,625.149658203125,536.6646728515625
574,player,41,0,1021.4027099609375,592.9224853515625,693.30126953125,1019.933349609375
574,player,108,0,633.9815673828125,352.6900634765625,614.5072021484375,357.5885009765625
574,player,103,1,585.8121337890625,429.59613037109375,513.3323974609375,550.3864135742188
575,player,60,0,479.0099792480469,433.5506591796875,416.24383544921875,530.7806396484375
575,player,43,1,719.0845336914062,416.7313232421875,624.287353515625,542.7796020507812
575,player,108,0,630.9313354492188,351.3829345703125,613.07958984375,355.14178466796875
575,player,41,0,1019.6895751953125,600.2855224609375,691.0894775390625,1020.9337768554688
575,player,103,1,574.271728515625,431.60333251953125,505.97021484375,550.0966796875
575,player,104,0,411.489990234375,625.7940673828125,269.5049133300781,927.1895141601562
575,player,99,-1,743.54150390625,403.5101318359375,664.0399169921875,465.671630859375
576,player,43,1,721.0407104492188,408.80810546875,626.8843994140625,539.8968505859375
576,player,60,0,475.9248046875,433.10986328125,414.7374267578125,528.7926025390625
576,player,108,0,627.201904296875,351.5902099609375,610.9415283203125,353.35662841796875
576,player,41,0,1018.275390625,604.3402099609375,688.1182861328125,1023.956298828125
576,player,103,1,568.6866455078125,430.8739929199219,499.8096618652344,548.7092895507812
576,player,104,0,402.9627685546875,627.27001953125,261.0511779785156,924.513427734375
577,player,43,1,720.9859619140625,414.8139343261719,626.5843505859375,543.3765869140625
577,player,60,0,475.51324462890625,432.41046142578125,413.8170166015625,526.8433837890625
577,player,108,0,624.271728515625,354.7354431152344,607.5911254882812,355.06549072265625
577,player,41,0,1017.1946411132812,612.1580810546875,683.65576171875,1030.592529296875
577,player,103,1,565.0498657226562,431.8717041015625,494.5045471191406,548.3136596679688
577,player,104,0,390.2965087890625,577.2955322265625,260.9678955078125,888.7322998046875
578,player,43,1,722.3499145507812,417.1690368652344,626.0125732421875,547.8621215820312
578,player,60,0,466.1716613769531,429.5643005371094,411.2916259765625,522.1217041015625
578,player,108,0,620.2764892578125,355.5345458984375,603.92822265625,356.55029296875
578,player,109,-1,389.92352294921875,630.5399169921875,234.98385620117188,922.27978515625
578,player,103,1,560.3385620117188,432.48736572265625,489.5591735839844,548.12060546875
578,player,41,0,1015.5633544921875,609.5028076171875,681.1282958984375,1033.153564453125
579,player,43,1,725.53955078125,417.77239990234375,626.357177734375,551.63525390625
579,player,60,0,463.593505859375,432.811767578125,408.1182556152344,521.663818359375
579,player,108,0,617.1812744140625,355.0986328125,600.7517700195312,356.7400817871094
579,player,103,1,559.2149658203125,431.20172119140625,486.37841796875,546.7586669921875
579,player,109,-1,386.27630615234375,629.2452392578125,234.32638549804688,921.1539306640625
579,player,41,0,1013.4927368164062,610.767578125,678.6200561523438,1035.408447265625
580,player,60,0,462.9222412109375,429.56988525390625,406.6676330566406,518.4327392578125
580,player,108,0,615.5372314453125,360.2889404296875,596.4585571289062,361.9021911621094
580,player,43,1,730.9415283203125,415.2848205566406,628.9429931640625,552.441162109375
580,player,103,1,551.0963134765625,430.144775390625,482.3056640625,544.1302490234375
580,player,109,-1,384.5031433105469,634.089111328125,232.70492553710938,923.3196411132812
580,player,41,0,1012.5357666015625,613.02001953125,676.11083984375,1038.1571044921875
581,player,60,0,461.1499938964844,432.223388671875,404.5689392089844,518.501708984375
581,player,108,0,612.998046875,355.1120910644531,594.6187744140625,359.779296875
581,player,43,1,734.2537841796875,411.091064453125,632.9627075195312,549.5765991210938
581,player,41,0,1011.4661865234375,615.1163940429688,673.6217651367188,1041.1182861328125
581,player,109,-1,383.33282470703125,633.956298828125,231.39524841308594,924.545166015625
581,player,103,1,546.3949584960938,426.4381103515625,479.3345642089844,538.6826171875
582,player,60,0,457.8026428222656,424.7861328125,404.0982971191406,511.5977783203125
582,player,108,0,610.784423828125,352.049072265625,593.7730712890625,355.05340576171875
582,player,43,1,738.0720825195312,409.14508056640625,637.325439453125,546.3673706054688
582,player,41,0,1010.9243774414062,614.16064453125,672.1468505859375,1042.419677734375
582,player,103,1,544.8453369140625,395.63653564453125,485.5818786621094,506.92181396484375
582,player,109,-1,379.071044921875,630.06396484375,230.15269470214844,922.532470703125
582,player,99,-1,755.3118286132812,393.6593322753906,667.8405151367188,479.55218505859375
583,player,60,0,454.04473876953125,425.0032653808594,402.671630859375,506.924560546875
583,player,110,-1,552.12841796875,439.642578125,468.2703857421875,563.1431884765625
583,player,108,0,606.9353637695312,351.87164306640625,592.1074829101562,351.38275146484375
583,player,43,1,740.2926025390625,409.357421875,640.7306518554688,544.6995849609375
583,player,109,-1,376.78619384765625,633.9844360351562,228.18325805664062,923.4979248046875
583,player,41,0,1010.138427734375,614.3837890625,670.9351806640625,1043.332763671875
584,player,60,0,450.841064453125,420.72296142578125,401.89556884765625,499.7132873535156
584,player,108,0,602.0482788085938,351.5307312011719,589.64599609375,348.1183776855469
584,player,110,-1,547.29931640625,432.85498046875,468.7318115234375,556.77099609375
584,player,109,-1,371.96380615234375,634.3531494140625,225.70468139648438,923.9494018554688
584,player,43,1,741.1522827148438,407.328857421875,643.8741455078125,541.885498046875
584,player,41,0,1009.098876953125,612.6077880859375,670.4056396484375,1042.762451171875
584,player,111,-1,760.1522216796875,370.15704345703125,703.1167602539062,443.49456787109375
584,ball,-1,-1,582.2490234375,408.3653564453125,580.0023193359375,642.2757568359375
585,player,110,-1,540.8482055664062,430.91070556640625,467.7341003417969,550.27880859375
585,player,60,0,446.1337890625,411.932861328125,402.2437744140625,486.53839111328125
585,player,109,1,367.576416015625,634.437255859375,223.04302978515625,923.925048828125
585,player,108,0,596.7330322265625,350.900634765625,586.6312255859375,344.7756652832031
585,player,41,0,1009.1089477539062,611.1590576171875,670.4795532226562,1041.5140380859375
585,player,99,1,755.336669921875,412.4410400390625,663.8607788085938,505.5615234375
585,player,43,1,741.297119140625,380.19598388671875,655.3502197265625,515.0431518554688
586,player,110,-1,537.6538696289062,431.89208984375,465.92156982421875,546.597900390625
586,player,108,0,591.784423828125,351.3798828125,583.0009155273438,342.5541076660156
586,player,109,1,359.5799255371094,636.9488525390625,219.03567504882812,924.8082275390625
586,player,60,0,441.97943115234375,409.74224853515625,401.8260498046875,475.53106689453125
586,player,41,0,1008.0843505859375,611.9078369140625,670.0655517578125,1041.0687255859375
586,player,99,1,759.6552734375,411.741943359375,662.7529296875,522.2891845703125
586,player,43,1,740.5955200195312,371.7548828125,665.6257934570312,489.45574951171875
587,player,110,-1,531.0108642578125,429.9176025390625,463.3938903808594,541.8037109375
587,player,108,0,587.5565185546875,351.8444519042969,579.1970825195312,341.1246643066406
587,player,109,1,353.69622802734375,644.4229736328125,213.9095458984375,929.537353515625
587,player,41,0,1007.5748291015625,608.866943359375,670.5473022460938,1038.88623046875
587,player,60,0,440.24365234375,408.22943115234375,401.43505859375,466.7991638183594
587,player,99,1,761.4519653320312,412.60870361328125,662.2556762695312,534.11572265625
587,player,43,1,742.2271728515625,368.4582824707031,673.9901123046875,469.81109619140625
587,player,112,-1,580.478271484375,368.7351379394531,550.49560546875,384.70794677734375
587,ball,-1,-1,301.18951416015625,506.8316650390625,580.0023193359375,642.2757568359375
588,player,110,-1,526.0596923828125,427.3323974609375,461.0377502441406,535.9076538085938
588,player,41,0,1006.1849365234375,605.525390625,671.4886474609375,1035.3048095703125
588,player,60,0,436.73223876953125,408.74053955078125,400.03973388671875,461.23590087890625
588,player,108,0,583.20068359375,351.48828125,575.5109252929688,339.3584899902344
588,player,99,1,756.43212890625,414.79254150390625,659.7529907226562,543.222900390625
588,player,109,1,349.97357177734375,646.9457397460938,209.32666015625,933.8575439453125
588,player,43,1,739.8856201171875,382.8453369140625,673.568359375,470.54937744140625
588,player,112,-1,581.3267211914062,365.4596252441406,551.7860717773438,381.55670166015625
588,ball,-1,-1,981.674560546875,428.39569091796875,599.5643920898438,643.6139526367188
589,player,110,-1,520.294921875,423.13238525390625,458.98834228515625,527.7607421875
589,player,41,0,1003.56494140625,607.0352783203125,671.02978515625,1033.6748046875
589,player,108,0,579.3634643554688,352.4075927734375,571.6435546875,338.7319641113281
589,player,60,0,431.674560546875,408.2330322265625,397.80108642578125,456.630126953125
589,player,109,1,344.6513366699219,648.48779296875,204.8732147216797,937.17041015625
589,player,111,-1,747.9627685546875,413.18902587890625,684.4189453125,482.0328063964844
589,player,99,1,763.5731201171875,365.71588134765625,677.6043701171875,504.3812255859375
589,ball,-1,-1,980.6954345703125,428.5438232421875,617.4849243164062,644.8508911132812
590,player,110,1,521.5162963867188,424.5248107910156,457.6324462890625,523.8296508789062
590,player,41,0,1000.8062744140625,606.215087890625,670.299560546875,1031.87451171875
590,player,108,0,576.4288940429688,352.6885986328125,568.1431274414062,338.29266357421875
590,player,109,1,339.4692687988281,649.384521484375,200.63499450683594,939.4425048828125
590,player,60,0,429.5660705566406,406.767822265625,396.10296630859375,452.05926513671875
590,player,111,-1,748.896240234375,416.2862243652344,671.4981689453125,509.9179382324219
590,player,99,1,771.995849609375,375.37786865234375,688.1533813476562,489.3387451171875
590,ball,-1,-1,979.1207275390625,429.16204833984375,633.8150024414062,646.0711669921875
591,player,41,0,1000.00390625,605.99609375,669.6935424804688,1030.500732421875
591,player,110,1,517.4188232421875,423.30279541015625,455.91156005859375,519.7706298828125
591,player,43,1,742.4192504882812,412.998779296875,663.682861328125,498.88201904296875
591,player,109,1,331.46844482421875,649.6721801757812,195.9689178466797,940.428466796875
591,player,108,0,574.3568115234375,354.31707763671875,564.7098388671875,339.44036865234375
591,player,60,0,427.32208251953125,406.92559814453125,394.3116455078125,449.0040283203125
591,player,99,1,766.549560546875,379.35015869140625,691.9354858398438,482.7569885253906
591,ball,-1,-1,977.3173828125,429.17938232421875,648.720458984375,647.1555786132812
592,player,41,0,998.3388671875,604.4312744140625,669.3466796875,1028.5030517578125
592,player,43,1,742.2022705078125,411.9356689453125,657.5498657226562,516.330810546875
592,player,110,1,510.635986328125,423.23553466796875,452.8818054199219,516.385009765625
592,player,60,0,430.5477294921875,407.28961181640625,393.9880676269531,447.68817138671875
592,player,108,0,572.5231323242188,354.79083251953125,561.767333984375,340.4690856933594
592,player,109,1,324.7401123046875,648.9977416992188,191.46153259277344,940.092529296875
592,player,99,1,774.1968994140625,370.07208251953125,700.0924072265625,470.4325866699219
592,player,113,-1,759.6248779296875,393.4588623046875,678.7098999023438,506.0884094238281
593,player,60,0,426.8240661621094,407.4151611328125,392.67138671875,446.56658935546875
593,player,41,0,996.49560546875,606.4193115234375,668.1024169921875,1028.26513671875
593,player,43,1,745.0069580078125,415.6750183105469,653.1221923828125,531.2750854492188
593,player,109,1,316.6410217285156,649.8365478515625,186.5191650390625,939.7147216796875
593,player,110,1,506.96197509765625,421.104736328125,450.428955078125,511.9045715332031
593,player,108,0,570.8678588867188,353.8177490234375,559.6634521484375,339.9688415527344
593,player,113,-1,765.7044677734375,386.8107604980469,682.85546875,500.5638427734375
593,ball,-1,-1,968.9210205078125,429.47564697265625,661.8639526367188,648.016357421875
594,player,60,0,424.66046142578125,410.57232666015625,390.4105224609375,448.53955078125
594,player,110,1,500.20477294921875,420.0076904296875,447.19683837890625,507.32037353515625
594,player,41,0,996.0372314453125,604.2777099609375,667.7981567382812,1026.756103515625
594,player,43,1,748.5565185546875,418.67132568359375,650.26513671875,543.989501953125
594,player,108,0,568.6357421875,349.6228942871094,558.9678344726562,335.1118469238281
594,player,109,1,308.4454040527344,651.8525390625,181.1085205078125,940.0257568359375
594,player,113,-1,769.0670776367188,384.46990966796875,687.384033203125,495.13885498046875
595,player,109,1,297.4790954589844,651.9351806640625,175.02304077148438,939.3651123046875
595,player,60,0,423.2081298828125,416.7903137207031,387.0023193359375,455.3817443847656
595,player,108,0,565.4239501953125,350.0885009765625,557.382568359375,332.0831604003906
595,player,41,0,991.534912109375,603.5298461914062,666.7225952148438,1024.924560546875
595,player,110,1,496.3620910644531,430.65533447265625,441.24212646484375,513.435546875
595,player,113,-1,770.55712890625,408.3604736328125,682.3417358398438,513.620849609375
595,player,111,-1,755.2164916992188,414.227294921875,665.601806640625,526.8701782226562
595,player,43,1,744.8519897460938,391.09124755859375,656.7168579101562,526.9937133789062
596,player,109,1,290.3643493652344,650.319580078125,169.63075256347656,937.347412109375
596,player,108,0,563.3204345703125,349.74554443359375,555.819091796875,329.5333251953125
596,player,115,-1,402.7989501953125,406.8797302246094,370.77984619140625,435.9997253417969
596,player,41,0,987.287353515625,604.165283203125,664.8101196289062,1023.7572021484375
596,player,110,1,491.1272277832031,424.83892822265625,437.38458251953125,511.72320556640625
596,player,111,-1,762.5386962890625,415.42816162109375,663.4653930664062,539.698486328125
596,player,113,-1,771.8550415039062,401.054443359375,681.976806640625,519.1944580078125
597,player,108,0,560.995849609375,353.5455322265625,552.875732421875,331.5125732421875
597,player,41,0,987.2130126953125,604.2294921875,663.5305786132812,1023.031494140625
597,player,115,-1,399.26226806640625,404.84759521484375,370.24920654296875,433.7369384765625
597,player,110,1,487.20367431640625,413.7252197265625,436.6470947265625,500.18756103515625
597,player,111,-1,762.385498046875,415.05987548828125,662.1572265625,547.6962890625
597,player,109,1,277.666015625,650.5675048828125,163.1278076171875,935.1298828125
597,player,113,-1,771.6928100585938,398.01739501953125,682.7579345703125,520.0403442382812
598,player,115,-1,388.9534912109375,405.5716552734375,366.7480163574219,431.8817138671875
598,player,108,0,558.672119140625,353.50213623046875,550.26806640625,332.5027770996094
598,player,41,0,986.281494140625,606.5418701171875,661.812744140625,1023.900146484375
598,player,110,1,486.0750427246094,421.0655822753906,433.93438720703125,499.22052001953125
598,player,99,1,768.169189453125,415.79522705078125,687.37451171875,503.9127197265625
598,player,109,1,268.2076416015625,651.968017578125,156.50653076171875,933.7646484375
599,player,115,-1,387.6484375,406.419921875,363.89276123046875,431.3348693847656
599,player,110,1,476.16998291015625,425.132080078125,428.3132629394531,501.232177734375
599,player,108,0,555.426025390625,357.8959655761719,546.197021484375,337.25738525390625
599,player,41,0,985.720703125,609.322509765625,659.7700805664062,1026.1180419921875
599,player,109,1,261.74896240234375,650.0451049804688,150.9512939453125,931.1505126953125
599,player,99,1,769.9678955078125,418.9633483886719,678.5513916015625,528.6402587890625
600,player,115,-1,383.9867858886719,406.6812438964844,360.91693115234375,430.8468322753906
600,player,110,1,472.3007507324219,413.87225341796875,426.4359130859375,491.97906494140625
600,player,41,0,982.3001708984375,607.9951782226562,657.9915771484375,1026.45263671875
600,player,108,0,552.18310546875,358.78228759765625,542.28955078125,340.8934326171875
600,player,111,-1,771.8392944335938,419.7237548828125,662.438232421875,557.9551391601562
600,player,109,1,255.47467041015625,650.8914184570312,145.76437377929688,929.451904296875
600,ball,-1,-1,520.9033203125,400.4649658203125,646.7817993164062,632.4744262695312
601,player,115,-1,380.95166015625,405.94012451171875,358.28094482421875,429.5240478515625
601,player,41,0,979.6272583007812,608.8634643554688,655.943359375,1026.970703125
601,player,108,0,550.1810302734375,357.40997314453125,539.5714721679688,341.6529235839844
601,player,111,1,776.6961059570312,419.72955322265625,664.0059814453125,565.1226196289062
601,player,110,1,469.87042236328125,414.7534484863281,424.2916259765625,486.5201416015625
601,player,109,1,251.5616455078125,651.4002685546875,141.4135284423828,928.33642578125
601,ball,-1,-1,517.9783935546875,400.44696044921875,632.7129516601562,618.102783203125
602,player,115,-1,374.4322509765625,401.33941650390625,355.76678466796875,423.663818359375
602,player,41,0,979.5924072265625,609.6236572265625,654.3889770507812,1027.76904296875
602,player,109,1,246.144775390625,651.3082275390625,137.33401489257812,927.10302734375
602,player,108,0,546.7571411132812,355.7716369628906,537.2769775390625,340.114013671875
602,player,99,1,779.462158203125,424.1260070800781,673.783203125,550.172119140625
602,player,110,1,441.0094299316406,417.646728515625,413.90570068359375,482.662841796875
603,player,109,1,244.1630859375,654.1126708984375,133.8591766357422,927.868408203125
603,player,115,1,369.1909484863281,401.57525634765625,352.5552673339844,419.53564453125
603,player,41,0,980.0662231445312,610.4923706054688,653.248046875,1028.8590087890625
603,player,111,1,781.853759765625,425.54705810546875,664.5302124023438,575.3563842773438
603,player,108,0,540.8756713867188,353.8622131347656,534.5921020507812,336.5311584472656
603,player,110,1,435.412353515625,422.5266418457031,404.3597412109375,484.00518798828125
604,player,108,0,537.2861938476562,352.1457824707031,532.2882690429688,332.05657958984375
604,player,99,1,783.3142700195312,420.1346435546875,673.1324462890625,561.0904541015625
604,player,115,1,364.89691162109375,401.19549560546875,349.3100891113281,416.049072265625
604,player,110,1,431.1370849609375,429.67010498046875,395.21728515625,490.8428955078125
604,player,109,1,238.41876220703125,652.921630859375,130.41549682617188,927.153076171875
604,player,41,0,976.3983764648438,606.897705078125,652.634521484375,1027.051513671875
605,player,108,0,536.8761596679688,348.823974609375,531.7057495117188,325.68634033203125
605,player,115,1,364.7445068359375,391.74505615234375,349.387939453125,404.73944091796875
605,player,110,1,428.14312744140625,427.49542236328125,388.9483642578125,493.046630859375
605,player,99,1,786.5919799804688,423.2078552246094,672.5997924804688,571.192138671875
605,player,109,1,234.43540954589844,652.9708251953125,127.24298095703125,926.386962890625
605,player,41,0,973.2493896484375,603.6464233398438,652.3931884765625,1023.6029663085938
605,ball,-1,-1,406.8310241699219,301.5992431640625,632.7129516601562,618.102783203125
606,player,108,0,535.6755981445312,355.22015380859375,528.96533203125,327.9748840332031
606,player,115,1,358.4292297363281,391.44659423828125,347.6581115722656,396.44097900390625
606,player,99,1,790.2125854492188,422.53668212890625,673.5126342773438,577.5435791015625
606,player,110,1,424.01708984375,424.4400634765625,384.4356689453125,491.32330322265625
606,player,41,0,971.6932983398438,602.2461547851562,652.2557373046875,1020.3611450195312
606,player,109,1,228.73828125,652.5399169921875,123.90803527832031,925.1482543945312
606,ball,-1,-1,936.3743286132812,463.97760009765625,642.1634521484375,626.9680786132812
607,player,111,1,792.6015625,419.62945556640625,669.9427490234375,577.9644775390625
607,player,108,0,533.596923828125,356.3187255859375,526.2124633789062,330.355712890625
607,player,110,1,422.73699951171875,429.98077392578125,379.8193054199219,495.0304260253906
607,player,115,1,360.56884765625,414.9721984863281,341.7060546875,413.461181640625
607,player,41,0,966.2086181640625,602.5804443359375,650.73876953125,1017.9848022460938
607,player,109,1,226.31622314453125,652.3937377929688,121.19430541992188,924.0509033203125
607,player,113,-1,786.4224853515625,342.6468505859375,708.4114379882812,468.8370361328125
607,ball,-1,-1,933.3289794921875,465.6827087402344,650.5304565429688,635.363525390625
608,player,99,1,793.21728515625,420.8712158203125,675.5313720703125,580.5303955078125
608,player,108,0,532.1743774414062,358.3170166015625,523.3766479492188,333.77752685546875
608,player,115,1,345.8717956542969,384.4071960449219,340.6349182128906,393.94696044921875
608,player,110,1,418.58062744140625,431.9471435546875,375.18170166015625,498.76910400390625
608,player,41,0,954.7125244140625,601.0550537109375,647.3876953125,1014.4963989257812
608,player,109,1,226.70648193359375,660.7073364257812,118.484130859375,928.48388671875
609,player,108,0,529.8571166992188,359.61248779296875,520.4346923828125,337.06231689453125
609,player,99,1,791.4461669921875,421.57769775390625,676.0967407226562,582.9061279296875
609,player,109,1,219.24131774902344,659.4651489257812,115.14661407470703,929.9873046875
609,player,60,0,372.2061767578125,422.7685546875,368.8357849121094,460.08544921875
609,player,115,1,342.72698974609375,391.3602294921875,337.3851013183594,387.7030029296875
609,player,110,1,415.7651672363281,431.51611328125,371.4743957519531,500.5337829589844
609,player,41,0,948.6826171875,602.0009765625,643.4778442382812,1012.29248046875
609,ball,-1,-1,924.0463256835938,468.14190673828125,657.452392578125,643.3223266601562
610,player,109,1,213.49819946289062,658.60546875,111.7510986328125,929.96142578125
610,player,108,0,527.13818359375,358.2447204589844,518.1157836914062,337.51995849609375
610,player,99,1,791.055419921875,421.78045654296875,676.2836303710938,584.5867919921875
610,player,110,1,414.05731201171875,434.6048583984375,367.8625793457031,504.24432373046875
610,player,41,0,951.2630615234375,601.9802856445312,641.5695190429688,1011.0711669921875
610,player,115,1,340.26873779296875,383.6265869140625,336.35540771484375,375.8489685058594
610,player,60,0,361.10772705078125,424.90899658203125,353.39398193359375,463.9581298828125
610,ball,-1,-1,921.6728515625,470.5068359375,663.4860229492188,651.0150146484375
611,player,99,1,791.108154296875,422.2213439941406,676.2697143554688,586.0673828125
611,player,108,0,526.6475830078125,358.69708251953125,516.32177734375,338.2227783203125
611,player,110,1,409.90869140625,433.56451416015625,364.589111328125,505.3205261230469
611,player,109,1,205.05621337890625,670.9609375,106.11253356933594,936.76513671875
611,player,41,0,959.263427734375,603.3469848632812,641.8895263671875,1011.8179931640625
611,player,115,1,337.5133972167969,383.71697998046875,334.85089111328125,367.94281005859375
611,player,60,0,375.251953125,427.95587158203125,346.6836242675781,470.649169921875
611,player,116,-1,172.3402099609375,669.01416015625,74.79894256591797,938.3595581054688
611,ball,-1,-1,918.8890380859375,470.5355224609375,668.8613891601562,658.0355834960938
612,player,99,1,794.3082885742188,423.8458557128906,676.6178588867188,588.7618408203125
612,player,108,0,526.5130004882812,358.591064453125,515.147216796875,338.5577087402344
612,player,110,1,405.03765869140625,434.65771484375,360.8382263183594,506.4985046386719
612,player,41,0,958.7825927734375,604.9931640625,641.5188598632812,1013.2786254882812
612,player,109,1,181.91903686523438,675.4827880859375,96.6197509765625,942.0115966796875
612,player,115,1,337.22906494140625,389.87445068359375,332.3565673828125,368.7864074707031
612,player,60,0,372.66180419921875,430.0838623046875,341.1125183105469,476.6444091796875
612,ball,-1,-1,913.273193359375,470.31878662109375,673.4739990234375,664.3311157226562
613,player,108,0,526.1640625,357.73187255859375,514.5399169921875,337.8666687011719
613,player,116,-1,156.42510986328125,679.2548828125,70.02255249023438,943.225830078125
613,player,99,1,793.9842529296875,424.7991943359375,676.4274291992188,591.30419921875
613,player,110,1,400.1863708496094,434.2257385253906,357.1347351074219,506.39593505859375
613,player,41,0,958.6531982421875,612.0564575195312,639.2789306640625,1018.5488891601562
613,player,115,1,326.7811279296875,383.67559814453125,329.0906982421875,362.18255615234375
613,player,60,0,370.9097900390625,431.8848876953125,336.5956726074219,481.97344970703125
613,ball,-1,-1,366.945068359375,301.0001220703125,673.4739990234375,664.3311157226562
614,player,109,1,173.78536987304688,681.1416015625,87.95803833007812,948.1402587890625
614,player,108,0,526.08984375,357.943603515625,514.05810546875,337.6242980957031
614,player,99,1,799.4981689453125,422.6471252441406,678.6076049804688,591.6544189453125
614,player,41,0,957.89111328125,611.29541015625,637.8500366210938,1021.4445190429688
614,player,110,1,397.4671630859375,431.1207275390625,354.67333984375,503.30023193359375
614,player,115,1,314.49725341796875,386.6241455078125,322.67047119140625,359.4933776855469
614,player,60,0,366.3897705078125,429.9669189453125,332.8099365234375,483.26934814453125
614,ball,-1,-1,904.1719970703125,472.8927307128906,676.9512939453125,670.380615234375
615,player,109,1,163.43515014648438,681.4735107421875,79.93335723876953,951.4788208007812
615,player,108,0,524.624267578125,359.21795654296875,512.91259765625,338.5995788574219
615,player,99,1,801.1314697265625,422.5353698730469,680.5283203125,591.950927734375
615,player,41,0,955.070068359375,610.98486328125,636.3265380859375,1022.8938598632812
615,player,110,1,396.32586669921875,430.725830078125,352.8419494628906,500.82147216796875
615,player,115,1,309.2533264160156,383.4254150390625,317.6732482910156,354.05181884765625
615,player,60,0,364.7064514160156,429.5522766113281,329.9655456542969,483.57086181640625
616,player,108,0,521.7385864257812,358.4295959472656,511.53271484375,338.123779296875
616,player,115,1,306.13848876953125,382.5557556152344,313.7005615234375,349.32867431640625
616,player,99,1,801.1204223632812,422.9143371582031,681.6434326171875,592.4708251953125
616,player,109,1,154.16378784179688,688.5201416015625,71.85293579101562,957.0733032226562
616,player,110,1,391.76336669921875,433.95001220703125,349.6300048828125,501.6171875
616,player,41,0,951.4990234375,610.212890625,634.687744140625,1023.055908203125
617,player,108,0,519.765380859375,357.08123779296875,510.44622802734375,336.2324523925781
617,player,111,1,802.2794799804688,422.2715759277344,675.3139038085938,582.9404296875
617,player,116,-1,129.0150146484375,684.662353515625,60.10728454589844,947.384033203125
617,player,41,0,942.8720703125,609.888916015625,631.6283569335938,1022.2186889648438
617,player,110,1,382.0961608886719,432.09271240234375,345.2391662597656,499.5146484375
617,player,115,1,302.947998046875,382.0672607421875,310.28448486328125,345.4397277832031
617,ball,-1,-1,889.6633911132812,473.0191345214844,679.2394409179688,675.6473388671875
618,player,108,0,517.2813720703125,357.1865234375,508.953857421875,334.84173583984375
618,player,111,1,805.5762939453125,421.59796142578125,679.9769897460938,585.9254150390625
618,player,116,-1,130.28330993652344,681.947509765625,54.229881286621094,948.5716552734375
618,player,115,1,303.73052978515625,381.05560302734375,308.52337646484375,341.99267578125
618,player,41,0,920.652099609375,607.846435546875,624.826416015625,1018.50048828125
618,player,99,1,804.436767578125,410.8642578125,687.5091552734375,582.594482421875
618,player,110,1,378.13470458984375,426.52081298828125,342.5232849121094,492.76177978515625
618,ball,-1,-1,886.0115966796875,473.50823974609375,681.0803833007812,680.4991455078125
619,player,108,0,511.0410461425781,357.4508056640625,506.00970458984375,333.5323181152344
619,player,111,1,806.6033325195312,423.0849914550781,682.7874755859375,589.258056640625
619,player,41,0,914.1458740234375,610.7968139648438,618.0361328125,1017.3377685546875
619,player,116,-1,115.6846923828125,683.3602905273438,46.94367218017578,948.9998168945312
619,player,110,1,374.1634521484375,435.3685302734375,337.6555480957031,495.8712158203125
619,player,115,1,309.7653503417969,412.9404296875,302.1455078125,370.997802734375
619,player,113,1,805.9635009765625,349.8634033203125,728.217529296875,444.9727478027344
619,ball,-1,-1,882.3126831054688,474.687255859375,682.4548950195312,685.0910034179688
620,player,108,0,507.8302001953125,356.75396728515625,503.3304443359375,331.62493896484375
620,player,116,-1,112.98660278320312,681.7366943359375,41.75632858276367,948.088134765625
620,player,99,1,809.1732788085938,424.5235290527344,687.9188232421875,588.5958862304688
620,player,115,1,315.76715087890625,436.70025634765625,294.7273254394531,412.06243896484375
620,player,41,0,911.5562744140625,607.10546875,613.9909057617188,1014.0843505859375
620,player,110,1,346.84271240234375,438.17730712890625,326.2140197753906,497.64410400390625
620,player,118,-1,793.40673828125,418.8018798828125,681.46435546875,580.978759765625
620,ball,-1,-1,878.265625,474.898193359375,683.4525146484375,689.263671875
621,player,108,0,504.38525390625,354.9148254394531,501.093505859375,328.1348876953125
621,player,110,1,341.4236755371094,441.590087890625,316.5380859375,501.26165771484375
621,player,111,1,818.458984375,384.938232421875,701.7662963867188,558.4253540039062
621,player,99,1,811.8765869140625,424.66912841796875,688.9034423828125,592.8961791992188
621,player,116,-1,101.38401794433594,687.4774169921875,35.18177795410156,949.9765625
621,player,41,0,906.3077392578125,604.884765625,610.6892700195312,1010.1402587890625
621,player,115,1,296.2356262207031,395.1705627441406,293.0849304199219,398.31353759765625
621,player,118,-1,799.4865112304688,422.53851318359375,681.91552734375,584.8475952148438
621,ball,-1,-1,873.6156005859375,476.132080078125,683.9891357421875,693.21923828125
622,player,108,0,501.4449462890625,354.48193359375,498.8743591308594,325.10479736328125
622,player,110,1,337.79736328125,443.0421447753906,308.93206787109375,504.52587890625
622,player,116,0,95.09668731689453,679.193115234375,30.2844295501709,945.73876953125
622,player,111,1,820.1343994140625,398.91143798828125,709.4249267578125,551.3828125
622,player,99,1,813.3533325195312,427.45355224609375,689.0037231445312,598.2339477539062
622,player,115,1,286.3172912597656,361.2947998046875,296.6261901855469,354.5093994140625
622,ball,-1,-1,869.6903076171875,476.953125,684.17822265625,696.9175415039062
623,player,108,0,500.48297119140625,355.0218505859375,496.97760009765625,323.583740234375
623,player,116,0,91.01557922363281,677.2001953125,26.362943649291992,941.44921875
623,player,111,1,819.4154052734375,401.30096435546875,713.3235473632812,548.8883056640625
623,player,99,1,813.9652099609375,427.5849609375,689.1972045898438,601.8779296875
623,player,110,1,330.7872314453125,443.639404296875,301.9090576171875,506.4739990234375
623,player,41,0,895.9722900390625,603.9429321289062,606.289306640625,1006.0958862304688
623,player,115,1,283.8149719238281,371.47723388671875,295.8699951171875,336.1831970214844
624,player,108,0,495.8500671386719,356.2269287109375,493.97705078125,323.325439453125
624,player,116,0,83.52261352539062,680.9209594726562,21.746990203857422,940.292236328125
624,player,99,1,814.1153564453125,426.34246826171875,689.793212890625,603.1957397460938
624,player,111,1,818.7232666015625,394.8939208984375,717.9968872070312,541.3861083984375
624,player,110,1,325.68597412109375,443.7879638671875,295.89141845703125,507.36358642578125
624,player,115,1,281.517822265625,383.88232421875,291.95849609375,336.43389892578125
624,player,41,0,891.3888549804688,602.2354736328125,602.7741088867188,1002.0052490234375
625,player,108,0,496.7978515625,355.04302978515625,492.6667785644531,322.0497741699219
625,player,116,0,83.67528533935547,680.9652709960938,18.777193069458008,939.579345703125
625,player,99,1,814.3438720703125,426.27984619140625,690.26708984375,604.0216674804688
625,player,111,1,818.7064819335938,401.02294921875,718.7901611328125,542.0665283203125
625,player,115,1,281.4759521484375,382.69049072265625,289.66326904296875,335.4136962890625
625,player,110,1,325.5499267578125,443.82769775390625,291.9338684082031,507.963134765625
625,player,41,0,891.377685546875,602.284912109375,600.4732666015625,999.376220703125
626,player,108,0,490.257080078125,355.9863586425781,489.5463562011719,321.47760009765625
626,player,116,0,79.26347351074219,678.7703857421875,16.049049377441406,937.4345703125
626,player,111,1,816.5809326171875,432.7900695800781,707.5157470703125,570.0701293945312
626,player,110,1,318.8780212402344,444.53802490234375,287.35723876953125,508.3122253417969
626,player,115,1,270.53424072265625,367.21539306640625,288.3136901855469,318.0180358886719
626,player,41,0,886.3604736328125,598.3192138671875,598.8209228515625,994.746826171875
627,player,111,1,817.0589599609375,430.93743896484375,700.9554443359375,586.7464599609375
627,player,110,1,317.15399169921875,445.6527099609375,283.67626953125,509.34283447265625
627,player,115,1,265.71514892578125,369.76385498046875,285.42962646484375,308.79632568359375
627,player,108,0,487.9007568359375,356.7287292480469,486.58349609375,321.60931396484375
627,player,116,0,74.44796752929688,676.0275268554688,13.434605598449707,933.98828125
627,player,41,0,881.1624145507812,599.6962890625,596.1113891601562,992.1504516601562
627,ball,-1,-1,24.544775009155273,539.5711669921875,684.17822265625,696.9175415039062
628,player,116,0,73.55577087402344,696.239501953125,9.65934944152832,943.7421875
628,player,110,1,311.1247253417969,446.17529296875,279.5010681152344,509.8714599609375
628,player,111,1,818.296630859375,432.4412536621094,696.5263061523438,598.9886474609375
628,player,108,0,488.4023132324219,355.8486328125,485.06903076171875,320.8498229980469
628,player,41,0,876.4984130859375,595.25830078125,594.400146484375,987.260009765625
628,player,115,1,255.6085205078125,368.1012878417969,280.8877258300781,300.02783203125
629,player,116,0,68.8616943359375,689.352783203125,6.774101257324219,945.6326293945312
629,player,110,1,306.73504638671875,446.60076904296875,275.48150634765625,510.15155029296875
629,player,115,1,252.45831298828125,369.937255859375,276.594970703125,295.865966796875
629,player,111,1,819.722900390625,439.75860595703125,691.5634765625,613.255126953125
629,player,108,0,487.11724853515625,355.20361328125,483.88385009765625,319.5569152832031
629,player,41,0,875.6227416992188,594.2839965820312,593.3351440429688,983.387939453125
629,ball,-1,-1,77.80107879638672,526.67626953125,684.17822265625,696.9175415039062
630,player,110,1,301.09808349609375,448.468994140625,270.9326171875,511.404296875
630,player,116,0,67.1795654296875,687.704345703125,4.668176174163818,945.7442626953125
630,player,115,1,254.38821411132812,370.8087158203125,274.19488525390625,294.2534484863281
630,player,108,0,482.35992431640625,354.63104248046875,481.8342590332031,317.6143798828125
630,player,99,1,825.840087890625,430.631591796875,692.3306884765625,609.43896484375
630,player,111,1,819.9881591796875,431.09906005859375,691.3587646484375,615.2491455078125
630,player,41,0,875.6607666015625,600.923828125,590.8796997070312,985.0589599609375
630,player,113,1,812.0886840820312,369.0646667480469,735.4283447265625,448.95111083984375
631,player,110,1,301.092529296875,448.46160888671875,267.9757385253906,512.2115478515625
631,player,116,0,67.17927551269531,687.712890625,3.2984790802001953,945.8218994140625
631,player,115,1,254.39230346679688,370.81024169921875,272.6357421875,293.2073059082031
631,player,108,0,482.706787109375,354.63372802734375,480.6068115234375,316.39208984375
631,player,99,1,825.8570556640625,430.6126403808594,693.6834106445312,612.94580078125
631,player,111,1,819.97314453125,431.10406494140625,691.2197265625,616.5479736328125
631,player,41,0,875.68798828125,600.9423217773438,589.2853393554688,986.1591186523438
631,player,113,1,812.0667724609375,369.0846252441406,740.10107421875,451.55389404296875
